timestamp,config_name,gpu_freq_mhz,cpu_freq_mhz,target_gpu_freq_mhz,target_cpu_freq_mhz,workload,phase,prompt_length,output_length,repeat,ttft_ms,tpot_ms,total_time_ms,output_tokens,tokens_per_second,total_energy_j,avg_power_w,max_power_w,energy_per_token_j,tokens_per_joule,avg_gpu_soc_w,avg_cpu_cv_w,avg_sys_5v0_w,avg_temp_cpu_c,max_temp_cpu_c,power_samples,model,runtime,phase_note
2026-05-14T04:25:14.919755,GPU306_CPU1036,306,1036,306,1036,short_short,prefill,128,64,0,82.9152949154377,82.95830199494958,82.95830199494958,1,12.054248652062322,6.054,12.107,12.107,6.054,0.16518004625041294,5.591,0.798,5.718,54.2,54.2,1,Phi-3-mini-Q4,llama.cpp,prefill-only (1 output token)
2026-05-14T04:25:15.811819,GPU306_CPU1036,306,1036,306,1036,short_short,prefill,128,64,1,82.6400329824537,82.679009065032,82.679009065032,1,12.094968375992991,10.953,10.953,12.107,10.953,0.09129918743723181,4.992,0.598,5.363,54.0,54.2,2,Phi-3-mini-Q4,llama.cpp,prefill-only (1 output token)
2026-05-14T04:25:16.703946,GPU306_CPU1036,306,1036,306,1036,short_short,prefill,128,64,2,82.88578898645937,82.92969199828804,82.92969199828804,1,12.05840725925575,4.849,9.698,9.698,4.849,0.20622808826562178,4.392,0.399,4.907,54.1,54.1,1,Phi-3-mini-Q4,llama.cpp,prefill-only (1 output token)
2026-05-14T04:25:17.596019,GPU306_CPU1036,306,1036,306,1036,short_long,prefill,128,256,0,82.80028402805328,82.8388121444732,82.8388121444732,1,12.071636158374316,4.849,9.698,9.698,4.849,0.20622808826562178,4.392,0.399,4.907,53.8,53.8,1,Phi-3-mini-Q4,llama.cpp,prefill-only (1 output token)
2026-05-14T04:25:18.488234,GPU306_CPU1036,306,1036,306,1036,short_long,prefill,128,256,1,82.98079506494105,83.02389807067811,83.02389807067811,1,12.044724750802493,4.799,9.598,9.598,4.799,0.20837674515524066,4.392,0.399,4.807,53.8,53.8,1,Phi-3-mini-Q4,llama.cpp,prefill-only (1 output token)
2026-05-14T04:25:19.380269,GPU306_CPU1036,306,1036,306,1036,short_long,prefill,128,256,2,82.8365390188992,82.8756419941783,82.8756419941783,1,12.066271535733579,4.799,9.598,9.598,4.799,0.20837674515524066,4.392,0.399,4.807,54.2,54.2,1,Phi-3-mini-Q4,llama.cpp,prefill-only (1 output token)
2026-05-14T04:25:21.037437,GPU306_CPU1036,306,1036,306,1036,medium_medium,prefill,512,128,0,847.6590989157557,847.7144900243729,847.7144900243729,1,1.1796424524620885,11.8,11.8,12.903,11.8,0.0847457627118644,5.988,0.399,5.413,53.9,54.0,2,Phi-3-mini-Q4,llama.cpp,prefill-only (1 output token)
2026-05-14T04:25:21.945937,GPU306_CPU1036,306,1036,306,1036,medium_medium,prefill,512,128,1,99.12732592783868,99.17721408419311,99.17721408419311,1,10.082961184522526,4.9,9.799,9.799,4.9,0.2040816326530612,4.392,0.399,5.008,53.8,53.8,1,Phi-3-mini-Q4,llama.cpp,prefill-only (1 output token)
2026-05-14T04:25:22.853696,GPU306_CPU1036,306,1036,306,1036,medium_medium,prefill,512,128,2,98.15834392793477,98.20973500609398,98.20973500609398,1,10.182289972963977,9.748,9.748,9.799,9.748,0.10258514567090686,4.392,0.399,4.958,53.9,54.0,2,Phi-3-mini-Q4,llama.cpp,prefill-only (1 output token)
2026-05-14T04:25:24.910306,GPU306_CPU1036,306,1036,306,1036,long_medium,prefill,1024,128,0,1246.963607147336,1247.02744721435,1247.02744721435,1,0.8019069686347579,18.4,12.267,13.402,18.4,0.05434782608695653,6.387,0.399,5.481,53.9,54.0,3,Phi-3-mini-Q4,llama.cpp,prefill-only (1 output token)
2026-05-14T04:25:25.814407,GPU306_CPU1036,306,1036,306,1036,long_medium,prefill,1024,128,1,94.60634808056056,94.6644910145551,94.6644910145551,1,10.563623057417015,4.9,9.799,9.799,4.9,0.2040816326530612,4.392,0.399,5.008,53.9,53.9,1,Phi-3-mini-Q4,llama.cpp,prefill-only (1 output token)
2026-05-14T04:25:26.719925,GPU306_CPU1036,306,1036,306,1036,long_medium,prefill,1024,128,2,95.96652304753661,96.02370602078736,96.02370602078736,1,10.414095033819237,4.848,9.697,9.697,4.848,0.20627062706270627,4.391,0.399,4.907,54.1,54.1,1,Phi-3-mini-Q4,llama.cpp,prefill-only (1 output token)
2026-05-14T04:25:27.617215,GPU306_CPU1036,306,1036,306,1036,long_long,prefill,1024,512,0,87.78546308167279,87.84527005627751,87.84527005627751,1,11.383652180240967,4.899,9.798,9.798,4.899,0.20412329046744235,4.391,0.399,5.008,53.7,53.7,1,Phi-3-mini-Q4,llama.cpp,prefill-only (1 output token)
2026-05-14T04:25:28.514426,GPU306_CPU1036,306,1036,306,1036,long_long,prefill,1024,512,1,87.75804005563259,87.81195897608995,87.81195897608995,1,11.387970518597438,4.849,9.698,9.698,4.849,0.20622808826562178,4.392,0.399,4.907,53.9,53.9,1,Phi-3-mini-Q4,llama.cpp,prefill-only (1 output token)
2026-05-14T04:25:29.411772,GPU306_CPU1036,306,1036,306,1036,long_long,prefill,1024,512,2,87.81653293408453,87.86882110871375,87.86882110871375,1,11.380601075354956,4.849,9.698,9.698,4.849,0.20622808826562178,4.392,0.399,4.907,53.7,53.7,1,Phi-3-mini-Q4,llama.cpp,prefill-only (1 output token)
2026-05-14T04:25:35.398718,GPU306_CPU1036,306,1036,306,1036,short_short,decode,128,64,0,89.05290113762021,80.73893361650998,5175.868147984147,64,12.36507541733384,87.05,15.827,16.519,1.36015625,0.7352096496266514,8.311,0.435,7.081,54.0,54.2,11,Phi-3-mini-Q4,llama.cpp,"decode-only (16 prompt tokens, 64 output)"
2026-05-14T04:25:41.369308,GPU306_CPU1036,306,1036,306,1036,short_short,decode,128,64,1,82.55075989291072,80.58466945981814,5159.645604901016,64,12.403952693806728,87.356,15.883,17.003,1.3649375,0.7326342781262879,8.348,0.435,7.099,54.1,54.4,11,Phi-3-mini-Q4,llama.cpp,"decode-only (16 prompt tokens, 64 output)"
2026-05-14T04:25:47.340072,GPU306_CPU1036,306,1036,306,1036,short_short,decode,128,64,2,82.53148896619678,80.58661387287198,5159.750527935103,64,12.403700460613619,87.81,15.965,17.018,1.37203125,0.7288463728504726,8.385,0.472,7.108,54.2,54.5,11,Phi-3-mini-Q4,llama.cpp,"decode-only (16 prompt tokens, 64 output)"
2026-05-14T04:26:08.981039,GPU306_CPU1036,306,1036,306,1036,short_long,decode,128,256,0,82.37849199213088,81.3440651925025,20826.04956906289,256,12.292297641521424,343.8,16.371,17.006,1.34296875,0.7446189645142525,8.669,0.428,7.275,54.3,54.7,42,Phi-3-mini-Q4,llama.cpp,"decode-only (16 prompt tokens, 256 output)"
2026-05-14T04:26:30.694512,GPU306_CPU1036,306,1036,306,1036,short_long,decode,128,256,1,88.27426680363715,81.60483013728962,20898.440756835043,256,12.249717717159001,344.321,16.396,17.018,1.34500390625,0.743492264485756,8.68,0.428,7.289,54.5,54.8,42,Phi-3-mini-Q4,llama.cpp,"decode-only (16 prompt tokens, 256 output)"
2026-05-14T04:26:52.413311,GPU306_CPU1036,306,1036,306,1036,short_long,decode,128,256,2,88.311648927629,81.62609068220299,20903.897593030706,256,12.246520002343946,344.348,16.398,17.018,1.345109375,0.7434339679626424,8.689,0.418,7.291,54.5,54.8,42,Phi-3-mini-Q4,llama.cpp,"decode-only (16 prompt tokens, 256 output)"
2026-05-14T04:27:03.597482,GPU306_CPU1036,306,1036,306,1036,medium_medium,decode,512,128,0,88.27226515859365,80.96766188066071,10371.63645401597,128,12.341350428884104,171.629,16.346,17.015,1.3408515625,0.7457947083534834,8.612,0.437,7.297,54.5,54.8,21,Phi-3-mini-Q4,llama.cpp,"decode-only (16 prompt tokens, 128 output)"
2026-05-14T04:27:14.770084,GPU306_CPU1036,306,1036,306,1036,medium_medium,decode,512,128,1,83.18319800309837,80.91911047286405,10360.382701968774,128,12.354755966271041,170.966,16.282,17.015,1.335671875,0.7486868734134272,8.611,0.418,7.253,54.5,54.8,21,Phi-3-mini-Q4,llama.cpp,"decode-only (16 prompt tokens, 128 output)"
2026-05-14T04:27:25.937802,GPU306_CPU1036,306,1036,306,1036,medium_medium,decode,512,128,2,82.58860092610121,80.8861887478453,10355.608453974128,128,12.360451881596392,171.696,16.352,17.015,1.341375,0.7455036809244245,8.611,0.437,7.304,54.5,54.8,21,Phi-3-mini-Q4,llama.cpp,"decode-only (16 prompt tokens, 128 output)"
2026-05-14T04:27:37.113584,GPU306_CPU1036,306,1036,306,1036,long_medium,decode,1024,128,0,82.58673409000039,80.94996420527244,10363.73343016021,128,12.35076151490914,171.658,16.348,17.015,1.341078125,0.7456687133719373,8.611,0.456,7.281,54.5,54.8,21,Phi-3-mini-Q4,llama.cpp,"decode-only (16 prompt tokens, 128 output)"
2026-05-14T04:27:48.286222,GPU306_CPU1036,306,1036,306,1036,long_medium,decode,1024,128,1,82.9664939083159,80.91997633152825,10360.27417005971,128,12.354885391924167,171.414,16.325,17.015,1.339171875,0.7467301387284586,8.611,0.437,7.277,54.5,54.7,21,Phi-3-mini-Q4,llama.cpp,"decode-only (16 prompt tokens, 128 output)"
2026-05-14T04:27:59.463100,GPU306_CPU1036,306,1036,306,1036,long_medium,decode,1024,128,2,82.91125204414129,80.95521038566811,10364.693972049281,128,12.349616915384157,171.5,16.333,17.015,1.33984375,0.7463556851311953,8.611,0.456,7.267,54.5,54.8,21,Phi-3-mini-Q4,llama.cpp,"decode-only (16 prompt tokens, 128 output)"
2026-05-14T04:28:44.327574,GPU306_CPU1036,306,1036,306,1036,long_long,decode,1024,512,0,82.56027102470398,86.02453810764284,44043.03406504914,512,11.6249938467864,721.487,16.397,17.015,1.409154296875,0.7096454960380437,8.714,0.44,7.243,54.5,54.8,88,Phi-3-mini-Q4,llama.cpp,"decode-only (16 prompt tokens, 512 output)"
2026-05-14T04:29:29.162528,GPU306_CPU1036,306,1036,306,1036,long_long,decode,1024,512,1,88.39618205092847,85.95652292562747,44014.10829694942,512,11.632633712483647,724.683,16.47,17.906,1.415396484375,0.7065158145009611,8.71,0.494,7.266,54.5,54.8,88,Phi-3-mini-Q4,llama.cpp,"decode-only (16 prompt tokens, 512 output)"
2026-05-14T04:30:14.010517,GPU306_CPU1036,306,1036,306,1036,long_long,decode,1024,512,2,89.23917100764811,85.98093255176965,44027.43081189692,512,11.629113726564515,722.861,16.429,17.015,1.411837890625,0.7082966158085717,8.71,0.467,7.252,54.5,54.8,88,Phi-3-mini-Q4,llama.cpp,"decode-only (16 prompt tokens, 512 output)"
2026-05-14T04:30:22.742805,GPU306_CPU1497,306,1497,306,1497,short_short,prefill,128,64,0,25.492198998108506,25.529189966619015,25.529189966619015,1,39.170847226549746,11.142,22.284,22.284,11.142,0.08975049362771495,15.175,0.799,6.31,54.9,54.9,1,Phi-3-mini-Q4,llama.cpp,prefill-only (1 output token)
2026-05-14T04:30:23.576368,GPU306_CPU1497,306,1497,306,1497,short_short,prefill,128,64,1,25.64803697168827,25.68035596050322,25.68035596050322,1,38.940270202563205,6.646,13.292,13.292,6.646,0.15046644598254588,7.587,0.798,4.907,54.9,54.9,1,Phi-3-mini-Q4,llama.cpp,prefill-only (1 output token)
2026-05-14T04:30:24.409554,GPU306_CPU1497,306,1497,306,1497,short_short,prefill,128,64,2,25.425992207601666,25.456136092543602,25.456136092543602,1,39.283259500365084,6.146,12.291,12.291,6.146,0.16270745200130166,6.786,0.798,4.707,54.4,54.4,1,Phi-3-mini-Q4,llama.cpp,prefill-only (1 output token)
2026-05-14T04:30:25.242957,GPU306_CPU1497,306,1497,306,1497,short_long,prefill,128,256,0,25.54637403227389,25.581958005204797,25.581958005204797,1,39.09004931508934,5.996,11.992,11.992,5.996,0.1667778519012675,6.387,0.798,4.807,54.5,54.5,1,Phi-3-mini-Q4,llama.cpp,prefill-only (1 output token)
2026-05-14T04:30:26.075968,GPU306_CPU1497,306,1497,306,1497,short_long,prefill,128,256,1,25.391784962266684,25.422760052606463,25.422760052606463,1,39.33483217128013,5.946,11.892,11.892,5.946,0.16818028927009757,6.387,0.798,4.707,54.3,54.3,1,Phi-3-mini-Q4,llama.cpp,prefill-only (1 output token)
2026-05-14T04:30:26.909432,GPU306_CPU1497,306,1497,306,1497,short_long,prefill,128,256,2,25.585412979125977,25.61786095611751,25.61786095611751,1,39.0352653452591,5.946,11.892,11.892,5.946,0.16818028927009757,6.387,0.798,4.707,54.1,54.1,1,Phi-3-mini-Q4,llama.cpp,prefill-only (1 output token)
2026-05-14T04:30:27.942033,GPU306_CPU1497,306,1497,306,1497,medium_medium,prefill,512,128,0,224.71298999153078,224.75682897493243,224.75682897493243,1,4.449253019633641,11.28,22.561,22.561,11.28,0.08865248226950355,15.955,0.797,5.809,54.5,54.5,1,Phi-3-mini-Q4,llama.cpp,prefill-only (1 output token)
2026-05-14T04:30:28.781591,GPU306_CPU1497,306,1497,306,1497,medium_medium,prefill,512,128,1,31.828999985009432,31.869414960965514,31.869414960965514,1,31.37804698407002,6.396,12.793,12.793,6.396,0.15634771732332708,7.188,0.798,4.807,54.4,54.4,1,Phi-3-mini-Q4,llama.cpp,prefill-only (1 output token)
2026-05-14T04:30:29.621807,GPU306_CPU1497,306,1497,306,1497,medium_medium,prefill,512,128,2,32.43337501771748,32.47570991516113,32.47570991516113,1,30.792244499423695,6.196,12.391,12.391,6.196,0.16139444803098774,6.786,0.798,4.807,54.3,54.3,1,Phi-3-mini-Q4,llama.cpp,prefill-only (1 output token)
2026-05-14T04:30:30.763400,GPU306_CPU1497,306,1497,306,1497,long_medium,prefill,1024,128,0,333.50189798511565,333.55140103958547,333.55140103958547,1,2.998038673749481,11.131,22.262,22.262,11.131,0.0898391878537418,15.556,0.797,5.909,54.3,54.3,1,Phi-3-mini-Q4,llama.cpp,prefill-only (1 output token)
2026-05-14T04:30:31.603076,GPU306_CPU1497,306,1497,306,1497,long_medium,prefill,1024,128,1,31.645321985706687,31.693737022578716,31.693737022578716,1,31.55197505701511,6.596,13.192,13.192,6.596,0.15160703456640387,7.587,0.798,4.807,54.4,54.4,1,Phi-3-mini-Q4,llama.cpp,prefill-only (1 output token)
2026-05-14T04:30:32.445822,GPU306_CPU1497,306,1497,306,1497,long_medium,prefill,1024,128,2,34.76725914515555,34.81368999928236,34.81368999928236,1,28.72433229630682,6.147,12.294,12.294,6.147,0.16268098259313485,6.789,0.798,4.707,54.3,54.3,1,Phi-3-mini-Q4,llama.cpp,prefill-only (1 output token)
2026-05-14T04:30:33.281965,GPU306_CPU1497,306,1497,306,1497,long_long,prefill,1024,512,0,28.537719044834375,28.576534939929843,28.576534939929843,1,34.99374581635177,5.947,11.894,11.894,5.947,0.16815200941651254,6.389,0.798,4.707,54.2,54.2,1,Phi-3-mini-Q4,llama.cpp,prefill-only (1 output token)
2026-05-14T04:30:34.118404,GPU306_CPU1497,306,1497,306,1497,long_long,prefill,1024,512,1,28.617494041100144,28.65701401606202,28.65701401606202,1,34.8954709461184,5.946,11.892,11.892,5.946,0.16818028927009757,6.387,0.798,4.707,53.9,53.9,1,Phi-3-mini-Q4,llama.cpp,prefill-only (1 output token)
2026-05-14T04:30:34.955159,GPU306_CPU1497,306,1497,306,1497,long_long,prefill,1024,512,2,28.760500019416213,28.801362961530685,28.801362961530685,1,34.72057906897243,5.946,11.892,11.892,5.946,0.16818028927009757,6.387,0.798,4.707,54.1,54.1,1,Phi-3-mini-Q4,llama.cpp,prefill-only (1 output token)
2026-05-14T04:30:37.313552,GPU306_CPU1497,306,1497,306,1497,short_short,decode,128,64,0,28.23202800936997,24.152918256789683,1550.0465480145067,64,41.2890826291502,71.933,35.966,45.046,1.123953125,0.8897168198184421,26.642,0.798,8.526,55.0,55.4,4,Phi-3-mini-Q4,llama.cpp,"decode-only (16 prompt tokens, 64 output)"
2026-05-14T04:30:39.654715,GPU306_CPU1497,306,1497,306,1497,short_short,decode,128,64,1,25.10330593213439,23.93260158761035,1533.039858797565,64,41.747120684910435,74.286,37.143,45.562,1.16071875,0.8615351479417387,27.638,0.798,8.706,55.4,55.6,4,Phi-3-mini-Q4,llama.cpp,"decode-only (16 prompt tokens, 64 output)"
2026-05-14T04:30:41.999752,GPU306_CPU1497,306,1497,306,1497,short_short,decode,128,64,2,25.077129947021604,23.994962603504224,1536.9366670493037,64,41.641273431826406,74.291,37.146,45.562,1.160796875,0.8614771641248604,27.641,0.798,8.706,55.8,55.9,4,Phi-3-mini-Q4,llama.cpp,"decode-only (16 prompt tokens, 64 output)"
2026-05-14T04:30:49.045379,GPU306_CPU1497,306,1497,306,1497,short_long,decode,128,256,0,25.09386488236487,24.355210627739627,6236.320724943653,256,41.049845139629674,290.216,44.649,47.474,1.13365625,0.8821016070788654,33.93,0.829,9.89,56.8,57.3,13,Phi-3-mini-Q4,llama.cpp,"decode-only (16 prompt tokens, 256 output)"
2026-05-14T04:30:56.117934,GPU306_CPU1497,306,1497,306,1497,short_long,decode,128,256,1,28.33045506849885,24.44864571021468,6263.380765216425,256,40.872495158156674,290.437,44.683,47.075,1.13451953125,0.8814303962649387,33.955,0.798,9.929,57.6,58.3,13,Phi-3-mini-Q4,llama.cpp,"decode-only (16 prompt tokens, 256 output)"
2026-05-14T04:31:03.191355,GPU306_CPU1497,306,1497,306,1497,short_long,decode,128,256,2,28.27976713888347,24.45089735693353,6263.93471006304,256,40.86888063962972,290.62,44.711,47.075,1.135234375,0.880875369898837,33.96,0.798,9.953,58.3,58.7,13,Phi-3-mini-Q4,llama.cpp,"decode-only (16 prompt tokens, 256 output)"
2026-05-14T04:31:07.099544,GPU306_CPU1497,306,1497,306,1497,medium_medium,decode,512,128,0,28.481873916462064,24.178116694166082,3099.442208884284,128,41.29775339352966,146.13,41.752,47.459,1.141640625,0.8759323889687265,31.415,0.855,9.482,58.5,59.0,7,Phi-3-mini-Q4,llama.cpp,"decode-only (16 prompt tokens, 128 output)"
2026-05-14T04:31:10.998358,GPU306_CPU1497,306,1497,306,1497,medium_medium,decode,512,128,1,25.541566079482436,24.128909015617385,3090.2670540381223,128,41.42036845415657,146.02,41.72,47.06,1.14078125,0.8765922476373099,31.469,0.798,9.453,58.8,59.1,7,Phi-3-mini-Q4,llama.cpp,"decode-only (16 prompt tokens, 128 output)"
2026-05-14T04:31:14.899582,GPU306_CPU1497,306,1497,306,1497,medium_medium,decode,512,128,2,25.49586887471378,24.14610286749254,3092.3821919132024,128,41.39203761253348,145.992,41.712,46.959,1.1405625,0.8767603704312565,31.475,0.798,9.439,58.9,59.2,7,Phi-3-mini-Q4,llama.cpp,"decode-only (16 prompt tokens, 128 output)"
2026-05-14T04:31:18.802126,GPU306_CPU1497,306,1497,306,1497,long_medium,decode,1024,128,0,25.65215388312936,24.15700491305118,3093.9184289891273,128,41.37148504003103,145.975,41.707,46.959,1.1404296875,0.8768624764514472,31.47,0.798,9.439,59.1,59.3,7,Phi-3-mini-Q4,llama.cpp,"decode-only (16 prompt tokens, 128 output)"
2026-05-14T04:31:22.700587,GPU306_CPU1497,306,1497,306,1497,long_medium,decode,1024,128,1,25.666201021522284,24.126107030819487,3090.009917039424,128,41.423815274560134,146.341,41.812,47.474,1.1432890625,0.8746694364532154,31.475,0.855,9.482,59.3,59.8,7,Phi-3-mini-Q4,llama.cpp,"decode-only (16 prompt tokens, 128 output)"
2026-05-14T04:31:26.599097,GPU306_CPU1497,306,1497,306,1497,long_medium,decode,1024,128,2,25.515034096315503,24.125825888733928,3089.8303410504013,128,41.426222760336366,146.174,41.764,47.06,1.141984375,0.8756687235760121,31.47,0.798,9.496,59.5,59.9,7,Phi-3-mini-Q4,llama.cpp,"decode-only (16 prompt tokens, 128 output)"
2026-05-14T04:31:40.637796,GPU306_CPU1497,306,1497,306,1497,long_long,decode,1024,512,0,25.53919400088489,25.834361193774527,13228.200752055272,512,38.70518822602917,604.189,44.755,47.06,1.180056640625,0.8474169506561688,33.963,0.813,9.979,60.3,60.8,27,Phi-3-mini-Q4,llama.cpp,"decode-only (16 prompt tokens, 512 output)"
2026-05-14T04:31:54.657778,GPU306_CPU1497,306,1497,306,1497,long_long,decode,1024,512,1,28.361259028315544,25.7920619786522,13209.411406191066,512,38.760243303500474,605.021,44.816,47.459,1.181681640625,0.8462516177124431,34.024,0.813,9.979,61.1,61.6,27,Phi-3-mini-Q4,llama.cpp,"decode-only (16 prompt tokens, 512 output)"
2026-05-14T04:32:08.690557,GPU306_CPU1497,306,1497,306,1497,long_long,decode,1024,512,2,28.345992090180516,25.817264761290932,13222.302888985723,512,38.722452835844486,605.438,44.847,47.459,1.18249609375,0.8456687555125381,34.051,0.813,9.983,61.7,62.2,27,Phi-3-mini-Q4,llama.cpp,"decode-only (16 prompt tokens, 512 output)"
2026-05-14T04:32:17.410033,GPU306_CPU2201,1300,2201,306,2201,short_short,prefill,128,64,0,25.232276879251003,25.2562768291682,25.2562768291682,1,39.594117801445336,11.35,22.699,22.699,11.35,0.0881057268722467,15.181,1.198,6.32,60.5,60.5,1,Phi-3-mini-Q4,llama.cpp,prefill-only (1 output token)
2026-05-14T04:32:18.242116,GPU306_CPU2201,1300,2201,306,2201,short_short,prefill,128,64,1,25.314771104604006,25.338611099869013,25.338611099869013,1,39.4654622567363,7.096,14.192,14.192,7.096,0.14092446448703494,7.587,1.597,5.008,60.3,60.3,1,Phi-3-mini-Q4,llama.cpp,prefill-only (1 output token)
2026-05-14T04:32:19.073889,GPU306_CPU2201,1300,2201,306,2201,short_short,prefill,128,64,2,25.067671900615096,25.091286981478333,25.091286981478333,1,39.85447222130021,6.596,13.193,13.193,6.596,0.15160703456640387,6.789,1.597,4.807,60.7,60.7,1,Phi-3-mini-Q4,llama.cpp,prefill-only (1 output token)
2026-05-14T04:32:19.905768,GPU306_CPU2201,1300,2201,306,2201,short_long,prefill,128,256,0,25.372881907969713,25.39512189105153,25.39512189105153,1,39.377641276546484,6.396,12.793,12.793,6.396,0.15634771732332708,6.389,1.597,4.807,59.8,59.8,1,Phi-3-mini-Q4,llama.cpp,prefill-only (1 output token)
2026-05-14T04:32:20.738395,GPU306_CPU2201,1300,2201,306,2201,short_long,prefill,128,256,1,26.022471953183413,26.045063976198435,26.045063976198435,1,38.39499111669915,12.793,12.793,12.793,12.793,0.0781677479871805,6.389,1.597,4.807,59.7,59.8,2,Phi-3-mini-Q4,llama.cpp,prefill-only (1 output token)
2026-05-14T04:32:21.570321,GPU306_CPU2201,1300,2201,306,2201,short_long,prefill,128,256,2,25.400753831490874,25.423248996958137,25.423248996958137,1,39.33407567693842,6.396,12.793,12.793,6.396,0.15634771732332708,6.389,1.597,4.807,59.7,59.7,1,Phi-3-mini-Q4,llama.cpp,prefill-only (1 output token)
2026-05-14T04:32:22.599328,GPU306_CPU2201,1300,2201,306,2201,medium_medium,prefill,512,128,0,222.60518209077418,222.6409891154617,222.6409891154617,1,4.49153592055504,11.929,23.858,23.858,11.929,0.08382932349735937,16.354,1.595,5.909,60.0,60.0,1,Phi-3-mini-Q4,llama.cpp,prefill-only (1 output token)
2026-05-14T04:32:23.437136,GPU306_CPU2201,1300,2201,306,2201,medium_medium,prefill,512,128,1,30.979866161942482,31.012665014714003,31.012665014714003,1,32.24489090265376,6.844,13.689,13.689,6.844,0.14611338398597312,7.185,1.597,4.907,59.8,59.8,1,Phi-3-mini-Q4,llama.cpp,prefill-only (1 output token)
2026-05-14T04:32:24.274920,GPU306_CPU2201,1300,2201,306,2201,medium_medium,prefill,512,128,2,31.181142199784517,31.211030203849077,31.211030203849077,1,32.03995489635186,6.644,13.289,13.289,6.644,0.15051173991571343,6.786,1.596,4.907,59.5,59.5,1,Phi-3-mini-Q4,llama.cpp,prefill-only (1 output token)
2026-05-14T04:32:25.413051,GPU306_CPU2201,1300,2201,306,2201,long_medium,prefill,1024,128,0,331.2382558360696,331.2755678780377,331.2755678780377,1,3.018634928031154,11.53,23.06,23.06,11.53,0.08673026886383348,15.556,1.595,5.909,59.6,59.6,1,Phi-3-mini-Q4,llama.cpp,prefill-only (1 output token)
2026-05-14T04:32:26.250469,GPU306_CPU2201,1300,2201,306,2201,long_medium,prefill,1024,128,1,30.642174882814288,30.67683009430766,30.67683009430766,1,32.597892185267156,7.046,14.091,14.091,7.046,0.1419244961680386,7.587,1.597,4.907,59.4,59.4,1,Phi-3-mini-Q4,llama.cpp,prefill-only (1 output token)
2026-05-14T04:32:27.089878,GPU306_CPU2201,1300,2201,306,2201,long_medium,prefill,1024,128,2,32.84934000112116,32.88569091819227,32.88569091819227,1,30.408362180610382,6.594,13.189,13.189,6.594,0.1516530178950561,6.786,1.596,4.807,59.3,59.3,1,Phi-3-mini-Q4,llama.cpp,prefill-only (1 output token)
2026-05-14T04:32:27.924087,GPU306_CPU2201,1300,2201,306,2201,long_long,prefill,1024,512,0,27.62247808277607,27.652750024572015,27.652750024572015,1,36.162768589431714,6.395,12.79,12.79,6.395,0.15637216575449572,6.387,1.596,4.807,59.3,59.3,1,Phi-3-mini-Q4,llama.cpp,prefill-only (1 output token)
2026-05-14T04:32:28.758804,GPU306_CPU2201,1300,2201,306,2201,long_long,prefill,1024,512,1,27.764588128775358,27.798634953796864,27.798634953796864,1,35.9729893810277,12.79,12.79,12.79,12.79,0.07818608287724786,6.387,1.596,4.807,59.2,59.3,2,Phi-3-mini-Q4,llama.cpp,prefill-only (1 output token)
2026-05-14T04:32:29.593299,GPU306_CPU2201,1300,2201,306,2201,long_long,prefill,1024,512,2,27.59594889357686,27.632524957880378,27.632524957880378,1,36.18923719509082,6.645,13.29,13.29,6.645,0.1504890895410083,6.387,1.996,4.907,59.2,59.2,1,Phi-3-mini-Q4,llama.cpp,prefill-only (1 output token)
2026-05-14T04:32:31.940230,GPU306_CPU2201,1300,2201,306,2201,short_short,decode,128,64,0,27.97991200350225,23.997500634914825,1539.9483700748533,64,41.55983489036656,74.024,37.012,46.36,1.156625,0.8645844590943478,26.836,1.596,8.581,59.8,60.1,4,Phi-3-mini-Q4,llama.cpp,"decode-only (16 prompt tokens, 64 output)"
2026-05-14T04:32:34.272221,GPU306_CPU2201,1300,2201,306,2201,short_short,decode,128,64,1,24.903800105676055,23.806137206505927,1524.812970077619,64,41.972360713027086,76.377,38.188,46.859,1.193390625,0.8379485970907473,27.836,1.596,8.756,60.3,60.5,4,Phi-3-mini-Q4,llama.cpp,"decode-only (16 prompt tokens, 64 output)"
2026-05-14T04:32:36.603953,GPU306_CPU2201,1300,2201,306,2201,short_short,decode,128,64,2,24.899638956412673,23.8007446824913,1524.4683439377695,64,41.98184911776203,76.531,38.266,46.959,1.195796875,0.8362624296036899,27.838,1.596,8.832,60.5,60.8,4,Phi-3-mini-Q4,llama.cpp,"decode-only (16 prompt tokens, 64 output)"
2026-05-14T04:32:43.583932,GPU306_CPU2201,1300,2201,306,2201,short_long,decode,128,256,0,25.10437206365168,24.105070944985044,6172.340783989057,256,41.475350917768424,296.754,45.654,48.757,1.1591953125,0.8626673945422808,34.044,1.627,9.984,61.3,61.8,13,Phi-3-mini-Q4,llama.cpp,"decode-only (16 prompt tokens, 256 output)"
2026-05-14T04:32:50.590385,GPU306_CPU2201,1300,2201,306,2201,short_long,decode,128,256,1,27.81824697740376,24.197933651214722,6198.7411440350115,256,41.29870792335736,297.083,45.705,48.357,1.16048046875,0.8617120468017354,34.104,1.627,9.975,61.9,62.7,13,Phi-3-mini-Q4,llama.cpp,"decode-only (16 prompt tokens, 256 output)"
2026-05-14T04:32:57.601922,GPU306_CPU2201,1300,2201,306,2201,short_long,decode,128,256,2,27.773159090429544,24.21842216441006,6203.942419029772,256,41.26408382108027,297.234,45.728,48.757,1.1610703125,0.861274282215359,34.104,1.627,9.998,62.3,62.7,13,Phi-3-mini-Q4,llama.cpp,"decode-only (16 prompt tokens, 256 output)"
2026-05-14T04:33:01.486951,GPU306_CPU2201,1300,2201,306,2201,medium_medium,decode,512,128,0,27.612009085714817,24.014295038481162,3077.653459040448,128,41.590127577231485,149.784,42.795,48.672,1.1701875,0.8545639053570475,31.589,1.71,9.496,62.4,62.8,7,Phi-3-mini-Q4,llama.cpp,"decode-only (16 prompt tokens, 128 output)"
2026-05-14T04:33:05.363623,GPU306_CPU2201,1300,2201,306,2201,medium_medium,decode,512,128,1,25.27409279718995,23.96576257613231,3069.1540639381856,128,41.7053029380209,149.494,42.713,48.372,1.167921875,0.8562216543807778,31.59,1.596,9.527,62.4,62.7,7,Phi-3-mini-Q4,llama.cpp,"decode-only (16 prompt tokens, 128 output)"
2026-05-14T04:33:09.242143,GPU306_CPU2201,1300,2201,306,2201,medium_medium,decode,512,128,2,25.313164107501507,23.982634802722906,3071.347205201164,128,41.67552264466836,149.517,42.719,48.357,1.1681015625,0.8560899429496311,31.584,1.596,9.539,62.5,62.8,7,Phi-3-mini-Q4,llama.cpp,"decode-only (16 prompt tokens, 128 output)"
2026-05-14T04:33:13.121056,GPU306_CPU2201,1300,2201,306,2201,long_medium,decode,1024,128,0,25.548327947035432,23.982205646347225,3071.529048960656,128,41.673055328359226,149.444,42.698,48.272,1.16753125,0.8565081234442333,31.59,1.596,9.513,62.8,62.9,7,Phi-3-mini-Q4,llama.cpp,"decode-only (16 prompt tokens, 128 output)"
2026-05-14T04:33:16.998013,GPU306_CPU2201,1300,2201,306,2201,long_medium,decode,1024,128,1,25.056495098397136,23.97217185009183,3069.747437024489,128,41.697241426503346,149.882,42.824,48.772,1.170953125,0.8540051507185652,31.643,1.653,9.527,62.8,63.2,7,Phi-3-mini-Q4,llama.cpp,"decode-only (16 prompt tokens, 128 output)"
2026-05-14T04:33:20.877296,GPU306_CPU2201,1300,2201,306,2201,long_medium,decode,1024,128,2,25.06366209127009,23.989281448440288,3071.94509007968,128,41.66741144343825,149.774,42.793,48.357,1.170109375,0.8546209622497897,31.641,1.596,9.556,63.0,63.3,7,Phi-3-mini-Q4,llama.cpp,"decode-only (16 prompt tokens, 128 output)"
2026-05-14T04:33:29.862305,GPU306_CPU2201,1300,2201,306,2201,long_long,decode,1024,512,0,25.058701867237687,24.771402369213586,8176.959750009701,329,40.23500299113123,390.017,45.884,48.757,1.1854620060790273,0.8435529733319317,34.201,1.62,10.063,63.3,63.8,17,Phi-3-mini-Q4,llama.cpp,"decode-only (16 prompt tokens, 512 output)"
2026-05-14T04:33:38.688351,GPU306_CPU2201,1300,2201,306,2201,long_long,decode,1024,512,1,27.581155998632312,24.733109581168534,8018.422904191539,323,40.28223552927789,385.512,45.354,48.357,1.1935356037151703,0.8378468115130009,33.754,1.643,9.957,63.7,64.2,17,Phi-3-mini-Q4,llama.cpp,"decode-only (16 prompt tokens, 512 output)"
2026-05-14T04:33:44.405501,GPU306_CPU2201,1300,2201,306,2201,long_long,decode,1024,512,2,27.723487932235003,24.047452327103752,4909.489458892494,203,41.3484949300194,228.531,45.706,48.772,1.125768472906404,0.8882821148990727,34.044,1.636,10.026,63.8,64.2,10,Phi-3-mini-Q4,llama.cpp,"decode-only (16 prompt tokens, 512 output)"
2026-05-14T04:33:53.697237,GPU612_CPU1036,612,1036,612,1036,short_short,prefill,128,64,0,25.930745992809534,25.970969814807177,25.970969814807177,1,38.50453052507329,11.0,22.0,22.0,11.0,0.09090909090909091,15.181,0.399,6.42,61.9,61.9,1,Phi-3-mini-Q4,llama.cpp,prefill-only (1 output token)
2026-05-14T04:33:54.532553,GPU612_CPU1036,612,1036,612,1036,short_short,prefill,128,64,1,25.92853899113834,25.968633824959397,25.968633824959397,1,38.507994172526075,6.497,12.994,12.994,6.497,0.1539171925504079,7.587,0.399,5.008,61.3,61.3,1,Phi-3-mini-Q4,llama.cpp,prefill-only (1 output token)
2026-05-14T04:33:55.367718,GPU612_CPU1036,612,1036,612,1036,short_short,prefill,128,64,2,26.001658057793975,26.040089083835483,26.040089083835483,1,38.402326381469834,5.996,11.992,11.992,5.996,0.1667778519012675,6.786,0.399,4.807,61.2,61.2,1,Phi-3-mini-Q4,llama.cpp,prefill-only (1 output token)
2026-05-14T04:33:56.203203,GPU612_CPU1036,612,1036,612,1036,short_long,prefill,128,256,0,26.018137112259865,26.057880138978362,26.057880138978362,1,38.37610713790038,5.796,11.593,11.593,5.796,0.1725327812284334,6.387,0.399,4.807,60.9,60.9,1,Phi-3-mini-Q4,llama.cpp,prefill-only (1 output token)
2026-05-14T04:33:57.038416,GPU612_CPU1036,612,1036,612,1036,short_long,prefill,128,256,1,25.948602007701993,25.992217008024454,25.992217008024454,1,38.473055210768464,5.848,11.695,11.695,5.848,0.17099863201094392,6.389,0.399,4.907,60.9,60.9,1,Phi-3-mini-Q4,llama.cpp,prefill-only (1 output token)
2026-05-14T04:33:57.874138,GPU612_CPU1036,612,1036,612,1036,short_long,prefill,128,256,2,26.276916032657027,26.316595962271094,26.316595962271094,1,37.9988354661695,6.047,12.094,12.094,6.047,0.165371258475277,6.389,0.798,4.907,60.7,60.7,1,Phi-3-mini-Q4,llama.cpp,prefill-only (1 output token)
2026-05-14T04:33:58.913802,GPU612_CPU1036,612,1036,612,1036,medium_medium,prefill,512,128,0,227.53719380125403,227.58960886858404,227.58960886858404,1,4.393873714056186,11.386,22.771,22.771,11.386,0.08782715615668366,16.354,0.398,6.019,60.8,60.8,1,Phi-3-mini-Q4,llama.cpp,prefill-only (1 output token)
2026-05-14T04:33:59.756976,GPU612_CPU1036,612,1036,612,1036,medium_medium,prefill,512,128,1,33.49315095692873,33.49315095692873,33.49315095692873,0,0.0,6.446,12.893,12.893,0.0,0.0,7.587,0.399,4.907,60.5,60.5,1,Phi-3-mini-Q4,llama.cpp,
2026-05-14T04:34:00.600669,GPU612_CPU1036,612,1036,612,1036,medium_medium,prefill,512,128,2,34.24721793271601,34.30017689242959,34.30017689242959,1,29.154368595128457,5.996,11.992,11.992,5.996,0.1667778519012675,6.786,0.399,4.807,60.5,60.5,1,Phi-3-mini-Q4,llama.cpp,prefill-only (1 output token)
2026-05-14T04:34:01.747099,GPU612_CPU1036,612,1036,612,1036,long_medium,prefill,1024,128,0,336.9605930056423,337.0245599653572,337.0245599653572,1,2.9671428103126676,10.886,21.772,21.772,10.886,0.09186110600771634,15.556,0.398,5.818,60.6,60.6,1,Phi-3-mini-Q4,llama.cpp,prefill-only (1 output token)
2026-05-14T04:34:02.590420,GPU612_CPU1036,612,1036,612,1036,long_medium,prefill,1024,128,1,33.92805508337915,33.988310024142265,33.988310024142265,1,29.421880619827498,6.746,13.493,13.493,6.746,0.14823599169878446,7.587,0.798,5.108,60.5,60.5,1,Phi-3-mini-Q4,llama.cpp,prefill-only (1 output token)
2026-05-14T04:34:03.438437,GPU612_CPU1036,612,1036,612,1036,long_medium,prefill,1024,128,2,38.70685677975416,38.76602393575013,38.76602393575013,1,25.795784516291274,6.048,12.095,12.095,6.048,0.16534391534391535,6.789,0.399,4.907,60.2,60.2,1,Phi-3-mini-Q4,llama.cpp,prefill-only (1 output token)
2026-05-14T04:34:04.278429,GPU612_CPU1036,612,1036,612,1036,long_long,prefill,1024,512,0,30.666508013382554,30.666508013382554,30.666508013382554,0,0.0,5.798,11.595,11.595,0.0,0.0,6.389,0.399,4.807,60.3,60.3,1,Phi-3-mini-Q4,llama.cpp,
2026-05-14T04:34:05.118262,GPU612_CPU1036,612,1036,612,1036,long_long,prefill,1024,512,1,30.561997089534998,30.561997089534998,30.561997089534998,0,0.0,5.798,11.595,11.595,0.0,0.0,6.389,0.399,4.807,60.2,60.2,1,Phi-3-mini-Q4,llama.cpp,
2026-05-14T04:34:05.958609,GPU612_CPU1036,612,1036,612,1036,long_long,prefill,1024,512,2,30.78736993484199,30.86781594902277,30.86781594902277,1,32.396201974622,5.798,11.595,11.595,5.798,0.17247326664367024,6.389,0.399,4.807,60.3,60.3,1,Phi-3-mini-Q4,llama.cpp,prefill-only (1 output token)
2026-05-14T04:34:08.333603,GPU612_CPU1036,612,1036,612,1036,short_short,decode,128,64,0,29.360128799453378,24.369778366582025,1564.9173129349947,64,40.89672947637618,71.244,35.622,44.864,1.1131875,0.8983212621413733,26.442,0.498,8.681,60.8,61.2,4,Phi-3-mini-Q4,llama.cpp,"decode-only (16 prompt tokens, 64 output)"
2026-05-14T04:34:10.693440,GPU612_CPU1036,612,1036,612,1036,short_short,decode,128,64,1,25.551902828738093,24.192377000988003,1549.9232660513371,64,41.292366791195825,73.346,36.673,44.864,1.14603125,0.8725765549586889,27.439,0.399,8.836,61.3,61.7,4,Phi-3-mini-Q4,llama.cpp,"decode-only (16 prompt tokens, 64 output)"
2026-05-14T04:34:13.055116,GPU612_CPU1036,612,1036,612,1036,short_short,decode,128,64,2,25.725468061864376,24.21576880835115,1551.567954942584,64,41.248596167589916,73.244,36.622,44.764,1.1444375,0.8737917099011523,27.342,0.499,8.782,61.4,61.5,4,Phi-3-mini-Q4,llama.cpp,"decode-only (16 prompt tokens, 64 output)"
2026-05-14T04:34:20.183306,GPU612_CPU1036,612,1036,612,1036,short_long,decode,128,256,0,25.51974286325276,24.66708788666509,6316.550882998854,256,40.52844736658895,286.103,44.016,46.276,1.11758984375,0.8947826482071142,33.586,0.43,10.0,62.1,62.5,13,Phi-3-mini-Q4,llama.cpp,"decode-only (16 prompt tokens, 256 output)"
2026-05-14T04:34:27.344085,GPU612_CPU1036,612,1036,612,1036,short_long,decode,128,256,1,29.174976982176304,24.780304231407012,6349.074940895662,256,40.32083451260794,284.364,43.748,46.262,1.110796875,0.9002546032549831,33.342,0.43,9.977,62.6,63.0,13,Phi-3-mini-Q4,llama.cpp,"decode-only (16 prompt tokens, 256 output)"
2026-05-14T04:34:34.508481,GPU612_CPU1036,612,1036,612,1036,short_long,decode,128,256,2,28.96985993720591,24.79740143570976,6353.2569711096585,256,40.294293330824786,284.985,43.844,45.877,1.11322265625,0.8982928926083829,33.376,0.46,10.008,62.9,63.2,13,Phi-3-mini-Q4,llama.cpp,"decode-only (16 prompt tokens, 256 output)"
2026-05-14T04:34:38.451089,GPU612_CPU1036,612,1036,612,1036,medium_medium,decode,512,128,0,28.96681916899979,24.431881014492333,3132.28427618742,128,40.86474557022012,143.438,40.982,45.863,1.120609375,0.8923716170052567,31.073,0.399,9.511,63.0,63.2,7,Phi-3-mini-Q4,llama.cpp,"decode-only (16 prompt tokens, 128 output)"
2026-05-14T04:34:42.388198,GPU612_CPU1036,612,1036,612,1036,medium_medium,decode,512,128,1,25.656088953837752,24.41311849640521,3126.5945138875395,128,40.93911104604594,144.444,41.27,46.262,1.12846875,0.8861565727894548,31.244,0.456,9.57,62.9,63.1,7,Phi-3-mini-Q4,llama.cpp,"decode-only (16 prompt tokens, 128 output)"
2026-05-14T04:34:46.327107,GPU612_CPU1036,612,1036,612,1036,medium_medium,decode,512,128,2,25.652056792750955,24.427419757529155,3128.4082469064742,128,40.91537609471934,144.454,41.273,46.276,1.128546875,0.8860952275464853,31.247,0.456,9.57,63.0,63.2,7,Phi-3-mini-Q4,llama.cpp,"decode-only (16 prompt tokens, 128 output)"
2026-05-14T04:34:50.270067,GPU612_CPU1036,612,1036,612,1036,long_medium,decode,1024,128,0,25.98357107490301,24.412809117645846,3126.8774250056595,128,40.935406989856126,144.341,41.24,46.362,1.1276640625,0.8867889234521029,31.186,0.456,9.599,63.1,63.4,7,Phi-3-mini-Q4,llama.cpp,"decode-only (16 prompt tokens, 128 output)"
2026-05-14T04:34:54.207371,GPU612_CPU1036,612,1036,612,1036,long_medium,decode,1024,128,1,25.633016135543585,24.41551926817129,3126.8721790984273,128,40.93547566658331,144.695,41.341,46.463,1.1304296875,0.8846193717820243,31.301,0.399,9.642,63.2,63.4,7,Phi-3-mini-Q4,llama.cpp,"decode-only (16 prompt tokens, 128 output)"
2026-05-14T04:34:58.145848,GPU612_CPU1036,612,1036,612,1036,long_medium,decode,1024,128,2,25.80690011382103,24.421946906418665,3127.87370220758,128,40.922368415854066,144.292,41.226,45.863,1.12728125,0.887090067363402,31.186,0.456,9.585,63.2,63.6,7,Phi-3-mini-Q4,llama.cpp,"decode-only (16 prompt tokens, 128 output)"
2026-05-14T04:35:11.068223,GPU612_CPU1036,612,1036,612,1036,long_long,decode,1024,512,0,25.849940022453666,26.150794429583332,12109.45213609375,462,38.15201503814947,542.64,43.411,46.262,1.1745454545454546,0.8513931888544892,33.01,0.479,9.922,63.7,64.2,25,Phi-3-mini-Q4,llama.cpp,"decode-only (16 prompt tokens, 512 output)"
2026-05-14T04:35:19.202544,GPU612_CPU1036,612,1036,612,1036,long_long,decode,1024,512,1,28.98121392354369,25.056225772754384,7322.766037890688,291,39.739081993642685,333.228,44.43,46.661,1.1451134020618556,0.8732759552018438,33.972,0.426,10.033,63.9,64.2,15,Phi-3-mini-Q4,llama.cpp,"decode-only (16 prompt tokens, 512 output)"
2026-05-14T04:35:33.265727,GPU612_CPU1036,612,1036,612,1036,long_long,decode,1024,512,2,28.867902932688594,26.28405803009363,13249.95543807745,503,37.96239182469164,595.772,44.131,46.661,1.1844373757455269,0.8442827121784843,33.686,0.443,10.002,64.3,64.6,27,Phi-3-mini-Q4,llama.cpp,"decode-only (16 prompt tokens, 512 output)"
2026-05-14T04:35:42.000160,GPU612_CPU1497,1300,1497,612,1497,short_short,prefill,128,64,0,25.693393079563975,25.723537197336555,25.723537197336555,1,38.874902480501056,11.3,22.601,22.601,11.3,0.08849557522123894,15.181,0.799,6.621,62.9,62.9,1,Phi-3-mini-Q4,llama.cpp,prefill-only (1 output token)
2026-05-14T04:35:42.833449,GPU612_CPU1497,1300,1497,612,1497,short_short,prefill,128,64,1,25.676849065348506,25.707375956699252,25.707375956699252,1,38.89934163970568,6.696,13.393,13.393,6.696,0.14934289127837516,7.587,0.798,5.008,62.4,62.4,1,Phi-3-mini-Q4,llama.cpp,prefill-only (1 output token)
2026-05-14T04:35:43.667193,GPU612_CPU1497,1300,1497,612,1497,short_short,prefill,128,64,2,25.926732923835516,25.956396013498306,25.956396013498306,1,38.52614975823155,12.894,12.894,13.393,12.894,0.07755545214828602,7.188,0.798,4.908,62.3,62.4,2,Phi-3-mini-Q4,llama.cpp,prefill-only (1 output token)
2026-05-14T04:35:44.500551,GPU612_CPU1497,1300,1497,612,1497,short_long,prefill,128,256,0,25.390516966581345,25.420276913791895,25.420276913791895,1,39.3386745310176,5.997,11.994,11.994,5.997,0.16675004168751043,6.389,0.798,4.807,62.0,62.0,1,Phi-3-mini-Q4,llama.cpp,prefill-only (1 output token)
2026-05-14T04:35:45.334104,GPU612_CPU1497,1300,1497,612,1497,short_long,prefill,128,256,1,25.67003178410232,25.698479963466525,25.698479963466525,1,38.91280734975843,5.996,11.992,11.992,5.996,0.1667778519012675,6.387,0.798,4.807,62.1,62.1,1,Phi-3-mini-Q4,llama.cpp,prefill-only (1 output token)
2026-05-14T04:35:46.167139,GPU612_CPU1497,1300,1497,612,1497,short_long,prefill,128,256,2,25.400214130058885,25.43090097606182,25.43090097606182,1,39.322240330427256,5.996,11.992,11.992,5.996,0.1667778519012675,6.387,0.798,4.807,61.7,61.7,1,Phi-3-mini-Q4,llama.cpp,prefill-only (1 output token)
2026-05-14T04:35:47.199905,GPU612_CPU1497,1300,1497,612,1497,medium_medium,prefill,512,128,0,224.44541100412607,224.48921902105212,224.48921902105212,1,4.454556901933995,11.534,23.069,23.069,11.534,0.08670019074041962,16.354,0.797,5.918,61.8,61.8,1,Phi-3-mini-Q4,llama.cpp,prefill-only (1 output token)
2026-05-14T04:35:48.040423,GPU612_CPU1497,1300,1497,612,1497,medium_medium,prefill,512,128,1,32.47961401939392,32.51865413039923,32.51865413039923,1,30.751580185022963,6.696,13.393,13.393,6.696,0.14934289127837516,7.587,0.798,5.008,61.8,61.8,1,Phi-3-mini-Q4,llama.cpp,prefill-only (1 output token)
2026-05-14T04:35:48.881175,GPU612_CPU1497,1300,1497,612,1497,medium_medium,prefill,512,128,2,32.92216616682708,32.92216616682708,32.92216616682708,0,0.0,6.197,12.394,12.394,0.0,0.0,6.789,0.798,4.807,61.5,61.5,1,Phi-3-mini-Q4,llama.cpp,
2026-05-14T04:35:50.023076,GPU612_CPU1497,1300,1497,612,1497,long_medium,prefill,1024,128,0,334.1009400319308,334.1508908197284,334.1508908197284,1,2.992659985274412,11.136,22.271,22.271,11.136,0.08979885057471265,15.556,0.797,5.918,61.6,61.6,1,Phi-3-mini-Q4,llama.cpp,prefill-only (1 output token)
2026-05-14T04:35:50.862976,GPU612_CPU1497,1300,1497,612,1497,long_medium,prefill,1024,128,1,32.01002185232937,32.053508795797825,32.053508795797825,1,31.197832548401028,6.646,13.292,13.292,6.646,0.15046644598254588,7.587,0.798,4.907,61.4,61.4,1,Phi-3-mini-Q4,llama.cpp,prefill-only (1 output token)
2026-05-14T04:35:51.706220,GPU612_CPU1497,1300,1497,612,1497,long_medium,prefill,1024,128,2,35.15486395917833,35.19879886880517,35.19879886880517,1,28.41006034686732,12.843,12.843,13.292,12.843,0.07786342754808066,7.188,0.798,4.857,61.4,61.4,2,Phi-3-mini-Q4,llama.cpp,prefill-only (1 output token)
2026-05-14T04:35:52.542768,GPU612_CPU1497,1300,1497,612,1497,long_long,prefill,1024,512,0,28.670908883213997,28.718268033117056,28.718268033117056,1,34.821041395909724,6.247,12.494,12.494,6.247,0.1600768368817032,6.789,0.798,4.907,61.2,61.2,1,Phi-3-mini-Q4,llama.cpp,prefill-only (1 output token)
2026-05-14T04:35:53.380187,GPU612_CPU1497,1300,1497,612,1497,long_long,prefill,1024,512,1,28.922169003635645,28.96261611022055,28.96261611022055,1,34.5272677093252,5.997,11.994,11.994,5.997,0.16675004168751043,6.389,0.798,4.807,61.1,61.1,1,Phi-3-mini-Q4,llama.cpp,prefill-only (1 output token)
2026-05-14T04:35:54.216563,GPU612_CPU1497,1300,1497,612,1497,long_long,prefill,1024,512,2,28.758139815181494,28.79871497862041,28.79871497862041,1,34.72377155516765,5.997,11.994,11.994,5.997,0.16675004168751043,6.389,0.798,4.807,61.2,61.2,1,Phi-3-mini-Q4,llama.cpp,prefill-only (1 output token)
2026-05-14T04:35:56.580581,GPU612_CPU1497,1300,1497,612,1497,short_short,decode,128,64,0,28.606781968846917,24.23677055372132,1555.699132848531,64,41.1390600204386,72.441,36.22,45.562,1.131890625,0.8834775886583565,26.842,0.798,8.581,61.9,62.3,4,Phi-3-mini-Q4,llama.cpp,"decode-only (16 prompt tokens, 64 output)"
2026-05-14T04:35:58.925143,GPU612_CPU1497,1300,1497,612,1497,short_short,decode,128,64,1,25.304660899564624,23.980549621647075,1536.2576839979738,64,41.65967771334149,74.998,37.499,46.161,1.17184375,0.8533560894957198,27.84,0.798,8.86,62.2,62.6,4,Phi-3-mini-Q4,llama.cpp,"decode-only (16 prompt tokens, 64 output)"
2026-05-14T04:36:01.267678,GPU612_CPU1497,1300,1497,612,1497,short_short,decode,128,64,2,25.103321066126227,23.95224203133867,1534.2689659446478,64,41.71367695011368,74.898,37.449,46.061,1.17028125,0.8544954471414458,27.84,0.798,8.81,62.5,62.8,4,Phi-3-mini-Q4,llama.cpp,"decode-only (16 prompt tokens, 64 output)"
2026-05-14T04:36:08.310787,GPU612_CPU1497,1300,1497,612,1497,short_long,decode,128,256,0,25.448529981076717,24.325358811948522,6229.0702478494495,256,41.09762610052159,291.996,44.922,47.574,1.140609375,0.8767243386895711,34.109,0.798,10.016,63.1,63.6,13,Phi-3-mini-Q4,llama.cpp,"decode-only (16 prompt tokens, 256 output)"
2026-05-14T04:36:15.377652,GPU612_CPU1497,1300,1497,612,1497,short_long,decode,128,256,1,28.296032920479774,24.42582533329579,6257.527753943577,256,40.9107254600134,292.455,44.993,47.474,1.14240234375,0.8753483441897044,34.172,0.829,9.993,63.5,63.9,13,Phi-3-mini-Q4,llama.cpp,"decode-only (16 prompt tokens, 256 output)"
2026-05-14T04:36:22.444338,GPU612_CPU1497,1300,1497,612,1497,short_long,decode,128,256,2,28.265536995604634,24.42492118890525,6257.271018112078,256,40.91240402708966,292.092,44.937,47.559,1.140984375,0.876436191336976,34.077,0.829,10.031,63.8,64.2,13,Phi-3-mini-Q4,llama.cpp,"decode-only (16 prompt tokens, 256 output)"
2026-05-14T04:36:26.350169,GPU612_CPU1497,1300,1497,612,1497,medium_medium,decode,512,128,0,28.153090039268136,24.163657748030396,3097.316902829334,128,41.32609094118677,146.746,41.927,47.559,1.146453125,0.87225546181838,31.588,0.798,9.541,63.7,64.0,7,Phi-3-mini-Q4,llama.cpp,"decode-only (16 prompt tokens, 128 output)"
2026-05-14T04:36:30.248292,GPU612_CPU1497,1300,1497,612,1497,medium_medium,decode,512,128,1,25.779196992516518,24.120157788045645,3089.3711810931563,128,41.4323797617313,147.194,42.055,47.574,1.149953125,0.8696006630705057,31.645,0.855,9.556,63.9,64.0,7,Phi-3-mini-Q4,llama.cpp,"decode-only (16 prompt tokens, 128 output)"
2026-05-14T04:36:34.148624,GPU612_CPU1497,1300,1497,612,1497,medium_medium,decode,512,128,2,25.45983507297933,24.141498669013966,3091.759455157444,128,41.4003747240038,146.802,41.943,47.559,1.146890625,0.8719227258484217,31.59,0.798,9.556,63.9,64.2,7,Phi-3-mini-Q4,llama.cpp,"decode-only (16 prompt tokens, 128 output)"
2026-05-14T04:36:38.050000,GPU612_CPU1497,1300,1497,612,1497,long_medium,decode,1024,128,0,25.26215394027531,24.151404692578737,3092.8194858133793,128,41.38618519028676,147.41,42.117,47.574,1.151640625,0.8683264364697103,31.706,0.798,9.613,64.0,64.2,7,Phi-3-mini-Q4,llama.cpp,"decode-only (16 prompt tokens, 128 output)"
2026-05-14T04:36:41.946982,GPU612_CPU1497,1300,1497,612,1497,long_medium,decode,1024,128,1,25.293621001765132,24.116407401537096,3088.4074808564037,128,41.44530823520285,147.451,42.129,47.574,1.1519609375,0.8680849909461449,31.704,0.855,9.57,64.1,64.2,7,Phi-3-mini-Q4,llama.cpp,"decode-only (16 prompt tokens, 128 output)"
2026-05-14T04:36:45.845391,GPU612_CPU1497,1300,1497,612,1497,long_medium,decode,1024,128,2,25.256759021431208,24.12768896837814,3089.802640955895,128,41.426594146608835,147.294,42.084,47.559,1.150734375,0.8690102787622034,31.702,0.798,9.584,64.0,64.2,7,Phi-3-mini-Q4,llama.cpp,"decode-only (16 prompt tokens, 128 output)"
2026-05-14T04:36:52.532499,GPU612_CPU1497,1300,1497,612,1497,long_long,decode,1024,512,0,25.18872683867812,24.283067504681338,5877.719084965065,241,41.002299789465425,270.811,45.135,47.661,1.1236970954356846,0.8899195379803627,34.191,0.831,10.113,64.4,64.6,12,Phi-3-mini-Q4,llama.cpp,"decode-only (16 prompt tokens, 512 output)"
2026-05-14T04:37:06.580636,GPU612_CPU1497,1300,1497,612,1497,long_long,decode,1024,512,1,25.53471503779292,25.85246084748226,13237.462776014581,512,38.67810687465808,608.626,45.083,47.574,1.18872265625,0.8412391189334666,34.154,0.828,10.102,64.8,65.2,27,Phi-3-mini-Q4,llama.cpp,"decode-only (16 prompt tokens, 512 output)"
2026-05-14T04:37:18.760567,GPU612_CPU1497,1300,1497,612,1497,long_long,decode,1024,512,2,28.205307899042964,25.53946101138238,11369.64950710535,444,39.05133572697439,523.949,45.561,48.075,1.180065315315315,0.8474107212724903,34.555,0.833,10.173,65.1,65.5,23,Phi-3-mini-Q4,llama.cpp,"decode-only (16 prompt tokens, 512 output)"
2026-05-14T04:37:27.493012,GPU612_CPU2201,1300,2201,612,2201,short_short,prefill,128,64,0,25.14020004309714,25.161962024867535,25.161962024867535,1,39.74252878260055,11.6,23.199,23.199,11.6,0.08620689655172414,15.181,1.598,6.42,63.7,63.7,1,Phi-3-mini-Q4,llama.cpp,prefill-only (1 output token)
2026-05-14T04:37:28.325242,GPU612_CPU2201,1300,2201,612,2201,short_short,prefill,128,64,1,25.324407033622265,25.34604212269187,25.34604212269187,1,39.453891663216226,7.096,14.192,14.192,7.096,0.14092446448703494,7.587,1.597,5.008,63.3,63.3,1,Phi-3-mini-Q4,llama.cpp,prefill-only (1 output token)
2026-05-14T04:37:29.157063,GPU612_CPU2201,1300,2201,612,2201,short_short,prefill,128,64,2,25.188994128257036,25.20947717130184,25.20947717130184,1,39.667621553785644,6.596,13.193,13.193,6.596,0.15160703456640387,6.789,1.597,4.807,63.2,63.2,1,Phi-3-mini-Q4,llama.cpp,prefill-only (1 output token)
2026-05-14T04:37:29.989199,GPU612_CPU2201,1300,2201,612,2201,short_long,prefill,128,256,0,25.384337874129415,25.40549193508923,25.40549193508923,1,39.36156806390483,6.396,12.793,12.793,6.396,0.15634771732332708,6.389,1.597,4.807,62.9,62.9,1,Phi-3-mini-Q4,llama.cpp,prefill-only (1 output token)
2026-05-14T04:37:30.821347,GPU612_CPU2201,1300,2201,612,2201,short_long,prefill,128,256,1,25.364649947732687,25.388716952875257,25.388716952875257,1,39.387575270389966,12.843,12.843,12.893,12.843,0.07786342754808066,6.389,1.597,4.857,62.8,62.9,2,Phi-3-mini-Q4,llama.cpp,prefill-only (1 output token)
2026-05-14T04:37:31.653038,GPU612_CPU2201,1300,2201,612,2201,short_long,prefill,128,256,2,25.199411204084754,25.22120508365333,25.22120508365333,1,39.64917602799765,6.396,12.793,12.793,6.396,0.15634771732332708,6.389,1.597,4.807,62.7,62.7,1,Phi-3-mini-Q4,llama.cpp,prefill-only (1 output token)
2026-05-14T04:37:32.682625,GPU612_CPU2201,1300,2201,612,2201,medium_medium,prefill,512,128,0,222.98060497269034,223.01600105129182,223.01600105129182,1,4.48398319082947,11.934,23.867,23.867,11.934,0.08379420144126026,16.354,1.595,5.918,62.9,62.9,1,Phi-3-mini-Q4,llama.cpp,prefill-only (1 output token)
2026-05-14T04:37:33.520730,GPU612_CPU2201,1300,2201,612,2201,medium_medium,prefill,512,128,1,31.103315064683557,31.13099792972207,31.13099792972207,1,32.122323937622895,6.846,13.692,13.692,6.846,0.14607069821793747,7.188,1.597,4.907,62.8,62.8,1,Phi-3-mini-Q4,llama.cpp,prefill-only (1 output token)
2026-05-14T04:37:34.358311,GPU612_CPU2201,1300,2201,612,2201,medium_medium,prefill,512,128,2,31.073355115950108,31.102702021598816,31.102702021598816,1,32.15154745415896,6.596,13.193,13.193,6.596,0.15160703456640387,6.789,1.597,4.807,62.2,62.2,1,Phi-3-mini-Q4,llama.cpp,prefill-only (1 output token)
2026-05-14T04:37:35.496367,GPU612_CPU2201,1300,2201,612,2201,long_medium,prefill,1024,128,0,331.2275889329612,331.2275889329612,331.2275889329612,0,0.0,11.534,23.069,23.069,0.0,0.0,15.556,1.595,5.918,62.5,62.5,1,Phi-3-mini-Q4,llama.cpp,
2026-05-14T04:37:36.333300,GPU612_CPU2201,1300,2201,612,2201,long_medium,prefill,1024,128,1,30.305833090096712,30.339916003867984,30.339916003867984,1,32.95988030660703,7.096,14.192,14.192,7.096,0.14092446448703494,7.587,1.597,5.008,62.4,62.4,1,Phi-3-mini-Q4,llama.cpp,prefill-only (1 output token)
2026-05-14T04:37:37.172441,GPU612_CPU2201,1300,2201,612,2201,long_medium,prefill,1024,128,2,32.75086102075875,32.75086102075875,32.75086102075875,0,0.0,6.596,13.193,13.193,0.0,0.0,6.789,1.597,4.807,62.3,62.3,1,Phi-3-mini-Q4,llama.cpp,
2026-05-14T04:37:38.006696,GPU612_CPU2201,1300,2201,612,2201,long_long,prefill,1024,512,0,27.780745876953006,27.780745876953006,27.780745876953006,0,0.0,6.596,13.193,13.193,0.0,0.0,6.789,1.597,4.807,62.3,62.3,1,Phi-3-mini-Q4,llama.cpp,
2026-05-14T04:37:38.841234,GPU612_CPU2201,1300,2201,612,2201,long_long,prefill,1024,512,1,27.96344691887498,27.99493889324367,27.99493889324367,1,35.72074237466334,6.396,12.793,12.793,6.396,0.15634771732332708,6.389,1.597,4.807,62.2,62.2,1,Phi-3-mini-Q4,llama.cpp,prefill-only (1 output token)
2026-05-14T04:37:39.675217,GPU612_CPU2201,1300,2201,612,2201,long_long,prefill,1024,512,2,27.44879387319088,27.477756841108203,27.477756841108203,1,36.3930726144263,12.793,12.793,12.793,12.793,0.0781677479871805,6.389,1.597,4.807,62.0,62.2,2,Phi-3-mini-Q4,llama.cpp,prefill-only (1 output token)
2026-05-14T04:37:42.026136,GPU612_CPU2201,1300,2201,612,2201,short_short,decode,128,64,0,28.866034001111984,24.045651808144555,1543.8674548640847,64,41.454335861775306,74.391,37.196,46.46,1.162359375,0.8603191246252906,26.943,1.596,8.656,62.8,63.2,4,Phi-3-mini-Q4,llama.cpp,"decode-only (16 prompt tokens, 64 output)"
2026-05-14T04:37:44.358426,GPU612_CPU2201,1300,2201,612,2201,short_short,decode,128,64,1,25.25887591764331,23.80909014212352,1525.358575861901,64,41.95734761174887,76.543,38.272,46.959,1.195984375,0.8361313248762133,27.84,1.596,8.835,63.1,63.4,4,Phi-3-mini-Q4,llama.cpp,"decode-only (16 prompt tokens, 64 output)"
2026-05-14T04:37:46.693076,GPU612_CPU2201,1300,2201,612,2201,short_short,decode,128,64,2,25.245456025004387,23.84796533511863,1527.791605098173,64,41.89052995607178,76.744,38.372,47.06,1.199125,0.833941415615553,27.84,1.596,8.936,63.4,63.7,4,Phi-3-mini-Q4,llama.cpp,"decode-only (16 prompt tokens, 64 output)"
2026-05-14T04:37:53.676855,GPU612_CPU2201,1300,2201,612,2201,short_long,decode,128,256,0,25.032331002876163,24.120755807734003,6176.274869823828,256,41.448932470730874,297.754,45.808,48.873,1.1631015625,0.859770145825077,34.113,1.658,10.038,64.0,64.5,13,Phi-3-mini-Q4,llama.cpp,"decode-only (16 prompt tokens, 256 output)"
2026-05-14T04:38:00.692622,GPU612_CPU2201,1300,2201,612,2201,short_long,decode,128,256,1,27.550162049010396,24.23251821549938,6207.295953994617,256,41.24179061178078,298.138,45.867,48.474,1.1646015625,0.8586627669066004,34.14,1.627,10.101,64.4,64.8,13,Phi-3-mini-Q4,llama.cpp,"decode-only (16 prompt tokens, 256 output)"
2026-05-14T04:38:07.711396,GPU612_CPU2201,1300,2201,612,2201,short_long,decode,128,256,2,27.858949964866042,24.244150305714676,6210.569611983374,256,41.220051620715225,298.152,45.869,48.473,1.16465625,0.8586224476106148,34.08,1.658,10.132,64.7,65.2,13,Phi-3-mini-Q4,llama.cpp,"decode-only (16 prompt tokens, 256 output)"
2026-05-14T04:38:11.597692,GPU612_CPU2201,1300,2201,612,2201,medium_medium,decode,512,128,0,27.59209694340825,24.02384450483158,3078.8597660139203,128,41.57383243398468,150.496,42.999,48.473,1.17575,0.8505209440782479,31.704,1.653,9.642,64.7,64.9,7,Phi-3-mini-Q4,llama.cpp,"decode-only (16 prompt tokens, 128 output)"
2026-05-14T04:38:15.476041,GPU612_CPU2201,1300,2201,612,2201,medium_medium,decode,512,128,1,25.207645958289504,23.982156819744606,3071.167505113408,128,41.67796116196319,150.198,42.914,48.558,1.173421875,0.8522084182212812,31.647,1.596,9.671,64.8,65.0,7,Phi-3-mini-Q4,llama.cpp,"decode-only (16 prompt tokens, 128 output)"
2026-05-14T04:38:19.355520,GPU612_CPU2201,1300,2201,612,2201,medium_medium,decode,512,128,2,24.99374793842435,23.99254556723291,3072.272530058399,128,41.66297056907479,150.076,42.879,48.357,1.17246875,0.8529011967269917,31.641,1.653,9.584,64.9,65.2,7,Phi-3-mini-Q4,llama.cpp,"decode-only (16 prompt tokens, 128 output)"
2026-05-14T04:38:23.236128,GPU612_CPU2201,1300,2201,612,2201,long_medium,decode,1024,128,0,24.991423822939396,24.00128161498001,3073.380387853831,128,41.64795236732266,149.832,42.809,48.458,1.1705625,0.8542901382882162,31.642,1.539,9.628,64.8,65.2,7,Phi-3-mini-Q4,llama.cpp,"decode-only (16 prompt tokens, 128 output)"
2026-05-14T04:38:27.118025,GPU612_CPU2201,1300,2201,612,2201,long_medium,decode,1024,128,1,25.17574094235897,24.011262888675482,3074.8371907975525,128,41.62822031133275,150.528,43.008,48.458,1.176,0.8503401360544218,31.698,1.653,9.656,65.0,65.4,7,Phi-3-mini-Q4,llama.cpp,"decode-only (16 prompt tokens, 128 output)"
2026-05-14T04:38:30.996222,GPU612_CPU2201,1300,2201,612,2201,long_medium,decode,1024,128,2,25.00972105190158,23.983964157532753,3071.199815021828,128,41.67752269778327,150.02,42.863,48.458,1.17203125,0.8532195707239034,31.639,1.596,9.628,65.0,65.2,7,Phi-3-mini-Q4,llama.cpp,"decode-only (16 prompt tokens, 128 output)"
2026-05-14T04:38:44.877917,GPU612_CPU2201,1300,2201,612,2201,long_long,decode,1024,512,0,25.205336045473814,25.532825892324578,13073.374204104766,512,39.16356955798318,620.425,45.957,48.473,1.211767578125,0.8252407623806263,34.218,1.626,10.113,65.5,65.9,27,Phi-3-mini-Q4,llama.cpp,"decode-only (16 prompt tokens, 512 output)"
2026-05-14T04:38:58.742788,GPU612_CPU2201,1300,2201,612,2201,long_long,decode,1024,512,1,27.615128085017204,25.49463941682852,13056.297043105587,512,39.21479408055923,621.524,46.039,48.873,1.2139140625,0.8237815434319511,34.24,1.656,10.143,65.8,66.2,27,Phi-3-mini-Q4,llama.cpp,"decode-only (16 prompt tokens, 512 output)"
2026-05-14T04:39:12.625551,GPU612_CPU2201,1300,2201,612,2201,long_long,decode,1024,512,2,28.0820420011878,25.528530436686427,13074.040854116902,512,39.161572593585376,621.696,46.052,48.474,1.21425,0.8235536339304097,34.223,1.685,10.143,66.1,66.4,27,Phi-3-mini-Q4,llama.cpp,"decode-only (16 prompt tokens, 512 output)"
2026-05-14T04:39:21.922929,GPU918_CPU1036,918,1036,918,1036,short_short,prefill,128,64,0,25.940045947209,25.979856960475445,25.979856960475445,1,38.49135896018804,11.05,22.1,22.1,11.05,0.09049773755656108,15.181,0.399,6.52,63.9,63.9,1,Phi-3-mini-Q4,llama.cpp,prefill-only (1 output token)
2026-05-14T04:39:22.758510,GPU918_CPU1036,918,1036,918,1036,short_short,prefill,128,64,1,26.06830815784633,26.109048165380955,26.109048165380955,1,38.30089835775555,17.547,17.547,22.1,17.547,0.05698979882601014,11.384,0.399,5.764,63.8,63.9,2,Phi-3-mini-Q4,llama.cpp,prefill-only (1 output token)
2026-05-14T04:39:23.593908,GPU918_CPU1036,918,1036,918,1036,short_short,prefill,128,64,2,25.9879759978503,26.035693008452654,26.035693008452654,1,38.40881053849205,6.298,12.595,12.595,6.298,0.15878056525881232,6.789,0.798,5.008,63.3,63.3,1,Phi-3-mini-Q4,llama.cpp,prefill-only (1 output token)
2026-05-14T04:39:24.430273,GPU918_CPU1036,918,1036,918,1036,short_long,prefill,128,256,0,26.852437062188983,26.89215214923024,26.89215214923024,1,37.18556976960373,5.798,11.595,11.595,5.798,0.17247326664367024,6.389,0.399,4.807,63.3,63.3,1,Phi-3-mini-Q4,llama.cpp,prefill-only (1 output token)
2026-05-14T04:39:25.265570,GPU918_CPU1036,918,1036,918,1036,short_long,prefill,128,256,1,25.971137918531895,26.01014985702932,26.01014985702932,1,38.4465297392259,5.798,11.595,11.595,5.798,0.17247326664367024,6.389,0.399,4.807,63.0,63.0,1,Phi-3-mini-Q4,llama.cpp,prefill-only (1 output token)
2026-05-14T04:39:26.101237,GPU918_CPU1036,918,1036,918,1036,short_long,prefill,128,256,2,26.078215101733804,26.118314126506448,26.118314126506448,1,38.28731039669744,5.798,11.595,11.595,5.798,0.17247326664367024,6.389,0.399,4.807,63.1,63.1,1,Phi-3-mini-Q4,llama.cpp,prefill-only (1 output token)
2026-05-14T04:39:27.137818,GPU918_CPU1036,918,1036,918,1036,medium_medium,prefill,512,128,0,226.75773012451828,226.81495104916394,226.81495104916394,1,4.4088804347965675,11.335,22.67,22.67,11.335,0.08822232024702249,16.354,0.398,5.918,62.9,62.9,1,Phi-3-mini-Q4,llama.cpp,prefill-only (1 output token)
2026-05-14T04:39:27.980891,GPU918_CPU1036,918,1036,918,1036,medium_medium,prefill,512,128,1,33.65073702298105,33.70146197266877,33.70146197266877,1,29.6723032612348,6.446,12.893,12.893,6.446,0.15513496742165686,7.587,0.399,4.907,63.1,63.1,1,Phi-3-mini-Q4,llama.cpp,prefill-only (1 output token)
2026-05-14T04:39:28.825181,GPU918_CPU1036,918,1036,918,1036,medium_medium,prefill,512,128,2,34.42721511237323,34.48043507523835,34.48043507523835,1,29.001954233406305,12.744,12.744,12.893,12.744,0.07846829880728186,7.188,0.598,4.958,62.9,63.1,2,Phi-3-mini-Q4,llama.cpp,prefill-only (1 output token)
2026-05-14T04:39:29.972599,GPU918_CPU1036,918,1036,918,1036,long_medium,prefill,1024,128,0,338.15491711720824,338.15491711720824,338.15491711720824,0,0.0,10.936,21.872,21.872,0.0,0.0,15.556,0.398,5.918,62.8,62.8,1,Phi-3-mini-Q4,llama.cpp,
2026-05-14T04:39:30.815940,GPU918_CPU1036,918,1036,918,1036,long_medium,prefill,1024,128,1,33.82295789197087,33.88389199972153,33.88389199972153,1,29.512548322613544,6.497,12.994,12.994,6.497,0.1539171925504079,7.587,0.399,5.008,62.6,62.6,1,Phi-3-mini-Q4,llama.cpp,prefill-only (1 output token)
2026-05-14T04:39:31.664165,GPU918_CPU1036,918,1036,918,1036,long_medium,prefill,1024,128,2,38.68055599741638,38.74430595897138,38.74430595897138,1,25.810244247476227,6.048,12.095,12.095,6.048,0.16534391534391535,6.789,0.399,4.907,62.5,62.5,1,Phi-3-mini-Q4,llama.cpp,prefill-only (1 output token)
2026-05-14T04:39:32.504060,GPU918_CPU1036,918,1036,918,1036,long_long,prefill,1024,512,0,30.524075962603092,30.57844890281558,30.57844890281558,1,32.70277060743662,5.798,11.595,11.595,5.798,0.17247326664367024,6.389,0.399,4.807,62.6,62.6,1,Phi-3-mini-Q4,llama.cpp,prefill-only (1 output token)
2026-05-14T04:39:33.343754,GPU918_CPU1036,918,1036,918,1036,long_long,prefill,1024,512,1,30.46240098774433,30.51683702506125,30.51683702506125,1,32.768795769324754,5.796,11.593,11.593,5.796,0.1725327812284334,6.387,0.399,4.807,62.2,62.2,1,Phi-3-mini-Q4,llama.cpp,prefill-only (1 output token)
2026-05-14T04:39:34.184219,GPU918_CPU1036,918,1036,918,1036,long_long,prefill,1024,512,2,30.957765877246857,31.014346983283758,31.014346983283758,1,32.243142199285515,5.848,11.695,11.695,5.848,0.17099863201094392,6.389,0.399,4.907,62.3,62.3,1,Phi-3-mini-Q4,llama.cpp,prefill-only (1 output token)
2026-05-14T04:39:36.557695,GPU918_CPU1036,918,1036,918,1036,short_short,decode,128,64,0,29.265391873195767,24.34681650872032,1563.3709819521755,64,40.937180450978715,71.793,35.896,45.163,1.121765625,0.891451812850835,26.842,0.399,8.656,62.9,63.3,4,Phi-3-mini-Q4,llama.cpp,"decode-only (16 prompt tokens, 64 output)"
2026-05-14T04:39:38.914237,GPU918_CPU1036,918,1036,918,1036,short_short,decode,128,64,1,25.645968038588762,24.137395459951627,1546.5526869520545,64,41.382359967400255,74.406,37.203,45.277,1.16259375,0.8601456871757653,27.844,0.499,8.86,63.3,63.4,4,Phi-3-mini-Q4,llama.cpp,"decode-only (16 prompt tokens, 64 output)"
2026-05-14T04:39:41.270021,GPU918_CPU1036,918,1036,918,1036,short_short,decode,128,64,2,25.419535813853145,24.12792879511558,1545.7305267918855,64,41.40437087234731,73.95,36.975,45.263,1.15546875,0.8654496281271129,27.74,0.399,8.836,63.3,63.5,4,Phi-3-mini-Q4,llama.cpp,"decode-only (16 prompt tokens, 64 output)"
2026-05-14T04:39:48.385751,GPU918_CPU1036,918,1036,918,1036,short_long,decode,128,256,0,25.415974901989102,24.61993372542601,6304.42622397095,256,40.60639158986844,289.418,44.526,47.175,1.1305390625,0.8845337884996787,34.081,0.43,10.016,64.0,64.5,13,Phi-3-mini-Q4,llama.cpp,"decode-only (16 prompt tokens, 256 output)"
2026-05-14T04:39:55.535646,GPU918_CPU1036,918,1036,918,1036,short_long,decode,128,256,1,29.128349851816893,24.738231188088072,6338.304899865761,256,40.38934763227023,288.822,44.434,46.776,1.1282109375,0.8863590723698334,33.927,0.46,10.047,64.4,65.0,13,Phi-3-mini-Q4,llama.cpp,"decode-only (16 prompt tokens, 256 output)"
2026-05-14T04:40:02.682699,GPU918_CPU1036,918,1036,918,1036,short_long,decode,128,256,2,28.84934889152646,24.729194890196418,6335.738601861522,256,40.40570738268525,289.191,44.491,47.16,1.12965234375,0.8852281018427268,34.015,0.43,10.047,64.6,65.0,13,Phi-3-mini-Q4,llama.cpp,"decode-only (16 prompt tokens, 256 output)"
2026-05-14T04:40:06.622943,GPU918_CPU1036,918,1036,918,1036,medium_medium,decode,512,128,0,29.016974847763777,24.410317087267327,3129.6016830019653,128,40.89977350639085,146.156,41.759,47.16,1.14184375,0.8757765675032158,31.645,0.513,9.601,64.7,65.0,7,Phi-3-mini-Q4,llama.cpp,"decode-only (16 prompt tokens, 128 output)"
2026-05-14T04:40:10.563303,GPU918_CPU1036,918,1036,918,1036,medium_medium,decode,512,128,1,25.81388410180807,24.43718362240282,3129.8141311854124,128,40.8969972768064,146.045,41.727,46.761,1.1409765625,0.8764421924749222,31.585,0.513,9.629,64.6,64.8,7,Phi-3-mini-Q4,llama.cpp,"decode-only (16 prompt tokens, 128 output)"
2026-05-14T04:40:14.492116,GPU918_CPU1036,918,1036,918,1036,medium_medium,decode,512,128,2,25.92088491655886,24.34752245000967,3118.5281130019575,128,41.04500436162002,145.948,41.699,46.776,1.14021875,0.8770246937265327,31.645,0.456,9.599,64.7,65.0,7,Phi-3-mini-Q4,llama.cpp,"decode-only (16 prompt tokens, 128 output)"
2026-05-14T04:40:18.423622,GPU918_CPU1036,918,1036,918,1036,long_medium,decode,1024,128,0,25.727636879310012,24.36903848928788,3121.089356020093,128,41.0113218172072,146.013,41.718,46.776,1.1407265625,0.8766342722908234,31.649,0.456,9.613,64.7,64.8,7,Phi-3-mini-Q4,llama.cpp,"decode-only (16 prompt tokens, 128 output)"
2026-05-14T04:40:22.354771,GPU918_CPU1036,918,1036,918,1036,long_medium,decode,1024,128,1,25.85988608188927,24.36055290498074,3120.12060591951,128,41.024055210288246,145.964,41.704,46.776,1.14034375,0.8769285577265628,31.649,0.399,9.656,64.9,65.2,7,Phi-3-mini-Q4,llama.cpp,"decode-only (16 prompt tokens, 128 output)"
2026-05-14T04:40:26.285986,GPU918_CPU1036,918,1036,918,1036,long_medium,decode,1024,128,2,25.696753058582544,24.366785817977597,3120.7587169483304,128,41.0156668969161,146.17,41.763,46.776,1.141953125,0.8756926865977972,31.649,0.456,9.658,64.8,65.0,7,Phi-3-mini-Q4,llama.cpp,"decode-only (16 prompt tokens, 128 output)"
2026-05-14T04:40:40.557224,GPU918_CPU1036,918,1036,918,1036,long_long,decode,1024,512,0,25.948371971026063,26.28194226804982,13457.9080210533,512,38.04454594273024,600.61,44.49,46.776,1.17306640625,0.8524666588967883,33.966,0.443,10.081,65.2,65.7,27,Phi-3-mini-Q4,llama.cpp,"decode-only (16 prompt tokens, 512 output)"
2026-05-14T04:40:50.981019,GPU918_CPU1036,918,1036,918,1036,long_long,decode,1024,512,1,29.005824821069837,25.61552879642745,9611.391406971961,374,38.912159973914484,439.38,43.938,46.862,1.174812834224599,0.8511994173608266,33.503,0.439,9.996,65.4,65.7,20,Phi-3-mini-Q4,llama.cpp,"decode-only (16 prompt tokens, 512 output)"
2026-05-14T04:41:05.253705,GPU918_CPU1036,918,1036,918,1036,long_long,decode,1024,512,2,29.504277976229787,26.2786496654809,13459.748693974689,512,38.039343203279785,602.016,44.594,46.776,1.1758125,0.8504757348641897,33.996,0.458,10.14,65.7,66.0,27,Phi-3-mini-Q4,llama.cpp,"decode-only (16 prompt tokens, 512 output)"
2026-05-14T04:41:13.983710,GPU918_CPU1497,1300,1497,918,1497,short_short,prefill,128,64,0,25.417817058041692,25.44946689158678,25.44946689158678,1,39.29355393808211,11.25,22.5,22.5,11.25,0.08888888888888889,15.181,0.799,6.52,64.1,64.1,1,Phi-3-mini-Q4,llama.cpp,prefill-only (1 output token)
2026-05-14T04:41:14.816861,GPU918_CPU1497,1300,1497,918,1497,short_short,prefill,128,64,1,25.41627688333392,25.44776792638004,25.44776792638004,1,39.2961772872569,17.946,17.946,22.5,17.946,0.05572272372673576,11.384,0.798,5.764,63.9,64.1,2,Phi-3-mini-Q4,llama.cpp,prefill-only (1 output token)
2026-05-14T04:41:15.650372,GPU918_CPU1497,1300,1497,918,1497,short_short,prefill,128,64,2,25.5831649992615,25.612446945160627,25.612446945160627,1,39.04351669878017,6.197,12.394,12.394,6.197,0.16136840406648378,6.789,0.798,4.807,63.4,63.4,1,Phi-3-mini-Q4,llama.cpp,prefill-only (1 output token)
2026-05-14T04:41:16.483403,GPU918_CPU1497,1300,1497,918,1497,short_long,prefill,128,256,0,25.558363180607557,25.587965035811067,25.587965035811067,1,39.08087253521225,5.997,11.994,11.994,5.997,0.16675004168751043,6.389,0.798,4.807,63.2,63.2,1,Phi-3-mini-Q4,llama.cpp,prefill-only (1 output token)
2026-05-14T04:41:17.316593,GPU918_CPU1497,1300,1497,918,1497,short_long,prefill,128,256,1,25.48843389376998,25.518164038658142,25.518164038658142,1,39.187772227072195,5.997,11.994,11.994,5.997,0.16675004168751043,6.389,0.798,4.807,63.1,63.1,1,Phi-3-mini-Q4,llama.cpp,prefill-only (1 output token)
2026-05-14T04:41:18.150041,GPU918_CPU1497,1300,1497,918,1497,short_long,prefill,128,256,2,25.64335404895246,25.67378804087639,25.67378804087639,1,38.95023198009796,5.997,11.994,11.994,5.997,0.16675004168751043,6.389,0.798,4.807,63.0,63.0,1,Phi-3-mini-Q4,llama.cpp,prefill-only (1 output token)
2026-05-14T04:41:19.182852,GPU918_CPU1497,1300,1497,918,1497,medium_medium,prefill,512,128,0,224.7738630976528,224.81940197758377,224.81940197758377,1,4.448014678464929,11.585,23.17,23.17,11.585,0.08631851532153646,16.354,0.797,6.019,63.4,63.4,1,Phi-3-mini-Q4,llama.cpp,prefill-only (1 output token)
2026-05-14T04:41:20.022686,GPU918_CPU1497,1300,1497,918,1497,medium_medium,prefill,512,128,1,31.833055894821882,31.871042912825942,31.871042912825942,1,31.376444214116617,6.646,13.292,13.292,6.646,0.15046644598254588,7.587,0.798,4.907,62.8,62.8,1,Phi-3-mini-Q4,llama.cpp,prefill-only (1 output token)
2026-05-14T04:41:20.862616,GPU918_CPU1497,1300,1497,918,1497,medium_medium,prefill,512,128,2,32.35126310028136,32.38720213994384,32.38720213994384,1,30.876393572962524,6.197,12.394,12.394,6.197,0.16136840406648378,6.789,0.798,4.807,62.8,62.8,1,Phi-3-mini-Q4,llama.cpp,prefill-only (1 output token)
2026-05-14T04:41:22.004095,GPU918_CPU1497,1300,1497,918,1497,long_medium,prefill,1024,128,0,333.76446506008506,333.8170440401882,333.8170440401882,1,2.9956529118375697,11.136,22.271,22.271,11.136,0.08979885057471265,15.556,0.797,5.918,62.9,62.9,1,Phi-3-mini-Q4,llama.cpp,prefill-only (1 output token)
2026-05-14T04:41:22.843289,GPU918_CPU1497,1300,1497,918,1497,long_medium,prefill,1024,128,1,31.63216495886445,31.677928054705262,31.677928054705262,1,31.5677211676559,6.646,13.292,13.292,6.646,0.15046644598254588,7.587,0.798,4.907,62.6,62.6,1,Phi-3-mini-Q4,llama.cpp,prefill-only (1 output token)
2026-05-14T04:41:23.686229,GPU918_CPU1497,1300,1497,918,1497,long_medium,prefill,1024,128,2,35.02880991436541,35.07860586978495,35.07860586978495,1,28.50740430540749,13.144,13.144,13.292,13.144,0.07608034083992696,7.188,0.998,4.958,62.6,62.7,2,Phi-3-mini-Q4,llama.cpp,prefill-only (1 output token)
2026-05-14T04:41:24.522584,GPU918_CPU1497,1300,1497,918,1497,long_long,prefill,1024,512,0,28.751929057762027,28.7923791911453,28.7923791911453,1,34.73141255056603,6.247,12.494,12.494,6.247,0.1600768368817032,6.789,0.798,4.907,62.4,62.4,1,Phi-3-mini-Q4,llama.cpp,prefill-only (1 output token)
2026-05-14T04:41:25.358927,GPU918_CPU1497,1300,1497,918,1497,long_long,prefill,1024,512,1,28.575754025951028,28.617356903851032,28.617356903851032,1,34.94382808866008,5.997,11.994,11.994,5.997,0.16675004168751043,6.389,0.798,4.807,62.3,62.3,1,Phi-3-mini-Q4,llama.cpp,prefill-only (1 output token)
2026-05-14T04:41:26.195352,GPU918_CPU1497,1300,1497,918,1497,long_long,prefill,1024,512,2,28.700077906250954,28.744400944560766,28.744400944560766,1,34.78938391962653,5.997,11.994,11.994,5.997,0.16675004168751043,6.389,0.798,4.807,62.5,62.5,1,Phi-3-mini-Q4,llama.cpp,prefill-only (1 output token)
2026-05-14T04:41:28.554227,GPU918_CPU1497,1300,1497,918,1497,short_short,decode,128,64,0,28.373941080644727,24.161491269570966,1550.7266230415553,64,41.2709751990148,72.848,36.424,45.662,1.13825,0.8785416209092906,26.941,0.798,8.685,63.0,63.3,4,Phi-3-mini-Q4,llama.cpp,"decode-only (16 prompt tokens, 64 output)"
2026-05-14T04:41:30.893257,GPU918_CPU1497,1300,1497,918,1497,short_short,decode,128,64,1,25.31542000360787,23.89285779587688,1530.7421770412475,64,41.80978414255548,74.848,37.424,46.161,1.1695,0.8550662676357418,27.74,0.798,8.886,63.4,63.5,4,Phi-3-mini-Q4,llama.cpp,"decode-only (16 prompt tokens, 64 output)"
2026-05-14T04:41:33.236636,GPU918_CPU1497,1300,1497,918,1497,short_short,decode,128,64,2,25.085633853450418,23.962680923028124,1534.9150558467954,64,41.6961184635015,74.998,37.499,46.161,1.17184375,0.8533560894957198,27.84,0.798,8.86,63.5,63.7,4,Phi-3-mini-Q4,llama.cpp,"decode-only (16 prompt tokens, 64 output)"
2026-05-14T04:41:40.268624,GPU918_CPU1497,1300,1497,918,1497,short_long,decode,128,256,0,25.226756930351257,24.301919988447835,6222.861356800422,256,41.138631462557,292.604,45.016,47.574,1.142984375,0.8749025987341253,34.11,0.829,10.077,64.2,64.7,13,Phi-3-mini-Q4,llama.cpp,"decode-only (16 prompt tokens, 256 output)"
2026-05-14T04:41:47.328111,GPU918_CPU1497,1300,1497,918,1497,short_long,decode,128,256,1,28.09511497616768,24.39831837317815,6250.306661939248,256,40.95799035891981,292.805,45.047,47.574,1.14376953125,0.87430200987005,34.202,0.798,10.046,64.5,65.0,13,Phi-3-mini-Q4,llama.cpp,"decode-only (16 prompt tokens, 256 output)"
2026-05-14T04:41:54.389068,GPU918_CPU1497,1300,1497,918,1497,short_long,decode,128,256,2,28.309309855103493,24.402804988637275,6251.6728800255805,256,40.949039547147976,293.176,45.104,47.675,1.14521875,0.8731956231069392,34.198,0.798,10.108,64.8,65.1,13,Phi-3-mini-Q4,llama.cpp,"decode-only (16 prompt tokens, 256 output)"
2026-05-14T04:41:58.292410,GPU918_CPU1497,1300,1497,918,1497,medium_medium,decode,512,128,0,28.032275149598718,24.14413844785235,3094.678584020585,128,41.36132284009388,146.954,41.987,47.574,1.148078125,0.8710208636716251,31.59,0.798,9.599,64.8,65.2,7,Phi-3-mini-Q4,llama.cpp,"decode-only (16 prompt tokens, 128 output)"
2026-05-14T04:42:02.188821,GPU918_CPU1497,1300,1497,918,1497,medium_medium,decode,512,128,1,25.51184198819101,24.110157834732625,3087.835540063679,128,41.452984894836824,147.394,42.113,47.574,1.151515625,0.8684206955507008,31.702,0.798,9.613,64.9,65.2,7,Phi-3-mini-Q4,llama.cpp,"decode-only (16 prompt tokens, 128 output)"
2026-05-14T04:42:06.084694,GPU918_CPU1497,1300,1497,918,1497,medium_medium,decode,512,128,2,25.450353045016527,24.10576083352716,3087.2114719823003,128,41.46136445839621,147.544,42.155,47.574,1.1526875,0.8675378192268068,31.759,0.798,9.599,65.0,65.1,7,Phi-3-mini-Q4,llama.cpp,"decode-only (16 prompt tokens, 128 output)"
2026-05-14T04:42:09.981297,GPU918_CPU1497,1300,1497,918,1497,long_medium,decode,1024,128,0,25.515527930110693,24.112878103307853,3088.185115950182,128,41.44829250646025,147.737,42.211,47.66,1.1541953125,0.866404489058259,31.756,0.798,9.656,65.0,65.4,7,Phi-3-mini-Q4,llama.cpp,"decode-only (16 prompt tokens, 128 output)"
2026-05-14T04:42:13.879053,GPU918_CPU1497,1300,1497,918,1497,long_medium,decode,1024,128,1,25.267244083806872,24.12117625894685,3088.9911130070686,128,41.43747758322123,147.553,42.158,47.675,1.1527578125,0.8674849037295074,31.704,0.798,9.656,65.0,65.3,7,Phi-3-mini-Q4,llama.cpp,"decode-only (16 prompt tokens, 128 output)"
2026-05-14T04:42:17.777694,GPU918_CPU1497,1300,1497,918,1497,long_medium,decode,1024,128,2,25.266526034101844,24.12991471749943,3090.0929470080882,128,41.42270222775437,147.354,42.101,47.675,1.151203125,0.8686564328080676,31.59,0.855,9.656,65.1,65.3,7,Phi-3-mini-Q4,llama.cpp,"decode-only (16 prompt tokens, 128 output)"
2026-05-14T04:42:28.875155,GPU918_CPU1497,1300,1497,918,1497,long_long,decode,1024,512,0,25.47974302433431,25.396340541084005,10287.455742945895,404,39.27112884806554,476.517,45.383,47.675,1.1794975247524753,0.8478186507511799,34.404,0.817,10.162,65.4,65.8,21,Phi-3-mini-Q4,llama.cpp,"decode-only (16 prompt tokens, 512 output)"
2026-05-14T04:42:42.930570,GPU918_CPU1497,1300,1497,918,1497,long_long,decode,1024,512,1,28.210399905219674,25.862121847485522,13245.05195603706,512,38.655945004929315,609.314,45.134,47.675,1.19006640625,0.8402892433129717,34.182,0.798,10.154,65.7,66.0,27,Phi-3-mini-Q4,llama.cpp,"decode-only (16 prompt tokens, 512 output)"
2026-05-14T04:42:56.969559,GPU918_CPU1497,1300,1497,918,1497,long_long,decode,1024,512,2,28.544516069814563,25.828734823956413,13228.36507903412,512,38.7047074178107,610.219,45.201,48.074,1.191833984375,0.8390430320917571,34.227,0.813,10.162,66.0,66.3,27,Phi-3-mini-Q4,llama.cpp,"decode-only (16 prompt tokens, 512 output)"
2026-05-14T04:43:05.684497,GPU918_CPU2201,1300,2201,918,2201,short_short,prefill,128,64,0,25.42266808450222,25.446732994168997,25.446732994168997,1,39.297775483758386,11.65,23.299,23.299,11.65,0.08583690987124463,15.181,1.598,6.52,64.7,64.7,1,Phi-3-mini-Q4,llama.cpp,prefill-only (1 output token)
2026-05-14T04:43:06.516153,GPU918_CPU2201,1300,2201,918,2201,short_short,prefill,128,64,1,25.191070046275854,25.21251095458865,25.21251095458865,1,39.662848408916645,6.896,13.793,13.793,6.896,0.14501160092807425,7.587,1.198,5.008,64.3,64.3,1,Phi-3-mini-Q4,llama.cpp,prefill-only (1 output token)
2026-05-14T04:43:07.347804,GPU918_CPU2201,1300,2201,918,2201,short_short,prefill,128,64,2,25.10226285085082,25.125047890469432,25.125047890469432,1,39.800919160807865,6.646,13.293,13.293,6.646,0.15046644598254588,6.789,1.597,4.907,63.9,63.9,1,Phi-3-mini-Q4,llama.cpp,prefill-only (1 output token)
2026-05-14T04:43:08.179492,GPU918_CPU2201,1300,2201,918,2201,short_long,prefill,128,256,0,25.284861912950873,25.30710306018591,25.30710306018591,1,39.514597843213345,6.446,12.893,12.893,6.446,0.15513496742165686,6.389,1.597,4.907,63.8,63.8,1,Phi-3-mini-Q4,llama.cpp,prefill-only (1 output token)
2026-05-14T04:43:09.011410,GPU918_CPU2201,1300,2201,918,2201,short_long,prefill,128,256,1,25.096400175243616,25.119218043982983,25.119218043982983,1,39.81015644073914,6.446,12.893,12.893,6.446,0.15513496742165686,6.389,1.597,4.907,63.8,63.8,1,Phi-3-mini-Q4,llama.cpp,prefill-only (1 output token)
2026-05-14T04:43:09.843330,GPU918_CPU2201,1300,2201,918,2201,short_long,prefill,128,256,2,25.17512207850814,25.204275967553258,25.204275967553258,1,39.67580744185434,6.396,12.793,12.793,6.396,0.15634771732332708,6.389,1.597,4.807,63.8,63.8,1,Phi-3-mini-Q4,llama.cpp,prefill-only (1 output token)
2026-05-14T04:43:10.958398,GPU918_CPU2201,1300,2201,918,2201,medium_medium,prefill,512,128,0,308.2823178265244,308.32081590779126,308.32081590779126,1,3.243374914715676,11.984,23.968,23.968,11.984,0.08344459279038718,16.354,1.595,6.019,64.0,64.0,1,Phi-3-mini-Q4,llama.cpp,prefill-only (1 output token)
2026-05-14T04:43:11.793539,GPU918_CPU2201,1300,2201,918,2201,medium_medium,prefill,512,128,1,28.347931103780866,28.37452501989901,28.37452501989901,1,35.24288069311122,7.096,14.192,14.192,7.096,0.14092446448703494,7.587,1.597,5.008,63.7,63.7,1,Phi-3-mini-Q4,llama.cpp,prefill-only (1 output token)
2026-05-14T04:43:12.628686,GPU918_CPU2201,1300,2201,918,2201,medium_medium,prefill,512,128,2,28.616423020139337,28.64231215789914,28.64231215789914,1,34.91338249814494,6.646,13.293,13.293,6.646,0.15046644598254588,6.789,1.597,4.907,63.3,63.3,1,Phi-3-mini-Q4,llama.cpp,prefill-only (1 output token)
2026-05-14T04:43:13.765808,GPU918_CPU2201,1300,2201,918,2201,long_medium,prefill,1024,128,0,330.71695687249303,330.71695687249303,330.71695687249303,0,0.0,11.535,23.07,23.07,0.0,0.0,15.556,1.596,5.918,63.5,63.5,1,Phi-3-mini-Q4,llama.cpp,
2026-05-14T04:43:14.602695,GPU918_CPU2201,1300,2201,918,2201,long_medium,prefill,1024,128,1,30.376992886886,30.412483029067516,30.412483029067516,1,32.88123495356246,7.096,14.192,14.192,7.096,0.14092446448703494,7.587,1.597,5.008,63.6,63.6,1,Phi-3-mini-Q4,llama.cpp,prefill-only (1 output token)
2026-05-14T04:43:15.441820,GPU918_CPU2201,1300,2201,918,2201,long_medium,prefill,1024,128,2,32.617148011922836,32.65247796662152,32.65247796662152,1,30.625547041858027,6.397,12.794,12.794,6.397,0.1563232765358762,6.789,1.198,4.807,63.1,63.1,1,Phi-3-mini-Q4,llama.cpp,prefill-only (1 output token)
2026-05-14T04:43:16.281862,GPU918_CPU2201,1300,2201,918,2201,long_long,prefill,1024,512,0,27.60131796821952,27.629032032564282,27.629032032564282,1,36.19381232108944,6.596,13.193,13.193,6.596,0.15160703456640387,6.789,1.597,4.807,63.0,63.0,1,Phi-3-mini-Q4,llama.cpp,prefill-only (1 output token)
2026-05-14T04:43:17.116126,GPU918_CPU2201,1300,2201,918,2201,long_long,prefill,1024,512,1,27.531102998182178,27.5626250077039,27.5626250077039,1,36.28101458843251,6.896,13.793,13.793,6.896,0.14501160092807425,6.789,1.996,5.008,63.4,63.4,1,Phi-3-mini-Q4,llama.cpp,prefill-only (1 output token)
2026-05-14T04:43:17.950007,GPU918_CPU2201,1300,2201,918,2201,long_long,prefill,1024,512,2,27.422070037573576,27.422070037573576,27.422070037573576,0,0.0,6.646,13.293,13.293,0.0,0.0,6.789,1.597,4.907,63.0,63.0,1,Phi-3-mini-Q4,llama.cpp,
2026-05-14T04:43:20.295349,GPU918_CPU2201,1300,2201,918,2201,short_short,decode,128,64,0,28.153305873274803,23.96746690473741,1538.2283348590136,64,41.60630678140897,74.698,37.349,46.973,1.16715625,0.8567833141449571,27.046,1.596,8.706,63.7,64.0,4,Phi-3-mini-Q4,llama.cpp,"decode-only (16 prompt tokens, 64 output)"
2026-05-14T04:43:22.628889,GPU918_CPU2201,1300,2201,918,2201,short_short,decode,128,64,1,24.961735121905804,23.831035332044674,1526.4410630334169,64,41.92759324281812,76.694,38.347,47.06,1.19834375,0.8344850966177275,27.84,1.596,8.911,64.1,64.4,4,Phi-3-mini-Q4,llama.cpp,"decode-only (16 prompt tokens, 64 output)"
2026-05-14T04:43:24.962052,GPU918_CPU2201,1300,2201,918,2201,short_short,decode,128,64,2,24.84956383705139,23.82713228848482,1526.0873208753765,64,41.93731192477837,76.644,38.322,46.959,1.1975625,0.8350294869787589,27.84,1.596,8.886,64.2,64.3,4,Phi-3-mini-Q4,llama.cpp,"decode-only (16 prompt tokens, 64 output)"
2026-05-14T04:43:31.947438,GPU918_CPU2201,1300,2201,918,2201,short_long,decode,128,256,0,24.92149593308568,24.126494584568576,6177.6205180212855,256,41.43990380328472,297.88,45.828,48.873,1.16359375,0.8594064724049953,34.115,1.627,10.085,64.9,65.3,13,Phi-3-mini-Q4,llama.cpp,"decode-only (16 prompt tokens, 256 output)"
2026-05-14T04:43:38.962430,GPU918_CPU2201,1300,2201,918,2201,short_long,decode,128,256,1,27.62401895597577,24.232157121649852,6207.263787975535,256,41.24200432659444,298.192,45.876,48.474,1.1648125,0.8585072704834469,34.086,1.658,10.132,65.3,65.7,13,Phi-3-mini-Q4,llama.cpp,"decode-only (16 prompt tokens, 256 output)"
2026-05-14T04:43:45.973090,GPU918_CPU2201,1300,2201,918,2201,short_long,decode,128,256,2,27.53858594223857,24.21548203930405,6202.933536842465,256,41.27079525832127,298.784,45.967,48.873,1.167125,0.8568062546856592,34.208,1.628,10.132,65.5,65.9,13,Phi-3-mini-Q4,llama.cpp,"decode-only (16 prompt tokens, 256 output)"
2026-05-14T04:43:49.855841,GPU918_CPU2201,1300,2201,918,2201,medium_medium,decode,512,128,0,27.719022007659078,23.99617347198971,3075.4627930000424,128,41.61975241298204,150.108,42.888,48.474,1.17271875,0.8527193753830575,31.592,1.654,9.642,65.5,65.7,7,Phi-3-mini-Q4,llama.cpp,"decode-only (16 prompt tokens, 128 output)"
2026-05-14T04:43:53.734145,GPU918_CPU2201,1300,2201,918,2201,medium_medium,decode,512,128,1,25.252293096855283,23.98268367699164,3071.282058954239,128,41.67640664159109,150.462,42.989,48.873,1.175484375,0.8507131368717683,31.708,1.654,9.628,65.5,65.8,7,Phi-3-mini-Q4,llama.cpp,"decode-only (16 prompt tokens, 128 output)"
2026-05-14T04:43:57.614003,GPU918_CPU2201,1300,2201,918,2201,medium_medium,decode,512,128,2,25.006029987707734,23.99647042455929,3072.7889528498054,128,41.65596855628129,150.188,42.911,48.458,1.17334375,0.8522651609982156,31.702,1.596,9.613,65.6,65.8,7,Phi-3-mini-Q4,llama.cpp,"decode-only (16 prompt tokens, 128 output)"
2026-05-14T04:44:01.495437,GPU918_CPU2201,1300,2201,918,2201,long_medium,decode,1024,128,0,25.1834390219301,24.006597496070494,3074.2495560552925,128,41.63617743650016,150.762,43.075,48.474,1.177828125,0.849020310157732,31.708,1.711,9.656,65.6,65.9,7,Phi-3-mini-Q4,llama.cpp,"decode-only (16 prompt tokens, 128 output)"
2026-05-14T04:44:05.377088,GPU918_CPU2201,1300,2201,918,2201,long_medium,decode,1024,128,1,25.297579122707248,24.007036423999963,3074.43348900415,128,41.63368648494032,150.305,42.944,48.474,1.1742578125,0.851601743122318,31.649,1.654,9.642,65.7,66.0,7,Phi-3-mini-Q4,llama.cpp,"decode-only (16 prompt tokens, 128 output)"
2026-05-14T04:44:09.259312,GPU918_CPU2201,1300,2201,918,2201,long_medium,decode,1024,128,2,25.27699084021151,24.011943804642815,3075.021256925538,128,41.62572850893939,150.504,43.001,48.873,1.1758125,0.8504757348641897,31.706,1.653,9.642,65.7,66.0,7,Phi-3-mini-Q4,llama.cpp,"decode-only (16 prompt tokens, 128 output)"
2026-05-14T04:44:23.140301,GPU918_CPU2201,1300,2201,918,2201,long_long,decode,1024,512,0,25.010440032929182,25.531468929817677,13072.493218118325,512,39.16620888281464,621.756,46.056,48.873,1.2143671875,0.8234741602815253,34.283,1.626,10.147,66.1,66.5,27,Phi-3-mini-Q4,llama.cpp,"decode-only (16 prompt tokens, 512 output)"
2026-05-14T04:44:36.644202,GPU918_CPU2201,1300,2201,918,2201,long_long,decode,1024,512,1,27.74387877434492,25.484415127017023,12695.181790972129,497,39.14871076154495,602.711,46.362,48.973,1.212698189134809,0.8246074818611241,34.453,1.673,10.236,66.4,66.7,26,Phi-3-mini-Q4,llama.cpp,"decode-only (16 prompt tokens, 512 output)"
2026-05-14T04:44:50.536611,GPU918_CPU2201,1300,2201,918,2201,long_long,decode,1024,512,2,27.930731885135174,25.54752611156021,13083.599718054757,512,39.132961190601385,621.9,46.067,48.873,1.2146484375,0.8232834860910114,34.256,1.641,10.169,66.8,67.1,27,Phi-3-mini-Q4,llama.cpp,"decode-only (16 prompt tokens, 512 output)"
2026-05-14T04:44:59.838017,GPU1300_CPU1036,1300,1036,1300,1036,short_short,prefill,128,64,0,25.8680849801749,25.910135125741363,25.910135125741363,1,38.594935732562575,11.3,22.601,22.601,11.3,0.08849557522123894,15.181,0.799,6.621,64.6,64.6,1,Phi-3-mini-Q4,llama.cpp,prefill-only (1 output token)
2026-05-14T04:45:00.673845,GPU1300_CPU1036,1300,1036,1300,1036,short_short,prefill,128,64,1,26.21478494256735,26.255266973748803,26.255266973748803,1,38.087595947885234,17.848,17.848,22.601,17.848,0.056028686687584046,11.384,0.599,5.864,64.5,64.6,2,Phi-3-mini-Q4,llama.cpp,prefill-only (1 output token)
2026-05-14T04:45:01.509866,GPU1300_CPU1036,1300,1036,1300,1036,short_short,prefill,128,64,2,26.66626195423305,26.70469507575035,26.70469507575035,1,37.446598703464204,6.048,12.095,12.095,6.048,0.16534391534391535,6.789,0.399,4.907,64.0,64.0,1,Phi-3-mini-Q4,llama.cpp,prefill-only (1 output token)
2026-05-14T04:45:02.345665,GPU1300_CPU1036,1300,1036,1300,1036,short_long,prefill,128,256,0,26.474411133676767,26.512749027460814,26.512749027460814,1,37.71770324398429,5.798,11.595,11.595,5.798,0.17247326664367024,6.389,0.399,4.807,63.9,63.9,1,Phi-3-mini-Q4,llama.cpp,prefill-only (1 output token)
2026-05-14T04:45:03.181534,GPU1300_CPU1036,1300,1036,1300,1036,short_long,prefill,128,256,1,26.049748994410038,26.089111110195518,26.089111110195518,1,38.33016754676644,5.848,11.695,11.695,5.848,0.17099863201094392,6.389,0.399,4.907,63.7,63.7,1,Phi-3-mini-Q4,llama.cpp,prefill-only (1 output token)
2026-05-14T04:45:04.016516,GPU1300_CPU1036,1300,1036,1300,1036,short_long,prefill,128,256,2,25.863755028694868,25.904332986101508,25.904332986101508,1,38.60358035609454,5.798,11.595,11.595,5.798,0.17247326664367024,6.389,0.399,4.807,63.5,63.5,1,Phi-3-mini-Q4,llama.cpp,prefill-only (1 output token)
2026-05-14T04:45:05.054202,GPU1300_CPU1036,1300,1036,1300,1036,medium_medium,prefill,512,128,0,227.57274890318513,227.57274890318513,227.57274890318513,0,0.0,11.585,23.17,23.17,0.0,0.0,16.354,0.797,6.019,63.7,63.7,1,Phi-3-mini-Q4,llama.cpp,
2026-05-14T04:45:05.896978,GPU1300_CPU1036,1300,1036,1300,1036,medium_medium,prefill,512,128,1,33.395406091585755,33.450801158323884,33.450801158323884,1,29.894650213815893,6.497,12.994,12.994,6.497,0.1539171925504079,7.587,0.399,5.008,63.4,63.4,1,Phi-3-mini-Q4,llama.cpp,prefill-only (1 output token)
2026-05-14T04:45:06.740647,GPU1300_CPU1036,1300,1036,1300,1036,medium_medium,prefill,512,128,2,34.19121401384473,34.24500790424645,34.24500790424645,1,29.20133652169483,12.544,12.544,12.994,12.544,0.07971938775510204,7.188,0.399,4.958,63.4,63.4,2,Phi-3-mini-Q4,llama.cpp,prefill-only (1 output token)
2026-05-14T04:45:07.886931,GPU1300_CPU1036,1300,1036,1300,1036,long_medium,prefill,1024,128,0,337.0337230153382,337.09871815517545,337.09871815517545,1,2.9664900699494017,10.936,21.873,21.873,10.936,0.091441111923921,15.556,0.399,5.918,63.2,63.2,1,Phi-3-mini-Q4,llama.cpp,prefill-only (1 output token)
2026-05-14T04:45:08.730189,GPU1300_CPU1036,1300,1036,1300,1036,long_medium,prefill,1024,128,1,33.88933907262981,33.94995001144707,33.94995001144707,1,29.455124371694954,6.497,12.994,12.994,6.497,0.1539171925504079,7.587,0.399,5.008,63.3,63.3,1,Phi-3-mini-Q4,llama.cpp,prefill-only (1 output token)
2026-05-14T04:45:09.578283,GPU1300_CPU1036,1300,1036,1300,1036,long_medium,prefill,1024,128,2,38.52566401474178,38.588643074035645,38.588643074035645,1,25.914360297184164,6.298,12.595,12.595,6.298,0.15878056525881232,6.789,0.798,5.008,63.2,63.2,1,Phi-3-mini-Q4,llama.cpp,prefill-only (1 output token)
2026-05-14T04:45:10.417871,GPU1300_CPU1036,1300,1036,1300,1036,long_long,prefill,1024,512,0,30.207321047782898,30.265083070844412,30.265083070844412,1,33.041376349742805,6.298,12.595,12.595,6.298,0.15878056525881232,6.789,0.798,5.008,63.0,63.0,1,Phi-3-mini-Q4,llama.cpp,prefill-only (1 output token)
2026-05-14T04:45:11.257245,GPU1300_CPU1036,1300,1036,1300,1036,long_long,prefill,1024,512,1,30.189716955646873,30.2485681604594,30.2485681604594,1,33.0594160588133,5.798,11.595,11.595,5.798,0.17247326664367024,6.389,0.399,4.807,63.1,63.1,1,Phi-3-mini-Q4,llama.cpp,prefill-only (1 output token)
2026-05-14T04:45:12.097238,GPU1300_CPU1036,1300,1036,1300,1036,long_long,prefill,1024,512,2,30.496831983327866,30.549601884558797,30.549601884558797,1,32.7336507944952,6.048,12.095,12.095,6.048,0.16534391534391535,6.789,0.399,4.907,62.9,62.9,1,Phi-3-mini-Q4,llama.cpp,prefill-only (1 output token)
2026-05-14T04:45:14.463283,GPU1300_CPU1036,1300,1036,1300,1036,short_short,decode,128,64,0,29.139619087800384,24.232670553915558,1556.0778120998293,64,41.129048626196926,71.912,35.956,44.878,1.123625,0.8899766381132495,26.847,0.399,8.71,63.4,63.8,4,Phi-3-mini-Q4,llama.cpp,"decode-only (16 prompt tokens, 64 output)"
2026-05-14T04:45:16.820319,GPU1300_CPU1036,1300,1036,1300,1036,short_short,decode,128,64,1,25.42515005916357,24.140194553645358,1546.5147620998323,64,41.38337477820247,74.456,37.228,45.377,1.163375,0.8595680670463092,27.744,0.598,8.886,63.9,64.3,4,Phi-3-mini-Q4,llama.cpp,"decode-only (16 prompt tokens, 64 output)"
2026-05-14T04:45:19.175383,GPU1300_CPU1036,1300,1036,1300,1036,short_short,decode,128,64,2,25.4405050072819,24.112860794134793,1544.8313229717314,64,41.42847121774157,74.206,37.103,45.776,1.15946875,0.8624639517020186,27.844,0.399,8.86,64.0,64.2,4,Phi-3-mini-Q4,llama.cpp,"decode-only (16 prompt tokens, 64 output)"
2026-05-14T04:45:26.297270,GPU1300_CPU1036,1300,1036,1300,1036,short_long,decode,128,256,0,25.598203064873815,24.642740658429616,6310.459223110229,256,40.56757059176837,289.735,44.575,46.776,1.13177734375,0.8835660172226344,34.052,0.43,10.093,64.6,65.1,13,Phi-3-mini-Q4,llama.cpp,"decode-only (16 prompt tokens, 256 output)"
2026-05-14T04:45:33.444253,GPU1300_CPU1036,1300,1036,1300,1036,short_long,decode,128,256,1,28.844531159847975,24.728263995847573,6335.465136216953,256,40.40745146501797,289.734,44.575,46.776,1.1317734375,0.8835690667992021,34.052,0.46,10.062,65.0,65.4,13,Phi-3-mini-Q4,llama.cpp,"decode-only (16 prompt tokens, 256 output)"
2026-05-14T04:45:40.588305,GPU1300_CPU1036,1300,1036,1300,1036,short_long,decode,128,256,2,29.199856100603938,24.715887878418844,6332.685767207295,256,40.42518599701429,289.634,44.559,47.175,1.1313828125,0.8838741307995608,34.021,0.43,10.108,65.2,65.6,13,Phi-3-mini-Q4,llama.cpp,"decode-only (16 prompt tokens, 256 output)"
2026-05-14T04:45:44.523154,GPU1300_CPU1036,1300,1036,1300,1036,medium_medium,decode,512,128,0,28.92021113075316,24.37064783486325,3124.461465049535,128,40.967059901944,145.472,41.563,46.776,1.1365,0.8798944126704795,31.594,0.399,9.57,65.2,65.4,7,Phi-3-mini-Q4,llama.cpp,"decode-only (16 prompt tokens, 128 output)"
2026-05-14T04:45:48.452332,GPU1300_CPU1036,1300,1036,1300,1036,medium_medium,decode,512,128,1,25.66435793414712,24.349466015724097,3118.5127370990813,128,41.04520673501202,145.971,41.706,46.776,1.1403984375,0.8768865048537038,31.592,0.456,9.658,65.2,65.6,7,Phi-3-mini-Q4,llama.cpp,"decode-only (16 prompt tokens, 128 output)"
2026-05-14T04:45:52.382667,GPU1300_CPU1036,1300,1036,1300,1036,medium_medium,decode,512,128,2,26.173138059675694,24.356276559548114,3119.8948721867055,128,41.02702342348029,145.934,41.696,46.776,1.140109375,0.8771088300190497,31.596,0.456,9.644,65.2,65.4,7,Phi-3-mini-Q4,llama.cpp,"decode-only (16 prompt tokens, 128 output)"
2026-05-14T04:45:56.328749,GPU1300_CPU1036,1300,1036,1300,1036,long_medium,decode,1024,128,0,26.11495112068951,24.48045263638881,3135.602087015286,128,40.821506188573984,148.019,42.291,47.674,1.1563984375,0.8647538491680122,31.706,0.855,9.73,65.3,65.7,7,Phi-3-mini-Q4,llama.cpp,"decode-only (16 prompt tokens, 128 output)"
2026-05-14T04:46:00.258746,GPU1300_CPU1036,1300,1036,1300,1036,long_medium,decode,1024,128,1,25.872501078993082,24.35723208734311,3119.710850995034,128,41.02944346883119,146.363,41.818,46.776,1.1434609375,0.8745379638296564,31.704,0.456,9.658,65.3,65.5,7,Phi-3-mini-Q4,llama.cpp,"decode-only (16 prompt tokens, 128 output)"
2026-05-14T04:46:04.188764,GPU1300_CPU1036,1300,1036,1300,1036,long_medium,decode,1024,128,2,25.98753711208701,24.35511092868025,3119.552883086726,128,41.03152111765034,146.178,41.765,46.776,1.142015625,0.8756447618656706,31.651,0.456,9.658,65.3,65.6,7,Phi-3-mini-Q4,llama.cpp,"decode-only (16 prompt tokens, 128 output)"
2026-05-14T04:46:18.478791,GPU1300_CPU1036,1300,1036,1300,1036,long_long,decode,1024,512,0,25.565081043168902,26.319666988436868,13476.86157701537,512,37.9910409462994,603.446,44.7,47.175,1.17860546875,0.8484603427647213,34.013,0.576,10.11,65.7,66.0,27,Phi-3-mini-Q4,llama.cpp,"decode-only (16 prompt tokens, 512 output)"
2026-05-14T04:46:32.733416,GPU1300_CPU1036,1300,1036,1300,1036,long_long,decode,1024,512,1,28.98604399524629,26.24398628805642,13441.528032999486,512,38.09090742830872,602.751,44.648,46.877,1.177248046875,0.8494386570905731,34.047,0.473,10.129,66.0,66.4,27,Phi-3-mini-Q4,llama.cpp,"decode-only (16 prompt tokens, 512 output)"
2026-05-14T04:46:47.002648,GPU1300_CPU1036,1300,1036,1300,1036,long_long,decode,1024,512,2,28.97071302868426,26.271621931304175,13455.662643071264,512,38.050894525335366,602.63,44.639,46.877,1.17701171875,0.8496092129499029,33.975,0.517,10.147,66.3,66.6,27,Phi-3-mini-Q4,llama.cpp,"decode-only (16 prompt tokens, 512 output)"
2026-05-14T04:46:55.732695,GPU1300_CPU1497,1300,1497,1300,1497,short_short,prefill,128,64,0,25.313867023214698,25.34474804997444,25.34474804997444,1,39.455906132040184,11.25,22.5,22.5,11.25,0.08888888888888889,15.181,0.799,6.52,64.8,64.8,1,Phi-3-mini-Q4,llama.cpp,prefill-only (1 output token)
2026-05-14T04:46:56.566020,GPU1300_CPU1497,1300,1497,1300,1497,short_short,prefill,128,64,1,25.593586964532733,25.622708024457097,25.622708024457097,1,39.027881012635014,6.746,13.493,13.493,6.746,0.14823599169878446,7.587,0.798,5.108,64.3,64.3,1,Phi-3-mini-Q4,llama.cpp,prefill-only (1 output token)
2026-05-14T04:46:57.399511,GPU1300_CPU1497,1300,1497,1300,1497,short_short,prefill,128,64,2,25.74011986143887,25.77240881510079,25.77240881510079,1,38.801184909579405,6.247,12.494,12.494,6.247,0.1600768368817032,6.789,0.798,4.907,64.2,64.2,1,Phi-3-mini-Q4,llama.cpp,prefill-only (1 output token)
2026-05-14T04:46:58.232713,GPU1300_CPU1497,1300,1497,1300,1497,short_long,prefill,128,256,0,25.436458876356483,25.470699882134795,25.470699882134795,1,39.26079788256632,6.247,12.494,12.494,6.247,0.1600768368817032,6.789,0.798,4.907,63.9,63.9,1,Phi-3-mini-Q4,llama.cpp,prefill-only (1 output token)
2026-05-14T04:46:59.065856,GPU1300_CPU1497,1300,1497,1300,1497,short_long,prefill,128,256,1,25.452073896303773,25.483339093625546,25.483339093625546,1,39.24132533519291,6.047,12.094,12.094,6.047,0.165371258475277,6.389,0.798,4.907,63.9,63.9,1,Phi-3-mini-Q4,llama.cpp,prefill-only (1 output token)
2026-05-14T04:46:59.899392,GPU1300_CPU1497,1300,1497,1300,1497,short_long,prefill,128,256,2,25.775123154744506,25.80792410299182,25.80792410299182,1,38.747789090253626,6.098,12.195,12.195,6.098,0.1639881928501148,6.389,0.798,5.008,63.7,63.7,1,Phi-3-mini-Q4,llama.cpp,prefill-only (1 output token)
2026-05-14T04:47:00.931498,GPU1300_CPU1497,1300,1497,1300,1497,medium_medium,prefill,512,128,0,224.33813707903028,224.38281099312007,224.38281099312007,1,4.456669365955405,11.585,23.17,23.17,11.585,0.08631851532153646,16.354,0.797,6.019,64.0,64.0,1,Phi-3-mini-Q4,llama.cpp,prefill-only (1 output token)
2026-05-14T04:47:01.771114,GPU1300_CPU1497,1300,1497,1300,1497,medium_medium,prefill,512,128,1,31.77673206664622,31.81334212422371,31.81334212422371,1,31.433352588207562,6.696,13.393,13.393,6.696,0.14934289127837516,7.587,0.798,5.008,63.7,63.7,1,Phi-3-mini-Q4,llama.cpp,prefill-only (1 output token)
2026-05-14T04:47:02.611679,GPU1300_CPU1497,1300,1497,1300,1497,medium_medium,prefill,512,128,2,32.732730032876134,32.77337201870978,32.77337201870978,1,30.5125758627802,7.25,14.501,14.501,7.25,0.13793103448275862,6.789,2.396,5.316,63.8,63.8,1,Phi-3-mini-Q4,llama.cpp,prefill-only (1 output token)
2026-05-14T04:47:03.753543,GPU1300_CPU1497,1300,1497,1300,1497,long_medium,prefill,1024,128,0,333.94578797742724,333.9950058143586,333.9950058143586,1,2.9940567451353477,11.936,23.871,23.871,11.936,0.08378016085790885,15.556,1.995,6.32,63.9,63.9,1,Phi-3-mini-Q4,llama.cpp,prefill-only (1 output token)
2026-05-14T04:47:04.593085,GPU1300_CPU1497,1300,1497,1300,1497,long_medium,prefill,1024,128,1,31.68801893480122,31.739349011331797,31.739349011331797,1,31.506632339654264,7.25,14.5,14.5,7.25,0.13793103448275862,7.587,1.597,5.316,63.5,63.5,1,Phi-3-mini-Q4,llama.cpp,prefill-only (1 output token)
2026-05-14T04:47:05.436314,GPU1300_CPU1497,1300,1497,1300,1497,long_medium,prefill,1024,128,2,35.39518406614661,35.444017965346575,35.444017965346575,1,28.21350561828782,6.851,13.702,13.702,6.851,0.14596409283316306,6.789,1.597,5.316,63.2,63.2,1,Phi-3-mini-Q4,llama.cpp,prefill-only (1 output token)
2026-05-14T04:47:06.273809,GPU1300_CPU1497,1300,1497,1300,1497,long_long,prefill,1024,512,0,28.983284952118993,29.030838049948215,29.030838049948215,1,34.44612926018454,6.851,13.702,13.702,6.851,0.14596409283316306,6.789,1.597,5.316,63.3,63.3,1,Phi-3-mini-Q4,llama.cpp,prefill-only (1 output token)
2026-05-14T04:47:07.110367,GPU1300_CPU1497,1300,1497,1300,1497,long_long,prefill,1024,512,1,28.753387043252587,28.753387043252587,28.753387043252587,0,0.0,6.247,12.494,12.494,0.0,0.0,6.789,0.798,4.907,63.0,63.0,1,Phi-3-mini-Q4,llama.cpp,
2026-05-14T04:47:07.946752,GPU1300_CPU1497,1300,1497,1300,1497,long_long,prefill,1024,512,2,28.599811950698495,28.599811950698495,28.599811950698495,0,0.0,6.047,12.094,12.094,0.0,0.0,6.389,0.798,4.907,62.9,62.9,1,Phi-3-mini-Q4,llama.cpp,
2026-05-14T04:47:10.307917,GPU1300_CPU1497,1300,1497,1300,1497,short_short,decode,128,64,0,28.455516789108515,24.194860701552695,1552.9116508550942,64,41.212904781002244,73.41,36.705,45.676,1.14703125,0.8718158289061436,27.046,0.898,8.76,63.7,64.0,4,Phi-3-mini-Q4,llama.cpp,"decode-only (16 prompt tokens, 64 output)"
2026-05-14T04:47:12.650190,GPU1300_CPU1497,1300,1497,1300,1497,short_short,decode,128,64,1,25.177579140290618,23.948169076844813,1534.0870530344546,64,41.71862338151328,75.255,37.628,46.175,1.175859375,0.8504418311075677,27.944,0.798,8.886,64.1,64.4,4,Phi-3-mini-Q4,llama.cpp,"decode-only (16 prompt tokens, 64 output)"
2026-05-14T04:47:14.994492,GPU1300_CPU1497,1300,1497,1300,1497,short_short,decode,128,64,2,25.28298692777753,23.972891588946656,1535.7538829557598,64,41.67334408871792,75.004,37.502,46.175,1.1719375,0.8532878246493519,27.844,0.798,8.86,64.2,64.5,4,Phi-3-mini-Q4,llama.cpp,"decode-only (16 prompt tokens, 64 output)"
2026-05-14T04:47:22.053679,GPU1300_CPU1497,1300,1497,1300,1497,short_long,decode,128,256,0,25.14035301283002,24.388588529408853,6244.877456920221,256,40.99359863600129,293.578,45.166,47.575,1.1467890625,0.8719999455000035,34.206,0.86,10.1,64.8,65.3,13,Phi-3-mini-Q4,llama.cpp,"decode-only (16 prompt tokens, 256 output)"
2026-05-14T04:47:29.126185,GPU1300_CPU1497,1300,1497,1300,1497,short_long,decode,128,256,1,28.12568610534072,24.428661921810285,6258.075040997937,256,40.907147696838294,292.732,45.036,47.676,1.143484375,0.8745200388068266,34.083,0.829,10.124,65.2,65.5,13,Phi-3-mini-Q4,llama.cpp,"decode-only (16 prompt tokens, 256 output)"
2026-05-14T04:47:36.194024,GPU1300_CPU1497,1300,1497,1300,1497,short_long,decode,128,256,2,28.090951964259148,24.430314752766314,6258.4704188629985,256,40.904563394342695,292.989,45.075,47.675,1.14448828125,0.8737529395301531,34.146,0.798,10.131,65.4,65.8,13,Phi-3-mini-Q4,llama.cpp,"decode-only (16 prompt tokens, 256 output)"
2026-05-14T04:47:40.096809,GPU1300_CPU1497,1300,1497,1300,1497,medium_medium,decode,512,128,0,28.295040130615234,24.136395534632477,3093.950563110411,128,41.37105535109747,147.669,42.191,47.675,1.1536640625,0.8668034590875539,31.708,0.798,9.685,65.3,65.5,7,Phi-3-mini-Q4,llama.cpp,"decode-only (16 prompt tokens, 128 output)"
2026-05-14T04:47:43.996742,GPU1300_CPU1497,1300,1497,1300,1497,medium_medium,decode,512,128,1,25.238808942958713,24.13802529230538,3091.097247088328,128,41.40924395716445,147.616,42.176,47.574,1.15325,0.8671146759158898,31.708,0.855,9.613,65.4,65.6,7,Phi-3-mini-Q4,llama.cpp,"decode-only (16 prompt tokens, 128 output)"
2026-05-14T04:47:47.896834,GPU1300_CPU1497,1300,1497,1300,1497,medium_medium,decode,512,128,2,25.309653021395206,24.14215293595582,3091.6939340531826,128,41.40125210654121,147.717,42.205,47.675,1.1540390625,0.866521795054056,31.765,0.798,9.642,65.5,65.8,7,Phi-3-mini-Q4,llama.cpp,"decode-only (16 prompt tokens, 128 output)"
2026-05-14T04:47:51.791817,GPU1300_CPU1497,1300,1497,1300,1497,long_medium,decode,1024,128,0,25.225898949429393,24.09875639494303,3086.103940149769,128,41.47624398995069,147.916,42.262,47.574,1.15559375,0.8653560128721707,31.763,0.855,9.644,65.4,65.7,7,Phi-3-mini-Q4,llama.cpp,"decode-only (16 prompt tokens, 128 output)"
2026-05-14T04:47:55.687077,GPU1300_CPU1497,1300,1497,1300,1497,long_medium,decode,1024,128,1,25.438857963308692,24.10127982629214,3086.6298540495336,128,41.469177080649686,147.304,42.087,47.675,1.1508125,0.8689512844186172,31.647,0.798,9.642,65.4,65.7,7,Phi-3-mini-Q4,llama.cpp,"decode-only (16 prompt tokens, 128 output)"
2026-05-14T04:47:59.585827,GPU1300_CPU1497,1300,1497,1300,1497,long_medium,decode,1024,128,2,25.39389207959175,24.129193408165392,3090.130137046799,128,41.422203701209845,147.418,42.12,47.276,1.151703125,0.868279314602016,31.592,0.855,9.673,65.4,65.8,7,Phi-3-mini-Q4,llama.cpp,"decode-only (16 prompt tokens, 128 output)"
2026-05-14T04:48:13.142933,GPU1300_CPU1497,1300,1497,1300,1497,long_long,decode,1024,512,0,25.441951118409634,25.799726701068987,12746.619276935235,493,38.67692203626684,586.892,45.146,47.675,1.190450304259635,0.8400182657115789,34.177,0.829,10.14,65.9,66.3,26,Phi-3-mini-Q4,llama.cpp,"decode-only (16 prompt tokens, 512 output)"
2026-05-14T04:48:27.193759,GPU1300_CPU1497,1300,1497,1300,1497,long_long,decode,1024,512,1,28.235994977876544,25.852686078096294,13240.259161917493,512,38.669937932381885,610.349,45.211,47.675,1.192087890625,0.838864321887969,34.225,0.813,10.173,66.2,66.6,27,Phi-3-mini-Q4,llama.cpp,"decode-only (16 prompt tokens, 512 output)"
2026-05-14T04:48:41.226654,GPU1300_CPU1497,1300,1497,1300,1497,long_long,decode,1024,512,2,28.28067517839372,25.817462678728972,13222.309548174962,512,38.7224333339458,611.067,45.264,48.175,1.193490234375,0.8378786614233791,34.212,0.842,10.21,66.4,66.8,27,Phi-3-mini-Q4,llama.cpp,"decode-only (16 prompt tokens, 512 output)"
2026-05-14T04:48:49.949243,GPU1300_CPU2201,1300,2201,1300,2201,short_short,prefill,128,64,0,25.08899988606572,25.113320909440517,25.113320909440517,1,39.81950470055449,11.65,23.299,23.299,11.65,0.08583690987124463,15.181,1.598,6.52,65.3,65.3,1,Phi-3-mini-Q4,llama.cpp,prefill-only (1 output token)
2026-05-14T04:48:50.781442,GPU1300_CPU2201,1300,2201,1300,2201,short_short,prefill,128,64,1,25.47537605278194,25.50024096854031,25.50024096854031,1,39.21531569971051,18.796,18.796,23.299,18.796,0.05320280910832092,11.384,1.598,5.814,65.0,65.3,2,Phi-3-mini-Q4,llama.cpp,prefill-only (1 output token)
2026-05-14T04:48:51.613160,GPU1300_CPU2201,1300,2201,1300,2201,short_short,prefill,128,64,2,25.13136505149305,25.155558018013835,25.155558018013835,1,39.75264628532201,6.646,13.293,13.293,6.646,0.15046644598254588,6.789,1.597,4.907,64.4,64.4,1,Phi-3-mini-Q4,llama.cpp,prefill-only (1 output token)
2026-05-14T04:48:52.444998,GPU1300_CPU2201,1300,2201,1300,2201,short_long,prefill,128,256,0,25.32740286551416,25.349898962303996,25.349898962303996,1,39.44788898318797,6.596,13.193,13.193,6.596,0.15160703456640387,6.789,1.597,4.807,64.4,64.4,1,Phi-3-mini-Q4,llama.cpp,prefill-only (1 output token)
2026-05-14T04:48:53.276818,GPU1300_CPU2201,1300,2201,1300,2201,short_long,prefill,128,256,1,25.294793071225286,25.317098014056683,25.317098014056683,1,39.49899784899419,6.197,12.394,12.394,6.197,0.16136840406648378,6.389,1.198,4.807,64.2,64.2,1,Phi-3-mini-Q4,llama.cpp,prefill-only (1 output token)
2026-05-14T04:48:54.108887,GPU1300_CPU2201,1300,2201,1300,2201,short_long,prefill,128,256,2,25.402409955859184,25.425354950129986,25.425354950129986,1,39.33081768028129,6.446,12.893,12.893,6.446,0.15513496742165686,6.389,1.597,4.907,64.0,64.0,1,Phi-3-mini-Q4,llama.cpp,prefill-only (1 output token)
2026-05-14T04:48:55.138297,GPU1300_CPU2201,1300,2201,1300,2201,medium_medium,prefill,512,128,0,222.64529298990965,222.68186998553574,222.68186998553574,1,4.49071134558442,12.234,24.468,24.468,12.234,0.08173941474579043,16.354,1.995,6.119,64.2,64.2,1,Phi-3-mini-Q4,llama.cpp,prefill-only (1 output token)
2026-05-14T04:48:55.976619,GPU1300_CPU2201,1300,2201,1300,2201,medium_medium,prefill,512,128,1,31.096030957996845,31.130592105910182,31.130592105910182,1,32.12274268982339,7.799,15.598,15.598,7.799,0.12822156686754713,7.587,2.795,5.216,64.2,64.2,1,Phi-3-mini-Q4,llama.cpp,prefill-only (1 output token)
2026-05-14T04:48:56.814859,GPU1300_CPU2201,1300,2201,1300,2201,medium_medium,prefill,512,128,2,31.492424197494984,31.524713151156902,31.524713151156902,1,31.721145096709684,14.446,14.446,15.598,14.446,0.06922331441229407,7.188,2.196,5.062,64.0,64.2,2,Phi-3-mini-Q4,llama.cpp,prefill-only (1 output token)
2026-05-14T04:48:57.952333,GPU1300_CPU2201,1300,2201,1300,2201,long_medium,prefill,1024,128,0,330.7802288327366,330.7802288327366,330.7802288327366,0,0.0,11.538,23.076,23.076,0.0,0.0,15.562,1.596,5.918,64.0,64.0,1,Phi-3-mini-Q4,llama.cpp,
2026-05-14T04:48:58.789418,GPU1300_CPU2201,1300,2201,1300,2201,long_medium,prefill,1024,128,1,30.51658603362739,30.551851028576493,30.551851028576493,1,32.73124103232423,7.9,15.799,15.799,7.9,0.12658227848101264,7.587,2.795,5.417,64.6,64.6,1,Phi-3-mini-Q4,llama.cpp,prefill-only (1 output token)
2026-05-14T04:48:59.628844,GPU1300_CPU2201,1300,2201,1300,2201,long_medium,prefill,1024,128,2,32.78643707744777,32.825989881530404,32.825989881530404,1,30.463666247659802,7.2,14.401,14.401,7.2,0.1388888888888889,6.789,2.396,5.216,63.7,63.7,1,Phi-3-mini-Q4,llama.cpp,prefill-only (1 output token)
2026-05-14T04:49:00.463299,GPU1300_CPU2201,1300,2201,1300,2201,long_long,prefill,1024,512,0,27.989126043394208,28.017957927659154,28.017957927659154,1,35.691394875456155,6.896,13.793,13.793,6.896,0.14501160092807425,6.789,1.996,5.008,63.5,63.5,1,Phi-3-mini-Q4,llama.cpp,prefill-only (1 output token)
2026-05-14T04:49:01.298258,GPU1300_CPU2201,1300,2201,1300,2201,long_long,prefill,1024,512,1,28.394830878823996,28.394830878823996,28.394830878823996,0,0.0,6.596,13.193,13.193,0.0,0.0,6.789,1.597,4.807,63.5,63.5,1,Phi-3-mini-Q4,llama.cpp,
2026-05-14T04:49:02.132550,GPU1300_CPU2201,1300,2201,1300,2201,long_long,prefill,1024,512,2,27.798174181953073,27.83046313561499,27.83046313561499,1,35.93184903632766,6.396,12.793,12.793,6.396,0.15634771732332708,6.389,1.597,4.807,63.3,63.3,1,Phi-3-mini-Q4,llama.cpp,prefill-only (1 output token)
2026-05-14T04:49:04.478033,GPU1300_CPU2201,1300,2201,1300,2201,short_short,decode,128,64,0,27.776443166658282,23.97752544354825,1538.4892211295664,64,41.599251474125296,74.906,37.453,46.974,1.17040625,0.8544041865805142,26.946,1.796,8.71,64.2,64.8,4,Phi-3-mini-Q4,llama.cpp,"decode-only (16 prompt tokens, 64 output)"
2026-05-14T04:49:06.811978,GPU1300_CPU2201,1300,2201,1300,2201,short_short,decode,128,64,1,25.393720949068666,23.830026207077836,1526.8095028586686,64,41.91747554634146,76.753,38.376,47.075,1.199265625,0.8338436282620875,27.844,1.597,8.936,64.5,64.6,4,Phi-3-mini-Q4,llama.cpp,"decode-only (16 prompt tokens, 64 output)"
2026-05-14T04:49:09.145275,GPU1300_CPU2201,1300,2201,1300,2201,short_short,decode,128,64,2,25.23512113839388,23.825872556439467,1526.3901201542467,64,41.92899256549996,77.202,38.601,47.074,1.20628125,0.8289940675112044,27.944,1.696,8.961,64.7,65.0,4,Phi-3-mini-Q4,llama.cpp,"decode-only (16 prompt tokens, 64 output)"
2026-05-14T04:49:16.127166,GPU1300_CPU2201,1300,2201,1300,2201,short_long,decode,128,256,0,25.104778818786144,24.11062396131456,6173.7630208954215,256,41.46579632771046,298.888,45.983,48.973,1.16753125,0.8565081234442333,34.178,1.658,10.147,65.3,65.8,13,Phi-3-mini-Q4,llama.cpp,"decode-only (16 prompt tokens, 256 output)"
2026-05-14T04:49:23.149817,GPU1300_CPU2201,1300,2201,1300,2201,short_long,decode,128,256,1,27.7087080758065,24.261100074349372,6214.7586471401155,256,41.192267396869084,300.116,46.172,48.973,1.172328125,0.8530035053112797,34.206,1.812,10.155,65.7,67.1,13,Phi-3-mini-Q4,llama.cpp,"decode-only (16 prompt tokens, 256 output)"
2026-05-14T04:49:30.173865,GPU1300_CPU2201,1300,2201,1300,2201,short_long,decode,128,256,2,27.569172903895378,24.26793036489364,6216.357155004516,256,41.18167499335292,300.82,46.28,49.474,1.175078125,0.8510072468585865,34.236,1.842,10.201,66.0,67.1,13,Phi-3-mini-Q4,llama.cpp,"decode-only (16 prompt tokens, 256 output)"
2026-05-14T04:49:34.054584,GPU1300_CPU2201,1300,2201,1300,2201,medium_medium,decode,512,128,0,27.623533038422465,23.981268653338116,3073.4681768808514,128,41.64676275578114,150.2,42.914,48.474,1.1734375,0.85219707057257,31.647,1.597,9.671,65.9,66.2,7,Phi-3-mini-Q4,llama.cpp,"decode-only (16 prompt tokens, 128 output)"
2026-05-14T04:49:37.934064,GPU1300_CPU2201,1300,2201,1300,2201,medium_medium,decode,512,128,1,25.184809928759933,23.9911370316711,3072.2918908577412,128,41.662708019668074,151.52,43.291,48.574,1.18375,0.8447729672650475,31.765,1.768,9.759,66.0,66.5,7,Phi-3-mini-Q4,llama.cpp,"decode-only (16 prompt tokens, 128 output)"
2026-05-14T04:49:41.815564,GPU1300_CPU2201,1300,2201,1300,2201,medium_medium,decode,512,128,2,25.033504934981465,24.008343441734517,3074.3175440002233,128,41.63525666039354,152.495,43.57,48.474,1.1913671875,0.8393717826813993,31.704,2.167,9.699,66.0,66.3,7,Phi-3-mini-Q4,llama.cpp,"decode-only (16 prompt tokens, 128 output)"
2026-05-14T04:49:45.697397,GPU1300_CPU2201,1300,2201,1300,2201,long_medium,decode,1024,128,0,25.00610682182014,24.01166961447695,3074.715961003676,128,41.62986162735406,150.795,43.084,48.858,1.1780859375,0.8488345104280647,31.761,1.71,9.613,65.9,66.2,7,Phi-3-mini-Q4,llama.cpp,"decode-only (16 prompt tokens, 128 output)"
2026-05-14T04:49:49.577863,GPU1300_CPU2201,1300,2201,1300,2201,long_medium,decode,1024,128,1,25.274076964706182,23.998159378048356,3073.2688358984888,128,41.64946408359958,150.548,43.014,48.474,1.17615625,0.8502271700720037,31.704,1.654,9.656,66.0,66.4,7,Phi-3-mini-Q4,llama.cpp,"decode-only (16 prompt tokens, 128 output)"
2026-05-14T04:49:53.463474,GPU1300_CPU2201,1300,2201,1300,2201,long_medium,decode,1024,128,2,25.225494988262653,24.038117945443574,3078.3039201050997,128,41.5813393745832,150.332,42.952,48.458,1.17446875,0.8514487933374132,31.699,1.596,9.656,66.1,66.4,7,Phi-3-mini-Q4,llama.cpp,"decode-only (16 prompt tokens, 128 output)"
2026-05-14T04:50:01.898389,GPU1300_CPU2201,1300,2201,1300,2201,long_long,decode,1024,512,0,25.053550023585558,24.75613007531958,7627.108754124492,307,40.25116330404813,369.495,46.187,48.873,1.2035667752442998,0.8308637464647695,33.951,2.096,10.14,66.5,67.7,16,Phi-3-mini-Q4,llama.cpp,"decode-only (16 prompt tokens, 512 output)"
2026-05-14T04:50:15.807734,GPU1300_CPU2201,1300,2201,1300,2201,long_long,decode,1024,512,1,27.609757846221328,25.581773501272274,13100.827237823978,512,39.08150154990077,625.07,46.301,49.756,1.22083984375,0.819108259874894,34.31,1.789,10.203,66.7,67.1,27,Phi-3-mini-Q4,llama.cpp,"decode-only (16 prompt tokens, 512 output)"
2026-05-14T04:50:29.676928,GPU1300_CPU2201,1300,2201,1300,2201,long_long,decode,1024,512,2,27.73025305941701,25.50296396483647,13060.623834142461,512,39.20180280068659,624.194,46.237,48.973,1.21912890625,0.8202578044646377,34.326,1.685,10.225,67.0,67.3,27,Phi-3-mini-Q4,llama.cpp,"decode-only (16 prompt tokens, 512 output)"
