timestamp,config_name,gpu_freq_mhz,cpu_freq_mhz,target_gpu_freq_mhz,target_cpu_freq_mhz,workload,phase,prompt_length,output_length,repeat,ttft_ms,tpot_ms,total_time_ms,output_tokens,tokens_per_second,total_energy_j,avg_power_w,max_power_w,energy_per_token_j,tokens_per_joule,avg_gpu_soc_w,avg_cpu_cv_w,avg_sys_5v0_w,avg_temp_cpu_c,max_temp_cpu_c,power_samples,model,runtime,phase_note,experiment
2026-05-15T03:10:28.116657,GPU306_CPU1036,306,1036,306,1036,tiny_tiny,mixed,32,32,0,82.58310379460454,80.5462810000585,2579.670703969896,32,12.404684036127051,46.92,15.64,16.806,1.46625,0.6820119352088662,8.186,0.599,6.855,49.4,49.7,6,Phi-3-mini-Q4,llama.cpp,,expanded_rate_table
2026-05-15T03:10:31.506843,GPU306_CPU1036,306,1036,306,1036,tiny_tiny,mixed,32,32,1,82.45386811904609,80.5591433233912,2579.9420550465584,32,12.403379346216564,46.22,15.407,16.806,1.444375,0.6923409779316313,7.854,0.798,6.754,49.5,49.9,6,Phi-3-mini-Q4,llama.cpp,,expanded_rate_table
2026-05-15T03:10:34.898798,GPU306_CPU1036,306,1036,306,1036,tiny_tiny,mixed,32,32,2,82.5887790415436,80.61297113196024,2581.7429409362376,32,12.394727411705672,46.617,15.539,17.206,1.45678125,0.6864448591715469,7.92,0.865,6.754,49.6,49.7,6,Phi-3-mini-Q4,llama.cpp,,expanded_rate_table
2026-05-15T03:10:46.048633,GPU306_CPU1036,306,1036,306,1036,tiny_short,mixed,32,128,0,82.4862951412797,80.74506451045787,10337.595577118918,128,12.381989510531183,171.717,16.354,17.206,1.3415390625,0.7454125101183924,8.595,0.627,7.132,49.7,50.0,21,Phi-3-mini-Q4,llama.cpp,,expanded_rate_table
2026-05-15T03:10:57.196339,GPU306_CPU1036,306,1036,306,1036,tiny_short,mixed,32,128,1,82.63002103194594,80.7266804961649,10335.406612837687,128,12.384611926250702,170.172,16.207,16.906,1.32946875,0.7521801471452413,8.614,0.456,7.137,49.8,50.1,21,Phi-3-mini-Q4,llama.cpp,,expanded_rate_table
2026-05-15T03:11:08.346758,GPU306_CPU1036,306,1036,306,1036,tiny_short,mixed,32,128,2,82.50806201249361,80.74825590542393,10338.076025014743,128,12.38141407456108,169.573,16.15,16.507,1.3247890625,0.7548371497820997,8.614,0.399,7.137,50.0,50.2,21,Phi-3-mini-Q4,llama.cpp,,expanded_rate_table
2026-05-15T03:11:50.333183,GPU306_CPU1036,306,1036,306,1036,tiny_long,mixed,32,512,0,82.56836701184511,85.9385398431316,41166.24754015356,478,11.611454251052606,668.81,16.312,16.906,1.39918410041841,0.7147022323230814,8.717,0.467,7.128,50.4,50.9,82,Phi-3-mini-Q4,llama.cpp,,expanded_rate_table
2026-05-15T03:12:07.626515,GPU306_CPU1036,306,1036,306,1036,tiny_long,mixed,32,512,1,88.38481293059886,81.14197894013417,16479.442100040615,202,12.257696515072082,268.459,16.27,16.906,1.3290049504950496,0.7524426448731464,8.664,0.435,7.171,50.7,51.1,33,Phi-3-mini-Q4,llama.cpp,,expanded_rate_table
2026-05-15T03:12:47.187004,GPU306_CPU1036,306,1036,306,1036,tiny_long,mixed,32,512,2,82.80147798359394,85.70495545139744,38741.041659144685,451,11.64140097130153,627.598,16.301,16.806,1.391569844789357,0.718612870021893,8.738,0.425,7.138,51.0,51.4,77,Phi-3-mini-Q4,llama.cpp,,expanded_rate_table
2026-05-15T03:12:50.728343,GPU306_CPU1036,306,1036,306,1036,short_tiny,mixed,128,32,0,217.41546201519668,81.07769728878573,2730.976615101099,32,11.717419996588063,45.764,15.255,16.407,1.430125,0.6992395769600559,8.053,0.399,6.803,51.0,51.1,6,Phi-3-mini-Q4,llama.cpp,,expanded_rate_table
2026-05-15T03:12:54.124348,GPU306_CPU1036,306,1036,306,1036,short_tiny,mixed,128,32,1,82.89209986105561,80.73107590298018,2585.702199023217,32,12.37574845706842,45.472,15.157,16.407,1.421,0.7037297677691766,7.92,0.466,6.771,51.0,51.2,6,Phi-3-mini-Q4,llama.cpp,,expanded_rate_table
2026-05-15T03:12:57.520237,GPU306_CPU1036,306,1036,306,1036,short_tiny,mixed,128,32,2,82.77047798037529,80.72946716340319,2585.535858059302,32,12.376544653308013,45.171,15.057,16.407,1.41159375,0.7084191184609595,7.92,0.399,6.738,51.1,51.3,6,Phi-3-mini-Q4,llama.cpp,,expanded_rate_table
2026-05-15T03:13:03.507498,GPU306_CPU1036,306,1036,306,1036,short_short,mixed,128,64,0,82.78548903763294,80.8436047758848,5176.1952340602875,64,12.36429406272557,86.586,15.743,16.407,1.35290625,0.7391495160880512,8.349,0.399,6.995,51.2,51.4,11,Phi-3-mini-Q4,llama.cpp,,expanded_rate_table
2026-05-15T03:13:09.496794,GPU306_CPU1036,306,1036,306,1036,short_short,mixed,128,64,1,82.78853795491159,80.87560393670131,5178.214486921206,64,12.359472586863097,86.785,15.779,16.806,1.356015625,0.7374546292562079,8.349,0.435,6.995,51.2,51.6,11,Phi-3-mini-Q4,llama.cpp,,expanded_rate_table
2026-05-15T03:13:15.487626,GPU306_CPU1036,306,1036,306,1036,short_short,mixed,128,64,2,83.334153983742,80.89072450566741,5179.718810832128,64,12.355883077312903,86.582,15.742,16.407,1.35284375,0.7391836640410248,8.348,0.399,6.995,51.2,51.5,11,Phi-3-mini-Q4,llama.cpp,,expanded_rate_table
2026-05-15T03:13:37.802406,GPU306_CPU1036,306,1036,306,1036,short_long,mixed,128,256,0,83.10466818511486,83.98244105023788,21499.586454126984,256,11.90720577561896,349.639,16.262,16.806,1.36577734375,0.7321837666850666,8.701,0.418,7.143,51.4,51.6,43,Phi-3-mini-Q4,llama.cpp,,expanded_rate_table
2026-05-15T03:14:00.129831,GPU306_CPU1036,306,1036,306,1036,short_long,mixed,128,256,1,88.85424095205963,84.01023999185247,21512.425269931555,256,11.900099444288017,349.84,16.272,16.906,1.3665625,0.7317630916990625,8.692,0.427,7.153,51.6,51.9,43,Phi-3-mini-Q4,llama.cpp,,expanded_rate_table
2026-05-15T03:14:22.476125,GPU306_CPU1036,306,1036,306,1036,short_long,mixed,128,256,2,89.00184789672494,84.08114724682973,21530.646963976324,256,11.890028220160895,351.188,16.334,16.906,1.371828125,0.7289542922878914,8.701,0.464,7.169,51.7,52.0,43,Phi-3-mini-Q4,llama.cpp,,expanded_rate_table
2026-05-15T03:14:26.914440,GPU306_CPU1036,306,1036,306,1036,medium_tiny,mixed,512,32,0,846.2817471008748,89.70991329049632,3627.451836131513,32,8.82161954054401,59.018,14.754,16.306,1.8443125,0.5422074621301975,7.787,0.449,6.518,51.7,52.0,8,Phi-3-mini-Q4,llama.cpp,,expanded_rate_table
2026-05-15T03:14:30.589784,GPU306_CPU1036,306,1036,306,1036,medium_tiny,mixed,512,32,1,93.22727099061012,89.40242974448108,2864.8618499282748,32,11.169823075692518,45.968,15.323,16.306,1.4365,0.6961364427427775,8.119,0.399,6.804,51.7,51.8,6,Phi-3-mini-Q4,llama.cpp,,expanded_rate_table
2026-05-15T03:14:34.267195,GPU306_CPU1036,306,1036,306,1036,medium_tiny,mixed,512,32,2,93.81585801020265,89.4389831265735,2866.5836239233613,32,11.163114075215105,45.97,15.323,16.306,1.4365625,0.6961061561888188,8.12,0.399,6.804,51.7,51.9,6,Phi-3-mini-Q4,llama.cpp,,expanded_rate_table
2026-05-15T03:14:46.542060,GPU306_CPU1036,306,1036,306,1036,medium_short,mixed,512,128,0,93.38944894261658,89.51548695395606,11462.371309986338,128,11.166973790884162,184.422,16.037,16.407,1.440796875,0.6940603615620696,8.594,0.399,7.044,51.8,52.0,23,Phi-3-mini-Q4,llama.cpp,,expanded_rate_table
2026-05-15T03:14:58.814677,GPU306_CPU1036,306,1036,306,1036,medium_short,mixed,512,128,1,361.43319495022297,89.50053233908669,11459.991760086268,125,10.907512205668377,184.87,16.076,16.806,1.47896,0.6761508086763671,8.611,0.416,7.048,51.8,52.0,23,Phi-3-mini-Q4,llama.cpp,,expanded_rate_table
2026-05-15T03:15:11.087258,GPU306_CPU1036,306,1036,306,1036,medium_short,mixed,512,128,2,93.52115611545742,89.4953112510275,11459.900320041925,128,11.169381619850924,184.87,16.076,16.806,1.444296875,0.6923784280845999,8.611,0.416,7.048,52.0,52.3,23,Phi-3-mini-Q4,llama.cpp,,expanded_rate_table
2026-05-15T03:15:22.741301,GPU306_CPU1036,306,1036,306,1036,medium_long,mixed,512,512,0,273.01861508749425,120.37888112552892,10835.570079041645,88,8.121400107061389,176.218,16.02,16.407,2.0024772727272726,0.4993814479792076,8.585,0.399,7.035,52.0,52.3,22,Phi-3-mini-Q4,llama.cpp,,expanded_rate_table
2026-05-15T03:16:05.980966,GPU306_CPU1036,306,1036,306,1036,medium_long,mixed,512,512,1,93.2304139714688,85.67874806528839,42419.44170813076,494,11.645603527717158,693.492,16.512,17.418,1.40382995951417,0.712336984420873,8.823,0.413,7.276,52.2,52.5,84,Phi-3-mini-Q4,llama.cpp,,expanded_rate_table
2026-05-15T03:16:50.686510,GPU306_CPU1036,306,1036,306,1036,medium_long,mixed,512,512,2,372.9521550703794,85.64844252550827,43884.31038195267,509,11.598678333323546,719.993,16.552,17.406,1.414524557956778,0.7069513175822543,8.853,0.417,7.281,52.4,52.8,87,Phi-3-mini-Q4,llama.cpp,,expanded_rate_table
2026-05-15T03:16:55.304360,GPU306_CPU1036,306,1036,306,1036,long_tiny,mixed,1024,32,0,1247.3004420753568,82.57079502988246,3807.164744939655,32,8.405204960603093,61.011,15.253,17.907,1.90659375,0.5244955827637638,7.985,0.599,6.669,52.4,52.9,8,Phi-3-mini-Q4,llama.cpp,,expanded_rate_table
2026-05-15T03:16:58.746081,GPU306_CPU1036,306,1036,306,1036,long_tiny,mixed,1024,32,1,88.26742181554437,82.03391377784071,2631.4825189765543,32,12.160445592640896,46.468,15.49,17.007,1.452125,0.6886459499010071,8.119,0.399,6.972,52.3,52.4,6,Phi-3-mini-Q4,llama.cpp,,expanded_rate_table
2026-05-15T03:17:02.187467,GPU306_CPU1036,306,1036,306,1036,long_tiny,mixed,1024,32,2,88.11002504080534,82.01232906280747,2630.658234935254,32,12.164255917031955,46.37,15.457,17.007,1.4490625,0.6901013586370498,8.053,0.466,6.938,52.4,52.7,6,Phi-3-mini-Q4,llama.cpp,,expanded_rate_table
2026-05-15T03:17:13.644840,GPU306_CPU1036,306,1036,306,1036,long_medium,mixed,1024,128,0,88.21034315042198,83.12054279473001,10645.018297014758,128,12.024403944509494,182.796,16.618,17.907,1.42809375,0.7002341407908269,8.84,0.49,7.288,52.5,52.7,22,Phi-3-mini-Q4,llama.cpp,,expanded_rate_table
2026-05-15T03:17:14.548425,GPU306_CPU1036,306,1036,306,1036,long_medium,mixed,1024,128,1,93.9881659578532,93.9881659578532,93.9881659578532,0,0.0,5.1,10.199,10.199,0.0,0.0,4.792,0.399,5.008,52.1,52.1,1,Phi-3-mini-Q4,llama.cpp,,expanded_rate_table
2026-05-15T03:17:15.450994,GPU306_CPU1036,306,1036,306,1036,long_medium,mixed,1024,128,2,93.32717000506818,93.32717000506818,93.32717000506818,0,0.0,4.849,9.698,9.698,0.0,0.0,4.392,0.399,4.907,52.0,52.0,1,Phi-3-mini-Q4,llama.cpp,,expanded_rate_table
2026-05-15T03:17:24.449909,GPU306_CPU1036,306,1036,306,1036,xlong_short,mixed,2048,64,0,2594.972053077072,88.76190548910508,8187.269046902657,64,7.8170143955647795,133.742,15.734,18.406,2.08971875,0.4785332954494475,8.291,0.61,6.833,52.4,52.7,17,Phi-3-mini-Q4,llama.cpp,,expanded_rate_table
2026-05-15T03:17:30.943313,GPU306_CPU1036,306,1036,306,1036,xlong_short,mixed,2048,64,1,99.17068504728377,88.61256177566709,5682.05684912391,64,11.26352687053243,98.98,16.497,18.002,1.5465625,0.6465952717720751,8.651,0.598,7.248,52.4,52.8,12,Phi-3-mini-Q4,llama.cpp,,expanded_rate_table
2026-05-15T03:17:37.438243,GPU306_CPU1036,306,1036,306,1036,xlong_short,mixed,2048,64,2,98.77576516009867,88.64751314034774,5683.867705054581,64,11.25993835906591,99.994,16.666,18.406,1.56240625,0.6400384023041382,8.685,0.698,7.282,52.5,52.9,12,Phi-3-mini-Q4,llama.cpp,,expanded_rate_table
2026-05-15T03:17:49.616228,GPU306_CPU1036,306,1036,306,1036,xlong_medium,mixed,2048,128,0,98.93665998242795,88.71023722843627,11365.650590974838,128,11.262003787239546,194.872,16.945,18.406,1.5224375,0.6568414138511433,8.957,0.59,7.398,52.5,52.7,23,Phi-3-mini-Q4,llama.cpp,,expanded_rate_table
2026-05-15T03:18:01.802797,GPU306_CPU1036,306,1036,306,1036,xlong_medium,mixed,2048,128,1,98.99970912374556,88.77840065250658,11374.372763093561,128,11.253367782645714,197.342,17.16,20.105,1.541734375,0.6486201619523466,8.959,0.746,7.456,52.6,53.3,23,Phi-3-mini-Q4,llama.cpp,,expanded_rate_table
2026-05-15T03:18:13.985881,GPU306_CPU1036,306,1036,306,1036,xlong_medium,mixed,2048,128,2,98.80993678234518,88.74982669326205,11370.596847962588,128,11.257104768685503,193.168,16.797,17.503,1.509125,0.662635633231177,8.922,0.486,7.389,52.6,52.9,23,Phi-3-mini-Q4,llama.cpp,,expanded_rate_table
2026-05-15T03:19:00.358215,GPU306_CPU1036,306,1036,306,1036,xlong_long,mixed,2048,512,0,98.8737209700048,88.9428352723864,45550.597636029124,512,11.240247693150435,783.799,17.226,18.601,1.530857421875,0.6532286976635592,9.112,0.596,7.518,52.8,53.4,91,Phi-3-mini-Q4,llama.cpp,,expanded_rate_table
2026-05-15T03:19:44.811397,GPU306_CPU1036,306,1036,306,1036,xlong_long,mixed,2048,512,1,105.6859390810132,88.82510765019522,43631.706120911986,490,11.230365336668573,747.272,17.179,18.107,1.5250448979591837,0.6557183997259365,9.109,0.546,7.523,53.0,53.5,87,Phi-3-mini-Q4,llama.cpp,,expanded_rate_table
2026-05-15T03:20:31.159870,GPU306_CPU1036,306,1036,306,1036,xlong_long,mixed,2048,512,2,105.73746217414737,88.88426335772715,45527.505627134815,512,11.245948859865567,779.12,17.124,18.107,1.52171875,0.6571516582811376,9.099,0.495,7.529,53.2,53.6,91,Phi-3-mini-Q4,llama.cpp,,expanded_rate_table
2026-05-15T03:20:34.572764,GPU306_CPU1036,306,1036,306,1036,tiny_tiny,decode,32,32,0,88.77672208473086,81.08058122677669,2602.42404602468,32,12.296228221869315,45.716,15.238,16.507,1.428625,0.6999737509843381,7.918,0.466,6.855,53.2,53.3,6,Phi-3-mini-Q4,llama.cpp,"decode-only (16 prompt tokens, 32 output)",expanded_rate_table
2026-05-15T03:20:37.963695,GPU306_CPU1036,306,1036,306,1036,tiny_tiny,decode,32,32,1,82.38618890754879,80.57748645754351,2580.433767987415,32,12.401015828031927,45.764,15.255,16.504,1.430125,0.6992395769600559,7.918,0.466,6.872,53.1,53.3,6,Phi-3-mini-Q4,llama.cpp,"decode-only (16 prompt tokens, 32 output)",expanded_rate_table
2026-05-15T03:20:41.354593,GPU306_CPU1036,306,1036,306,1036,tiny_tiny,decode,32,32,2,82.3160179425031,80.58413067802546,2580.5696949828416,32,12.400362626211795,45.519,15.173,16.507,1.42246875,0.7030031415452888,7.919,0.399,6.855,53.1,53.3,6,Phi-3-mini-Q4,llama.cpp,"decode-only (16 prompt tokens, 32 output)",expanded_rate_table
2026-05-15T03:20:52.512600,GPU306_CPU1036,306,1036,306,1036,tiny_short,decode,32,128,0,82.1411139331758,80.81245130683317,10345.7999790553,128,12.37217037436751,172.884,16.465,17.406,1.35065625,0.7403808333911757,8.614,0.608,7.243,53.2,53.5,21,Phi-3-mini-Q4,llama.cpp,"decode-only (16 prompt tokens, 128 output)",expanded_rate_table
2026-05-15T03:21:03.670473,GPU306_CPU1036,306,1036,306,1036,tiny_short,decode,32,128,1,82.69172394648194,80.80463610244841,10345.380297861993,128,12.372672276383389,172.622,16.44,17.805,1.348609375,0.7415045590944375,8.614,0.589,7.238,53.3,53.5,21,Phi-3-mini-Q4,llama.cpp,"decode-only (16 prompt tokens, 128 output)",expanded_rate_table
2026-05-15T03:21:14.824711,GPU306_CPU1036,306,1036,306,1036,tiny_short,decode,32,128,2,82.2559711523354,80.78261155921115,10342.125669121742,128,12.376565910639318,171.926,16.374,17.415,1.343171875,0.7445063573863174,8.613,0.513,7.248,53.3,53.6,21,Phi-3-mini-Q4,llama.cpp,"decode-only (16 prompt tokens, 128 output)",expanded_rate_table
2026-05-15T03:21:59.670587,GPU306_CPU1036,306,1036,306,1036,tiny_long,decode,32,512,0,82.18554803170264,85.98844652244577,44024.229038041085,512,11.629959483392287,722.124,16.412,17.818,1.4103984375,0.7090195035755632,8.716,0.485,7.211,53.4,53.8,88,Phi-3-mini-Q4,llama.cpp,"decode-only (16 prompt tokens, 512 output)",expanded_rate_table
2026-05-15T03:22:44.539442,GPU306_CPU1036,306,1036,306,1036,tiny_long,decode,32,512,1,89.25835392437875,86.0212475577198,44048.049605917186,512,11.623670164302135,724.743,16.471,17.907,1.415513671875,0.7064573234926035,8.73,0.517,7.224,53.5,54.1,88,Phi-3-mini-Q4,llama.cpp,"decode-only (16 prompt tokens, 512 output)",expanded_rate_table
2026-05-15T03:23:29.400569,GPU306_CPU1036,306,1036,306,1036,tiny_long,decode,32,512,2,88.5473950766027,86.00787101167668,44040.45024304651,512,11.625675876936318,721.124,16.389,17.003,1.4084453125,0.7100027179791547,8.714,0.458,7.217,53.5,53.8,88,Phi-3-mini-Q4,llama.cpp,"decode-only (16 prompt tokens, 512 output)",expanded_rate_table
2026-05-15T03:23:32.813326,GPU306_CPU1036,306,1036,306,1036,short_tiny,decode,128,32,0,88.86327594518661,81.07631209666931,2602.3742868565023,32,12.296463334124741,45.462,15.154,16.504,1.4206875,0.7038845629316791,7.917,0.399,6.838,53.5,53.7,6,Phi-3-mini-Q4,llama.cpp,"decode-only (16 prompt tokens, 32 output)",expanded_rate_table
2026-05-15T03:23:36.204404,GPU306_CPU1036,306,1036,306,1036,short_tiny,decode,128,32,1,82.0522669237107,80.599318288507,2580.7758290320635,32,12.399372173290155,45.47,15.157,16.516,1.4209375,0.7037607213547394,7.918,0.399,6.84,53.5,53.6,6,Phi-3-mini-Q4,llama.cpp,"decode-only (16 prompt tokens, 32 output)",expanded_rate_table
2026-05-15T03:23:39.595378,GPU306_CPU1036,306,1036,306,1036,short_tiny,decode,128,32,2,82.76465092785656,80.56972715853443,2580.57322492823,32,12.400345663855353,45.62,15.207,16.903,1.425625,0.7014467338886454,7.918,0.466,6.824,53.4,53.5,6,Phi-3-mini-Q4,llama.cpp,"decode-only (16 prompt tokens, 32 output)",expanded_rate_table
2026-05-15T03:23:45.569149,GPU306_CPU1036,306,1036,306,1036,short_short,decode,128,64,0,82.2787368670106,80.63648938245717,5162.631824845448,64,12.396777878290003,87.289,15.871,17.006,1.363890625,0.7331966227130566,8.347,0.435,7.088,53.4,53.6,11,Phi-3-mini-Q4,llama.cpp,"decode-only (16 prompt tokens, 64 output)",expanded_rate_table
2026-05-15T03:23:51.541987,GPU306_CPU1036,306,1036,306,1036,short_short,decode,128,64,1,82.12145185098052,80.62778562233443,5161.925850901753,64,12.398473331192784,87.201,15.855,16.906,1.362515625,0.7339365374250296,8.348,0.435,7.071,53.5,53.8,11,Phi-3-mini-Q4,llama.cpp,"decode-only (16 prompt tokens, 64 output)",expanded_rate_table
2026-05-15T03:23:57.512472,GPU306_CPU1036,306,1036,306,1036,short_short,decode,128,64,2,82.28661306202412,80.59016139882188,5159.730990184471,64,12.403747428257276,87.25,15.864,16.906,1.36328125,0.7335243553008596,8.349,0.435,7.079,53.5,53.7,11,Phi-3-mini-Q4,llama.cpp,"decode-only (16 prompt tokens, 64 output)",expanded_rate_table
2026-05-15T03:24:19.157887,GPU306_CPU1036,306,1036,306,1036,short_long,decode,128,256,0,82.03227911144495,81.36134648640804,20830.10777202435,256,12.289902808079468,343.346,16.35,17.006,1.3411953125,0.7456035602570003,8.66,0.437,7.253,53.5,53.9,42,Phi-3-mini-Q4,llama.cpp,"decode-only (16 prompt tokens, 256 output)",expanded_rate_table
2026-05-15T03:24:40.878002,GPU306_CPU1036,306,1036,306,1036,short_long,decode,128,256,1,88.17067998461425,81.63171614903737,20905.206148047,256,12.245753435151652,343.552,16.36,16.903,1.342,0.7451564828614009,8.678,0.418,7.263,53.6,53.9,42,Phi-3-mini-Q4,llama.cpp,"decode-only (16 prompt tokens, 256 output)",expanded_rate_table
2026-05-15T03:25:02.619640,GPU306_CPU1036,306,1036,306,1036,short_long,decode,128,256,2,88.27918907627463,81.71536730620645,20926.64064699784,256,12.233210495575937,347.086,16.528,17.507,1.3558046875,0.7375693632125755,8.679,0.561,7.288,53.6,53.9,42,Phi-3-mini-Q4,llama.cpp,"decode-only (16 prompt tokens, 256 output)",expanded_rate_table
2026-05-15T03:25:06.026831,GPU306_CPU1036,306,1036,306,1036,medium_tiny,decode,512,32,0,88.39412312954664,80.91501676807961,2596.903059165925,32,12.32236986554199,45.716,15.238,16.507,1.428625,0.6999737509843381,7.918,0.466,6.855,53.5,53.8,6,Phi-3-mini-Q4,llama.cpp,"decode-only (16 prompt tokens, 32 output)",expanded_rate_table
2026-05-15T03:25:09.426661,GPU306_CPU1036,306,1036,306,1036,medium_tiny,decode,512,32,1,82.47875096276402,80.86898709617314,2589.56204704009,32,12.35730189843356,47.062,15.687,16.903,1.4706875,0.6799541030980409,7.918,0.864,6.905,53.6,53.8,6,Phi-3-mini-Q4,llama.cpp,"decode-only (16 prompt tokens, 32 output)",expanded_rate_table
2026-05-15T03:25:12.822589,GPU306_CPU1036,306,1036,306,1036,medium_tiny,decode,512,32,2,82.28072081692517,80.753646483044,2585.791656980291,32,12.375320306110766,45.469,15.156,16.507,1.42090625,0.7037761991686643,7.919,0.399,6.838,53.5,53.5,6,Phi-3-mini-Q4,llama.cpp,"decode-only (16 prompt tokens, 32 output)",expanded_rate_table
2026-05-15T03:25:24.000870,GPU306_CPU1036,306,1036,306,1036,medium_short,decode,512,128,0,82.50695909373462,80.96701140867502,10365.796389989555,128,12.348303515165705,172.498,16.428,18.402,1.347640625,0.7420375888416098,8.632,0.532,7.264,53.6,54.0,21,Phi-3-mini-Q4,llama.cpp,"decode-only (16 prompt tokens, 128 output)",expanded_rate_table
2026-05-15T03:25:35.173780,GPU306_CPU1036,306,1036,306,1036,medium_short,decode,512,128,1,82.39349001087248,80.9263325036012,10360.54943408817,128,12.354557141424928,170.777,16.264,16.903,1.3341953125,0.7495154499727715,8.612,0.418,7.235,53.6,53.9,21,Phi-3-mini-Q4,llama.cpp,"decode-only (16 prompt tokens, 128 output)",expanded_rate_table
2026-05-15T03:25:46.354531,GPU306_CPU1036,306,1036,306,1036,medium_short,decode,512,128,2,82.65036693774164,80.98927089086492,10368.769119959325,128,12.344763251947318,172.444,16.423,18.302,1.34721875,0.742269954304006,8.651,0.513,7.26,53.6,54.0,21,Phi-3-mini-Q4,llama.cpp,"decode-only (16 prompt tokens, 128 output)",expanded_rate_table
2026-05-15T03:26:31.234274,GPU306_CPU1036,306,1036,306,1036,medium_long,decode,512,512,0,82.63990003615618,86.05563842077282,44058.98079206236,512,11.620786291366995,720.614,16.378,17.006,1.40744921875,0.7105052080586832,8.712,0.449,7.217,53.7,54.0,88,Phi-3-mini-Q4,llama.cpp,"decode-only (16 prompt tokens, 512 output)",expanded_rate_table
2026-05-15T03:27:16.048476,GPU306_CPU1036,306,1036,306,1036,medium_long,decode,512,512,1,88.14246486872435,85.91714795722595,43993.65889490582,512,11.638040864550284,719.576,16.354,17.006,1.405421875,0.7115301232948291,8.715,0.431,7.208,53.7,54.0,88,Phi-3-mini-Q4,llama.cpp,"decode-only (16 prompt tokens, 512 output)",expanded_rate_table
2026-05-15T03:28:00.875171,GPU306_CPU1036,306,1036,306,1036,medium_long,decode,512,512,2,88.41970516368747,85.94095472787706,44006.138323107734,512,11.634740504625182,721.184,16.391,17.406,1.4085625,0.7099436482229223,8.72,0.44,7.231,53.8,54.2,88,Phi-3-mini-Q4,llama.cpp,"decode-only (16 prompt tokens, 512 output)",expanded_rate_table
2026-05-15T03:28:04.277717,GPU306_CPU1036,306,1036,306,1036,long_tiny,decode,1024,32,0,88.13165407627821,80.76720193569219,2592.0591310132295,32,12.345397378142096,45.525,15.175,16.619,1.42265625,0.7029104887424492,7.919,0.399,6.857,53.8,54.1,6,Phi-3-mini-Q4,llama.cpp,"decode-only (16 prompt tokens, 32 output)",expanded_rate_table
2026-05-15T03:28:07.665803,GPU306_CPU1036,306,1036,306,1036,long_tiny,decode,1024,32,1,82.26120588369668,80.50385832546219,2578.026949893683,32,12.41259328236257,45.42,15.14,16.507,1.419375,0.7045354469396741,7.92,0.399,6.822,53.8,54.1,6,Phi-3-mini-Q4,llama.cpp,"decode-only (16 prompt tokens, 32 output)",expanded_rate_table
2026-05-15T03:28:11.056640,GPU306_CPU1036,306,1036,306,1036,long_tiny,decode,1024,32,2,82.70496595650911,80.5664255148581,2580.4123738780618,32,12.40111864442337,45.714,15.238,16.504,1.4285625,0.7000043750273439,7.918,0.466,6.855,53.7,54.0,6,Phi-3-mini-Q4,llama.cpp,"decode-only (16 prompt tokens, 32 output)",expanded_rate_table
2026-05-15T03:28:22.206079,GPU306_CPU1036,306,1036,306,1036,long_medium,decode,1024,128,0,82.61051285080612,80.74126764581956,10337.27115788497,128,12.382378100081597,171.05,16.291,17.018,1.336328125,0.7483192049108447,8.613,0.437,7.241,53.8,54.0,21,Phi-3-mini-Q4,llama.cpp,"decode-only (16 prompt tokens, 128 output)",expanded_rate_table
2026-05-15T03:28:33.348938,GPU306_CPU1036,306,1036,306,1036,long_medium,decode,1024,128,1,82.44423801079392,80.6909439293301,10330.671980977058,128,12.390287895666393,170.954,16.281,16.906,1.335578125,0.7487394269803572,8.613,0.437,7.231,53.8,54.0,21,Phi-3-mini-Q4,llama.cpp,"decode-only (16 prompt tokens, 128 output)",expanded_rate_table
2026-05-15T03:28:44.495699,GPU306_CPU1036,306,1036,306,1036,long_medium,decode,1024,128,2,82.62930298224092,80.72045100046189,10334.60764400661,128,12.38556938097515,170.954,16.281,16.915,1.335578125,0.7487394269803572,8.612,0.437,7.232,53.8,54.1,21,Phi-3-mini-Q4,llama.cpp,"decode-only (16 prompt tokens, 128 output)",expanded_rate_table
2026-05-15T03:28:50.472881,GPU306_CPU1036,306,1036,306,1036,xlong_short,decode,2048,64,0,83.0136879812926,80.67994355593645,5166.107239900157,64,12.388438146560214,87.346,15.881,16.604,1.36478125,0.7327181553820438,8.348,0.435,7.098,53.8,54.0,11,Phi-3-mini-Q4,llama.cpp,"decode-only (16 prompt tokens, 64 output)",expanded_rate_table
2026-05-15T03:28:56.443646,GPU306_CPU1036,306,1036,306,1036,xlong_short,decode,2048,64,1,82.5824870262295,80.57054077526406,5158.781326841563,64,12.406030793940177,87.354,15.883,16.519,1.36490625,0.73265105204112,8.349,0.435,7.098,53.8,54.0,11,Phi-3-mini-Q4,llama.cpp,"decode-only (16 prompt tokens, 64 output)",expanded_rate_table
2026-05-15T03:29:02.412430,GPU306_CPU1036,306,1036,306,1036,xlong_short,decode,2048,64,2,82.27998507209122,80.5585100130725,5157.752342056483,64,12.408505828816534,87.35,15.882,17.006,1.36484375,0.7326846021751574,8.348,0.435,7.098,53.8,54.0,11,Phi-3-mini-Q4,llama.cpp,"decode-only (16 prompt tokens, 64 output)",expanded_rate_table
2026-05-15T03:29:13.564550,GPU306_CPU1036,306,1036,306,1036,xlong_medium,decode,2048,128,0,82.55780418403447,80.76340417142987,10339.987039100379,128,12.379125768337184,171.306,16.315,17.018,1.338328125,0.7472009153211212,8.613,0.456,7.246,53.8,54.1,21,Phi-3-mini-Q4,llama.cpp,"decode-only (16 prompt tokens, 128 output)",expanded_rate_table
2026-05-15T03:29:24.718781,GPU306_CPU1036,306,1036,306,1036,xlong_medium,decode,2048,128,1,82.31185097247362,80.78319343415595,10342.278223950416,128,12.376383348842857,171.297,16.314,17.003,1.3382578125,0.7472401734998277,8.612,0.456,7.246,53.9,54.1,21,Phi-3-mini-Q4,llama.cpp,"decode-only (16 prompt tokens, 128 output)",expanded_rate_table
2026-05-15T03:29:35.868075,GPU306_CPU1036,306,1036,306,1036,xlong_medium,decode,2048,128,2,82.70666701719165,80.73504080291926,10336.591766914353,128,12.383191954015821,171.25,16.31,17.018,1.337890625,0.7474452554744525,8.651,0.418,7.241,53.9,54.1,21,Phi-3-mini-Q4,llama.cpp,"decode-only (16 prompt tokens, 128 output)",expanded_rate_table
2026-05-15T03:30:08.437529,GPU306_CPU1036,306,1036,306,1036,xlong_long,decode,2048,512,0,82.26683409884572,84.20966028297941,31751.541996141896,376,11.841944559596111,516.982,16.412,17.003,1.3749521276595744,0.7272980490616695,8.733,0.424,7.255,53.9,54.2,63,Phi-3-mini-Q4,llama.cpp,"decode-only (16 prompt tokens, 512 output)",expanded_rate_table
2026-05-15T03:30:53.349872,GPU306_CPU1036,306,1036,306,1036,xlong_long,decode,2048,512,1,88.32406112924218,86.10852773769699,44091.689388034865,512,11.612165628177113,725.715,16.494,17.802,1.417412109375,0.7055111166229167,8.723,0.521,7.249,54.0,54.5,88,Phi-3-mini-Q4,llama.cpp,"decode-only (16 prompt tokens, 512 output)",expanded_rate_table
2026-05-15T03:31:38.240691,GPU306_CPU1036,306,1036,306,1036,xlong_long,decode,2048,512,2,89.34734389185905,86.06332809201382,44069.5909189526,512,11.6179884887429,724.49,16.466,18.302,1.41501953125,0.706704026280556,8.725,0.494,7.246,54.0,54.3,88,Phi-3-mini-Q4,llama.cpp,"decode-only (16 prompt tokens, 512 output)",expanded_rate_table
2026-05-15T03:31:53.368234,GPU306_CPU1497,306,1497,306,1497,tiny_tiny,mixed,32,32,0,81.93410304374993,80.44404787341914,2575.805278029293,32,12.423299335919788,47.916,15.972,16.906,1.497375,0.6678353785791803,8.185,0.798,6.988,53.9,54.1,6,Phi-3-mini-Q4,llama.cpp,,expanded_rate_table
2026-05-15T03:31:56.749437,GPU306_CPU1497,306,1497,306,1497,tiny_tiny,mixed,32,32,1,82.18545513227582,80.33666793527382,2572.7299961727113,32,12.438149377355723,46.718,15.572,16.906,1.4599375,0.6849608288026028,7.92,0.798,6.855,53.9,54.0,6,Phi-3-mini-Q4,llama.cpp,,expanded_rate_table
2026-05-15T03:32:00.129798,GPU306_CPU1497,306,1497,306,1497,tiny_tiny,mixed,32,32,2,81.99516497552395,80.31994900515964,2572.016331134364,32,12.441600627740453,46.466,15.489,16.906,1.4520625,0.6886755907545302,7.919,0.732,6.838,53.9,54.1,6,Phi-3-mini-Q4,llama.cpp,,expanded_rate_table
2026-05-15T03:32:11.240939,GPU306_CPU1497,306,1497,306,1497,tiny_short,mixed,32,128,0,81.76301885396242,80.46621911037039,10301.318077836186,128,12.4255943785872,174.832,16.651,17.418,1.365875,0.7321314175894573,8.632,0.779,7.24,54.0,54.2,21,Phi-3-mini-Q4,llama.cpp,,expanded_rate_table
2026-05-15T03:32:22.361927,GPU306_CPU1497,306,1497,306,1497,tiny_short,mixed,32,128,1,81.89851394854486,80.54154725950652,10311.01746391505,128,12.413905848569762,175.596,16.723,17.801,1.37184375,0.7289459896580788,8.65,0.817,7.257,54.0,54.3,21,Phi-3-mini-Q4,llama.cpp,,expanded_rate_table
2026-05-15T03:32:33.478168,GPU306_CPU1497,306,1497,306,1497,tiny_short,mixed,32,128,2,81.90966211259365,80.50513807060857,10306.400389177725,128,12.419467046361492,175.36,16.701,17.318,1.37,0.7299270072992701,8.689,0.779,7.233,54.0,54.2,21,Phi-3-mini-Q4,llama.cpp,,expanded_rate_table
2026-05-15T03:32:54.412714,GPU306_CPU1497,306,1497,306,1497,tiny_long,mixed,32,512,0,82.06054707989097,81.1007717033712,20122.754307929426,247,12.27466162038608,335.304,16.765,17.418,1.3575060728744939,0.736644955025887,8.713,0.768,7.284,54.1,54.5,40,Phi-3-mini-Q4,llama.cpp,,expanded_rate_table
2026-05-15T03:33:39.054140,GPU306_CPU1497,306,1497,306,1497,tiny_long,mixed,32,512,1,87.53391890786588,85.59098254994957,43825.83029498346,512,11.682608100150615,730.19,16.786,17.418,1.42615234375,0.7011873621934017,8.756,0.775,7.255,54.1,54.5,87,Phi-3-mini-Q4,llama.cpp,,expanded_rate_table
2026-05-15T03:34:23.676127,GPU306_CPU1497,306,1497,306,1497,tiny_long,mixed,32,512,2,87.82128198072314,85.55194407832715,43806.20237416588,512,11.687842639880264,729.904,16.779,17.406,1.42559375,0.7014621100857099,8.747,0.775,7.257,54.2,54.6,87,Phi-3-mini-Q4,llama.cpp,,expanded_rate_table
2026-05-15T03:34:27.202717,GPU306_CPU1497,306,1497,306,1497,short_tiny,mixed,128,32,0,216.5902650449425,80.68638203305102,2717.980582965538,32,11.77344687469599,47.306,15.768,16.903,1.4783125,0.6764469623303598,8.117,0.798,6.853,54.0,54.1,6,Phi-3-mini-Q4,llama.cpp,,expanded_rate_table
2026-05-15T03:34:30.584981,GPU306_CPU1497,306,1497,306,1497,short_tiny,mixed,128,32,1,82.01314089819789,80.3776781991004,2573.825703933835,32,12.43285431142101,46.663,15.554,16.903,1.45821875,0.6857681674988749,7.918,0.798,6.838,54.0,54.3,6,Phi-3-mini-Q4,llama.cpp,,expanded_rate_table
2026-05-15T03:34:33.965425,GPU306_CPU1497,306,1497,306,1497,short_tiny,mixed,128,32,2,82.06776482984424,80.31755374864706,2572.023798013106,32,12.441564508353332,46.664,15.555,16.906,1.45825,0.6857534716269501,7.919,0.798,6.838,54.0,54.2,6,Phi-3-mini-Q4,llama.cpp,,expanded_rate_table
2026-05-15T03:34:39.923297,GPU306_CPU1497,306,1497,306,1497,short_short,mixed,128,64,0,82.14485319331288,80.42061368062619,5148.824915057048,64,12.43002064662183,88.89,16.162,17.306,1.38890625,0.7199910001124986,8.385,0.689,7.088,53.9,54.1,11,Phi-3-mini-Q4,llama.cpp,,expanded_rate_table
2026-05-15T03:34:45.880914,GPU306_CPU1497,306,1497,306,1497,short_short,mixed,128,64,1,82.39316684193909,80.41504482620411,5148.733205860481,64,12.430242050054721,88.985,16.179,17.018,1.390390625,0.7192223408439624,8.348,0.725,7.105,53.9,54.4,11,Phi-3-mini-Q4,llama.cpp,,expanded_rate_table
2026-05-15T03:34:51.836045,GPU306_CPU1497,306,1497,306,1497,short_short,mixed,128,64,2,82.10172899998724,80.38091844332124,5146.286685951054,64,12.436151327269586,88.486,16.088,17.018,1.38259375,0.7232782587075921,8.348,0.653,7.087,53.9,54.1,11,Phi-3-mini-Q4,llama.cpp,,expanded_rate_table
2026-05-15T03:35:14.016830,GPU306_CPU1497,306,1497,306,1497,short_long,mixed,128,256,0,82.46853412128985,83.4745930982571,21369.145361008123,256,11.97988949371454,358.416,16.671,17.018,1.4000625,0.7142538279541092,8.674,0.752,7.245,53.9,54.5,43,Phi-3-mini-Q4,llama.cpp,,expanded_rate_table
2026-05-15T03:35:36.257494,GPU306_CPU1497,306,1497,306,1497,short_long,mixed,128,256,1,87.58067805320024,83.68949887854065,21429.069807054475,256,11.946388821586856,359.835,16.737,17.306,1.40560546875,0.7114371864882516,8.692,0.789,7.256,53.9,54.3,43,Phi-3-mini-Q4,llama.cpp,,expanded_rate_table
2026-05-15T03:35:57.320852,GPU306_CPU1497,306,1497,306,1497,short_long,mixed,128,256,2,87.79163099825382,83.29473898738344,20251.524986932054,242,11.94971737467466,340.05,16.588,17.018,1.4051652892561983,0.7116600499926481,8.648,0.71,7.229,53.9,54.2,41,Phi-3-mini-Q4,llama.cpp,,expanded_rate_table
2026-05-15T03:36:01.745774,GPU306_CPU1497,306,1497,306,1497,medium_tiny,mixed,512,32,0,841.3990740664303,89.5072579338786,3616.24489701353,32,8.848958218075094,60.463,15.116,16.806,1.88946875,0.5292492929560226,7.786,0.748,6.582,53.7,54.0,8,Phi-3-mini-Q4,llama.cpp,,expanded_rate_table
2026-05-15T03:36:05.410787,GPU306_CPU1497,306,1497,306,1497,medium_tiny,mixed,512,32,1,92.24876901134849,89.16995845614902,2856.6307879518718,32,11.202007671051934,47.417,15.806,16.806,1.48178125,0.6748634455996794,8.119,0.798,6.888,53.7,53.9,6,Phi-3-mini-Q4,llama.cpp,,expanded_rate_table
2026-05-15T03:36:09.078543,GPU306_CPU1497,306,1497,306,1497,medium_tiny,mixed,512,32,2,92.1781191136688,89.26068974148122,2859.375848202035,32,11.191253510839257,47.962,15.988,17.705,1.4988125,0.667194862599558,8.118,0.931,6.938,53.8,54.2,6,Phi-3-mini-Q4,llama.cpp,,expanded_rate_table
2026-05-15T03:36:09.978146,GPU306_CPU1497,306,1497,306,1497,medium_short,mixed,512,128,0,91.95451601408422,91.95451601408422,91.95451601408422,0,0.0,5.349,10.698,10.698,0.0,0.0,4.792,0.798,5.108,53.7,53.7,1,Phi-3-mini-Q4,llama.cpp,,expanded_rate_table
2026-05-15T03:36:22.227569,GPU306_CPU1497,306,1497,306,1497,medium_short,mixed,512,128,1,361.5810901392251,89.33339962142429,11439.276931108907,125,10.927264087825758,195.195,16.266,16.806,1.5615599999999998,0.6403852557698712,8.434,0.798,7.034,53.7,53.9,24,Phi-3-mini-Q4,llama.cpp,,expanded_rate_table
2026-05-15T03:36:34.559484,GPU306_CPU1497,306,1497,306,1497,medium_short,mixed,512,128,2,271.06813807040453,225.00791586004198,11521.791501203552,51,4.426394974659332,189.898,16.513,16.806,3.7234901960784312,0.2685652297549211,8.61,0.763,7.14,53.7,54.0,23,Phi-3-mini-Q4,llama.cpp,,expanded_rate_table
2026-05-15T03:37:19.051679,GPU306_CPU1497,306,1497,306,1497,medium_long,mixed,512,512,0,92.5519501324743,85.28515046969085,43674.5849030558,512,11.723065053428284,742.529,17.07,17.519,1.450251953125,0.6895353582149654,8.949,0.77,7.35,53.8,54.1,87,Phi-3-mini-Q4,llama.cpp,,expanded_rate_table
2026-05-15T03:38:03.502706,GPU306_CPU1497,306,1497,306,1497,medium_long,mixed,512,512,1,281.05349699035287,85.1724234872547,43635.13638707809,510,11.687828713903803,739.188,16.993,17.519,1.4493882352941176,0.6899462653614507,8.923,0.729,7.341,53.8,54.1,87,Phi-3-mini-Q4,llama.cpp,,expanded_rate_table
2026-05-15T03:38:45.545500,GPU306_CPU1497,306,1497,306,1497,medium_long,mixed,512,512,2,97.37874986603856,85.15400858740882,41227.34311991371,483,11.715525751808643,699.178,17.053,17.519,1.4475734989648033,0.6908112097348601,8.955,0.749,7.349,53.8,54.2,82,Phi-3-mini-Q4,llama.cpp,,expanded_rate_table
2026-05-15T03:38:50.142030,GPU306_CPU1497,306,1497,306,1497,long_tiny,mixed,1024,32,0,1241.091406904161,82.15181458170616,3787.916406057775,32,8.447916102061921,61.72,15.43,17.406,1.92875,0.5184705119896306,8.036,0.748,6.646,53.7,53.9,8,Phi-3-mini-Q4,llama.cpp,,expanded_rate_table
2026-05-15T03:38:53.572224,GPU306_CPU1497,306,1497,306,1497,long_tiny,mixed,1024,32,1,86.30878594703972,81.78370806478685,2621.722067007795,32,12.205717914455368,47.618,15.873,17.406,1.4880625,0.6720147843252551,8.186,0.732,6.955,53.7,54.0,6,Phi-3-mini-Q4,llama.cpp,,expanded_rate_table
2026-05-15T03:38:57.003649,GPU306_CPU1497,306,1497,306,1497,long_tiny,mixed,1024,32,2,86.27848513424397,81.82743242040517,2623.0455581098795,32,12.199559363756777,47.375,15.792,17.519,1.48046875,0.6754617414248021,8.053,0.732,7.007,53.7,53.9,6,Phi-3-mini-Q4,llama.cpp,,expanded_rate_table
2026-05-15T03:39:07.324681,GPU306_CPU1497,306,1497,306,1497,long_medium,mixed,1024,128,0,86.07580815441906,82.66035764502872,9511.439739027992,114,11.985567183086633,161.688,17.02,17.519,1.4183157894736842,0.7050616001187473,8.911,0.756,7.353,53.7,54.0,19,Phi-3-mini-Q4,llama.cpp,,expanded_rate_table
2026-05-15T03:39:18.758225,GPU306_CPU1497,306,1497,306,1497,long_medium,mixed,1024,128,1,91.72619809396565,82.92603130657666,10623.684287071228,128,12.04855081732549,186.376,16.943,17.519,1.4560625,0.6867837060565738,8.858,0.744,7.342,53.8,54.0,22,Phi-3-mini-Q4,llama.cpp,,expanded_rate_table
2026-05-15T03:39:30.189161,GPU306_CPU1497,306,1497,306,1497,long_medium,mixed,1024,128,2,91.68249508365989,82.90556721264629,10621.047276072204,128,12.051542251239841,186.393,16.945,17.519,1.4561953125,0.6867210678512605,8.84,0.78,7.325,53.8,54.0,22,Phi-3-mini-Q4,llama.cpp,,expanded_rate_table
2026-05-15T03:39:39.159957,GPU306_CPU1497,306,1497,306,1497,xlong_short,mixed,2048,64,0,2585.196922067553,88.50424003136891,8161.175619112328,64,7.842007449284756,136.118,16.014,17.519,2.12684375,0.470180284752935,8.315,0.798,6.901,53.7,54.0,17,Phi-3-mini-Q4,llama.cpp,,expanded_rate_table
2026-05-15T03:39:45.631961,GPU306_CPU1497,306,1497,306,1497,xlong_short,mixed,2048,64,1,95.78172490000725,88.3657181273318,5663.034149911255,64,11.301362186029364,99.858,16.643,17.519,1.56028125,0.6409100923311102,8.686,0.698,7.259,53.7,54.1,12,Phi-3-mini-Q4,llama.cpp,,expanded_rate_table
2026-05-15T03:39:52.102160,GPU306_CPU1497,306,1497,306,1497,xlong_short,mixed,2048,64,2,95.76662513427436,88.33783992107898,5661.256931023672,64,11.304909983731736,99.361,16.56,17.519,1.552515625,0.644115900604865,8.652,0.632,7.276,53.7,54.0,12,Phi-3-mini-Q4,llama.cpp,,expanded_rate_table
2026-05-15T03:40:04.238268,GPU306_CPU1497,306,1497,306,1497,xlong_medium,mixed,2048,128,0,96.06757597066462,88.4216236606915,11325.981956906617,128,11.301448341257972,197.143,17.143,17.907,1.5401796875,0.6492748918297885,8.976,0.746,7.421,53.7,54.0,23,Phi-3-mini-Q4,llama.cpp,,expanded_rate_table
2026-05-15T03:40:16.373493,GPU306_CPU1497,306,1497,306,1497,xlong_medium,mixed,2048,128,1,95.68580705672503,88.41932718972052,11325.299161020666,128,11.302129699191477,196.85,17.117,17.519,1.537890625,0.650241300482601,8.974,0.729,7.415,53.7,54.0,23,Phi-3-mini-Q4,llama.cpp,,expanded_rate_table
2026-05-15T03:40:28.514484,GPU306_CPU1497,306,1497,306,1497,xlong_medium,mixed,2048,128,2,95.68610088899732,88.46472143415566,11331.073354929686,128,11.29637025466016,197.47,17.171,18.019,1.542734375,0.6481997265407403,8.959,0.781,7.432,53.8,54.1,23,Phi-3-mini-Q4,llama.cpp,,expanded_rate_table
2026-05-15T03:41:08.756839,GPU306_CPU1497,306,1497,306,1497,xlong_long,mixed,2048,512,0,95.74837610125542,88.18468988318456,39427.37961700186,446,11.31193612997999,687.387,17.402,18.007,1.541226457399103,0.6488339174293375,9.099,0.758,7.546,53.8,54.4,79,Phi-3-mini-Q4,llama.cpp,,expanded_rate_table
2026-05-15T03:41:46.158399,GPU306_CPU1497,306,1497,306,1497,xlong_long,mixed,2048,512,1,101.88842797651887,88.12935501686579,36587.28734403849,414,11.31540570655225,644.492,17.657,19.005,1.5567439613526568,0.6423663908939133,9.108,0.979,7.571,54.0,54.8,73,Phi-3-mini-Q4,llama.cpp,,expanded_rate_table
2026-05-15T03:41:59.560253,GPU306_CPU1497,306,1497,306,1497,xlong_long,mixed,2048,512,2,101.62685695104301,88.58070615013796,12591.615772107616,141,11.19792745839155,235.573,18.121,20.804,1.6707304964539007,0.5985405797778183,8.908,1.735,7.478,54.2,54.9,26,Phi-3-mini-Q4,llama.cpp,,expanded_rate_table
2026-05-15T03:42:02.953392,GPU306_CPU1497,306,1497,306,1497,tiny_tiny,decode,32,32,0,87.80973916873336,80.54497306265178,2584.8100120201707,32,12.380020137336997,47.923,15.974,17.318,1.49759375,0.6677378294347182,7.92,1.198,6.857,54.0,54.3,6,Phi-3-mini-Q4,llama.cpp,"decode-only (16 prompt tokens, 32 output)",expanded_rate_table
2026-05-15T03:42:06.335197,GPU306_CPU1497,306,1497,306,1497,tiny_tiny,decode,32,32,1,81.78074192255735,80.3699342894458,2573.351227911189,32,12.43514668845833,48.362,16.12,17.403,1.5113125,0.6616765228898722,7.918,1.331,6.872,53.9,54.1,6,Phi-3-mini-Q4,llama.cpp,"decode-only (16 prompt tokens, 32 output)",expanded_rate_table
2026-05-15T03:42:09.719111,GPU306_CPU1497,306,1497,306,1497,tiny_tiny,decode,32,32,2,81.74535282887518,80.44185197251218,2575.5524868145585,32,12.424518686310128,49.062,16.354,18.204,1.5331875,0.6522359463535935,7.919,1.53,6.905,54.0,54.2,6,Phi-3-mini-Q4,llama.cpp,"decode-only (16 prompt tokens, 32 output)",expanded_rate_table
2026-05-15T03:42:20.844170,GPU306_CPU1497,306,1497,306,1497,tiny_short,decode,32,128,0,81.84109511785209,80.57558281149157,10315.279266098514,128,12.408776989749175,184.684,17.589,18.616,1.44284375,0.6930757401832319,8.652,1.635,7.302,54.1,54.5,21,Phi-3-mini-Q4,llama.cpp,"decode-only (16 prompt tokens, 128 output)",expanded_rate_table
2026-05-15T03:42:31.963381,GPU306_CPU1497,306,1497,306,1497,tiny_short,decode,32,128,1,82.06579298712313,80.52600855117767,10309.201026102528,128,12.41609312650986,182.933,17.422,18.217,1.4291640625,0.6997097297917817,8.652,1.483,7.287,54.1,54.5,21,Phi-3-mini-Q4,llama.cpp,"decode-only (16 prompt tokens, 128 output)",expanded_rate_table
2026-05-15T03:42:43.080548,GPU306_CPU1497,306,1497,306,1497,tiny_short,decode,32,128,2,81.92573813721538,80.51236368547099,10307.341895997524,128,12.41833261102012,183.265,17.454,18.205,1.4317578125,0.6984421466182851,8.671,1.464,7.319,54.2,54.5,21,Phi-3-mini-Q4,llama.cpp,"decode-only (16 prompt tokens, 128 output)",expanded_rate_table
2026-05-15T03:43:27.722072,GPU306_CPU1497,306,1497,306,1497,tiny_long,decode,32,512,0,81.84433681890368,85.60177965186274,43825.68296394311,512,11.682647374171896,784.851,18.043,19.105,1.532912109375,0.6523531218027371,8.79,1.904,7.349,54.4,55.9,87,Phi-3-mini-Q4,llama.cpp,"decode-only (16 prompt tokens, 512 output)",expanded_rate_table
2026-05-15T03:44:12.392592,GPU306_CPU1497,306,1497,306,1497,tiny_long,decode,32,512,1,87.56818086840212,85.64749942115579,43854.75789895281,512,11.67490198394701,771.826,17.743,19.604,1.50747265625,0.663361949454929,8.799,1.615,7.329,54.4,55.1,87,Phi-3-mini-Q4,llama.cpp,"decode-only (16 prompt tokens, 512 output)",expanded_rate_table
2026-05-15T03:44:57.072956,GPU306_CPU1497,306,1497,306,1497,tiny_long,decode,32,512,2,87.43271208368242,85.66674370858125,43864.463589154184,512,11.67231873152544,757.493,17.414,18.705,1.479478515625,0.675913836827535,8.794,1.289,7.33,54.4,55.0,87,Phi-3-mini-Q4,llama.cpp,"decode-only (16 prompt tokens, 512 output)",expanded_rate_table
2026-05-15T03:45:00.463735,GPU306_CPU1497,306,1497,306,1497,short_tiny,decode,128,32,0,87.40155817940831,80.47551048108407,2582.2463461663574,32,12.392311077332995,46.473,15.491,16.918,1.45228125,0.6885718589288404,7.919,0.732,6.84,54.0,54.2,6,Phi-3-mini-Q4,llama.cpp,"decode-only (16 prompt tokens, 32 output)",expanded_rate_table
2026-05-15T03:45:03.845223,GPU306_CPU1497,306,1497,306,1497,short_tiny,decode,128,32,1,81.9431571289897,80.36235051469937,2573.281330987811,32,12.43548445894802,46.47,15.49,16.906,1.4521875,0.688616311598881,7.92,0.732,6.838,54.0,54.2,6,Phi-3-mini-Q4,llama.cpp,"decode-only (16 prompt tokens, 32 output)",expanded_rate_table
2026-05-15T03:45:07.226752,GPU306_CPU1497,306,1497,306,1497,short_tiny,decode,128,32,2,81.95128501392901,80.35726151278904,2573.1347068212926,32,12.436193066445021,46.232,15.411,16.918,1.44475,0.6921612735767434,7.92,0.665,6.826,54.0,54.0,6,Phi-3-mini-Q4,llama.cpp,"decode-only (16 prompt tokens, 32 output)",expanded_rate_table
2026-05-15T03:45:13.182835,GPU306_CPU1497,306,1497,306,1497,short_short,decode,128,64,0,82.04849879257381,80.3960533332198,5147.181259933859,64,12.433989938955909,89.71,16.311,17.418,1.40171875,0.7134098762679746,8.386,0.798,7.127,54.0,54.5,11,Phi-3-mini-Q4,llama.cpp,"decode-only (16 prompt tokens, 64 output)",expanded_rate_table
2026-05-15T03:45:19.140245,GPU306_CPU1497,306,1497,306,1497,short_short,decode,128,64,1,82.00696506537497,80.41691641131091,5148.450643988326,64,12.430924257714437,89.178,16.214,17.018,1.39340625,0.7176657920114827,8.35,0.762,7.103,53.9,54.2,11,Phi-3-mini-Q4,llama.cpp,"decode-only (16 prompt tokens, 64 output)",expanded_rate_table
2026-05-15T03:45:25.098547,GPU306_CPU1497,306,1497,306,1497,short_short,decode,128,64,2,81.80271903984249,80.43463139735636,5149.391144979745,64,12.428653834617906,90.557,16.465,17.805,1.414953125,0.7067371931490664,8.386,0.943,7.136,54.0,54.3,11,Phi-3-mini-Q4,llama.cpp,"decode-only (16 prompt tokens, 64 output)",expanded_rate_table
2026-05-15T03:45:46.666346,GPU306_CPU1497,306,1497,306,1497,short_long,decode,128,256,0,81.90342108719051,81.07192757192487,20755.888926098123,256,12.333849006009551,351.278,16.728,17.406,1.3721796875,0.7287675288517925,8.652,0.808,7.268,54.0,54.3,42,Phi-3-mini-Q4,llama.cpp,"decode-only (16 prompt tokens, 256 output)",expanded_rate_table
2026-05-15T03:46:08.297286,GPU306_CPU1497,306,1497,306,1497,short_long,decode,128,256,1,87.30486989952624,81.29854130595191,20819.084044080228,256,12.296410325159908,351.61,16.743,17.306,1.3734765625,0.7280794061602344,8.68,0.789,7.274,54.0,54.3,42,Phi-3-mini-Q4,llama.cpp,"decode-only (16 prompt tokens, 256 output)",expanded_rate_table
2026-05-15T03:46:29.933137,GPU306_CPU1497,306,1497,306,1497,short_long,decode,128,256,2,87.26119692437351,81.31792034095555,20823.98272980936,256,12.293517686870635,351.051,16.717,17.018,1.37129296875,0.7292387715745006,8.661,0.779,7.276,54.0,54.3,42,Phi-3-mini-Q4,llama.cpp,"decode-only (16 prompt tokens, 256 output)",expanded_rate_table
2026-05-15T03:46:33.330579,GPU306_CPU1497,306,1497,306,1497,medium_tiny,decode,512,32,0,87.24280400201678,80.67792244706183,2588.389754993841,32,12.362898569762011,46.514,15.504,16.903,1.4535625,0.6879649137893967,7.918,0.732,6.855,54.0,54.2,6,Phi-3-mini-Q4,llama.cpp,"decode-only (16 prompt tokens, 32 output)",expanded_rate_table
2026-05-15T03:46:36.721671,GPU306_CPU1497,306,1497,306,1497,medium_tiny,decode,512,32,1,82.0597498677671,80.6282601664744,2581.644993973896,32,12.395197664549057,46.669,15.556,16.915,1.45840625,0.6856800017142001,7.918,0.798,6.84,53.9,54.1,6,Phi-3-mini-Q4,llama.cpp,"decode-only (16 prompt tokens, 32 output)",expanded_rate_table
2026-05-15T03:46:40.112809,GPU306_CPU1497,306,1497,306,1497,medium_tiny,decode,512,32,2,82.4419108685106,80.64569603471506,2582.56120281294,32,12.390800250985503,46.416,15.472,16.906,1.4505,0.6894174422612892,7.919,0.732,6.822,53.9,54.2,6,Phi-3-mini-Q4,llama.cpp,"decode-only (16 prompt tokens, 32 output)",expanded_rate_table
2026-05-15T03:46:51.258426,GPU306_CPU1497,306,1497,306,1497,medium_short,decode,512,128,0,82.1042931638658,80.7343699445024,10335.709134116769,128,12.384249434563655,173.957,16.567,17.006,1.3590390625,0.7358140230056853,8.613,0.703,7.251,54.0,54.2,21,Phi-3-mini-Q4,llama.cpp,"decode-only (16 prompt tokens, 128 output)",expanded_rate_table
2026-05-15T03:47:02.408358,GPU306_CPU1497,306,1497,306,1497,medium_short,decode,512,128,1,82.47701707296073,80.76469536951383,10339.920578990132,128,12.379205335492177,174.318,16.602,17.018,1.361859375,0.7342902052570589,8.614,0.741,7.247,53.9,54.2,21,Phi-3-mini-Q4,llama.cpp,"decode-only (16 prompt tokens, 128 output)",expanded_rate_table
2026-05-15T03:47:13.556816,GPU306_CPU1497,306,1497,306,1497,medium_short,decode,512,128,2,82.03214104287326,80.75913507858013,10338.776843156666,128,12.380574795433796,174.662,16.634,17.018,1.364546875,0.7328440072826373,8.614,0.779,7.242,53.9,54.2,21,Phi-3-mini-Q4,llama.cpp,"decode-only (16 prompt tokens, 128 output)",expanded_rate_table
2026-05-15T03:47:55.142217,GPU306_CPU1497,306,1497,306,1497,medium_long,decode,512,512,0,82.2122001554817,85.46863595121785,40770.364677067846,476,11.675146979191389,690.378,17.046,18.205,1.450373949579832,0.6894773587802624,8.75,1.02,7.276,54.0,54.5,81,Phi-3-mini-Q4,llama.cpp,"decode-only (16 prompt tokens, 512 output)",expanded_rate_table
2026-05-15T03:48:39.847820,GPU306_CPU1497,306,1497,306,1497,medium_long,decode,512,512,1,87.64469297602773,85.71567567504593,43889.67804610729,512,11.665613027785945,741.892,17.055,18.216,1.4490078125,0.6901274039887206,8.748,1.023,7.284,54.0,54.5,87,Phi-3-mini-Q4,llama.cpp,"decode-only (16 prompt tokens, 512 output)",expanded_rate_table
2026-05-15T03:49:24.457676,GPU306_CPU1497,306,1497,306,1497,medium_long,decode,512,512,2,87.39069616422057,85.5287661837002,43793.96897600964,512,11.691107519404644,728.918,16.757,17.418,1.42366796875,0.7024109707813498,8.753,0.748,7.256,53.9,54.2,87,Phi-3-mini-Q4,llama.cpp,"decode-only (16 prompt tokens, 512 output)",expanded_rate_table
2026-05-15T03:49:27.852582,GPU306_CPU1497,306,1497,306,1497,long_tiny,decode,1024,32,0,87.62039011344314,80.59908680227255,2586.3048450555652,32,12.372864730612411,46.67,15.557,16.906,1.4584375,0.6856653096207413,7.92,0.798,6.838,53.9,54.0,6,Phi-3-mini-Q4,llama.cpp,"decode-only (16 prompt tokens, 32 output)",expanded_rate_table
2026-05-15T03:49:31.232990,GPU306_CPU1497,306,1497,306,1497,long_tiny,decode,1024,32,1,81.93453797139227,80.32188967861715,2572.020696941763,32,12.441579509079883,46.22,15.407,16.906,1.444375,0.6923409779316313,7.92,0.665,6.822,53.7,53.9,6,Phi-3-mini-Q4,llama.cpp,"decode-only (16 prompt tokens, 32 output)",expanded_rate_table
2026-05-15T03:49:34.613528,GPU306_CPU1497,306,1497,306,1497,long_tiny,decode,1024,32,2,81.73438697122037,80.32480100049607,2571.9128139317036,32,12.44210139109706,46.325,15.442,16.918,1.44765625,0.6907717215326498,7.92,0.665,6.857,53.8,54.2,6,Phi-3-mini-Q4,llama.cpp,"decode-only (16 prompt tokens, 32 output)",expanded_rate_table
2026-05-15T03:49:45.725929,GPU306_CPU1497,306,1497,306,1497,long_medium,decode,1024,128,0,81.72625885345042,80.47705825315569,10302.655139937997,128,12.423981804827287,174.605,16.629,17.006,1.3641015625,0.733083245038802,8.613,0.779,7.237,53.8,54.3,21,Phi-3-mini-Q4,llama.cpp,"decode-only (16 prompt tokens, 128 output)",expanded_rate_table
2026-05-15T03:49:56.842545,GPU306_CPU1497,306,1497,306,1497,long_medium,decode,1024,128,1,81.92017395049334,80.50985347963577,10307.017567800358,128,12.418723375409629,174.992,16.666,17.018,1.367125,0.7314620096918717,8.614,0.798,7.254,53.8,54.2,21,Phi-3-mini-Q4,llama.cpp,"decode-only (16 prompt tokens, 128 output)",expanded_rate_table
2026-05-15T03:50:07.953796,GPU306_CPU1497,306,1497,306,1497,long_medium,decode,1024,128,2,81.833970034495,80.4675335750189,10301.551137119532,128,12.425313265570093,173.716,16.544,17.006,1.35715625,0.7368348338667711,8.614,0.703,7.228,53.8,54.0,21,Phi-3-mini-Q4,llama.cpp,"decode-only (16 prompt tokens, 128 output)",expanded_rate_table
2026-05-15T03:50:13.906705,GPU306_CPU1497,306,1497,306,1497,xlong_short,decode,2048,64,0,81.90884906798601,80.34958266505292,5144.110534107313,64,12.441412286080725,88.944,16.172,17.018,1.38975,0.7195538765965102,8.349,0.726,7.097,53.8,54.0,11,Phi-3-mini-Q4,llama.cpp,"decode-only (16 prompt tokens, 64 output)",expanded_rate_table
2026-05-15T03:50:19.859935,GPU306_CPU1497,306,1497,306,1497,xlong_short,decode,2048,64,1,81.76053501665592,80.35312415958042,5144.1849819384515,64,12.44123223109354,89.06,16.193,17.306,1.3915625,0.7186166629238715,8.386,0.726,7.081,53.7,54.0,11,Phi-3-mini-Q4,llama.cpp,"decode-only (16 prompt tokens, 64 output)",expanded_rate_table
2026-05-15T03:50:25.813474,GPU306_CPU1497,306,1497,306,1497,xlong_short,decode,2048,64,2,81.78069605492055,80.36132880841338,5144.723636098206,64,12.4399296302217,88.951,16.173,16.918,1.389859375,0.7194972512956572,8.313,0.798,7.062,53.7,54.0,11,Phi-3-mini-Q4,llama.cpp,"decode-only (16 prompt tokens, 64 output)",expanded_rate_table
2026-05-15T03:50:36.926563,GPU306_CPU1497,306,1497,306,1497,xlong_medium,decode,2048,128,0,81.79215202108026,80.48150024384142,10303.284334018826,128,12.423223105410818,175.504,16.715,17.818,1.371125,0.7293281064819036,8.652,0.817,7.246,53.8,54.2,21,Phi-3-mini-Q4,llama.cpp,"decode-only (16 prompt tokens, 128 output)",expanded_rate_table
2026-05-15T03:50:48.037682,GPU306_CPU1497,306,1497,306,1497,xlong_medium,decode,2048,128,1,81.94523490965366,80.4644312368574,10301.261300919577,128,12.425662864077978,174.112,16.582,16.918,1.36025,0.7351589781290204,8.613,0.741,7.228,53.8,54.1,21,Phi-3-mini-Q4,llama.cpp,"decode-only (16 prompt tokens, 128 output)",expanded_rate_table
2026-05-15T03:50:59.153399,GPU306_CPU1497,306,1497,306,1497,xlong_medium,decode,2048,128,2,82.17117981985211,80.49906256762664,10305.88766396977,128,12.420084923640156,174.218,16.592,17.306,1.361078125,0.7347116830637478,8.633,0.722,7.237,53.8,54.0,21,Phi-3-mini-Q4,llama.cpp,"decode-only (16 prompt tokens, 128 output)",expanded_rate_table
2026-05-15T03:51:43.741296,GPU306_CPU1497,306,1497,306,1497,xlong_long,decode,2048,512,0,81.91794296726584,85.49644128937062,43771.93974098191,512,11.696991338052012,729.326,16.766,17.018,1.42446484375,0.7020180276035682,8.744,0.77,7.252,53.8,54.2,87,Phi-3-mini-Q4,llama.cpp,"decode-only (16 prompt tokens, 512 output)",expanded_rate_table
2026-05-15T03:52:28.333644,GPU306_CPU1497,306,1497,306,1497,xlong_long,decode,2048,512,1,87.7491410356015,85.4927056829888,43775.9557031095,512,11.695918267836504,728.836,16.755,17.018,1.4235078125,0.7024899977498367,8.744,0.757,7.254,53.8,54.0,87,Phi-3-mini-Q4,llama.cpp,"decode-only (16 prompt tokens, 512 output)",expanded_rate_table
2026-05-15T03:53:12.945822,GPU306_CPU1497,306,1497,306,1497,xlong_long,decode,2048,512,2,87.40218402817845,85.53348079646359,43796.37721693143,512,11.690464657932111,729.972,16.781,18.705,1.4257265625,0.7013967659033498,8.762,0.775,7.244,53.8,54.5,87,Phi-3-mini-Q4,llama.cpp,"decode-only (16 prompt tokens, 512 output)",expanded_rate_table
2026-05-15T03:53:24.363779,GPU612_CPU1036,612,1036,612,1036,tiny_tiny,mixed,32,32,0,44.01565785519779,42.4260386160665,1359.3670409172773,32,23.54036771290773,32.045,21.364,23.196,1.00140625,0.9985957247620533,13.04,0.399,7.925,53.8,53.9,3,Phi-3-mini-Q4,llama.cpp,,expanded_rate_table
2026-05-15T03:53:26.534015,GPU612_CPU1036,612,1036,612,1036,tiny_tiny,mixed,32,32,1,44.108229922130704,42.45001403614879,1360.2025310974568,32,23.52590828821744,30.494,20.329,23.101,0.9529375,1.0493867646094315,12.243,0.532,7.554,53.8,53.9,3,Phi-3-mini-Q4,llama.cpp,,expanded_rate_table
2026-05-15T03:53:28.703253,GPU612_CPU1036,612,1036,612,1036,tiny_tiny,mixed,32,32,2,43.885519029572606,42.42219277206929,1359.1163381934166,32,23.544709971285815,30.294,20.196,23.101,0.9466875,1.0563147818049778,12.243,0.399,7.554,53.7,54.0,3,Phi-3-mini-Q4,llama.cpp,,expanded_rate_table
2026-05-15T03:53:34.974135,GPU612_CPU1036,612,1036,612,1036,tiny_short,mixed,32,128,0,43.908654944971204,42.643031158565186,5460.042650112882,128,23.443040320821247,125.495,22.817,24.101,0.9804296875,1.019960954619706,14.084,0.472,8.262,54.0,54.5,11,Phi-3-mini-Q4,llama.cpp,,expanded_rate_table
2026-05-15T03:53:41.245596,GPU612_CPU1036,612,1036,612,1036,tiny_short,mixed,32,128,1,44.444570085033774,42.64105887401585,5460.334420204163,128,23.44178765431991,125.352,22.791,23.702,0.9793125,1.021124513370349,14.085,0.435,8.271,54.2,54.5,11,Phi-3-mini-Q4,llama.cpp,,expanded_rate_table
2026-05-15T03:53:47.517266,GPU612_CPU1036,612,1036,612,1036,tiny_short,mixed,32,128,2,44.179716147482395,42.64661461283548,5460.778345121071,128,23.439881993079158,125.296,22.781,23.802,0.978875,1.0215808964372366,14.084,0.399,8.298,54.3,54.5,11,Phi-3-mini-Q4,llama.cpp,,expanded_rate_table
2026-05-15T03:54:11.758297,GPU612_CPU1036,612,1036,612,1036,tiny_long,mixed,32,512,0,44.163716956973076,45.751748820256495,23425.225464161485,512,21.856780024735066,538.684,22.923,24.0,1.0521171875,0.9504644652523558,14.121,0.475,8.326,54.7,55.0,47,Phi-3-mini-Q4,llama.cpp,,expanded_rate_table
2026-05-15T03:54:35.907399,GPU612_CPU1036,612,1036,612,1036,tiny_long,mixed,32,512,1,48.9180579315871,45.56255376899575,23333.253871882334,512,21.942931869308808,535.332,22.78,24.101,1.0455703125,0.9564158316708137,14.011,0.441,8.328,55.1,55.4,47,Phi-3-mini-Q4,llama.cpp,,expanded_rate_table
2026-05-15T03:54:50.295202,GPU612_CPU1036,612,1036,612,1036,tiny_long,mixed,32,512,2,49.45070995017886,43.89950021242887,13574.514606967568,308,22.689577411623162,311.518,23.075,24.201,1.0114220779220777,0.9887069126021611,14.154,0.532,8.389,55.4,55.7,27,Phi-3-mini-Q4,llama.cpp,,expanded_rate_table
2026-05-15T03:54:52.544268,GPU612_CPU1036,612,1036,612,1036,short_tiny,mixed,128,32,0,115.76366401277483,42.67671651717636,1438.8905100058764,32,22.239357183521427,37.399,18.7,22.702,1.16871875,0.8556378512794459,10.981,0.499,7.22,55.2,55.5,4,Phi-3-mini-Q4,llama.cpp,,expanded_rate_table
2026-05-15T03:54:54.713975,GPU612_CPU1036,612,1036,612,1036,short_tiny,mixed,128,32,1,45.587087981402874,42.38054874323068,1359.5313250552863,32,23.53752312305029,30.346,20.231,23.201,0.9483125,1.0545047123179332,12.245,0.399,7.587,55.1,55.2,3,Phi-3-mini-Q4,llama.cpp,,expanded_rate_table
2026-05-15T03:54:56.884568,GPU612_CPU1036,612,1036,612,1036,short_tiny,mixed,128,32,2,45.60788697563112,42.416156194503266,1360.6545471120626,32,23.518092867817757,30.396,20.264,22.802,0.949875,1.0527701013291222,12.112,0.532,7.62,55.1,55.2,3,Phi-3-mini-Q4,llama.cpp,,expanded_rate_table
2026-05-15T03:55:00.413181,GPU612_CPU1036,612,1036,612,1036,short_short,mixed,128,64,0,45.27199687436223,42.42902973090254,2718.558236025274,64,23.541890385829134,64.695,21.565,23.302,1.010859375,0.9892572841796121,13.176,0.399,7.99,55.3,55.5,6,Phi-3-mini-Q4,llama.cpp,,expanded_rate_table
2026-05-15T03:55:03.943251,GPU612_CPU1036,612,1036,612,1036,short_short,mixed,128,64,1,45.44850206002593,42.43459866663057,2719.080080045387,64,23.537372242060524,65.599,21.866,23.702,1.024984375,0.9756246284242137,13.311,0.532,8.024,55.3,55.6,6,Phi-3-mini-Q4,llama.cpp,,expanded_rate_table
2026-05-15T03:55:07.475569,GPU612_CPU1036,612,1036,612,1036,short_short,mixed,128,64,2,45.42591096833348,42.480246267384956,2721.971877850592,64,23.51236635498882,65.247,21.749,24.201,1.019484375,0.9808880101767131,13.243,0.466,8.04,55.3,55.7,6,Phi-3-mini-Q4,llama.cpp,,expanded_rate_table
2026-05-15T03:55:19.624737,GPU612_CPU1036,612,1036,612,1036,short_long,mixed,128,256,0,45.25794996879995,44.27627112953832,11336.646250914782,256,22.581634315293442,263.913,22.949,24.101,1.03091015625,0.9700166342696267,14.029,0.555,8.365,55.5,56.2,23,Phi-3-mini-Q4,llama.cpp,,expanded_rate_table
2026-05-15T03:55:31.784908,GPU612_CPU1036,612,1036,612,1036,short_long,mixed,128,256,1,49.60488108918071,44.30171927784149,11347.468507941812,256,22.560097859785373,261.755,22.761,23.702,1.02248046875,0.978013791522607,13.976,0.451,8.334,55.7,56.1,23,Phi-3-mini-Q4,llama.cpp,,expanded_rate_table
2026-05-15T03:55:43.987025,GPU612_CPU1036,612,1036,612,1036,short_long,mixed,128,256,2,49.812905956059694,44.46513603130976,11389.393052086234,256,22.477053766540052,267.01,23.218,24.201,1.0430078125,0.9587655893037714,13.924,0.885,8.409,56.0,56.4,23,Phi-3-mini-Q4,llama.cpp,,expanded_rate_table
2026-05-15T03:55:46.699787,GPU612_CPU1036,612,1036,612,1036,medium_tiny,mixed,512,32,0,438.23287915438414,47.23273325831659,1902.6078910101205,32,16.819019910093385,40.0,20.0,23.101,1.25,0.8,11.779,0.798,7.423,55.8,56.0,4,Phi-3-mini-Q4,llama.cpp,,expanded_rate_table
2026-05-15T03:55:49.015057,GPU612_CPU1036,612,1036,612,1036,medium_tiny,mixed,512,32,1,51.16635700687766,46.896344133382364,1505.1085390150547,32,21.260925156228833,39.056,19.528,22.602,1.2205,0.8193363375665711,11.182,0.898,7.448,55.7,55.8,4,Phi-3-mini-Q4,llama.cpp,,expanded_rate_table
2026-05-15T03:55:51.342839,GPU612_CPU1036,612,1036,612,1036,medium_tiny,mixed,512,32,2,51.65142589248717,47.272332425739975,1517.2553239390254,32,21.090715250827486,40.307,20.154,23.702,1.25959375,0.7939067655742178,11.382,1.098,7.674,56.0,56.2,4,Phi-3-mini-Q4,llama.cpp,,expanded_rate_table
2026-05-15T03:57:12.919358,GPU612_CPU1036,612,1036,612,1036,medium_short,mixed,512,128,0,51.42209096811712,47.13555848717279,6038.1667979527265,128,21.198486938684617,30.902,20.601,23.201,0.241421875,4.142126723189437,11.979,0.798,7.824,55.7,55.8,3,Phi-3-mini-Q4,llama.cpp,,expanded_rate_table
2026-05-15T03:57:17.284041,GPU612_CPU1036,612,1036,612,1036,medium_short,mixed,512,128,1,136.91957807168365,26.899393889906367,3553.6500699818134,128,36.01930338646289,158.168,39.542,46.076,1.2356875,0.8092660968084568,29.094,1.297,9.151,54.2,55.0,8,Phi-3-mini-Q4,llama.cpp,,expanded_rate_table
2026-05-15T03:57:21.541558,GPU612_CPU1036,612,1036,612,1036,medium_short,mixed,512,128,2,82.69164199009538,40.04695636796809,3447.1144538838416,85,24.658305123646546,146.018,41.719,45.59,1.7178588235294119,0.5821200126011862,31.765,0.513,9.441,55.0,55.5,7,Phi-3-mini-Q4,llama.cpp,,expanded_rate_table
2026-05-15T03:57:35.869560,GPU612_CPU1036,612,1036,612,1036,medium_long,mixed,512,512,0,30.023260973393917,26.384878677175674,13514.58854204975,512,37.884986169349204,600.491,44.481,46.291,1.172833984375,0.8526355932062263,33.95,0.488,10.043,56.4,57.3,27,Phi-3-mini-Q4,llama.cpp,,expanded_rate_table
2026-05-15T03:57:58.475383,GPU612_CPU1036,612,1036,612,1036,medium_long,mixed,512,512,1,33.85152597911656,42.57305584157181,21790.564991999418,512,23.4964077428917,556.328,25.288,45.177,1.086578125,0.9203203865345624,16.091,0.553,8.644,56.3,57.2,44,Phi-3-mini-Q4,llama.cpp,,expanded_rate_table
2026-05-15T03:58:22.527899,GPU612_CPU1036,612,1036,612,1036,medium_long,mixed,512,512,2,55.77618908137083,45.36025204883484,23236.665475880727,512,22.034142572282907,545.04,23.193,24.402,1.06453125,0.9393805959195656,14.215,0.484,8.494,56.1,56.5,47,Phi-3-mini-Q4,llama.cpp,,expanded_rate_table
2026-05-15T03:58:25.329257,GPU612_CPU1036,612,1036,612,1036,long_tiny,mixed,1024,32,0,645.7372179720551,43.3873270953735,1990.9099559299648,32,16.073052377224478,47.0,18.8,23.801,1.46875,0.6808510638297872,11.181,0.479,7.14,55.9,56.2,5,Phi-3-mini-Q4,llama.cpp,,expanded_rate_table
2026-05-15T03:58:27.523710,GPU612_CPU1036,612,1036,612,1036,long_tiny,mixed,1024,32,1,49.422146985307336,43.06817313115443,1384.7007600124925,32,23.10968616765351,30.6,20.4,23.402,0.95625,1.0457516339869282,12.243,0.399,7.757,55.9,56.1,3,Phi-3-mini-Q4,llama.cpp,,expanded_rate_table
2026-05-15T03:58:28.382548,GPU612_CPU1036,612,1036,612,1036,long_tiny,mixed,1024,32,2,49.548669019714,49.548669019714,49.548669019714,0,0.0,5.349,10.698,10.698,0.0,0.0,5.191,0.399,5.108,55.8,55.8,1,Phi-3-mini-Q4,llama.cpp,,expanded_rate_table
2026-05-15T03:58:34.812568,GPU612_CPU1036,612,1036,612,1036,long_medium,mixed,1024,128,0,49.52543508261442,43.85073867619155,5619.093048153445,128,22.77947684850379,135.002,22.5,23.902,1.054703125,0.9481341017170115,13.743,0.432,8.325,55.9,56.1,12,Phi-3-mini-Q4,llama.cpp,,expanded_rate_table
2026-05-15T03:58:41.245063,GPU612_CPU1036,612,1036,612,1036,long_medium,mixed,1024,128,1,54.10529696382582,43.83289577131431,5621.375502087176,128,22.77022766980689,136.065,22.678,24.003,1.0630078125,0.9407268584867526,13.811,0.466,8.401,56.0,56.2,12,Phi-3-mini-Q4,llama.cpp,,expanded_rate_table
2026-05-15T03:58:47.679852,GPU612_CPU1036,612,1036,612,1036,long_medium,mixed,1024,128,2,53.95283596590161,43.85334069246617,5623.821625951678,128,22.76032358660371,135.714,22.619,24.301,1.060265625,0.9431598803365902,13.811,0.432,8.376,56.1,56.3,12,Phi-3-mini-Q4,llama.cpp,,expanded_rate_table
2026-05-15T03:58:52.799944,GPU612_CPU1036,612,1036,612,1036,xlong_short,mixed,2048,64,0,1351.9871768075973,46.93817141436277,4309.422563994303,64,14.851177634499573,95.256,21.168,24.402,1.488375,0.6718736877467036,12.868,0.443,7.857,56.0,56.2,9,Phi-3-mini-Q4,llama.cpp,,expanded_rate_table
2026-05-15T03:58:56.615278,GPU612_CPU1036,612,1036,612,1036,xlong_short,mixed,2048,64,1,57.979504810646176,46.77122790691635,3004.86282678321,64,21.298809193401283,75.062,21.446,24.003,1.17284375,0.8526284937784765,12.95,0.399,8.097,56.0,56.1,7,Phi-3-mini-Q4,llama.cpp,,expanded_rate_table
2026-05-15T03:59:00.430904,GPU612_CPU1036,612,1036,612,1036,xlong_short,mixed,2048,64,2,57.87789891473949,46.77608962141214,3005.0616210792214,64,21.297400210054725,75.312,21.518,24.103,1.17675,0.8497981729339282,12.95,0.399,8.169,56.0,56.3,7,Phi-3-mini-Q4,llama.cpp,,expanded_rate_table
2026-05-15T03:59:07.257593,GPU612_CPU1036,612,1036,612,1036,xlong_medium,mixed,2048,128,0,57.98355094157159,46.904278700936615,6015.339834848419,128,21.27893078599864,147.12,22.634,24.003,1.149375,0.8700380641653072,13.762,0.43,8.442,56.1,56.4,13,Phi-3-mini-Q4,llama.cpp,,expanded_rate_table
2026-05-15T03:59:14.084340,GPU612_CPU1036,612,1036,612,1036,xlong_medium,mixed,2048,128,1,57.76852904818952,46.90576598458872,6015.318881953135,128,21.2790049059609,147.07,22.626,24.402,1.148984375,0.8703338546270484,13.762,0.43,8.434,56.2,56.5,13,Phi-3-mini-Q4,llama.cpp,,expanded_rate_table
2026-05-15T03:59:20.913105,GPU612_CPU1036,612,1036,612,1036,xlong_medium,mixed,2048,128,2,57.967516826465726,46.92033269281286,6017.365601845086,128,21.271767160159218,147.169,22.641,24.402,1.1497578125,0.8697483845103248,13.762,0.46,8.419,56.2,56.5,13,Phi-3-mini-Q4,llama.cpp,,expanded_rate_table
2026-05-15T03:59:42.334068,GPU612_CPU1036,612,1036,612,1036,xlong_long,mixed,2048,512,0,57.71415890194476,46.911712212688386,20606.0572208371,438,21.25588584491986,489.4,23.873,24.502,1.117351598173516,0.894973436861463,14.63,0.448,8.796,56.4,56.7,41,Phi-3-mini-Q4,llama.cpp,,expanded_rate_table
2026-05-15T04:00:07.266235,GPU612_CPU1036,612,1036,612,1036,xlong_long,mixed,2048,512,1,62.155001098290086,47.06892769450209,24116.340380162,512,21.230418543153796,573.516,23.896,24.602,1.1201484375,0.892738825072012,14.651,0.416,8.83,56.6,56.9,48,Phi-3-mini-Q4,llama.cpp,,expanded_rate_table
2026-05-15T04:00:29.581108,GPU612_CPU1036,612,1036,612,1036,xlong_long,mixed,2048,512,2,62.911055982112885,47.00866079131899,21499.700646148995,456,21.209597636033983,513.956,23.905,24.901,1.1270964912280703,0.8872354831931137,14.637,0.455,8.814,56.8,57.2,43,Phi-3-mini-Q4,llama.cpp,,expanded_rate_table
2026-05-15T04:00:31.778754,GPU612_CPU1036,612,1036,612,1036,tiny_tiny,decode,32,32,0,50.40686996653676,43.13534303688474,1387.7452209126204,32,23.058987714586326,29.554,19.702,22.802,0.9235625,1.0827637544833186,11.713,0.399,7.59,56.6,56.8,3,Phi-3-mini-Q4,llama.cpp,"decode-only (16 prompt tokens, 32 output)",expanded_rate_table
2026-05-15T04:00:33.969062,GPU612_CPU1036,612,1036,612,1036,tiny_tiny,decode,32,32,1,45.021966099739075,43.067041416502285,1380.2454320248216,32,23.184282488844005,30.002,20.002,22.802,0.9375625,1.0665955602959802,11.846,0.532,7.624,56.5,56.7,3,Phi-3-mini-Q4,llama.cpp,"decode-only (16 prompt tokens, 32 output)",expanded_rate_table
2026-05-15T04:00:36.152846,GPU612_CPU1036,612,1036,612,1036,tiny_tiny,decode,32,32,2,45.58112099766731,42.84381003479563,1373.8888299558312,32,23.291549725336044,29.753,19.835,22.802,0.92978125,1.0755217961213994,11.846,0.399,7.59,56.4,56.6,3,Phi-3-mini-Q4,llama.cpp,"decode-only (16 prompt tokens, 32 output)",expanded_rate_table
2026-05-15T04:00:42.393184,GPU612_CPU1036,612,1036,612,1036,tiny_short,decode,32,128,0,45.2329320833087,42.39000838550585,5429.241396021098,128,23.576037730392084,125.409,22.802,23.802,0.9797578125,1.020660399173903,14.049,0.435,8.317,56.5,56.9,11,Phi-3-mini-Q4,llama.cpp,"decode-only (16 prompt tokens, 128 output)",expanded_rate_table
2026-05-15T04:00:48.653262,GPU612_CPU1036,612,1036,612,1036,tiny_short,decode,32,128,1,45.0621098279953,42.54729505518349,5449.042429914698,128,23.490365811301597,124.81,22.693,23.802,0.975078125,1.0255588494511658,13.941,0.435,8.317,56.6,56.9,11,Phi-3-mini-Q4,llama.cpp,"decode-only (16 prompt tokens, 128 output)",expanded_rate_table
2026-05-15T04:00:54.910222,GPU612_CPU1036,612,1036,612,1036,tiny_short,decode,32,128,2,45.29716796241701,42.520373676514886,5445.870632072911,128,23.504047129977124,124.711,22.675,24.101,0.9743046875,1.0263729743166201,13.941,0.435,8.299,56.6,57.0,11,Phi-3-mini-Q4,llama.cpp,"decode-only (16 prompt tokens, 128 output)",expanded_rate_table
2026-05-15T04:01:12.428984,GPU612_CPU1036,612,1036,612,1036,tiny_long,decode,32,512,0,45.16951087862253,44.53429920116974,16704.675326822326,374,22.38894157969515,387.536,22.796,24.201,1.036192513368984,0.9650716320548285,14.001,0.434,8.361,56.7,57.0,34,Phi-3-mini-Q4,llama.cpp,"decode-only (16 prompt tokens, 512 output)",expanded_rate_table
2026-05-15T04:01:38.855069,GPU612_CPU1036,612,1036,612,1036,tiny_long,decode,32,512,1,49.92536315694451,50.01384186295979,25608.89122216031,512,19.993056144381125,571.096,22.396,24.201,1.115421875,0.8965217756734419,13.664,0.516,8.216,56.8,57.1,51,Phi-3-mini-Q4,llama.cpp,"decode-only (16 prompt tokens, 512 output)",expanded_rate_table
2026-05-15T04:02:02.998631,GPU612_CPU1036,612,1036,612,1036,tiny_long,decode,32,512,2,49.71210705116391,45.550174627967046,23327.803910011426,512,21.9480582902306,535.299,22.779,24.201,1.045505859375,0.9564747925925511,14.003,0.424,8.352,56.8,57.1,47,Phi-3-mini-Q4,llama.cpp,"decode-only (16 prompt tokens, 512 output)",expanded_rate_table
2026-05-15T04:02:05.196947,GPU612_CPU1036,612,1036,612,1036,short_tiny,decode,128,32,0,49.73699804395437,43.1721760035162,1388.2228990551084,32,23.051053272338862,29.853,19.902,22.802,0.93290625,1.0719190701102066,11.713,0.532,7.657,56.6,56.8,3,Phi-3-mini-Q4,llama.cpp,"decode-only (16 prompt tokens, 32 output)",expanded_rate_table
2026-05-15T04:02:07.379092,GPU612_CPU1036,612,1036,612,1036,short_tiny,decode,128,32,1,45.06547492928803,42.79916719233076,1372.0177339855582,32,23.323313691466346,29.803,19.869,22.802,0.93134375,1.0737174109988927,11.846,0.399,7.624,56.7,56.7,3,Phi-3-mini-Q4,llama.cpp,"decode-only (16 prompt tokens, 32 output)",expanded_rate_table
2026-05-15T04:02:09.563608,GPU612_CPU1036,612,1036,612,1036,short_tiny,decode,128,32,2,44.870435958728194,42.88529425919537,1374.457691097632,32,23.281909808693367,29.753,19.835,22.802,0.92978125,1.0755217961213994,11.846,0.399,7.59,56.6,56.7,3,Phi-3-mini-Q4,llama.cpp,"decode-only (16 prompt tokens, 32 output)",expanded_rate_table
2026-05-15T04:02:13.102120,GPU612_CPU1036,612,1036,612,1036,short_short,decode,128,64,0,44.95331202633679,42.58294493728687,2727.929110173136,64,23.4610202154183,64.656,21.552,23.702,1.01025,0.9898539965355109,13.111,0.399,8.042,56.7,57.0,6,Phi-3-mini-Q4,llama.cpp,"decode-only (16 prompt tokens, 64 output)",expanded_rate_table
2026-05-15T04:02:16.645635,GPU612_CPU1036,612,1036,612,1036,short_short,decode,128,64,1,45.494576217606664,42.63338417420903,2731.666254112497,64,23.428923611604684,65.802,21.934,24.201,1.02815625,0.9726148141393878,13.177,0.665,8.092,56.7,56.9,6,Phi-3-mini-Q4,llama.cpp,"decode-only (16 prompt tokens, 64 output)",expanded_rate_table
2026-05-15T04:02:20.184011,GPU612_CPU1036,612,1036,612,1036,short_short,decode,128,64,2,44.97163789346814,42.579213430779795,2727.7187819126993,64,23.462829241921582,65.153,21.718,24.201,1.018015625,0.9823031940202293,13.11,0.532,8.075,56.7,56.9,6,Phi-3-mini-Q4,llama.cpp,"decode-only (16 prompt tokens, 64 output)",expanded_rate_table
2026-05-15T04:02:31.993295,GPU612_CPU1036,612,1036,612,1036,short_long,decode,128,256,0,44.898641994223,42.94562185110122,10996.96998600848,256,23.279139647167405,253.818,23.074,24.201,0.9914765625,1.0085967110291625,14.213,0.435,8.426,56.8,57.1,22,Phi-3-mini-Q4,llama.cpp,"decode-only (16 prompt tokens, 256 output)",expanded_rate_table
2026-05-15T04:02:43.844110,GPU612_CPU1036,612,1036,612,1036,short_long,decode,128,256,1,49.210502998903394,43.091200929427266,11038.405151106417,256,23.191756100231586,252.822,22.984,24.201,0.9875859375,1.0125701086139656,14.122,0.435,8.426,56.9,57.2,22,Phi-3-mini-Q4,llama.cpp,"decode-only (16 prompt tokens, 256 output)",expanded_rate_table
2026-05-15T04:02:55.690182,GPU612_CPU1036,612,1036,612,1036,short_long,decode,128,256,2,49.22568588517606,43.07289898906853,11033.777371048927,256,23.201483172182524,252.772,22.979,23.802,0.987390625,1.0127704017850079,14.14,0.435,8.404,56.9,57.3,22,Phi-3-mini-Q4,llama.cpp,"decode-only (16 prompt tokens, 256 output)",expanded_rate_table
2026-05-15T04:02:57.888381,GPU612_CPU1036,612,1036,612,1036,medium_tiny,decode,512,32,0,49.53222302719951,43.185722706238586,1388.4329190477729,32,23.047566476561588,29.753,19.835,22.802,0.92978125,1.0755217961213994,11.713,0.532,7.59,56.9,56.9,3,Phi-3-mini-Q4,llama.cpp,"decode-only (16 prompt tokens, 32 output)",expanded_rate_table
2026-05-15T04:03:00.076107,GPU612_CPU1036,612,1036,612,1036,medium_tiny,decode,512,32,1,45.432053972035646,42.979970904848265,1377.9544450808316,32,23.222828674951487,29.604,19.736,22.802,0.925125,1.080935008782597,11.713,0.399,7.624,56.8,56.9,3,Phi-3-mini-Q4,llama.cpp,"decode-only (16 prompt tokens, 32 output)",expanded_rate_table
2026-05-15T04:03:02.266556,GPU612_CPU1036,612,1036,612,1036,medium_tiny,decode,512,32,2,45.05359707400203,43.07071838317619,1380.3941840305924,32,23.181784138327558,29.753,19.835,22.702,0.92978125,1.0755217961213994,11.846,0.399,7.59,56.6,56.8,3,Phi-3-mini-Q4,llama.cpp,"decode-only (16 prompt tokens, 32 output)",expanded_rate_table
2026-05-15T04:03:08.540583,GPU612_CPU1036,612,1036,612,1036,medium_short,decode,512,128,0,45.14373606070876,42.65583513348591,5462.979490170255,128,23.4304375900212,124.356,22.61,23.802,0.97153125,1.029302968895751,13.831,0.435,8.344,56.8,57.1,11,Phi-3-mini-Q4,llama.cpp,"decode-only (16 prompt tokens, 128 output)",expanded_rate_table
2026-05-15T04:03:14.817564,GPU612_CPU1036,612,1036,612,1036,medium_short,decode,512,128,1,45.05825904197991,42.68170455030686,5466.108615044504,128,23.41702461742207,124.51,22.638,24.201,0.972734375,1.0280298771183036,13.904,0.435,8.299,56.8,57.1,11,Phi-3-mini-Q4,llama.cpp,"decode-only (16 prompt tokens, 128 output)",expanded_rate_table
2026-05-15T04:03:21.090998,GPU612_CPU1036,612,1036,612,1036,medium_short,decode,512,128,2,45.02573888748884,42.65261167755688,5462.383026955649,128,23.43299606936174,124.858,22.701,24.201,0.975453125,1.0251645869707988,13.94,0.435,8.326,56.9,57.2,11,Phi-3-mini-Q4,llama.cpp,"decode-only (16 prompt tokens, 128 output)",expanded_rate_table
2026-05-15T04:03:45.253744,GPU612_CPU1036,612,1036,612,1036,medium_long,decode,512,512,0,45.079267118126154,45.59743436191909,23347.277238033712,512,21.929752012621417,535.69,22.795,23.802,1.04626953125,0.9557766618753383,13.968,0.467,8.36,57.0,57.4,47,Phi-3-mini-Q4,llama.cpp,"decode-only (16 prompt tokens, 512 output)",expanded_rate_table
2026-05-15T04:04:09.397224,GPU612_CPU1036,612,1036,612,1036,medium_long,decode,512,512,1,49.47897722013295,45.550191322516525,23327.54119299352,512,21.948305471379054,536.438,22.827,24.595,1.04773046875,0.9544439431956722,13.994,0.484,8.35,57.1,57.4,47,Phi-3-mini-Q4,llama.cpp,"decode-only (16 prompt tokens, 512 output)",expanded_rate_table
2026-05-15T04:04:27.493000,GPU612_CPU1036,612,1036,612,1036,medium_long,decode,512,512,2,49.30212092585862,44.63360336330997,17281.426023924723,386,22.336119685124046,399.468,22.827,23.802,1.0348911917098447,0.9662851592618181,14.022,0.422,8.383,57.2,57.5,35,Phi-3-mini-Q4,llama.cpp,"decode-only (16 prompt tokens, 512 output)",expanded_rate_table
2026-05-15T04:04:29.687366,GPU612_CPU1036,612,1036,612,1036,long_tiny,decode,1024,32,0,49.44622400216758,43.053654931305395,1384.253588039428,32,23.117151565648342,29.601,19.734,22.802,0.92503125,1.081044559305429,11.711,0.399,7.624,57.1,57.2,3,Phi-3-mini-Q4,llama.cpp,"decode-only (16 prompt tokens, 32 output)",expanded_rate_table
2026-05-15T04:04:31.873629,GPU612_CPU1036,612,1036,612,1036,long_tiny,decode,1024,32,1,44.990841997787356,42.93844932239623,1376.2292640749365,32,23.25193980053136,29.8,19.867,22.802,0.93125,1.0738255033557047,11.844,0.399,7.624,56.9,57.1,3,Phi-3-mini-Q4,llama.cpp,"decode-only (16 prompt tokens, 32 output)",expanded_rate_table
2026-05-15T04:04:34.060851,GPU612_CPU1036,612,1036,612,1036,long_tiny,decode,1024,32,2,44.94245699606836,42.96564348342438,1377.026426140219,32,23.238479227806426,29.803,19.869,22.802,0.93134375,1.0737174109988927,11.713,0.532,7.624,56.8,56.9,3,Phi-3-mini-Q4,llama.cpp,"decode-only (16 prompt tokens, 32 output)",expanded_rate_table
2026-05-15T04:04:40.339014,GPU612_CPU1036,612,1036,612,1036,long_medium,decode,1024,128,0,45.05608417093754,42.6927382111784,5467.514913063496,128,23.411001530909495,124.561,22.647,24.201,0.9731328125,1.0276089626769214,13.904,0.435,8.308,57.0,57.3,11,Phi-3-mini-Q4,llama.cpp,"decode-only (16 prompt tokens, 128 output)",expanded_rate_table
2026-05-15T04:04:46.627800,GPU612_CPU1036,612,1036,612,1036,long_medium,decode,1024,128,1,45.49209889955819,42.761975763673625,5476.749024819583,128,23.371529244799863,125.208,22.765,24.201,0.9781875,1.02229889463932,13.831,0.617,8.317,57.1,57.3,11,Phi-3-mini-Q4,llama.cpp,"decode-only (16 prompt tokens, 128 output)",expanded_rate_table
2026-05-15T04:04:52.918845,GPU612_CPU1036,612,1036,612,1036,long_medium,decode,1024,128,2,45.51590117625892,42.78772011743932,5480.033304076642,128,23.357522280891935,126.706,23.038,24.201,0.989890625,1.010212618186984,13.832,0.834,8.372,57.1,57.2,11,Phi-3-mini-Q4,llama.cpp,"decode-only (16 prompt tokens, 128 output)",expanded_rate_table
2026-05-15T04:04:56.475382,GPU612_CPU1036,612,1036,612,1036,xlong_short,decode,2048,64,0,45.195965096354485,42.86606268336376,2746.0194111336023,64,23.30646307178861,66.452,22.15,23.801,1.0383125,0.963101185818335,13.11,0.865,8.176,57.1,57.3,6,Phi-3-mini-Q4,llama.cpp,"decode-only (16 prompt tokens, 64 output)",expanded_rate_table
2026-05-15T04:05:00.023619,GPU612_CPU1036,612,1036,612,1036,xlong_short,decode,2048,64,1,45.176378916949034,42.73164999996504,2737.547218101099,64,23.378592185304342,65.905,21.968,23.802,1.029765625,0.9710947576056445,13.178,0.665,8.126,57.0,57.3,6,Phi-3-mini-Q4,llama.cpp,"decode-only (16 prompt tokens, 64 output)",expanded_rate_table
2026-05-15T04:05:03.573323,GPU612_CPU1036,612,1036,612,1036,xlong_short,decode,2048,64,2,45.29525199905038,42.76196172993098,2739.5565619226545,64,23.361445019804233,64.906,21.635,23.402,1.01415625,0.986041352109204,13.111,0.399,8.125,57.1,57.3,6,Phi-3-mini-Q4,llama.cpp,"decode-only (16 prompt tokens, 64 output)",expanded_rate_table
2026-05-15T04:05:09.849139,GPU612_CPU1036,612,1036,612,1036,xlong_medium,decode,2048,128,0,45.34859210252762,42.666941597016425,5464.515890926123,128,23.423849899045063,124.96,22.72,23.802,0.97625,1.0243277848911652,13.941,0.435,8.344,57.0,57.3,11,Phi-3-mini-Q4,llama.cpp,"decode-only (16 prompt tokens, 128 output)",expanded_rate_table
2026-05-15T04:05:16.122457,GPU612_CPU1036,612,1036,612,1036,xlong_medium,decode,2048,128,1,45.11371115222573,42.65179305418035,5462.374167982489,128,23.433034073401164,124.858,22.701,24.201,0.975453125,1.0251645869707988,13.94,0.435,8.326,57.1,57.4,11,Phi-3-mini-Q4,llama.cpp,"decode-only (16 prompt tokens, 128 output)",expanded_rate_table
2026-05-15T04:05:22.398306,GPU612_CPU1036,612,1036,612,1036,xlong_medium,decode,2048,128,2,45.22048612125218,42.66977282680982,5464.758998947218,128,23.42280785386128,125.452,22.809,24.301,0.98009375,1.0203105570257947,13.939,0.508,8.362,57.1,57.4,11,Phi-3-mini-Q4,llama.cpp,"decode-only (16 prompt tokens, 128 output)",expanded_rate_table
2026-05-15T04:05:46.561973,GPU612_CPU1036,612,1036,612,1036,xlong_long,decode,2048,512,0,45.006470987573266,45.59923782206547,23348.134868079796,512,21.92894648300051,536.993,22.851,24.201,1.048814453125,0.953457493859324,13.994,0.501,8.356,57.2,57.4,47,Phi-3-mini-Q4,llama.cpp,"decode-only (16 prompt tokens, 512 output)",expanded_rate_table
2026-05-15T04:06:10.690493,GPU612_CPU1036,612,1036,612,1036,xlong_long,decode,2048,512,1,49.57103496417403,45.52123037398357,23312.85416893661,512,21.962132834091946,535.848,22.802,23.802,1.046578125,0.9554948418208149,14.003,0.45,8.35,57.3,57.6,47,Phi-3-mini-Q4,llama.cpp,"decode-only (16 prompt tokens, 512 output)",expanded_rate_table
2026-05-15T04:06:34.848596,GPU612_CPU1036,612,1036,612,1036,xlong_long,decode,2048,512,2,49.51379704289138,45.57924899418425,23342.384446877986,512,21.93434870225862,536.746,22.84,24.101,1.04833203125,0.9538962563298097,14.011,0.467,8.362,57.4,57.9,47,Phi-3-mini-Q4,llama.cpp,"decode-only (16 prompt tokens, 512 output)",expanded_rate_table
2026-05-15T04:06:46.235082,GPU612_CPU1497,612,1497,612,1497,tiny_tiny,mixed,32,32,0,45.01257697120309,42.32896757762759,1357.3175128549337,32,23.575913297318568,33.401,22.267,24.201,1.04378125,0.9580551480494595,13.044,1.065,8.159,57.0,57.2,3,Phi-3-mini-Q4,llama.cpp,,expanded_rate_table
2026-05-15T04:06:48.410100,GPU612_CPU1497,612,1497,612,1497,tiny_tiny,mixed,32,32,1,44.780388940125704,42.64545190568653,1366.8925950769335,32,23.410764031682334,30.449,20.299,23.201,0.95153125,1.0509376334198166,11.844,0.798,7.657,56.9,57.2,3,Phi-3-mini-Q4,llama.cpp,,expanded_rate_table
2026-05-15T04:06:50.591214,GPU612_CPU1497,612,1497,612,1497,tiny_tiny,mixed,32,32,2,44.70659792423248,42.85198712961808,1373.226132011041,32,23.30278987127716,30.396,20.264,23.196,0.949875,1.0527701013291222,11.843,0.798,7.624,56.8,56.9,3,Phi-3-mini-Q4,llama.cpp,,expanded_rate_table
2026-05-15T04:06:56.818559,GPU612_CPU1497,612,1497,612,1497,tiny_short,mixed,32,128,0,44.56519219093025,42.311486274766644,5418.47469098866,128,23.622884169390666,127.106,23.11,24.201,0.993015625,1.0070334995987602,13.941,0.798,8.372,57.1,57.4,11,Phi-3-mini-Q4,llama.cpp,,expanded_rate_table
2026-05-15T04:07:03.045421,GPU612_CPU1497,612,1497,612,1497,tiny_short,mixed,32,128,1,44.55817909911275,42.30727251127773,5417.911411030218,128,23.6253401521862,127.805,23.237,24.201,0.9984765625,1.001525761902899,13.977,0.871,8.39,57.1,57.4,11,Phi-3-mini-Q4,llama.cpp,,expanded_rate_table
2026-05-15T04:07:09.276858,GPU612_CPU1497,612,1497,612,1497,tiny_short,mixed,32,128,2,44.60780508816242,42.3436775422237,5422.583804000169,128,23.60498327486909,126.95,23.082,24.201,0.991796875,1.0082709728239465,13.94,0.798,8.344,57.2,57.6,11,Phi-3-mini-Q4,llama.cpp,,expanded_rate_table
2026-05-15T04:07:33.204672,GPU612_CPU1497,612,1497,612,1497,tiny_long,mixed,32,512,0,44.71970093436539,45.145826365929935,23115.561512997374,512,22.149580909471467,539.429,23.453,25.9,1.053572265625,0.9491517882798293,14.151,0.868,8.435,57.4,57.7,46,Phi-3-mini-Q4,llama.cpp,,expanded_rate_table
2026-05-15T04:07:57.115146,GPU612_CPU1497,612,1497,612,1497,tiny_long,mixed,32,512,1,48.77233901061118,45.10431401768732,23098.39305304922,512,22.166044140997542,538.52,23.414,24.601,1.051796875,0.9507539181460299,14.159,0.807,8.448,57.5,57.8,46,Phi-3-mini-Q4,llama.cpp,,expanded_rate_table
2026-05-15T04:08:21.015800,GPU612_CPU1497,612,1497,612,1497,tiny_long,mixed,32,512,2,49.060952849686146,45.08476664581921,23088.670687982813,512,22.175377998980498,538.674,23.421,24.201,1.05209765625,0.9504821097732581,14.151,0.824,8.446,57.6,58.1,46,Phi-3-mini-Q4,llama.cpp,,expanded_rate_table
2026-05-15T04:08:23.279934,GPU612_CPU1497,612,1497,612,1497,short_tiny,mixed,128,32,0,115.96372886560857,43.219131387529835,1455.8610548265278,32,21.980119527143295,37.706,18.853,22.802,1.1783125,0.8486712989975069,10.782,0.798,7.272,57.4,57.7,4,Phi-3-mini-Q4,llama.cpp,,expanded_rate_table
2026-05-15T04:08:25.455591,GPU612_CPU1497,612,1497,612,1497,short_tiny,mixed,128,32,1,44.90562900900841,42.65666764319664,1367.3726911656559,32,23.402544314908532,30.452,20.301,23.302,0.951625,1.0508340995665308,11.846,0.798,7.657,57.4,57.6,3,Phi-3-mini-Q4,llama.cpp,,expanded_rate_table
2026-05-15T04:08:27.631346,GPU612_CPU1497,612,1497,612,1497,short_tiny,mixed,128,32,2,44.77916704490781,42.66942567342231,1367.6390079781413,32,23.397987197884493,30.452,20.301,23.201,0.951625,1.0508340995665308,11.846,0.798,7.657,57.3,57.5,3,Phi-3-mini-Q4,llama.cpp,,expanded_rate_table
2026-05-15T04:08:31.155316,GPU612_CPU1497,612,1497,612,1497,short_short,mixed,128,64,0,44.8231000918895,42.3882252699326,2715.464422944933,64,23.568712393805445,65.906,21.969,24.201,1.02978125,0.9710800230631504,13.112,0.798,8.058,57.3,57.5,6,Phi-3-mini-Q4,llama.cpp,,expanded_rate_table
2026-05-15T04:08:34.681077,GPU612_CPU1497,612,1497,612,1497,short_short,mixed,128,64,1,45.114418026059866,42.41580690168554,2717.4900548998266,64,23.551144146637622,65.954,21.985,24.201,1.03053125,0.9703732904751797,13.111,0.798,8.075,57.3,57.4,6,Phi-3-mini-Q4,llama.cpp,,expanded_rate_table
2026-05-15T04:08:38.207455,GPU612_CPU1497,612,1497,612,1497,short_short,mixed,128,64,2,45.02107412554324,42.426470619079375,2718.0660620797426,64,23.546153234785642,65.954,21.984,24.201,1.03053125,0.9703732904751797,13.111,0.798,8.075,57.4,57.7,6,Phi-3-mini-Q4,llama.cpp,,expanded_rate_table
2026-05-15T04:08:50.255969,GPU612_CPU1497,612,1497,612,1497,short_long,mixed,128,256,0,45.09278200566769,43.892781046566135,11238.410041900352,256,22.779022926334857,267.663,23.275,24.202,1.04555859375,0.9564265512977139,14.099,0.798,8.378,57.5,57.8,23,Phi-3-mini-Q4,llama.cpp,,expanded_rate_table
2026-05-15T04:09:02.341619,GPU612_CPU1497,612,1497,612,1497,short_long,mixed,128,256,1,48.89304889366031,44.02402007459279,11275.66589298658,256,22.70375891141214,268.064,23.31,24.201,1.047125,0.9549958218932791,14.116,0.815,8.378,57.5,57.8,23,Phi-3-mini-Q4,llama.cpp,,expanded_rate_table
2026-05-15T04:09:14.416721,GPU612_CPU1497,612,1497,612,1497,short_long,mixed,128,256,2,48.94094308838248,43.98176718466714,11264.943268150091,256,22.725369662872687,267.963,23.301,24.201,1.04673046875,0.9553557767303694,14.116,0.798,8.387,57.6,57.9,23,Phi-3-mini-Q4,llama.cpp,,expanded_rate_table
2026-05-15T04:09:17.133993,GPU612_CPU1497,612,1497,612,1497,medium_tiny,mixed,512,32,0,442.4243909306824,47.30908035661184,1909.1172388289124,32,16.761673588799287,39.344,19.672,23.101,1.2295,0.8133387555917039,11.579,0.798,7.296,57.4,57.6,4,Phi-3-mini-Q4,llama.cpp,,expanded_rate_table
2026-05-15T04:09:19.457722,GPU612_CPU1497,612,1497,612,1497,medium_tiny,mixed,512,32,1,50.78919883817434,47.24687280794305,1515.5527170281857,32,21.1144090472472,38.656,19.328,22.702,1.208,0.8278145695364238,11.182,0.798,7.348,57.3,57.5,4,Phi-3-mini-Q4,llama.cpp,,expanded_rate_table
2026-05-15T04:09:21.782741,GPU612_CPU1497,612,1497,612,1497,medium_tiny,mixed,512,32,2,50.78087793663144,47.274925227787705,1516.415077028796,32,21.10240163445192,38.606,19.303,22.602,1.2064375,0.828886701548982,11.182,0.798,7.323,57.2,57.4,4,Phi-3-mini-Q4,llama.cpp,,expanded_rate_table
2026-05-15T04:09:28.601597,GPU612_CPU1497,612,1497,612,1497,medium_short,mixed,512,128,0,50.70094298571348,46.91791367775753,6009.617281844839,128,21.29919327586638,144.156,22.178,23.701,1.12621875,0.8879269680068814,13.301,0.798,8.079,57.4,57.6,13,Phi-3-mini-Q4,llama.cpp,,expanded_rate_table
2026-05-15T04:09:35.423606,GPU612_CPU1497,612,1497,612,1497,medium_short,mixed,512,128,1,50.638125045225024,46.943313598002156,6012.777277966961,128,21.287999552060462,144.409,22.217,23.701,1.1281953125,0.8863713480461745,13.301,0.798,8.118,57.4,57.8,13,Phi-3-mini-Q4,llama.cpp,,expanded_rate_table
2026-05-15T04:09:42.244928,GPU612_CPU1497,612,1497,612,1497,medium_short,mixed,512,128,2,50.923134898766875,46.93668453558165,6012.227467959747,128,21.289946310603728,144.058,22.163,23.601,1.125453125,0.8885310083438616,13.301,0.798,8.063,57.4,57.8,13,Phi-3-mini-Q4,llama.cpp,,expanded_rate_table
2026-05-15T04:10:06.113180,GPU612_CPU1497,612,1497,612,1497,medium_long,mixed,512,512,0,50.722273997962475,45.01747085490499,23055.96526595764,512,22.20683428752268,547.372,23.799,24.701,1.0690859375,0.9353784994482729,14.42,0.807,8.572,57.6,57.9,46,Phi-3-mini-Q4,llama.cpp,,expanded_rate_table
2026-05-15T04:10:29.944822,GPU612_CPU1497,612,1497,612,1497,medium_long,mixed,512,512,1,54.711002856492996,44.93825990249223,23019.483181880787,512,22.24202845713791,546.962,23.781,24.402,1.06828515625,0.9360796545281025,14.419,0.798,8.564,57.8,58.2,46,Phi-3-mini-Q4,llama.cpp,,expanded_rate_table
2026-05-15T04:10:31.763117,GPU612_CPU1497,612,1497,612,1497,medium_long,mixed,512,512,2,54.65306993573904,47.777322843964946,1010.0679970346391,20,19.800647143277548,26.855,17.903,21.002,1.34275,0.7447402718301992,10.117,0.798,6.988,57.7,57.8,3,Phi-3-mini-Q4,llama.cpp,,expanded_rate_table
2026-05-15T04:10:34.578338,GPU612_CPU1497,612,1497,612,1497,long_tiny,mixed,1024,32,0,652.6725038420409,43.682666322697074,2006.953716976568,32,15.944563010754079,47.646,19.059,23.801,1.4889375,0.6716198631574529,11.1,0.798,7.16,57.5,57.6,5,Phi-3-mini-Q4,llama.cpp,,expanded_rate_table
2026-05-15T04:10:36.786355,GPU612_CPU1497,612,1497,612,1497,long_tiny,mixed,1024,32,1,48.22714999318123,43.60065683572283,1399.9670918565243,32,22.85768014558411,30.597,20.398,23.397,0.95615625,1.0458541687093506,11.843,0.798,7.757,57.4,57.7,3,Phi-3-mini-Q4,llama.cpp,,expanded_rate_table
2026-05-15T04:10:38.988030,GPU612_CPU1497,612,1497,612,1497,long_tiny,mixed,1024,32,2,48.15047909505665,43.393930675642146,1393.4804380405694,32,22.964082685650418,30.752,20.501,23.701,0.961,1.040582726326743,11.979,0.798,7.724,57.4,57.5,3,Phi-3-mini-Q4,llama.cpp,,expanded_rate_table
2026-05-15T04:10:45.379226,GPU612_CPU1497,612,1497,612,1497,long_medium,mixed,1024,128,0,48.1066070497036,43.57331568433896,5582.264505093917,128,22.92976262289214,137.714,22.952,24.402,1.075890625,0.929462509258318,13.744,0.798,8.41,57.6,57.9,12,Phi-3-mini-Q4,llama.cpp,,expanded_rate_table
2026-05-15T04:10:51.796665,GPU612_CPU1497,612,1497,612,1497,long_medium,mixed,1024,128,1,52.448360016569495,43.74410505553224,5608.300891006365,128,22.823311817178805,138.814,23.136,24.802,1.084484375,0.9220971948074402,13.778,0.898,8.46,57.7,58.2,12,Phi-3-mini-Q4,llama.cpp,,expanded_rate_table
2026-05-15T04:10:58.208627,GPU612_CPU1497,612,1497,612,1497,long_medium,mixed,1024,128,2,52.297897171229124,43.70416925970729,5603.072758065537,128,22.844607865522715,138.013,23.002,24.402,1.0782265625,0.9274488635128575,13.778,0.798,8.426,57.7,57.9,12,Phi-3-mini-Q4,llama.cpp,,expanded_rate_table
2026-05-15T04:11:03.319000,GPU612_CPU1497,612,1497,612,1497,xlong_short,mixed,2048,64,0,1361.9651740882546,46.661453000048084,4301.84230604209,64,14.877346831172712,96.808,21.513,24.402,1.512625,0.6611023882323774,12.823,0.798,7.891,57.5,57.8,9,Phi-3-mini-Q4,llama.cpp,,expanded_rate_table
2026-05-15T04:11:07.132828,GPU612_CPU1497,612,1497,612,1497,xlong_short,mixed,2048,64,1,55.034991120919585,46.822198459671604,3005.050031002611,64,21.29748235128282,76.16,21.76,24.402,1.19,0.8403361344537815,12.893,0.741,8.126,57.5,57.8,7,Phi-3-mini-Q4,llama.cpp,,expanded_rate_table
2026-05-15T04:11:10.949369,GPU612_CPU1497,612,1497,612,1497,xlong_short,mixed,2048,64,2,55.045772111043334,46.86838439813564,3007.973790168762,64,21.276781137248303,76.81,21.946,24.802,1.20015625,0.8332248405155579,12.893,0.913,8.14,57.6,58.0,7,Phi-3-mini-Q4,llama.cpp,,expanded_rate_table
2026-05-15T04:11:17.758115,GPU612_CPU1497,612,1497,612,1497,xlong_medium,mixed,2048,128,0,55.260579101741314,46.80241146454895,5999.536199960858,128,21.334982527621904,149.616,23.018,24.802,1.168875,0.855523473425302,13.701,0.86,8.457,57.7,57.9,13,Phi-3-mini-Q4,llama.cpp,,expanded_rate_table
2026-05-15T04:11:24.564588,GPU612_CPU1497,612,1497,612,1497,xlong_medium,mixed,2048,128,1,55.1866888999939,46.78711444176147,5997.510690940544,128,21.34218788360788,149.416,22.987,24.902,1.1673125,0.8566686298656101,13.67,0.86,8.457,57.8,58.4,13,Phi-3-mini-Q4,llama.cpp,,expanded_rate_table
2026-05-15T04:11:26.845707,GPU612_CPU1497,612,1497,612,1497,xlong_medium,mixed,2048,128,2,55.442773969843984,47.24976448502777,1472.205919912085,30,20.377584137001364,39.307,19.654,23.502,1.3102333333333334,0.7632228356272419,11.282,0.798,7.574,57.5,57.9,4,Phi-3-mini-Q4,llama.cpp,,expanded_rate_table
2026-05-15T04:11:48.878778,GPU612_CPU1497,612,1497,612,1497,xlong_long,mixed,2048,512,0,55.80192897468805,46.61718584138645,21220.78596591018,454,21.39411804677365,524.334,24.388,25.901,1.1549207048458148,0.8658603104128285,14.701,0.854,8.832,57.9,58.3,43,Phi-3-mini-Q4,llama.cpp,,expanded_rate_table
2026-05-15T04:12:13.588212,GPU612_CPU1497,612,1497,612,1497,xlong_long,mixed,2048,512,1,59.349711053073406,46.64656790629496,23897.086413111538,512,21.42520603344693,587.893,24.496,26.8,1.148228515625,0.8709067806556635,14.784,0.832,8.88,58.1,58.6,48,Phi-3-mini-Q4,llama.cpp,,expanded_rate_table
2026-05-15T04:12:38.319524,GPU612_CPU1497,612,1497,612,1497,xlong_long,mixed,2048,512,2,59.12458500824869,46.68981194908051,23918.945361161605,512,21.405626053703863,587.788,24.491,25.901,1.1480234375,0.871062355815362,14.776,0.848,8.867,58.2,59.0,48,Phi-3-mini-Q4,llama.cpp,,expanded_rate_table
2026-05-15T04:12:40.509835,GPU612_CPU1497,612,1497,612,1497,tiny_tiny,decode,32,32,0,49.212498823180795,42.98238519338831,1381.768740946427,32,23.158723346196094,31.152,20.768,23.702,0.9735,1.027221366204417,11.846,1.198,7.724,58.2,58.4,3,Phi-3-mini-Q4,llama.cpp,"decode-only (16 prompt tokens, 32 output)",expanded_rate_table
2026-05-15T04:12:42.696508,GPU612_CPU1497,612,1497,612,1497,tiny_tiny,decode,32,32,1,44.408234069123864,43.02764948337309,1378.3729169517756,32,23.21577826033241,30.502,20.335,23.201,0.9531875,1.0491115336699233,11.846,0.798,7.691,57.9,58.1,3,Phi-3-mini-Q4,llama.cpp,"decode-only (16 prompt tokens, 32 output)",expanded_rate_table
2026-05-15T04:12:44.876236,GPU612_CPU1497,612,1497,612,1497,tiny_tiny,decode,32,32,2,44.245325960218906,42.81170703020067,1371.5132968500257,32,23.331891913476056,30.402,20.268,23.201,0.9500625,1.052562331425564,11.846,0.798,7.624,57.8,57.9,3,Phi-3-mini-Q4,llama.cpp,"decode-only (16 prompt tokens, 32 output)",expanded_rate_table
2026-05-15T04:12:51.114150,GPU612_CPU1497,612,1497,612,1497,tiny_short,decode,32,128,0,44.506117003038526,42.394517557915506,5428.93818882294,128,23.577354456443345,127.008,23.092,24.601,0.99225,1.0078105316200554,13.904,0.835,8.353,58.0,58.3,11,Phi-3-mini-Q4,llama.cpp,"decode-only (16 prompt tokens, 128 output)",expanded_rate_table
2026-05-15T04:12:57.349596,GPU612_CPU1497,612,1497,612,1497,tiny_short,decode,32,128,1,44.67779002152383,42.37319238659904,5426.417532144114,128,23.588306510100775,127.106,23.11,24.201,0.993015625,1.0070334995987602,13.941,0.798,8.372,57.9,58.4,11,Phi-3-mini-Q4,llama.cpp,"decode-only (16 prompt tokens, 128 output)",expanded_rate_table
2026-05-15T04:13:03.587104,GPU612_CPU1497,612,1497,612,1497,tiny_short,decode,32,128,2,44.74780079908669,42.3919423318314,5428.864881861955,128,23.577672825796952,127.306,23.147,25.1,0.994578125,1.0054514319827816,13.941,0.871,8.335,58.0,58.4,11,Phi-3-mini-Q4,llama.cpp,"decode-only (16 prompt tokens, 128 output)",expanded_rate_table
2026-05-15T04:13:27.507851,GPU612_CPU1497,612,1497,612,1497,tiny_long,decode,32,512,0,44.630810152739286,45.132334101690006,23108.55554207228,512,22.156296141826523,539.17,23.442,24.601,1.05306640625,0.9496077304004303,14.142,0.85,8.45,58.0,58.5,46,Phi-3-mini-Q4,llama.cpp,"decode-only (16 prompt tokens, 512 output)",expanded_rate_table
2026-05-15T04:13:51.429958,GPU612_CPU1497,612,1497,612,1497,tiny_long,decode,32,512,1,48.63150604069233,45.126328187850675,23109.50532811694,512,22.155385532076206,539.024,23.436,24.601,1.05278125,0.9498649410786904,14.151,0.842,8.444,58.0,58.5,46,Phi-3-mini-Q4,llama.cpp,"decode-only (16 prompt tokens, 512 output)",expanded_rate_table
2026-05-15T04:14:15.334020,GPU612_CPU1497,612,1497,612,1497,tiny_long,decode,32,512,2,48.48257405683398,45.09157720368188,23091.704559046775,512,22.172464518190395,537.629,23.375,24.301,1.050056640625,0.9523295804355791,14.142,0.79,8.444,58.0,58.3,46,Phi-3-mini-Q4,llama.cpp,"decode-only (16 prompt tokens, 512 output)",expanded_rate_table
2026-05-15T04:14:17.527074,GPU612_CPU1497,612,1497,612,1497,short_tiny,decode,128,32,0,48.60310512594879,43.097215929939864,1384.7188439685851,32,23.109384363029566,30.302,20.202,22.903,0.9469375,1.0560359052207775,11.713,0.798,7.691,57.8,58.0,3,Phi-3-mini-Q4,llama.cpp,"decode-only (16 prompt tokens, 32 output)",expanded_rate_table
2026-05-15T04:14:19.705770,GPU612_CPU1497,612,1497,612,1497,short_tiny,decode,128,32,1,44.70911901444197,42.76734303622957,1370.6238199956715,32,23.347033323921845,30.252,20.168,23.201,0.945375,1.0577813037154569,11.846,0.665,7.657,57.7,57.8,3,Phi-3-mini-Q4,llama.cpp,"decode-only (16 prompt tokens, 32 output)",expanded_rate_table
2026-05-15T04:14:21.882921,GPU612_CPU1497,612,1497,612,1497,short_tiny,decode,128,32,2,44.527907157316804,42.71866158101587,1368.9107650425285,32,23.37624980179467,30.502,20.335,23.201,0.9531875,1.0491115336699233,11.846,0.798,7.691,57.5,57.8,3,Phi-3-mini-Q4,llama.cpp,"decode-only (16 prompt tokens, 32 output)",expanded_rate_table
2026-05-15T04:14:25.403112,GPU612_CPU1497,612,1497,612,1497,short_short,decode,128,64,0,44.4328379817307,42.33848799892243,2711.939720902592,64,23.5993445970471,65.808,21.936,24.202,1.02825,0.972526136639922,13.112,0.732,8.092,57.7,57.9,6,Phi-3-mini-Q4,llama.cpp,"decode-only (16 prompt tokens, 64 output)",expanded_rate_table
2026-05-15T04:14:28.927374,GPU612_CPU1497,612,1497,612,1497,short_short,decode,128,64,1,44.41066202707589,42.399602428463005,2715.767625020817,64,23.566081063179855,65.909,21.97,24.202,1.029828125,0.9710358221183752,13.113,0.798,8.058,57.6,57.8,6,Phi-3-mini-Q4,llama.cpp,"decode-only (16 prompt tokens, 64 output)",expanded_rate_table
2026-05-15T04:14:32.455871,GPU612_CPU1497,612,1497,612,1497,short_short,decode,128,64,2,44.51321694068611,42.460580238155906,2719.7145980317146,64,23.53188089894339,65.956,21.986,24.201,1.0305625,0.9703438656073746,13.112,0.798,8.075,57.6,57.8,6,Phi-3-mini-Q4,llama.cpp,"decode-only (16 prompt tokens, 64 output)",expanded_rate_table
2026-05-15T04:14:44.189437,GPU612_CPU1497,612,1497,612,1497,short_long,decode,128,256,0,44.49977586045861,42.65984278446173,10923.405936919153,256,23.435913805488628,259.412,23.583,24.201,1.013328125,0.9868471774628776,14.34,0.762,8.481,57.7,58.0,22,Phi-3-mini-Q4,llama.cpp,"decode-only (16 prompt tokens, 256 output)",expanded_rate_table
2026-05-15T04:14:55.976480,GPU612_CPU1497,612,1497,612,1497,short_long,decode,128,256,1,48.32240100950003,42.85601569412678,10977.256142068654,256,23.320946207943457,258.513,23.501,24.202,1.00981640625,0.9902790188501159,14.286,0.78,8.436,57.7,57.9,22,Phi-3-mini-Q4,llama.cpp,"decode-only (16 prompt tokens, 256 output)",expanded_rate_table
2026-05-15T04:15:07.760717,GPU612_CPU1497,612,1497,612,1497,short_long,decode,128,256,2,48.65313787013292,42.84311498825749,10974.318381864578,256,23.32718908748341,258.862,23.533,24.202,1.0111796875,0.988943916063385,14.322,0.762,8.449,57.7,58.0,22,Phi-3-mini-Q4,llama.cpp,"decode-only (16 prompt tokens, 256 output)",expanded_rate_table
2026-05-15T04:15:09.956969,GPU612_CPU1497,612,1497,612,1497,medium_tiny,decode,512,32,0,48.367734998464584,43.2102000641246,1387.9871340468526,32,23.05496874938598,30.152,20.101,22.802,0.94225,1.061289466702043,11.713,0.798,7.59,57.6,57.8,3,Phi-3-mini-Q4,llama.cpp,"decode-only (16 prompt tokens, 32 output)",expanded_rate_table
2026-05-15T04:15:12.138229,GPU612_CPU1497,612,1497,612,1497,medium_tiny,decode,512,32,1,44.650415889918804,42.8429402320856,1372.8863599244505,32,23.308557018339776,30.202,20.135,23.201,0.9438125,1.0595324812926297,11.846,0.665,7.624,57.4,57.5,3,Phi-3-mini-Q4,llama.cpp,"decode-only (16 prompt tokens, 32 output)",expanded_rate_table
2026-05-15T04:15:14.318512,GPU612_CPU1497,612,1497,612,1497,medium_tiny,decode,512,32,2,44.57707400433719,42.81807026164907,1372.0419520977885,32,23.322902008261106,30.502,20.335,23.201,0.9531875,1.0491115336699233,11.846,0.798,7.691,57.3,57.4,3,Phi-3-mini-Q4,llama.cpp,"decode-only (16 prompt tokens, 32 output)",expanded_rate_table
2026-05-15T04:15:20.568385,GPU612_CPU1497,612,1497,612,1497,medium_short,decode,512,128,0,44.81056914664805,42.48580224372036,5440.838996088132,128,23.525783448477295,126.906,23.074,24.201,0.991453125,1.0086205537957227,13.941,0.798,8.335,57.5,57.8,11,Phi-3-mini-Q4,llama.cpp,"decode-only (16 prompt tokens, 128 output)",expanded_rate_table
2026-05-15T04:15:26.817426,GPU612_CPU1497,612,1497,612,1497,medium_short,decode,512,128,1,45.219097984954715,42.4776816370303,5440.224271034822,128,23.528441774267563,126.757,23.047,24.202,0.9902890625,1.00980616455107,13.941,0.762,8.344,57.5,57.8,11,Phi-3-mini-Q4,llama.cpp,"decode-only (16 prompt tokens, 128 output)",expanded_rate_table
2026-05-15T04:15:33.062834,GPU612_CPU1497,612,1497,612,1497,medium_short,decode,512,128,2,44.997632037848234,42.44932057482638,5436.393653973937,128,23.545020494686504,127.156,23.119,24.301,0.99340625,1.006637516121929,13.941,0.798,8.381,57.5,57.9,11,Phi-3-mini-Q4,llama.cpp,"decode-only (16 prompt tokens, 128 output)",expanded_rate_table
2026-05-15T04:15:56.995559,GPU612_CPU1497,612,1497,612,1497,medium_long,decode,512,512,0,44.81114004738629,45.15558427587924,23120.648805052042,512,22.144707283825184,537.276,23.36,24.202,1.0493671875,0.9529552781065971,14.142,0.789,8.428,57.5,57.9,46,Phi-3-mini-Q4,llama.cpp,"decode-only (16 prompt tokens, 512 output)",expanded_rate_table
2026-05-15T04:16:20.896778,GPU612_CPU1497,612,1497,612,1497,medium_long,decode,512,512,1,48.5597790684551,45.085660111315825,23088.647956959903,512,22.175399830879286,537.972,23.39,24.201,1.0507265625,0.9517223944740619,14.159,0.807,8.424,57.6,57.9,46,Phi-3-mini-Q4,llama.cpp,"decode-only (16 prompt tokens, 512 output)",expanded_rate_table
2026-05-15T04:16:38.297166,GPU612_CPU1497,612,1497,612,1497,medium_long,decode,512,512,2,48.65768807940185,44.21755123069515,16589.43583909422,374,22.54446767373738,388.316,23.534,24.701,1.03827807486631,0.963133118388117,14.219,0.846,8.469,57.6,57.9,33,Phi-3-mini-Q4,llama.cpp,"decode-only (16 prompt tokens, 512 output)",expanded_rate_table
2026-05-15T04:16:40.484447,GPU612_CPU1497,612,1497,612,1497,long_tiny,decode,1024,32,0,48.60430886037648,42.914269161560846,1379.047832917422,32,23.204416290842445,30.352,20.234,23.201,0.9485,1.0542962572482868,11.846,0.798,7.59,57.5,57.8,3,Phi-3-mini-Q4,llama.cpp,"decode-only (16 prompt tokens, 32 output)",expanded_rate_table
2026-05-15T04:16:42.666252,GPU612_CPU1497,612,1497,612,1497,long_tiny,decode,1024,32,1,44.547386933118105,42.86883735368329,1373.585884924978,32,23.296686687886112,30.202,20.135,23.201,0.9438125,1.0595324812926297,11.846,0.665,7.624,57.3,57.4,3,Phi-3-mini-Q4,llama.cpp,"decode-only (16 prompt tokens, 32 output)",expanded_rate_table
2026-05-15T04:16:44.848379,GPU612_CPU1497,612,1497,612,1497,long_tiny,decode,1024,32,2,44.4803168065846,42.88567239118199,1374.0412769839168,32,23.288965576231785,30.302,20.201,23.101,0.9469375,1.0560359052207775,11.846,0.798,7.557,57.2,57.3,3,Phi-3-mini-Q4,llama.cpp,"decode-only (16 prompt tokens, 32 output)",expanded_rate_table
2026-05-15T04:16:51.103459,GPU612_CPU1497,612,1497,612,1497,long_medium,decode,1024,128,0,45.00570707023144,42.52846725101722,5446.448429021984,128,23.501553657965122,127.655,23.21,25.1,0.9973046875,1.0027025968430536,13.941,0.907,8.362,57.3,57.8,11,Phi-3-mini-Q4,llama.cpp,"decode-only (16 prompt tokens, 128 output)",expanded_rate_table
2026-05-15T04:16:57.351907,GPU612_CPU1497,612,1497,612,1497,long_medium,decode,1024,128,1,44.65150902979076,42.4776825115202,5439.650744898245,128,23.530922480648048,127.0,23.091,24.201,0.9921875,1.0078740157480315,13.94,0.834,8.317,57.4,57.6,11,Phi-3-mini-Q4,llama.cpp,"decode-only (16 prompt tokens, 128 output)",expanded_rate_table
2026-05-15T04:17:03.601870,GPU612_CPU1497,612,1497,612,1497,long_medium,decode,1024,128,2,45.26691185310483,42.48099942603625,5440.700931940228,128,23.52638044274076,126.756,23.047,24.202,0.99028125,1.009814131086497,13.941,0.762,8.344,57.3,57.5,11,Phi-3-mini-Q4,llama.cpp,"decode-only (16 prompt tokens, 128 output)",expanded_rate_table
2026-05-15T04:17:07.137867,GPU612_CPU1497,612,1497,612,1497,xlong_short,decode,2048,64,0,44.6899370290339,42.581549760634225,2727.5039500091225,64,23.464677292139555,65.954,21.984,24.201,1.03053125,0.9703732904751797,13.178,0.732,8.075,57.3,57.6,6,Phi-3-mini-Q4,llama.cpp,"decode-only (16 prompt tokens, 64 output)",expanded_rate_table
2026-05-15T04:17:10.672066,GPU612_CPU1497,612,1497,612,1497,xlong_short,decode,2048,64,1,44.84305088408291,42.53696431849329,2724.8493968509138,64,23.48753662274483,66.256,22.086,24.201,1.03525,0.9659502535619415,13.179,0.798,8.109,57.1,57.4,6,Phi-3-mini-Q4,llama.cpp,"decode-only (16 prompt tokens, 64 output)",expanded_rate_table
2026-05-15T04:17:14.208779,GPU612_CPU1497,612,1497,612,1497,xlong_short,decode,2048,64,2,44.94170285761356,42.584775507243144,2727.9590668622404,64,23.460762581608027,65.904,21.968,24.201,1.02975,0.9711094925952902,13.178,0.732,8.058,57.2,57.4,6,Phi-3-mini-Q4,llama.cpp,"decode-only (16 prompt tokens, 64 output)",expanded_rate_table
2026-05-15T04:17:20.455945,GPU612_CPU1497,612,1497,612,1497,xlong_medium,decode,2048,128,0,44.597937958315015,42.465745346752676,5438.078625826165,128,23.537725142867707,126.906,23.074,24.201,0.991453125,1.0086205537957227,13.941,0.798,8.335,57.2,57.5,11,Phi-3-mini-Q4,llama.cpp,"decode-only (16 prompt tokens, 128 output)",expanded_rate_table
2026-05-15T04:17:26.702449,GPU612_CPU1497,612,1497,612,1497,xlong_medium,decode,2048,128,1,45.255834935233,42.455866668872005,5437.487274874002,128,23.540284975281352,126.556,23.01,24.201,0.98871875,1.0114099687095042,13.941,0.725,8.344,57.2,57.5,11,Phi-3-mini-Q4,llama.cpp,"decode-only (16 prompt tokens, 128 output)",expanded_rate_table
2026-05-15T04:17:32.955576,GPU612_CPU1497,612,1497,612,1497,xlong_medium,decode,2048,128,2,44.896580977365375,42.51177755998462,5444.231167901307,128,23.51112508863995,126.806,23.056,24.201,0.990671875,1.0094159582354147,13.941,0.798,8.317,57.2,57.5,11,Phi-3-mini-Q4,llama.cpp,"decode-only (16 prompt tokens, 128 output)",expanded_rate_table
2026-05-15T04:17:56.901887,GPU612_CPU1497,612,1497,612,1497,xlong_long,decode,2048,512,0,44.86278910189867,45.182095741700024,23134.258850943297,512,22.13167939802503,537.823,23.384,24.201,1.050435546875,0.9519860623290562,14.151,0.798,8.435,57.3,57.7,46,Phi-3-mini-Q4,llama.cpp,"decode-only (16 prompt tokens, 512 output)",expanded_rate_table
2026-05-15T04:18:20.802436,GPU612_CPU1497,612,1497,612,1497,xlong_long,decode,2048,512,1,48.814875073730946,45.084854766978005,23088.520352030173,512,22.175522389202385,537.356,23.363,24.201,1.0495234375,0.9528134048935901,14.159,0.798,8.407,57.4,57.8,46,Phi-3-mini-Q4,llama.cpp,"decode-only (16 prompt tokens, 512 output)",expanded_rate_table
2026-05-15T04:18:35.805719,GPU612_CPU1497,612,1497,612,1497,xlong_long,decode,2048,512,2,48.884243005886674,43.642189473363544,14192.698229802772,324,22.828640104504107,338.618,23.353,24.201,1.0451172839506173,0.9568304106692497,14.142,0.798,8.412,57.4,57.8,29,Phi-3-mini-Q4,llama.cpp,"decode-only (16 prompt tokens, 512 output)",expanded_rate_table
2026-05-15T04:18:46.047157,GPU918_CPU1036,918,1036,918,1036,tiny_tiny,mixed,32,32,0,32.02010411769152,30.59199357765817,980.5739461444318,32,32.63394884783796,38.84,25.893,31.085,1.21375,0.8238928939237898,17.036,0.799,8.059,57.0,57.2,3,Phi-3-mini-Q4,llama.cpp,,expanded_rate_table
2026-05-15T04:18:47.837873,GPU918_CPU1036,918,1036,918,1036,tiny_tiny,mixed,32,32,1,31.98308008722961,30.607200062443173,980.9505010489374,32,32.62142173920312,34.748,23.165,28.795,1.085875,0.9209163117301716,15.175,0.399,7.591,57.0,57.1,3,Phi-3-mini-Q4,llama.cpp,,expanded_rate_table
2026-05-15T04:18:49.628366,GPU918_CPU1036,918,1036,918,1036,tiny_tiny,mixed,32,32,2,32.01539907604456,30.590501546318972,980.4658379871398,32,32.63754713340632,34.744,23.162,28.787,1.08575,0.9210223347916187,15.173,0.399,7.591,57.0,57.3,3,Phi-3-mini-Q4,llama.cpp,,expanded_rate_table
2026-05-15T04:18:54.367094,GPU918_CPU1036,918,1036,918,1036,tiny_short,mixed,32,128,0,32.27596590295434,30.67458564540239,3928.417286835611,128,32.58309661474522,120.354,30.088,32.308,0.940265625,1.0635292553633449,20.564,0.449,9.075,57.3,57.7,8,Phi-3-mini-Q4,llama.cpp,,expanded_rate_table
2026-05-15T04:18:59.093885,GPU918_CPU1036,918,1036,918,1036,tiny_short,mixed,32,128,1,32.166145043447614,30.580106842162923,3916.305490070954,128,32.68386501628119,121.05,30.262,32.698,0.945703125,1.057414291615035,20.713,0.449,9.1,57.6,58.1,8,Phi-3-mini-Q4,llama.cpp,,expanded_rate_table
2026-05-15T04:19:03.825608,GPU918_CPU1036,918,1036,918,1036,tiny_short,mixed,32,128,2,32.24358195438981,30.61898215673864,3921.330395853147,128,32.64198296969863,121.056,30.264,32.707,0.94575,1.0573618821041502,20.715,0.449,9.1,57.8,58.0,8,Phi-3-mini-Q4,llama.cpp,,expanded_rate_table
2026-05-15T04:19:21.473435,GPU918_CPU1036,918,1036,918,1036,tiny_long,mixed,32,512,0,32.01274108141661,32.87680127608741,16833.9221610222,512,30.414777679410985,525.922,30.937,32.808,1.02719140625,0.9735283939443491,21.236,0.446,9.254,58.2,58.7,34,Phi-3-mini-Q4,llama.cpp,,expanded_rate_table
2026-05-15T04:19:39.091772,GPU918_CPU1036,918,1036,918,1036,tiny_long,mixed,32,512,1,35.924606025218964,32.81094470250907,16804.226564010605,512,30.46852516833734,526.024,30.943,32.308,1.027390625,0.9733396194850426,21.27,0.422,9.25,58.7,59.0,34,Phi-3-mini-Q4,llama.cpp,,expanded_rate_table
2026-05-15T04:19:56.714917,GPU918_CPU1036,918,1036,918,1036,tiny_long,mixed,32,512,2,35.85970890708268,32.82045868294652,16808.988752076402,512,30.45989306981677,527.101,31.006,32.698,1.029494140625,0.9713508416792986,21.247,0.469,9.29,59.0,59.3,34,Phi-3-mini-Q4,llama.cpp,,expanded_rate_table
2026-05-15T04:19:58.560670,GPU918_CPU1036,918,1036,918,1036,short_tiny,mixed,128,32,0,81.76480000838637,30.76850523000523,1035.7357531320304,32,30.895911339579683,34.994,23.329,28.287,1.0935625,0.9144424758530034,15.306,0.399,7.624,58.9,59.1,3,Phi-3-mini-Q4,llama.cpp,,expanded_rate_table
2026-05-15T04:20:00.348526,GPU918_CPU1036,918,1036,918,1036,short_tiny,mixed,128,32,1,32.438640017062426,30.49277761320193,977.8621010482311,32,32.724450580196546,34.791,23.194,28.787,1.08721875,0.9197781035325229,15.171,0.399,7.624,58.8,58.8,3,Phi-3-mini-Q4,llama.cpp,,expanded_rate_table
2026-05-15T04:20:02.137757,GPU918_CPU1036,918,1036,918,1036,short_tiny,mixed,128,32,2,32.35435509122908,30.546067966028087,979.4376890640706,32,32.67180787230937,34.741,23.161,28.787,1.08565625,0.9211018681097263,15.171,0.399,7.591,58.6,58.6,3,Phi-3-mini-Q4,llama.cpp,,expanded_rate_table
2026-05-15T04:20:04.897537,GPU918_CPU1036,918,1036,918,1036,short_short,mixed,128,64,0,32.19595900736749,30.429294506560954,1949.4972480461001,64,32.82897683705095,66.342,26.537,31.908,1.03659375,0.9646980796478852,17.808,0.399,8.329,58.7,59.0,5,Phi-3-mini-Q4,llama.cpp,,expanded_rate_table
2026-05-15T04:20:07.662489,GPU918_CPU1036,918,1036,918,1036,short_short,mixed,128,64,1,32.735972898080945,30.50813138011902,1955.0123049411923,64,32.736366844466055,66.844,26.738,31.908,1.0444375,0.957453174555682,17.886,0.479,8.372,58.8,59.0,5,Phi-3-mini-Q4,llama.cpp,,expanded_rate_table
2026-05-15T04:20:10.427778,GPU918_CPU1036,918,1036,918,1036,short_short,mixed,128,64,2,32.859361032024026,30.51075903284881,1955.2889801561832,64,32.73173461801429,66.59,26.636,31.9,1.04046875,0.961105271061721,17.885,0.399,8.352,58.8,59.1,5,Phi-3-mini-Q4,llama.cpp,,expanded_rate_table
2026-05-15T04:20:19.372278,GPU918_CPU1036,918,1036,918,1036,short_long,mixed,128,256,0,32.261844957247376,31.761548549448158,8132.372757885605,256,31.47912763243274,259.788,30.563,32.409,1.014796875,0.9854188800098541,20.953,0.422,9.188,59.1,59.5,17,Phi-3-mini-Q4,llama.cpp,,expanded_rate_table
2026-05-15T04:20:28.329643,GPU918_CPU1036,918,1036,918,1036,short_long,mixed,128,256,1,36.274794954806566,31.79778184686952,8145.663789007813,256,31.427764100141214,260.137,30.604,32.808,1.01616015625,0.9840968412797871,20.976,0.446,9.182,59.3,59.5,17,Phi-3-mini-Q4,llama.cpp,,expanded_rate_table
2026-05-15T04:20:37.303275,GPU918_CPU1036,918,1036,918,1036,short_long,mixed,128,256,2,36.38730105012655,31.861543756745316,8162.011326989159,256,31.364818026347248,261.281,30.739,32.707,1.02062890625,0.9797880442894814,20.975,0.563,9.2,59.4,59.9,17,Phi-3-mini-Q4,llama.cpp,,expanded_rate_table
2026-05-15T04:20:39.472364,GPU918_CPU1036,918,1036,918,1036,medium_tiny,mixed,512,32,0,305.38972187787294,33.99055935592661,1359.2520968522877,32,23.54235838525066,37.534,25.022,30.085,1.1729375,0.8525603452869399,16.766,0.532,7.724,59.3,59.3,3,Phi-3-mini-Q4,llama.cpp,,expanded_rate_table
2026-05-15T04:20:41.365816,GPU918_CPU1036,918,1036,918,1036,medium_tiny,mixed,512,32,1,37.69899904727936,33.736221514822496,1083.676643902436,32,29.529103704555784,35.541,23.694,27.788,1.11065625,0.9003685883908726,15.571,0.399,7.724,59.1,59.2,3,Phi-3-mini-Q4,llama.cpp,,expanded_rate_table
2026-05-15T04:20:43.261734,GPU918_CPU1036,918,1036,918,1036,medium_tiny,mixed,512,32,2,37.34486713074148,33.83188770573226,1086.2961641978472,32,29.457896524590726,35.692,23.794,27.888,1.115375,0.8965594530987336,15.571,0.399,7.824,59.0,59.1,3,Phi-3-mini-Q4,llama.cpp,,expanded_rate_table
2026-05-15T04:20:48.414707,GPU918_CPU1036,918,1036,918,1036,medium_short,mixed,512,128,0,37.24311082623899,33.89348596055794,4342.197443824261,128,29.478162072535284,134.256,29.835,32.707,1.048875,0.9534024550113217,20.142,0.665,9.027,59.3,59.8,9,Phi-3-mini-Q4,llama.cpp,,expanded_rate_table
2026-05-15T04:20:49.261156,GPU918_CPU1036,918,1036,918,1036,medium_short,mixed,512,128,1,37.162856897339225,37.162856897339225,37.162856897339225,0,0.0,6.248,12.496,12.496,0.0,0.0,6.789,0.399,5.308,58.8,58.8,1,Phi-3-mini-Q4,llama.cpp,,expanded_rate_table
2026-05-15T04:20:54.376082,GPU918_CPU1036,918,1036,918,1036,medium_short,mixed,512,128,2,37.32649888843298,33.86174016073346,4304.197441088036,126,29.273750036928863,132.362,29.414,31.808,1.0504920634920634,0.9519348453483628,20.01,0.443,8.96,59.2,59.8,9,Phi-3-mini-Q4,llama.cpp,,expanded_rate_table
2026-05-15T04:21:02.060996,GPU918_CPU1036,918,1036,918,1036,medium_long,mixed,512,512,0,37.459421902894974,33.51908337939622,6873.274894896895,204,29.680174752134686,215.022,30.717,32.707,1.0540294117647058,0.9487401289170411,20.935,0.599,9.184,59.4,59.8,14,Phi-3-mini-Q4,llama.cpp,,expanded_rate_table
2026-05-15T04:21:12.611473,GPU918_CPU1036,918,1036,918,1036,medium_long,mixed,512,512,1,40.77815497294068,32.87749947682276,9738.479288993403,295,30.29220386938791,309.592,30.959,32.908,1.049464406779661,0.9528669991472648,21.183,0.499,9.277,59.6,59.9,20,Phi-3-mini-Q4,llama.cpp,,expanded_rate_table
2026-05-15T04:21:30.225191,GPU918_CPU1036,918,1036,918,1036,medium_long,mixed,512,512,2,40.86906206794083,32.79216751253958,16799.549028044567,512,30.477008587866585,535.931,31.525,32.908,1.046740234375,0.9553468636820784,21.562,0.505,9.458,59.9,60.4,34,Phi-3-mini-Q4,llama.cpp,,expanded_rate_table
2026-05-15T04:21:32.464140,GPU918_CPU1036,918,1036,918,1036,long_tiny,mixed,1024,32,0,452.26107188500464,31.465055743953393,1427.8946570120752,32,22.410616807658094,37.391,24.927,30.9,1.16846875,0.8558209194726004,16.633,0.532,7.762,59.8,60.0,3,Phi-3-mini-Q4,llama.cpp,,expanded_rate_table
2026-05-15T04:21:34.275833,GPU918_CPU1036,918,1036,918,1036,long_tiny,mixed,1024,32,1,37.00691997073591,31.113457835970387,1001.6881078481674,32,31.946071585837828,36.14,24.094,29.387,1.129375,0.8854454897620365,15.704,0.532,7.858,59.7,60.0,3,Phi-3-mini-Q4,llama.cpp,,expanded_rate_table
2026-05-15T04:21:36.087385,GPU918_CPU1036,918,1036,918,1036,long_tiny,mixed,1024,32,2,37.156451027840376,31.112997319489235,1001.8257941119373,32,31.941681066782888,35.441,23.627,28.987,1.10753125,0.9029090601281001,15.437,0.399,7.791,59.5,59.8,3,Phi-3-mini-Q4,llama.cpp,,expanded_rate_table
2026-05-15T04:21:40.957007,GPU918_CPU1036,918,1036,918,1036,long_medium,mixed,1024,128,0,37.00701612979174,31.664819346638176,4058.928656158969,128,31.53541509180615,133.894,29.754,32.601,1.046046875,0.9559801036640925,20.093,0.443,9.217,59.8,60.2,9,Phi-3-mini-Q4,llama.cpp,,expanded_rate_table
2026-05-15T04:21:41.806795,GPU918_CPU1036,918,1036,918,1036,long_medium,mixed,1024,128,1,40.31810094602406,40.31810094602406,40.31810094602406,0,0.0,6.498,12.995,12.995,0.0,0.0,6.789,0.798,5.408,59.4,59.4,1,Phi-3-mini-Q4,llama.cpp,,expanded_rate_table
2026-05-15T04:21:46.684691,GPU918_CPU1036,918,1036,918,1036,long_medium,mixed,1024,128,2,41.25074087642133,31.697638338343715,4067.3536399845034,128,31.470093660330868,133.941,29.765,32.899,1.0464140625,0.9556446495098588,20.005,0.621,9.139,59.8,60.1,9,Phi-3-mini-Q4,llama.cpp,,expanded_rate_table
2026-05-15T04:21:50.591199,GPU918_CPU1036,918,1036,918,1036,xlong_short,mixed,2048,64,0,958.243127912283,33.93070649222604,3096.176218939945,64,20.67065808738497,95.742,27.355,32.61,1.49596875,0.668463161412964,18.366,0.513,8.476,59.7,60.0,7,Phi-3-mini-Q4,llama.cpp,,expanded_rate_table
2026-05-15T04:21:53.580462,GPU918_CPU1036,918,1036,918,1036,xlong_short,mixed,2048,64,1,43.68425696156919,33.8858640641861,2178.78385912627,64,29.374184929782395,71.492,28.597,32.202,1.1170625,0.8952050579085771,19.163,0.479,8.954,59.7,60.1,5,Phi-3-mini-Q4,llama.cpp,,expanded_rate_table
2026-05-15T04:21:56.565979,GPU918_CPU1036,918,1036,918,1036,xlong_short,mixed,2048,64,2,43.81301999092102,33.830361921221964,2175.410707015544,64,29.419732004446136,71.446,28.578,32.61,1.11634375,0.8957814293312432,19.245,0.399,8.934,59.7,59.9,5,Phi-3-mini-Q4,llama.cpp,,expanded_rate_table
2026-05-15T04:22:01.725400,GPU918_CPU1036,918,1036,918,1036,xlong_medium,mixed,2048,128,0,44.1868940833956,33.88810889634091,4348.488643066958,128,29.435514383618703,138.668,30.815,33.009,1.08334375,0.9230680474226209,20.941,0.443,9.431,59.9,60.1,9,Phi-3-mini-Q4,llama.cpp,,expanded_rate_table
2026-05-15T04:22:06.879652,GPU918_CPU1036,918,1036,918,1036,xlong_medium,mixed,2048,128,1,43.65692799910903,33.85494744925811,4343.74534804374,128,29.467657457785,139.122,30.916,33.109,1.086890625,0.9200557783815643,21.03,0.443,9.442,59.9,60.2,9,Phi-3-mini-Q4,llama.cpp,,expanded_rate_table
2026-05-15T04:22:12.032469,GPU918_CPU1036,918,1036,918,1036,xlong_medium,mixed,2048,128,2,43.89218310825527,33.83824176257696,4341.913186945021,128,29.48009195229006,139.276,30.95,33.109,1.08809375,0.9190384560153938,21.076,0.399,9.475,60.0,60.3,9,Phi-3-mini-Q4,llama.cpp,,expanded_rate_table
2026-05-15T04:22:30.063829,GPU918_CPU1036,918,1036,918,1036,xlong_long,mixed,2048,512,0,44.131597969681025,34.00467097988382,17217.440756969154,505,29.330723835689092,565.7,32.326,34.0,1.1201980198019803,0.8926993105886512,22.05,0.49,9.785,60.3,60.7,35,Phi-3-mini-Q4,llama.cpp,,expanded_rate_table
2026-05-15T04:22:35.668620,GPU918_CPU1036,918,1036,918,1036,xlong_long,mixed,2048,512,1,47.67678608186543,33.90067191325503,4793.936941074207,140,29.203554765288448,156.013,31.203,33.499,1.1143785714285714,0.8973611173427855,21.201,0.479,9.523,60.4,60.7,10,Phi-3-mini-Q4,llama.cpp,,expanded_rate_table
2026-05-15T04:22:52.178520,GPU918_CPU1036,918,1036,918,1036,xlong_long,mixed,2048,512,2,43.86158916167915,33.9503049369618,15695.9649391938,461,29.370605871376174,517.025,32.314,33.999,1.121529284164859,0.8916396692616412,21.995,0.561,9.758,60.6,60.9,32,Phi-3-mini-Q4,llama.cpp,,expanded_rate_table
2026-05-15T04:22:53.976048,GPU918_CPU1036,918,1036,918,1036,tiny_tiny,decode,32,32,0,36.657068179920316,30.66467664264623,987.4045990873128,32,32.408194198789985,35.04,23.36,28.787,1.095,0.9132420091324202,15.304,0.399,7.657,60.4,60.5,3,Phi-3-mini-Q4,llama.cpp,"decode-only (16 prompt tokens, 32 output)",expanded_rate_table
2026-05-15T04:22:55.760945,GPU918_CPU1036,918,1036,918,1036,tiny_tiny,decode,32,32,1,31.93540801294148,30.417758580898084,975.0352310948074,32,32.81932691198159,34.791,23.194,28.787,1.08721875,0.9197781035325229,15.171,0.399,7.624,60.1,60.2,3,Phi-3-mini-Q4,llama.cpp,"decode-only (16 prompt tokens, 32 output)",expanded_rate_table
2026-05-15T04:22:57.546250,GPU918_CPU1036,918,1036,918,1036,tiny_tiny,decode,32,32,2,31.87291300855577,30.428666966937243,975.3033129964024,32,32.81030585417281,34.841,23.227,28.787,1.08878125,0.9184581384001607,15.171,0.399,7.657,60.0,60.3,3,Phi-3-mini-Q4,llama.cpp,"decode-only (16 prompt tokens, 32 output)",expanded_rate_table
2026-05-15T04:23:02.270682,GPU918_CPU1036,918,1036,918,1036,tiny_short,decode,32,128,0,31.758260913193226,30.55820422885045,3913.1250290665776,128,32.71042940085476,120.736,30.184,32.4,0.94325,1.0601643254704478,20.608,0.449,9.128,60.3,60.8,8,Phi-3-mini-Q4,llama.cpp,"decode-only (16 prompt tokens, 128 output)",expanded_rate_table
2026-05-15T04:23:06.980977,GPU918_CPU1036,918,1036,918,1036,tiny_short,decode,32,128,1,31.805458944290876,30.451637212421716,3899.641224881634,128,32.823532376080365,121.491,30.373,32.799,0.9491484375,1.0535759850523907,20.758,0.449,9.165,60.4,60.8,8,Phi-3-mini-Q4,llama.cpp,"decode-only (16 prompt tokens, 128 output)",expanded_rate_table
2026-05-15T04:23:11.686505,GPU918_CPU1036,918,1036,918,1036,tiny_short,decode,32,128,2,32.177638029679656,30.409788085866396,3894.696868956089,128,32.86520217279666,121.142,30.286,32.409,0.946421875,1.056611249607898,20.709,0.399,9.178,60.3,60.7,8,Phi-3-mini-Q4,llama.cpp,"decode-only (16 prompt tokens, 128 output)",expanded_rate_table
2026-05-15T04:23:29.309167,GPU918_CPU1036,918,1036,918,1036,tiny_long,decode,32,512,0,31.97821998037398,32.82707667938723,16808.510593138635,512,30.460759575509467,529.188,31.129,33.299,1.0335703125,0.9675200495854026,21.278,0.54,9.311,60.6,61.2,34,Phi-3-mini-Q4,llama.cpp,"decode-only (16 prompt tokens, 512 output)",expanded_rate_table
2026-05-15T04:23:49.488923,GPU918_CPU1036,918,1036,918,1036,tiny_long,decode,32,512,1,35.73658410459757,37.822228177940865,19364.85069897026,512,26.439656466198628,577.174,29.599,31.208,1.12729296875,0.8870808456375374,19.701,0.87,9.028,60.6,61.0,39,Phi-3-mini-Q4,llama.cpp,"decode-only (16 prompt tokens, 512 output)",expanded_rate_table
2026-05-15T04:24:09.658907,GPU918_CPU1036,918,1036,918,1036,tiny_long,decode,32,512,2,42.961515951901674,37.78950097276273,19355.276511982083,512,26.452734978135865,577.578,29.619,30.808,1.12808203125,0.8864603568695484,19.74,0.86,9.019,60.7,61.1,39,Phi-3-mini-Q4,llama.cpp,"decode-only (16 prompt tokens, 512 output)",expanded_rate_table
2026-05-15T04:24:11.617238,GPU918_CPU1036,918,1036,918,1036,short_tiny,decode,128,32,0,48.82419016212225,35.466018192950756,1148.4179811086506,32,27.864419163054286,37.342,24.894,27.489,1.1669375,0.8569439237319908,15.705,1.064,8.125,60.6,61.2,3,Phi-3-mini-Q4,llama.cpp,"decode-only (16 prompt tokens, 32 output)",expanded_rate_table
2026-05-15T04:24:13.545463,GPU918_CPU1036,918,1036,918,1036,short_tiny,decode,128,32,1,31.720752827823162,34.99151893981522,1116.6106979362667,32,28.658152800383146,36.944,24.629,27.789,1.1545,0.8661758336942399,15.573,1.065,7.992,60.5,60.7,3,Phi-3-mini-Q4,llama.cpp,"decode-only (16 prompt tokens, 32 output)",expanded_rate_table
2026-05-15T04:24:15.487512,GPU918_CPU1036,918,1036,918,1036,short_tiny,decode,128,32,2,43.07472496293485,35.11340667553727,1131.743127014488,32,28.27496738099506,36.544,24.363,27.389,1.142,0.8756567425569177,15.573,0.798,7.992,60.2,60.3,3,Phi-3-mini-Q4,llama.cpp,"decode-only (16 prompt tokens, 32 output)",expanded_rate_table
2026-05-15T04:24:18.552524,GPU918_CPU1036,918,1036,918,1036,short_short,decode,128,64,0,32.40383299998939,35.271541858535436,2254.765809047967,64,28.384322550563603,69.09,27.636,30.401,1.07953125,0.9263279779997105,18.202,0.798,8.636,60.4,60.8,5,Phi-3-mini-Q4,llama.cpp,"decode-only (16 prompt tokens, 64 output)",expanded_rate_table
2026-05-15T04:24:21.621504,GPU918_CPU1036,918,1036,918,1036,short_short,decode,128,64,1,32.51035581342876,35.330200652843196,2258.5619159508497,64,28.33661523645064,69.145,27.658,30.409,1.080390625,0.9255911490346375,18.204,0.798,8.656,60.4,60.6,5,Phi-3-mini-Q4,llama.cpp,"decode-only (16 prompt tokens, 64 output)",expanded_rate_table
2026-05-15T04:24:24.687223,GPU918_CPU1036,918,1036,918,1036,short_short,decode,128,64,2,34.14793196134269,35.25238927261579,2255.305119091645,64,28.37753502097174,68.991,27.596,30.401,1.077984375,0.9276572306532737,18.122,0.798,8.676,60.2,60.4,5,Phi-3-mini-Q4,llama.cpp,"decode-only (16 prompt tokens, 64 output)",expanded_rate_table
2026-05-15T04:24:34.622521,GPU918_CPU1036,918,1036,918,1036,short_long,decode,128,256,0,35.15058406628668,35.63542063895832,9123.1079029385,256,28.06061297571016,279.88,29.461,31.208,1.09328125,0.9146777190224382,19.606,0.84,9.014,60.4,60.8,19,Phi-3-mini-Q4,llama.cpp,"decode-only (16 prompt tokens, 256 output)",expanded_rate_table
2026-05-15T04:24:44.608703,GPU918_CPU1036,918,1036,918,1036,short_long,decode,128,256,1,36.422859178856015,35.829909478186394,9173.99390321225,256,27.904967313130904,279.357,29.406,30.801,1.09123828125,0.9163901387829908,19.563,0.84,9.003,60.5,60.7,19,Phi-3-mini-Q4,llama.cpp,"decode-only (16 prompt tokens, 256 output)",expanded_rate_table
2026-05-15T04:24:54.556749,GPU918_CPU1036,918,1036,918,1036,short_long,decode,128,256,2,37.94232499785721,35.67381113694579,9135.726530803367,256,28.021854544007258,279.382,29.409,30.909,1.0913359375,0.9163081372457782,19.544,0.861,9.003,60.6,60.8,19,Phi-3-mini-Q4,llama.cpp,"decode-only (16 prompt tokens, 256 output)",expanded_rate_table
2026-05-15T04:24:56.508562,GPU918_CPU1036,918,1036,918,1036,medium_tiny,decode,512,32,0,48.2591490726918,35.25768547889687,1141.3966100662947,32,28.035828841423818,36.742,24.494,27.389,1.1481875,0.8709378912416309,15.704,0.798,7.992,60.4,60.7,3,Phi-3-mini-Q4,llama.cpp,"decode-only (16 prompt tokens, 32 output)",expanded_rate_table
2026-05-15T04:24:58.450073,GPU918_CPU1036,918,1036,918,1036,medium_tiny,decode,512,32,1,32.885957043617964,35.431644706536204,1131.4124739728868,32,28.28323068388483,36.848,24.566,27.496,1.1515,0.8684324793747287,15.576,0.932,8.058,60.2,60.4,3,Phi-3-mini-Q4,llama.cpp,"decode-only (16 prompt tokens, 32 output)",expanded_rate_table
2026-05-15T04:25:00.396180,GPU918_CPU1036,918,1036,918,1036,medium_tiny,decode,512,32,2,33.940288005396724,35.54615412928885,1136.0233491286635,32,28.168435115831187,36.544,24.363,27.389,1.142,0.8756567425569177,15.573,0.798,7.992,60.1,60.3,3,Phi-3-mini-Q4,llama.cpp,"decode-only (16 prompt tokens, 32 output)",expanded_rate_table
2026-05-15T04:25:05.751018,GPU918_CPU1036,918,1036,918,1036,medium_short,decode,512,128,0,33.41486700810492,35.50752157558078,4543.370953062549,128,28.17291419132727,140.749,28.15,30.8,1.0996015625,0.9094203155972689,18.565,0.798,8.786,60.3,60.6,10,Phi-3-mini-Q4,llama.cpp,"decode-only (16 prompt tokens, 128 output)",expanded_rate_table
2026-05-15T04:25:11.092552,GPU918_CPU1036,918,1036,918,1036,medium_short,decode,512,128,1,32.6612601056695,35.41084197459845,4530.360541073605,128,28.2538219286332,141.315,28.263,30.808,1.1040234375,0.9057778721296394,18.647,0.838,8.778,60.5,60.8,10,Phi-3-mini-Q4,llama.cpp,"decode-only (16 prompt tokens, 128 output)",expanded_rate_table
2026-05-15T04:25:16.443410,GPU918_CPU1036,918,1036,918,1036,medium_short,decode,512,128,2,44.21612014994025,35.38966741720874,4539.180377032608,128,28.198923454916162,141.21,28.242,30.908,1.103203125,0.9064513844628567,18.648,0.838,8.756,60.4,60.7,10,Phi-3-mini-Q4,llama.cpp,"decode-only (16 prompt tokens, 128 output)",expanded_rate_table
2026-05-15T04:25:31.821698,GPU918_CPU1036,918,1036,918,1036,medium_long,decode,512,512,0,32.29688899591565,37.13728068217348,14564.603897975758,391,26.845906880745492,431.026,29.726,31.3,1.1023682864450128,0.9071378524729367,19.813,0.839,9.073,60.5,60.8,29,Phi-3-mini-Q4,llama.cpp,"decode-only (16 prompt tokens, 512 output)",expanded_rate_table
2026-05-15T04:25:52.018359,GPU918_CPU1036,918,1036,918,1036,medium_long,decode,512,512,1,42.04013082198799,37.83691409791213,19378.78933781758,512,26.420639136668633,578.094,29.646,31.208,1.12908984375,0.8856691126356613,19.691,0.921,9.034,60.7,61.0,39,Phi-3-mini-Q4,llama.cpp,"decode-only (16 prompt tokens, 512 output)",expanded_rate_table
2026-05-15T04:26:11.844030,GPU918_CPU1036,918,1036,918,1036,medium_long,decode,512,512,2,47.65871702693403,37.10656030123612,19011.024532141164,512,26.931741586803092,566.686,29.826,31.308,1.10680859375,0.9034985865188129,19.893,0.84,9.092,60.7,61.1,38,Phi-3-mini-Q4,llama.cpp,"decode-only (16 prompt tokens, 512 output)",expanded_rate_table
2026-05-15T04:26:13.640968,GPU918_CPU1036,918,1036,918,1036,long_tiny,decode,1024,32,0,35.83474480547011,30.673913064322644,986.8750039022416,32,32.42558568559091,35.39,23.594,28.887,1.1059375,0.9042102288782141,15.304,0.532,7.758,60.4,60.5,3,Phi-3-mini-Q4,llama.cpp,"decode-only (16 prompt tokens, 32 output)",expanded_rate_table
2026-05-15T04:26:15.423853,GPU918_CPU1036,918,1036,918,1036,long_tiny,decode,1024,32,1,31.873187981545925,30.350676775279066,972.8866589721292,32,32.8918067740887,34.791,23.194,28.787,1.08721875,0.9197781035325229,15.171,0.399,7.624,60.4,60.6,3,Phi-3-mini-Q4,llama.cpp,"decode-only (16 prompt tokens, 32 output)",expanded_rate_table
2026-05-15T04:26:17.209104,GPU918_CPU1036,918,1036,918,1036,long_tiny,decode,1024,32,2,31.824741046875715,30.44080412796428,975.6316160783172,32,32.79926508391386,34.844,23.229,28.787,1.088875,0.9183790609574102,15.173,0.399,7.657,60.2,60.4,3,Phi-3-mini-Q4,llama.cpp,"decode-only (16 prompt tokens, 32 output)",expanded_rate_table
2026-05-15T04:26:21.930061,GPU918_CPU1036,918,1036,918,1036,long_medium,decode,1024,128,0,31.792966183274984,30.536728944101437,3910.440308973193,128,32.73288680721746,120.565,30.141,32.308,0.9419140625,1.0616679799278397,20.615,0.399,9.127,60.5,60.7,8,Phi-3-mini-Q4,llama.cpp,"decode-only (16 prompt tokens, 128 output)",expanded_rate_table
2026-05-15T04:26:26.649534,GPU918_CPU1036,918,1036,918,1036,long_medium,decode,1024,128,1,31.87136398628354,30.523612426124572,3908.8442700449377,128,32.74625212902853,122.016,30.504,32.808,0.95325,1.049042748492001,20.715,0.599,9.19,60.5,60.8,8,Phi-3-mini-Q4,llama.cpp,"decode-only (16 prompt tokens, 128 output)",expanded_rate_table
2026-05-15T04:26:31.364868,GPU918_CPU1036,918,1036,918,1036,long_medium,decode,1024,128,2,32.17762382701039,30.489123694041346,3904.7786840237677,128,32.7803469435301,121.309,30.327,32.409,0.9477265625,1.0551566660346718,20.713,0.449,9.165,60.6,60.8,8,Phi-3-mini-Q4,llama.cpp,"decode-only (16 prompt tokens, 128 output)",expanded_rate_table
2026-05-15T04:26:34.132824,GPU918_CPU1036,918,1036,918,1036,xlong_short,decode,2048,64,0,32.24885300733149,30.563296761275048,1957.991419825703,64,32.68655794502775,67.446,26.978,32.4,1.05384375,0.948907273967322,17.887,0.639,8.453,60.5,60.9,5,Phi-3-mini-Q4,llama.cpp,"decode-only (16 prompt tokens, 64 output)",expanded_rate_table
2026-05-15T04:26:36.896568,GPU918_CPU1036,918,1036,918,1036,xlong_short,decode,2048,64,1,32.00790099799633,30.497770542131057,1953.626060159877,64,32.75959576151564,66.704,26.682,31.908,1.04225,0.9594627008875031,17.89,0.399,8.392,60.4,60.6,5,Phi-3-mini-Q4,llama.cpp,"decode-only (16 prompt tokens, 64 output)",expanded_rate_table
2026-05-15T04:26:39.659986,GPU918_CPU1036,918,1036,918,1036,xlong_short,decode,2048,64,2,31.82477201335132,30.49097800006469,1953.0069690663368,64,32.76998035014495,67.154,26.861,32.408,1.04928125,0.9530333263841321,17.89,0.559,8.413,60.3,60.4,5,Phi-3-mini-Q4,llama.cpp,"decode-only (16 prompt tokens, 64 output)",expanded_rate_table
2026-05-15T04:26:44.369746,GPU918_CPU1036,918,1036,918,1036,xlong_medium,decode,2048,128,0,31.791078159585595,30.449499581449146,3899.364068172872,128,32.82586538783414,121.011,30.253,32.409,0.9453984375,1.0577550801166837,20.714,0.399,9.14,60.5,60.8,8,Phi-3-mini-Q4,llama.cpp,"decode-only (16 prompt tokens, 128 output)",expanded_rate_table
2026-05-15T04:26:49.077957,GPU918_CPU1036,918,1036,918,1036,xlong_medium,decode,2048,128,1,32.01596485450864,30.4326739851532,3897.4543758668005,128,32.84194955368338,121.514,30.378,32.707,0.949328125,1.0533765656632157,20.864,0.399,9.115,60.5,60.7,8,Phi-3-mini-Q4,llama.cpp,"decode-only (16 prompt tokens, 128 output)",expanded_rate_table
2026-05-15T04:26:53.790199,GPU918_CPU1036,918,1036,918,1036,xlong_medium,decode,2048,128,2,31.84022707864642,30.467050874195113,3901.6413670033216,128,32.8067056809763,121.414,30.354,32.808,0.948546875,1.0542441563575864,20.714,0.449,9.19,60.6,60.8,8,Phi-3-mini-Q4,llama.cpp,"decode-only (16 prompt tokens, 128 output)",expanded_rate_table
2026-05-15T04:27:11.389054,GPU918_CPU1036,918,1036,918,1036,xlong_long,decode,2048,512,0,31.922271940857172,32.78118068873591,16784.983810037374,512,30.503455099779448,527.745,31.044,32.707,1.030751953125,0.9701655155425443,21.305,0.446,9.293,60.8,61.0,34,Phi-3-mini-Q4,llama.cpp,"decode-only (16 prompt tokens, 512 output)",expanded_rate_table
2026-05-15T04:27:28.988901,GPU918_CPU1036,918,1036,918,1036,xlong_long,decode,2048,512,1,35.67999508231878,32.77529379646358,16785.750514129177,512,30.502061827323775,526.965,30.998,32.707,1.029228515625,0.9716015295133452,21.283,0.422,9.293,60.9,61.3,34,Phi-3-mini-Q4,llama.cpp,"decode-only (16 prompt tokens, 512 output)",expanded_rate_table
2026-05-15T04:27:46.589041,GPU918_CPU1036,918,1036,918,1036,xlong_long,decode,2048,512,2,35.80418205820024,32.77481286722708,16785.62929807231,512,30.502282095482652,526.98,30.999,32.808,1.0292578125,0.9715738737713006,21.295,0.434,9.269,61.0,61.2,34,Phi-3-mini-Q4,llama.cpp,"decode-only (16 prompt tokens, 512 output)",expanded_rate_table
2026-05-15T04:27:56.207684,GPU918_CPU1497,1300,1497,918,1497,tiny_tiny,mixed,32,32,0,25.148587068542838,23.88011967583049,765.5340540222824,32,41.80088375150007,40.118,40.118,44.177,1.2536875,0.7976469415225086,30.134,0.798,9.187,60.9,60.9,2,Phi-3-mini-Q4,llama.cpp,,expanded_rate_table
2026-05-15T04:27:57.783256,GPU918_CPU1497,1300,1497,918,1497,tiny_tiny,mixed,32,32,1,25.164171122014523,23.942858063345476,767.4956480041146,32,41.69404749488357,35.226,35.226,41.879,1.1008125,0.9084199171066826,25.944,0.798,8.484,60.8,60.9,2,Phi-3-mini-Q4,llama.cpp,,expanded_rate_table
2026-05-15T04:27:59.358057,GPU918_CPU1497,1300,1497,918,1497,tiny_tiny,mixed,32,32,2,25.445568840950727,23.909099197255507,766.7306479997933,32,41.73564743170228,35.022,35.022,41.879,1.0944375,0.9137113814173948,25.74,0.798,8.484,60.7,60.8,2,Phi-3-mini-Q4,llama.cpp,,expanded_rate_table
2026-05-15T04:28:03.242722,GPU918_CPU1497,1300,1497,918,1497,tiny_short,mixed,32,128,0,25.17303405329585,24.020574141777757,3076.1185460723937,128,41.610880101948986,146.18,41.766,47.387,1.14203125,0.8756327815022574,31.543,0.798,9.424,61.2,61.6,7,Phi-3-mini-Q4,llama.cpp,,expanded_rate_table
2026-05-15T04:28:07.132654,GPU918_CPU1497,1300,1497,918,1497,tiny_short,mixed,32,128,1,25.38889809511602,24.057279229090792,3080.990101210773,128,41.545086415467004,146.824,41.95,47.474,1.1470625,0.8717920775894948,31.596,0.798,9.556,61.5,61.9,7,Phi-3-mini-Q4,llama.cpp,,expanded_rate_table
2026-05-15T04:28:11.020745,GPU918_CPU1497,1300,1497,918,1497,tiny_short,mixed,32,128,2,25.588955031707883,24.044401188359018,3079.569461988285,128,41.56425162021136,146.673,41.907,47.075,1.1458828125,0.8726895884041371,31.596,0.798,9.513,61.8,62.1,7,Phi-3-mini-Q4,llama.cpp,,expanded_rate_table
2026-05-15T04:28:25.059084,GPU918_CPU1497,1300,1497,918,1497,tiny_long,mixed,32,512,0,25.24979878216982,25.834027156981033,13227.730941958725,512,38.70656292047202,606.794,44.948,47.575,1.18514453125,0.8437789431009536,34.051,0.872,10.024,62.5,63.2,27,Phi-3-mini-Q4,llama.cpp,,expanded_rate_table
2026-05-15T04:28:39.101430,GPU918_CPU1497,1300,1497,918,1497,tiny_long,mixed,32,512,1,28.594927862286568,25.83529483964357,13231.731920968741,512,38.694858923843334,607.09,44.97,47.675,1.18572265625,0.8433675402329144,34.095,0.828,10.047,63.1,63.5,27,Phi-3-mini-Q4,llama.cpp,,expanded_rate_table
2026-05-15T04:28:53.133145,GPU918_CPU1497,1300,1497,918,1497,tiny_long,mixed,32,512,2,28.412022162228823,25.815191612635427,13221.29415301606,512,38.72540721614622,607.646,45.011,47.588,1.18680859375,0.8425958535068115,34.155,0.813,10.043,63.7,64.1,27,Phi-3-mini-Q4,llama.cpp,,expanded_rate_table
2026-05-15T04:28:54.750998,GPU918_CPU1497,1300,1497,918,1497,short_tiny,mixed,128,32,0,60.04908285103738,24.177404811545724,809.6534609794617,32,39.52308183959179,34.526,34.526,41.879,1.0789375,0.9268377454671841,25.344,0.798,8.384,63.4,63.5,2,Phi-3-mini-Q4,llama.cpp,,expanded_rate_table
2026-05-15T04:28:56.327752,GPU918_CPU1497,1300,1497,918,1497,short_tiny,mixed,128,32,1,25.41311993263662,23.97957948907729,768.8811689149588,32,41.61891498156761,35.022,35.022,41.879,1.0944375,0.9137113814173948,25.74,0.798,8.484,63.4,63.4,2,Phi-3-mini-Q4,llama.cpp,,expanded_rate_table
2026-05-15T04:28:57.904130,GPU918_CPU1497,1300,1497,918,1497,short_tiny,mixed,128,32,2,25.62002488411963,23.954236354198187,768.3063719887286,32,41.650051550619516,34.972,34.972,41.879,1.092875,0.9150177284684891,25.74,0.798,8.434,63.1,63.5,2,Phi-3-mini-Q4,llama.cpp,,expanded_rate_table
2026-05-15T04:29:00.247353,GPU918_CPU1497,1300,1497,918,1497,short_short,mixed,128,64,0,25.71573294699192,23.95215520768293,1534.8802250809968,64,41.69706466615183,74.662,37.331,46.075,1.16659375,0.8571964319198521,27.747,0.798,8.785,63.1,63.3,4,Phi-3-mini-Q4,llama.cpp,,expanded_rate_table
2026-05-15T04:29:02.590817,GPU918_CPU1497,1300,1497,918,1497,short_short,mixed,128,64,1,25.549658806994557,23.96175022503095,1535.331531893462,64,41.684807919675436,75.016,37.508,46.075,1.172125,0.8531513277167537,27.849,0.798,8.861,63.2,63.3,4,Phi-3-mini-Q4,llama.cpp,,expanded_rate_table
2026-05-15T04:29:04.935154,GPU918_CPU1497,1300,1497,918,1497,short_short,mixed,128,64,2,25.622967863455415,23.970570651784776,1535.9472169075161,64,41.66809854889279,74.96,37.48,46.175,1.17125,0.8537886872998933,27.847,0.798,8.835,63.2,63.3,4,Phi-3-mini-Q4,llama.cpp,,expanded_rate_table
2026-05-15T04:29:12.159910,GPU918_CPU1497,1300,1497,918,1497,short_long,mixed,128,256,0,25.76507511548698,25.05457828223121,6415.324914036319,256,39.904448088028786,292.597,45.015,47.676,1.14295703125,0.8749235296329081,34.086,0.86,10.07,63.7,64.1,13,Phi-3-mini-Q4,llama.cpp,,expanded_rate_table
2026-05-15T04:29:19.397136,GPU918_CPU1497,1300,1497,918,1497,short_long,mixed,128,256,1,28.82663090713322,25.09279963925627,6428.130195941776,256,39.82495565531927,292.046,44.93,47.575,1.1408046875,0.8765742383049245,34.024,0.86,10.046,64.0,64.4,13,Phi-3-mini-Q4,llama.cpp,,expanded_rate_table
2026-05-15T04:29:26.632920,GPU918_CPU1497,1300,1497,918,1497,short_long,mixed,128,256,2,28.911266941577196,25.083471305997055,6425.858058966696,256,39.839037471855676,291.585,44.859,47.175,1.13900390625,0.8779601145463588,34.023,0.798,10.039,64.2,64.5,13,Phi-3-mini-Q4,llama.cpp,,expanded_rate_table
2026-05-15T04:29:28.489617,GPU918_CPU1497,1300,1497,918,1497,medium_tiny,mixed,512,32,0,223.6985971685499,26.59176190143391,1048.1539641041309,32,30.529865931815433,49.278,32.852,40.28,1.5399375,0.649377003936848,24.225,0.798,7.829,63.9,64.0,3,Phi-3-mini-Q4,llama.cpp,,expanded_rate_table
2026-05-15T04:29:30.144898,GPU918_CPU1497,1300,1497,918,1497,medium_tiny,mixed,512,32,1,29.289558064192533,26.38055380403755,847.1981140319258,32,37.77156661469399,34.276,34.276,40.88,1.071125,0.9335978527249387,25.145,0.798,8.334,63.7,63.8,2,Phi-3-mini-Q4,llama.cpp,,expanded_rate_table
2026-05-15T04:29:31.804182,GPU918_CPU1497,1300,1497,918,1497,medium_tiny,mixed,512,32,2,29.271893901750445,26.510177067511023,851.2047550175339,32,37.59377495411293,34.327,34.327,40.981,1.07271875,0.9322107961662831,25.145,0.798,8.384,63.6,63.8,2,Phi-3-mini-Q4,llama.cpp,,expanded_rate_table
2026-05-15T04:29:36.019708,GPU918_CPU1497,1300,1497,918,1497,medium_short,mixed,512,128,0,29.149146983399987,26.59446127551395,3406.995573081076,128,37.56975823841318,150.506,43.002,47.075,1.175828125,0.8504644333116288,32.103,1.14,9.759,63.9,64.5,7,Phi-3-mini-Q4,llama.cpp,,expanded_rate_table
2026-05-15T04:29:36.856750,GPU918_CPU1497,1300,1497,918,1497,medium_short,mixed,512,128,1,29.223608085885644,29.223608085885644,29.223608085885644,0,0.0,7.448,14.896,14.896,0.0,0.0,8.789,0.799,5.308,63.4,63.4,1,Phi-3-mini-Q4,llama.cpp,,expanded_rate_table
2026-05-15T04:29:41.066551,GPU918_CPU1497,1300,1497,918,1497,medium_short,mixed,512,128,2,29.25272611901164,26.54561169966175,3400.9011751040816,128,37.63708305816404,154.848,38.712,46.175,1.20975,0.826617069642488,28.839,0.798,9.075,63.8,64.2,8,Phi-3-mini-Q4,llama.cpp,,expanded_rate_table
2026-05-15T04:29:55.197661,GPU918_CPU1497,1300,1497,918,1497,medium_long,mixed,512,512,0,29.544620076194406,26.007166432595852,13320.531133096665,512,38.43690577231313,618.082,45.784,47.776,1.20719140625,0.8283690513556454,34.538,0.916,10.33,64.5,65.0,27,Phi-3-mini-Q4,llama.cpp,,expanded_rate_table
2026-05-15T04:30:09.297428,GPU918_CPU1497,1300,1497,918,1497,medium_long,mixed,512,512,1,32.31479413807392,25.940717635822068,13289.306868100539,512,38.52721628612531,617.688,45.755,48.075,1.206421875,0.8288974368937069,34.568,0.902,10.285,64.9,65.4,27,Phi-3-mini-Q4,llama.cpp,,expanded_rate_table
2026-05-15T04:30:15.431947,GPU918_CPU1497,1300,1497,918,1497,medium_long,mixed,512,512,2,32.056819181889296,26.341665749205276,5325.367165030912,201,37.74387638844303,243.493,44.271,47.376,1.2114079601990049,0.8254857429166341,33.418,0.871,9.982,65.0,65.4,11,Phi-3-mini-Q4,llama.cpp,,expanded_rate_table
2026-05-15T04:30:17.339686,GPU918_CPU1497,1300,1497,918,1497,long_tiny,mixed,1024,32,0,332.8888670075685,24.722311165063612,1099.3977570906281,32,29.10684490086885,50.823,33.882,40.268,1.58821875,0.6296361883399249,25.02,0.798,8.063,64.6,64.8,3,Phi-3-mini-Q4,llama.cpp,,expanded_rate_table
2026-05-15T04:30:18.936836,GPU918_CPU1497,1300,1497,918,1497,long_tiny,mixed,1024,32,1,28.909696964547038,24.51360625995984,788.9466548804194,32,40.560410266078435,35.566,35.566,42.467,1.1114375,0.8997357026373503,26.132,0.798,8.635,64.3,64.5,2,Phi-3-mini-Q4,llama.cpp,,expanded_rate_table
2026-05-15T04:30:20.534702,GPU918_CPU1497,1300,1497,918,1497,long_tiny,mixed,1024,32,2,28.6884568631649,24.552314519701945,789.9251149501652,32,40.510169121561376,35.467,35.467,42.568,1.10834375,0.9022471593312094,25.934,0.798,8.736,64.4,64.7,2,Phi-3-mini-Q4,llama.cpp,,expanded_rate_table
2026-05-15T04:30:21.371380,GPU918_CPU1497,1300,1497,918,1497,long_medium,mixed,1024,128,0,28.71821611188352,28.71821611188352,28.71821611188352,0,0.0,7.396,14.791,14.791,0.0,0.0,8.785,0.798,5.208,63.7,63.7,1,Phi-3-mini-Q4,llama.cpp,,expanded_rate_table
2026-05-15T04:30:25.386787,GPU918_CPU1497,1300,1497,918,1497,long_medium,mixed,1024,128,1,29.10751407034695,25.017761662015765,3206.7049290053546,128,39.91636362990923,150.972,43.135,47.775,1.17946875,0.8478393344461224,32.392,0.855,9.888,64.4,65.1,7,Phi-3-mini-Q4,llama.cpp,,expanded_rate_table
2026-05-15T04:30:29.414702,GPU918_CPU1497,1300,1497,918,1497,long_medium,mixed,1024,128,2,31.809210078790784,25.095952676579824,3219.3384838756174,128,39.75972102377583,152.364,43.533,47.775,1.19034375,0.8400934603974692,32.732,0.798,10.003,64.6,65.0,7,Phi-3-mini-Q4,llama.cpp,,expanded_rate_table
2026-05-15T04:30:32.647160,GPU918_CPU1497,1300,1497,918,1497,xlong_short,mixed,2048,64,0,718.677642988041,27.06315006232924,2423.864441923797,64,26.404116869342676,98.982,39.593,47.477,1.54659375,0.6465822068658948,29.696,0.798,9.099,64.5,64.7,5,Phi-3-mini-Q4,llama.cpp,,expanded_rate_table
2026-05-15T04:30:35.188777,GPU918_CPU1497,1300,1497,918,1497,xlong_short,mixed,2048,64,1,34.47378799319267,26.962364221819573,1733.3138948306441,64,36.923491002334124,82.188,41.094,47.177,1.2841875,0.7787024869810678,30.428,0.898,9.768,64.5,64.8,4,Phi-3-mini-Q4,llama.cpp,,expanded_rate_table
2026-05-15T04:30:37.733074,GPU918_CPU1497,1300,1497,918,1497,xlong_short,mixed,2048,64,2,34.220581175759435,27.005938491562294,1735.8036271762103,64,36.870530167121856,81.696,40.848,47.077,1.2765,0.7833920877399139,30.332,0.798,9.718,64.5,64.8,4,Phi-3-mini-Q4,llama.cpp,,expanded_rate_table
2026-05-15T04:30:42.014311,GPU918_CPU1497,1300,1497,918,1497,xlong_medium,mixed,2048,128,0,33.99063693359494,27.073569023820358,3472.7226889226586,128,36.85868739484908,167.663,41.916,47.477,1.3098671875,0.7634361785247789,31.287,0.798,9.831,64.6,64.9,8,Phi-3-mini-Q4,llama.cpp,,expanded_rate_table
2026-05-15T04:30:44.808546,GPU918_CPU1497,1300,1497,918,1497,xlong_medium,mixed,2048,128,1,33.984204987064004,27.10779990122037,1985.6470259837806,72,36.26022100495323,97.135,38.854,47.063,1.3490972222222224,0.7412364235342565,28.497,1.038,9.319,64.5,64.8,5,Phi-3-mini-Q4,llama.cpp,,expanded_rate_table
2026-05-15T04:30:49.094792,GPU918_CPU1497,1300,1497,918,1497,xlong_medium,mixed,2048,128,2,34.535001963377,27.107271684817675,3477.529500843957,128,36.80773950844582,168.612,42.153,47.976,1.31728125,0.7591393257893863,31.287,0.948,9.919,64.8,65.2,8,Phi-3-mini-Q4,llama.cpp,,expanded_rate_table
2026-05-15T04:31:03.849513,GPU918_CPU1497,1300,1497,918,1497,xlong_long,mixed,2048,512,0,34.05383485369384,27.218303192086125,13943.981725955382,512,36.718349899079485,658.136,47.01,48.976,1.285421875,0.7779547084493175,35.369,0.898,10.743,65.3,66.0,28,Phi-3-mini-Q4,llama.cpp,,expanded_rate_table
2026-05-15T04:31:18.723537,GPU918_CPU1497,1300,1497,918,1497,xlong_long,mixed,2048,512,1,37.69127302803099,27.444379162243813,14063.090482028201,512,36.40736014991198,667.358,47.668,49.876,1.30343359375,0.7672044090278382,35.139,1.697,10.833,65.9,66.6,28,Phi-3-mini-Q4,llama.cpp,,expanded_rate_table
2026-05-15T04:31:33.688103,GPU918_CPU1497,1300,1497,918,1497,xlong_long,mixed,2048,512,2,37.58842800743878,27.62183232447989,14153.683769982308,512,36.17432806333216,693.044,47.796,50.274,1.3536015625,0.7387698327956089,34.618,2.299,10.879,66.4,67.0,29,Phi-3-mini-Q4,llama.cpp,,expanded_rate_table
2026-05-15T04:31:35.283229,GPU918_CPU1497,1300,1497,918,1497,tiny_tiny,decode,32,32,0,28.909662971273065,24.43529277168695,786.5130468271673,32,40.68591122434598,36.865,36.865,43.866,1.15203125,0.86803200868032,25.734,2.195,8.936,66.1,66.3,2,Phi-3-mini-Q4,llama.cpp,"decode-only (16 prompt tokens, 32 output)",expanded_rate_table
2026-05-15T04:31:36.870555,GPU918_CPU1497,1300,1497,918,1497,tiny_tiny,decode,32,32,1,25.26489715091884,24.31051264096412,779.0042250417173,32,41.078082725785386,36.914,36.914,43.467,1.1535625,0.8668797746112585,25.933,1.995,8.986,66.0,66.2,2,Phi-3-mini-Q4,llama.cpp,"decode-only (16 prompt tokens, 32 output)",expanded_rate_table
2026-05-15T04:31:38.458528,GPU918_CPU1497,1300,1497,918,1497,tiny_tiny,decode,32,32,2,25.535478023812175,24.3281171612081,779.8151059541851,32,41.03536819903567,36.865,36.865,43.866,1.15203125,0.86803200868032,25.734,2.195,8.936,65.8,66.1,2,Phi-3-mini-Q4,llama.cpp,"decode-only (16 prompt tokens, 32 output)",expanded_rate_table
2026-05-15T04:31:42.377800,GPU918_CPU1497,1300,1497,918,1497,tiny_short,decode,32,128,0,25.361597072333097,24.29010600812264,3110.5478641111404,128,41.150307145836784,153.772,43.935,49.474,1.20134375,0.8324012173867805,31.765,2.224,9.945,66.1,66.4,7,Phi-3-mini-Q4,llama.cpp,"decode-only (16 prompt tokens, 128 output)",expanded_rate_table
2026-05-15T04:31:46.316563,GPU918_CPU1497,1300,1497,918,1497,tiny_short,decode,32,128,1,25.35894000902772,24.44328626023796,3130.001947050914,128,40.894543251195586,153.772,43.935,49.074,1.20134375,0.8324012173867805,31.822,2.167,9.945,66.1,66.4,7,Phi-3-mini-Q4,llama.cpp,"decode-only (16 prompt tokens, 128 output)",expanded_rate_table
2026-05-15T04:31:50.246747,GPU918_CPU1497,1300,1497,918,1497,tiny_short,decode,32,128,2,25.370653020218015,24.376899898638875,3121.583058964461,128,41.00483555368285,153.771,43.935,48.974,1.2013359375,0.8324066306390673,31.765,2.224,9.945,66.0,66.4,7,Phi-3-mini-Q4,llama.cpp,"decode-only (16 prompt tokens, 128 output)",expanded_rate_table
2026-05-15T04:32:04.445274,GPU918_CPU1497,1300,1497,918,1497,tiny_long,decode,32,512,0,25.313216960057616,26.147779221272867,13388.140272116289,512,38.24280218114769,633.105,46.897,49.175,1.236533203125,0.8087126148111292,34.315,2.159,10.423,66.5,66.9,27,Phi-3-mini-Q4,llama.cpp,"decode-only (16 prompt tokens, 512 output)",expanded_rate_table
2026-05-15T04:32:18.651310,GPU918_CPU1497,1300,1497,918,1497,tiny_long,decode,32,512,1,28.360698837786913,26.155531465635434,13395.19756496884,512,38.22265386656065,636.766,47.168,49.474,1.24368359375,0.8040630310035398,34.449,2.159,10.56,66.8,67.1,27,Phi-3-mini-Q4,llama.cpp,"decode-only (16 prompt tokens, 512 output)",expanded_rate_table
2026-05-15T04:32:32.878914,GPU918_CPU1497,1300,1497,918,1497,tiny_long,decode,32,512,2,28.479692060500383,26.197982929672484,13416.951596969739,512,38.160680263289976,630.48,46.702,48.976,1.23140625,0.8120796853191219,34.256,1.952,10.494,66.8,67.2,27,Phi-3-mini-Q4,llama.cpp,"decode-only (16 prompt tokens, 512 output)",expanded_rate_table
2026-05-15T04:32:34.463671,GPU918_CPU1497,1300,1497,918,1497,short_tiny,decode,128,32,0,28.39885908178985,24.133501258949117,776.6444301232696,32,41.20289640771767,35.072,35.072,41.98,1.096,0.9124087591240875,25.74,0.798,8.534,66.0,66.1,2,Phi-3-mini-Q4,llama.cpp,"decode-only (16 prompt tokens, 32 output)",expanded_rate_table
2026-05-15T04:32:36.040116,GPU918_CPU1497,1300,1497,918,1497,short_tiny,decode,128,32,1,25.098644895479083,23.98108813400951,768.6166898347437,32,41.63323594609968,35.322,35.322,42.479,1.1038125,0.9059509654039974,25.74,0.998,8.584,65.8,66.0,2,Phi-3-mini-Q4,llama.cpp,"decode-only (16 prompt tokens, 32 output)",expanded_rate_table
2026-05-15T04:32:37.615666,GPU918_CPU1497,1300,1497,918,1497,short_tiny,decode,128,32,2,25.17054812051356,23.936304639303877,767.2989289276302,32,41.70473695919647,35.223,35.223,42.08,1.10071875,0.9084972887034041,25.74,0.798,8.685,65.7,65.8,2,Phi-3-mini-Q4,llama.cpp,"decode-only (16 prompt tokens, 32 output)",expanded_rate_table
2026-05-15T04:32:39.959574,GPU918_CPU1497,1300,1497,918,1497,short_short,decode,128,64,0,25.225233053788543,23.973005934662762,1535.7091058976948,64,41.67455916893125,74.907,37.454,46.276,1.170421875,0.8543927803810059,27.744,0.798,8.911,65.6,66.0,4,Phi-3-mini-Q4,llama.cpp,"decode-only (16 prompt tokens, 64 output)",expanded_rate_table
2026-05-15T04:32:42.305760,GPU918_CPU1497,1300,1497,918,1497,short_short,decode,128,64,1,25.344140827655792,23.991185399363676,1536.9661198928952,64,41.64047546113762,75.212,37.606,46.276,1.1751875,0.8509280433973302,27.847,0.798,8.961,65.8,65.9,4,Phi-3-mini-Q4,llama.cpp,"decode-only (16 prompt tokens, 64 output)",expanded_rate_table
2026-05-15T04:32:44.646287,GPU918_CPU1497,1300,1497,918,1497,short_short,decode,128,64,2,25.23711114190519,23.92009572894682,1532.3802821803838,64,41.76508973930157,75.305,37.652,46.175,1.176640625,0.8498771661908239,27.944,0.798,8.911,65.6,65.8,4,Phi-3-mini-Q4,llama.cpp,"decode-only (16 prompt tokens, 64 output)",expanded_rate_table
2026-05-15T04:32:52.397215,GPU918_CPU1497,1300,1497,918,1497,short_long,decode,128,256,0,25.235450128093362,27.120107321032123,6941.522066947073,256,36.87951972651302,277.27,39.61,48.075,1.0830859375,0.9232877700436398,28.687,0.998,9.925,65.8,66.2,14,Phi-3-mini-Q4,llama.cpp,"decode-only (16 prompt tokens, 256 output)",expanded_rate_table
2026-05-15T04:33:01.050447,GPU918_CPU1497,1300,1497,918,1497,short_long,decode,128,256,1,34.89907900802791,30.62045130166499,7843.7577011063695,256,32.63741815531744,257.005,32.126,33.808,1.00392578125,0.9960895702418241,21.783,0.823,9.519,65.2,65.6,16,Phi-3-mini-Q4,llama.cpp,"decode-only (16 prompt tokens, 256 output)",expanded_rate_table
2026-05-15T04:33:09.697560,GPU918_CPU1497,1300,1497,918,1497,short_long,decode,128,256,2,35.056620836257935,30.595419137720384,7837.559942854568,256,32.66322705874714,256.635,32.079,33.408,1.00248046875,0.9975256687513395,21.737,0.798,9.544,64.9,65.1,16,Phi-3-mini-Q4,llama.cpp,"decode-only (16 prompt tokens, 256 output)",expanded_rate_table
2026-05-15T04:33:11.485962,GPU918_CPU1497,1300,1497,918,1497,medium_tiny,decode,512,32,0,34.84727721661329,30.49245035095561,980.2172312047333,32,32.64582480423292,35.85,23.9,29.401,1.1203125,0.8926080892608089,15.306,0.798,7.796,64.4,64.6,3,Phi-3-mini-Q4,llama.cpp,"decode-only (16 prompt tokens, 32 output)",expanded_rate_table
2026-05-15T04:33:13.269084,GPU918_CPU1497,1300,1497,918,1497,medium_tiny,decode,512,32,1,31.724133994430304,30.41488551835139,974.6896740980446,32,32.830962356928694,36.246,24.164,29.401,1.1326875,0.8828560392870937,15.437,0.931,7.796,64.3,64.4,3,Phi-3-mini-Q4,llama.cpp,"decode-only (16 prompt tokens, 32 output)",expanded_rate_table
2026-05-15T04:33:15.048470,GPU918_CPU1497,1300,1497,918,1497,medium_tiny,decode,512,32,2,31.556212808936834,30.30701867875553,971.1871608160436,32,32.949364747688676,35.69,23.793,29.286,1.1153125,0.8966096945923229,15.304,0.798,7.691,64.2,64.2,3,Phi-3-mini-Q4,llama.cpp,"decode-only (16 prompt tokens, 32 output)",expanded_rate_table
2026-05-15T04:33:20.304431,GPU918_CPU1497,1300,1497,918,1497,medium_short,decode,512,128,0,31.612084014341235,34.76551783410466,4447.190007893369,128,28.78221973264271,133.698,29.711,31.4,1.044515625,0.9573815614294903,19.473,1.198,9.04,64.4,64.7,9,Phi-3-mini-Q4,llama.cpp,"decode-only (16 prompt tokens, 128 output)",expanded_rate_table
2026-05-15T04:33:25.715040,GPU918_CPU1497,1300,1497,918,1497,medium_short,decode,512,128,1,37.96298918314278,35.93116053416738,4601.571105187759,128,27.816586351495094,145.823,29.165,31.401,1.1392421875,0.8777764824478991,18.847,1.358,8.96,64.1,64.4,10,Phi-3-mini-Q4,llama.cpp,"decode-only (16 prompt tokens, 128 output)",expanded_rate_table
2026-05-15T04:33:31.147056,GPU918_CPU1497,1300,1497,918,1497,medium_short,decode,512,128,2,31.97063785046339,36.14723158259619,4623.008577851579,128,27.687597339368256,145.016,29.003,31.308,1.1329375,0.8826612235891212,18.806,1.278,8.92,64.1,64.2,10,Phi-3-mini-Q4,llama.cpp,"decode-only (16 prompt tokens, 128 output)",expanded_rate_table
2026-05-15T04:33:51.601014,GPU918_CPU1497,1300,1497,918,1497,medium_long,decode,512,512,0,32.84246101975441,38.371916855330014,19642.196496017277,512,26.066331232549015,601.084,30.054,31.8,1.1739921875,0.8517944247393044,19.505,1.447,9.102,63.9,64.2,40,Phi-3-mini-Q4,llama.cpp,"decode-only (16 prompt tokens, 512 output)",expanded_rate_table
2026-05-15T04:34:11.779681,GPU918_CPU1497,1300,1497,918,1497,medium_long,decode,512,512,1,47.372027998790145,37.804110706537784,19366.716568125412,512,26.437109160913316,596.67,30.598,31.8,1.16537109375,0.8580957648281295,19.8,1.628,9.171,63.6,63.9,39,Phi-3-mini-Q4,llama.cpp,"decode-only (16 prompt tokens, 512 output)",expanded_rate_table
2026-05-15T04:34:31.884724,GPU918_CPU1497,1300,1497,918,1497,medium_long,decode,512,512,2,36.41820000484586,37.68200570637262,19293.259573867545,512,26.537765588013805,590.403,30.277,31.699,1.153130859375,0.8672042655609812,19.768,1.403,9.106,63.3,63.8,39,Phi-3-mini-Q4,llama.cpp,"decode-only (16 prompt tokens, 512 output)",expanded_rate_table
2026-05-15T04:34:33.834209,GPU918_CPU1497,1300,1497,918,1497,long_tiny,decode,1024,32,0,51.40770319849253,35.151577644771145,1141.2117229774594,32,28.040370910763983,37.59,25.06,27.789,1.1746875,0.8512902367650971,15.838,1.198,8.025,63.0,63.1,3,Phi-3-mini-Q4,llama.cpp,"decode-only (16 prompt tokens, 32 output)",expanded_rate_table
2026-05-15T04:34:35.766787,GPU918_CPU1497,1300,1497,918,1497,long_tiny,decode,1024,32,1,42.10152197629213,34.91083038369975,1124.439368955791,32,28.458626479537756,37.344,24.896,28.188,1.167,0.856898029134533,15.706,1.198,7.992,62.8,63.0,3,Phi-3-mini-Q4,llama.cpp,"decode-only (16 prompt tokens, 32 output)",expanded_rate_table
2026-05-15T04:34:37.696654,GPU918_CPU1497,1300,1497,918,1497,long_tiny,decode,1024,32,2,31.41472302377224,35.15935645649029,1121.4600140228868,32,28.534231804850553,37.54,25.027,28.188,1.173125,0.8524240809802877,15.704,1.331,7.992,62.6,62.8,3,Phi-3-mini-Q4,llama.cpp,"decode-only (16 prompt tokens, 32 output)",expanded_rate_table
2026-05-15T04:34:43.024214,GPU918_CPU1497,1300,1497,918,1497,long_medium,decode,1024,128,0,36.744847893714905,35.286486528329846,4518.47002399154,128,28.328172881608932,144.321,28.864,31.308,1.1275078125,0.8869118146354308,18.607,1.398,8.86,62.6,62.8,10,Phi-3-mini-Q4,llama.cpp,"decode-only (16 prompt tokens, 128 output)",expanded_rate_table
2026-05-15T04:34:53.915132,GPU918_CPU1497,1300,1497,918,1497,long_medium,decode,1024,128,1,37.25080913864076,79.08195623482658,10080.999037949368,128,12.697154271927912,218.622,20.821,21.998,1.707984375,0.5854854497717521,13.178,0.817,6.826,62.0,62.3,21,Phi-3-mini-Q4,llama.cpp,"decode-only (16 prompt tokens, 128 output)",expanded_rate_table
2026-05-15T04:35:04.872566,GPU918_CPU1497,1300,1497,918,1497,long_medium,decode,1024,128,2,32.737704925239086,79.64220424512709,10147.631702944636,128,12.61378060881506,219.364,20.892,21.797,1.71378125,0.5835050418482522,13.216,0.874,6.802,61.5,62.1,21,Phi-3-mini-Q4,llama.cpp,"decode-only (16 prompt tokens, 128 output)",expanded_rate_table
2026-05-15T04:35:10.078580,GPU918_CPU1497,1300,1497,918,1497,xlong_short,decode,2048,64,0,42.645195964723825,69.11743401608888,4397.229318972677,64,14.554619592810386,97.433,21.652,26.596,1.522390625,0.6568616382539796,13.754,0.887,7.011,61.2,61.5,9,Phi-3-mini-Q4,llama.cpp,"decode-only (16 prompt tokens, 64 output)",expanded_rate_table
2026-05-15T04:35:16.172912,GPU918_CPU1497,1300,1497,918,1497,xlong_short,decode,2048,64,1,83.73681199736893,82.56140070050837,5285.29083612375,64,12.109078191605784,111.333,20.242,20.797,1.739578125,0.5748520205150315,12.815,0.798,6.63,61.1,61.2,11,Phi-3-mini-Q4,llama.cpp,"decode-only (16 prompt tokens, 64 output)",expanded_rate_table
2026-05-15T04:35:19.255464,GPU918_CPU1497,1300,1497,918,1497,xlong_short,decode,2048,64,2,41.20780108496547,35.43839452507358,2274.013556074351,64,28.144071449813055,70.094,28.038,30.809,1.09521875,0.9130596056723829,18.124,1.278,8.636,61.2,61.4,5,Phi-3-mini-Q4,llama.cpp,"decode-only (16 prompt tokens, 64 output)",expanded_rate_table
2026-05-15T04:35:28.981063,GPU918_CPU1497,1300,1497,918,1497,xlong_medium,decode,2048,128,0,31.55016782693565,69.95466311909551,8916.133610997349,128,14.355998416412477,198.668,22.074,30.309,1.55209375,0.6442909779128999,14.109,0.865,7.101,60.9,61.3,18,Phi-3-mini-Q4,llama.cpp,"decode-only (16 prompt tokens, 128 output)",expanded_rate_table
2026-05-15T04:35:39.107336,GPU918_CPU1497,1300,1497,918,1497,xlong_medium,decode,2048,128,1,82.38454698584974,72.70602388197453,9316.390998894349,128,13.739225845629578,198.804,20.927,29.086,1.55315625,0.6438502243415626,13.218,0.819,6.89,60.5,60.8,19,Phi-3-mini-Q4,llama.cpp,"decode-only (16 prompt tokens, 128 output)",expanded_rate_table
2026-05-15T04:35:50.475559,GPU918_CPU1497,1300,1497,918,1497,xlong_medium,decode,2048,128,2,81.79572084918618,82.48664956818533,10557.948897825554,128,12.123566919931015,218.318,19.847,21.197,1.705609375,0.5863007173022838,12.433,0.798,6.616,60.2,60.5,22,Phi-3-mini-Q4,llama.cpp,"decode-only (16 prompt tokens, 128 output)",expanded_rate_table
2026-05-15T04:36:35.483700,GPU918_CPU1497,1300,1497,918,1497,xlong_long,decode,2048,512,0,83.63046310842037,86.31578255936853,44192.35232612118,512,11.585715017423217,847.758,19.267,19.599,1.65577734375,0.6039459374019472,11.839,0.798,6.63,59.5,60.2,88,Phi-3-mini-Q4,llama.cpp,"decode-only (16 prompt tokens, 512 output)",expanded_rate_table
2026-05-15T04:37:20.505984,GPU918_CPU1497,1300,1497,918,1497,xlong_long,decode,2048,512,1,88.75923394225538,86.33331939762134,44206.423992989585,512,11.582027084597362,847.056,19.251,19.899,1.65440625,0.6044464592659753,11.826,0.807,6.619,58.7,59.2,88,Phi-3-mini-Q4,llama.cpp,"decode-only (16 prompt tokens, 512 output)",expanded_rate_table
2026-05-15T04:38:05.552471,GPU918_CPU1497,1300,1497,918,1497,xlong_long,decode,2048,512,2,88.75092887319624,86.38027403139147,44230.397316860035,512,11.575749508468297,847.658,19.265,20.499,1.65558203125,0.6040171861765005,11.808,0.843,6.614,58.0,58.6,88,Phi-3-mini-Q4,llama.cpp,"decode-only (16 prompt tokens, 512 output)",expanded_rate_table
2026-05-15T04:38:19.309184,GPU1300_CPU1036,1300,1036,1300,1036,tiny_tiny,mixed,32,32,0,68.12458904460073,66.92534745220215,2142.958350945264,32,14.93262805872299,59.03,23.612,25.292,1.8446875,0.5420972386921904,16.613,0.399,6.601,57.8,57.9,5,Phi-3-mini-Q4,llama.cpp,,expanded_rate_table
2026-05-15T04:38:22.263100,GPU1300_CPU1036,1300,1036,1300,1036,tiny_tiny,mixed,32,32,1,68.27700301073492,66.93738890481332,2143.4810429345816,32,14.928986708550344,58.376,23.35,25.291,1.82425,0.5481704810195971,16.051,0.718,6.581,57.7,57.9,5,Phi-3-mini-Q4,llama.cpp,,expanded_rate_table
2026-05-15T04:38:25.215324,GPU1300_CPU1036,1300,1036,1300,1036,tiny_tiny,mixed,32,32,2,66.49822904728353,66.94772612724093,2142.0232029631734,32,14.93914723040008,56.978,22.791,25.191,1.7805625,0.5616202744919091,15.974,0.399,6.418,57.8,57.9,5,Phi-3-mini-Q4,llama.cpp,,expanded_rate_table
2026-05-15T04:38:34.598875,GPU1300_CPU1036,1300,1036,1300,1036,tiny_short,mixed,32,128,0,66.3864640519023,66.96551146286386,8571.494968840852,128,14.933217655182245,222.06,24.673,26.891,1.73484375,0.5764207871746375,17.304,0.554,6.815,57.9,58.2,18,Phi-3-mini-Q4,llama.cpp,,expanded_rate_table
2026-05-15T04:38:43.982816,GPU1300_CPU1036,1300,1036,1300,1036,tiny_short,mixed,32,128,1,68.2656429708004,66.95587913447066,8572.14332302101,128,14.932088181055986,220.155,24.462,26.183,1.7199609375,0.5814085530648861,17.304,0.421,6.737,58.0,58.4,18,Phi-3-mini-Q4,llama.cpp,,expanded_rate_table
2026-05-15T04:38:53.369358,GPU1300_CPU1036,1300,1036,1300,1036,tiny_short,mixed,32,128,2,68.39560787193477,66.9744232519141,8574.652068782598,128,14.927719395869673,220.148,24.461,25.791,1.71990625,0.5814270399912786,17.303,0.421,6.737,58.1,58.4,18,Phi-3-mini-Q4,llama.cpp,,expanded_rate_table
2026-05-15T04:39:29.897356,GPU1300_CPU1036,1300,1036,1300,1036,tiny_long,mixed,32,512,0,68.54121689684689,69.74142074581316,35708.32925895229,512,14.33839136765657,892.968,25.154,26.205,1.744078125,0.5733688105284848,17.862,0.427,6.865,58.3,58.7,71,Phi-3-mini-Q4,llama.cpp,,expanded_rate_table
2026-05-15T04:40:06.423209,GPU1300_CPU1036,1300,1036,1300,1036,tiny_long,mixed,32,512,1,74.2896820884198,69.72790785487413,35707.10774604231,512,14.338881873084466,892.842,25.15,26.19,1.74383203125,0.573449725707348,17.846,0.433,6.872,58.5,58.9,71,Phi-3-mini-Q4,llama.cpp,,expanded_rate_table
2026-05-15T04:40:42.967500,GPU1300_CPU1036,1300,1036,1300,1036,tiny_long,mixed,32,512,2,72.96441192738712,69.76506564767992,35724.96843500994,512,14.331713152704918,890.348,25.08,25.791,1.7389609375,0.5750560455013096,17.778,0.433,6.869,58.7,59.0,71,Phi-3-mini-Q4,llama.cpp,,expanded_rate_table
2026-05-15T04:40:45.998343,GPU1300_CPU1036,1300,1036,1300,1036,short_tiny,mixed,128,32,0,134.1424270067364,67.29453358228409,2220.4240961000323,32,14.411661293085864,58.271,23.308,25.292,1.82096875,0.549158243380069,16.371,0.399,6.538,58.5,58.7,5,Phi-3-mini-Q4,llama.cpp,,expanded_rate_table
2026-05-15T04:40:48.951707,GPU1300_CPU1036,1300,1036,1300,1036,short_tiny,mixed,128,32,1,68.2507089804858,66.93421299719522,2143.3670800179243,32,14.92978048339363,57.026,22.81,25.292,1.7820625,0.5611475467330691,15.973,0.399,6.438,58.5,58.7,5,Phi-3-mini-Q4,llama.cpp,,expanded_rate_table
2026-05-15T04:40:51.905825,GPU1300_CPU1036,1300,1036,1300,1036,short_tiny,mixed,128,32,2,68.70953808538616,66.93774348335161,2143.929306184873,32,14.92586528281759,57.476,22.99,25.292,1.796125,0.5567541234602269,15.973,0.479,6.539,58.4,58.5,5,Phi-3-mini-Q4,llama.cpp,,expanded_rate_table
2026-05-15T04:40:57.002847,GPU1300_CPU1036,1300,1036,1300,1036,short_short,mixed,128,64,0,68.69495194405317,66.94043054068018,4286.205933894962,64,14.931620409064644,109.104,24.245,25.784,1.70475,0.5865962751136531,17.082,0.443,6.72,58.5,58.7,9,Phi-3-mini-Q4,llama.cpp,,expanded_rate_table
2026-05-15T04:41:02.098417,GPU1300_CPU1036,1300,1036,1300,1036,short_short,mixed,128,64,1,67.71702598780394,66.93759079401691,4285.039024893194,64,14.93568661293469,109.152,24.256,25.784,1.7055,0.5863383172090296,17.081,0.443,6.731,58.5,58.7,9,Phi-3-mini-Q4,llama.cpp,,expanded_rate_table
2026-05-15T04:41:07.194785,GPU1300_CPU1036,1300,1036,1300,1036,short_short,mixed,128,64,2,68.08354216627777,66.9432884259593,4285.766316112131,64,14.933152038503616,109.052,24.234,25.791,1.7039375,0.5868759857682573,17.081,0.443,6.709,58.5,58.8,9,Phi-3-mini-Q4,llama.cpp,,expanded_rate_table
2026-05-15T04:41:25.558466,GPU1300_CPU1036,1300,1036,1300,1036,short_long,mixed,128,256,0,67.95469182543457,68.55202309020302,17549.6511249803,256,14.587184564347707,438.747,25.071,26.589,1.71385546875,0.5834797730810695,17.797,0.422,6.853,58.6,58.9,35,Phi-3-mini-Q4,llama.cpp,,expanded_rate_table
2026-05-15T04:41:43.950469,GPU1300_CPU1036,1300,1036,1300,1036,short_long,mixed,128,256,1,73.38349800556898,68.64210690974312,17578.06525682099,256,14.563605053216069,438.32,25.047,26.19,1.7121875,0.584048183975178,17.764,0.445,6.838,58.6,58.9,35,Phi-3-mini-Q4,llama.cpp,,expanded_rate_table
2026-05-15T04:42:02.339886,GPU1300_CPU1036,1300,1036,1300,1036,short_long,mixed,128,256,2,73.47494713030756,68.63096563474221,17575.33571193926,256,14.565866860005087,436.164,24.924,25.791,1.703765625,0.5869351895158702,17.649,0.433,6.841,58.7,58.9,35,Phi-3-mini-Q4,llama.cpp,,expanded_rate_table
2026-05-15T04:42:05.871672,GPU1300_CPU1036,1300,1036,1300,1036,medium_tiny,mixed,512,32,0,486.94746592082083,72.07370893428883,2721.429808996618,32,11.758524836544762,70.214,23.404,24.892,2.1941875,0.4557495656136953,16.437,0.466,6.502,58.6,58.9,6,Phi-3-mini-Q4,llama.cpp,,expanded_rate_table
2026-05-15T04:42:08.984485,GPU1300_CPU1036,1300,1036,1300,1036,medium_tiny,mixed,512,32,1,74.89158003591001,71.84785103515512,2302.3386981803924,32,13.898910714262225,59.116,23.647,25.292,1.847375,0.5413086135733135,16.689,0.399,6.559,58.5,58.7,5,Phi-3-mini-Q4,llama.cpp,,expanded_rate_table
2026-05-15T04:42:12.096049,GPU1300_CPU1036,1300,1036,1300,1036,medium_tiny,mixed,512,32,2,73.44535202719271,71.86894232196913,2301.54482787475,32,13.903704856163436,58.92,23.568,25.198,1.84125,0.5431093007467753,16.611,0.399,6.558,58.5,58.7,5,Phi-3-mini-Q4,llama.cpp,,expanded_rate_table
2026-05-15T04:42:22.108476,GPU1300_CPU1036,1300,1036,1300,1036,medium_short,mixed,512,128,0,73.59302998520434,71.86238786689644,9200.618631904945,128,13.912107991970775,232.514,24.475,25.798,1.816515625,0.5505044857513955,17.229,0.483,6.763,58.6,58.8,19,Phi-3-mini-Q4,llama.cpp,,expanded_rate_table
2026-05-15T04:42:32.126849,GPU1300_CPU1036,1300,1036,1300,1036,medium_short,mixed,512,128,1,75.09626401588321,71.89699273930466,9206.496302038431,128,13.903226135186655,233.844,24.615,25.99,1.82690625,0.547373462650314,17.443,0.441,6.731,58.6,59.0,19,Phi-3-mini-Q4,llama.cpp,,expanded_rate_table
2026-05-15T04:42:42.138950,GPU1300_CPU1036,1300,1036,1300,1036,medium_short,mixed,512,128,2,75.35671396180987,71.84502854393281,9200.16091503203,128,13.912800132752285,232.63,24.487,25.692,1.817421875,0.5502299789365086,17.315,0.42,6.752,58.6,58.8,19,Phi-3-mini-Q4,llama.cpp,,expanded_rate_table
2026-05-15T04:43:18.760404,GPU1300_CPU1036,1300,1036,1300,1036,medium_long,mixed,512,512,0,75.37007099017501,69.91328121301464,35802.978980820626,512,14.300486009118805,897.748,25.289,26.29,1.7534140625,0.5703159461229654,17.906,0.444,6.938,58.7,59.1,71,Phi-3-mini-Q4,llama.cpp,,expanded_rate_table
2026-05-15T04:43:51.537414,GPU1300_CPU1036,1300,1036,1300,1036,medium_long,mixed,512,512,1,79.66277399100363,69.44642908511253,31959.2664251104,459,14.362031778031165,810.923,25.341,26.29,1.7667167755991287,0.5660216814666744,17.976,0.43,6.936,58.8,59.2,64,Phi-3-mini-Q4,llama.cpp,,expanded_rate_table
2026-05-15T04:44:11.056424,GPU1300_CPU1036,1300,1036,1300,1036,medium_long,mixed,512,512,2,78.90611700713634,70.29504791628851,18704.375369939953,265,14.167808053397227,476.037,25.055,26.29,1.796366037735849,0.5566794177763493,17.727,0.452,6.876,58.8,59.2,38,Phi-3-mini-Q4,llama.cpp,,expanded_rate_table
2026-05-15T04:44:12.590290,GPU1300_CPU1036,1300,1036,1300,1036,long_tiny,mixed,1024,32,0,724.148873006925,724.148873006925,724.148873006925,0,0.0,20.736,20.736,23.191,0.0,0.0,14.574,0.399,5.764,58.5,58.6,2,Phi-3-mini-Q4,llama.cpp,,expanded_rate_table
2026-05-15T04:44:15.574131,GPU1300_CPU1036,1300,1036,1300,1036,long_tiny,mixed,1024,32,1,77.91434996761382,67.6023640384477,2173.757354961708,32,14.721054273586896,58.426,23.371,25.292,1.8258125,0.5477013658302811,16.293,0.479,6.599,58.6,58.7,5,Phi-3-mini-Q4,llama.cpp,,expanded_rate_table
2026-05-15T04:44:17.183442,GPU1300_CPU1036,1300,1036,1300,1036,long_tiny,mixed,1024,32,2,30.548362992703915,24.804658549387128,799.6561620384455,32,40.017199290288865,33.961,33.961,41.553,1.06128125,0.9422572951326522,24.936,0.598,8.426,58.8,59.0,2,Phi-3-mini-Q4,llama.cpp,,expanded_rate_table
2026-05-15T04:44:21.235379,GPU1300_CPU1036,1300,1036,1300,1036,long_medium,mixed,1024,128,0,30.460016103461385,25.27834809436573,3241.3081841077656,128,39.49022824413549,149.963,42.847,46.776,1.1715859375,0.853543874155625,32.563,0.456,9.828,59.6,60.2,7,Phi-3-mini-Q4,llama.cpp,,expanded_rate_table
2026-05-15T04:44:22.078833,GPU1300_CPU1036,1300,1036,1300,1036,long_medium,mixed,1024,128,1,33.856624038890004,33.856624038890004,33.856624038890004,0,0.0,7.498,14.996,14.996,0.0,0.0,8.789,0.799,5.408,59.3,59.3,1,Phi-3-mini-Q4,llama.cpp,,expanded_rate_table
2026-05-15T04:44:26.141476,GPU1300_CPU1036,1300,1036,1300,1036,long_medium,mixed,1024,128,2,35.07669409736991,25.327344393856297,3252.1436491515487,128,39.35865503154939,148.093,42.312,46.79,1.1569765625,0.8643217437691181,32.114,0.399,9.799,59.9,60.4,7,Phi-3-mini-Q4,llama.cpp,,expanded_rate_table
2026-05-15T04:44:29.396250,GPU1300_CPU1036,1300,1036,1300,1036,xlong_short,mixed,2048,64,0,723.8377251196653,27.309259920868847,2444.6120620705187,64,26.180022995466107,97.04,38.816,46.477,1.51625,0.6595218466611706,29.379,0.479,8.958,59.9,60.4,5,Phi-3-mini-Q4,llama.cpp,,expanded_rate_table
2026-05-15T04:44:31.955262,GPU1300_CPU1036,1300,1036,1300,1036,xlong_short,mixed,2048,64,1,37.14789520017803,27.169230046667277,1749.1371801588684,64,36.58946863972504,79.848,39.924,46.078,1.247625,0.8015228934976455,30.037,0.399,9.488,60.1,60.4,4,Phi-3-mini-Q4,llama.cpp,,expanded_rate_table
2026-05-15T04:44:34.515027,GPU1300_CPU1036,1300,1036,1300,1036,xlong_short,mixed,2048,64,2,37.07125992514193,27.177481047276938,1749.556615948677,64,36.58069674144082,79.953,39.976,46.092,1.249265625,0.8004702762873188,29.939,0.499,9.538,60.1,60.4,4,Phi-3-mini-Q4,llama.cpp,,expanded_rate_table
2026-05-15T04:44:38.831386,GPU1300_CPU1036,1300,1036,1300,1036,xlong_medium,mixed,2048,128,0,36.98569699190557,27.310213464583587,3505.8951671235263,128,36.509933668387426,164.782,41.196,46.991,1.287359375,0.776783872024857,30.993,0.449,9.754,60.5,60.9,8,Phi-3-mini-Q4,llama.cpp,,expanded_rate_table
2026-05-15T04:44:43.157041,GPU1300_CPU1036,1300,1036,1300,1036,xlong_medium,mixed,2048,128,1,37.53828210756183,27.3787110702934,3515.1687380857766,128,36.41361469028761,165.689,41.422,47.39,1.2944453125,0.7725316707808002,31.045,0.649,9.728,60.8,61.5,8,Phi-3-mini-Q4,llama.cpp,,expanded_rate_table
2026-05-15T04:44:47.471401,GPU1300_CPU1036,1300,1036,1300,1036,xlong_medium,mixed,2048,128,2,37.42353687994182,27.290385599636775,3503.812371985987,128,36.53163651781064,164.626,41.157,46.577,1.286140625,0.7775199543207026,30.94,0.449,9.768,60.9,61.3,8,Phi-3-mini-Q4,llama.cpp,,expanded_rate_table
2026-05-15T04:45:02.443627,GPU1300_CPU1036,1300,1036,1300,1036,xlong_long,mixed,2048,512,0,37.00803895480931,27.631649440391364,14158.736682962626,512,36.161418314678855,656.684,45.289,47.492,1.2825859375,0.7796748512222013,34.417,0.44,10.431,61.7,62.3,29,Phi-3-mini-Q4,llama.cpp,,expanded_rate_table
2026-05-15T04:45:17.431670,GPU1300_CPU1036,1300,1036,1300,1036,xlong_long,mixed,2048,512,1,40.696192998439074,27.65484410155849,14174.282845109701,512,36.12175695905816,654.798,45.158,47.376,1.27890234375,0.7819205312172609,34.263,0.44,10.455,62.5,63.0,29,Phi-3-mini-Q4,llama.cpp,,expanded_rate_table
2026-05-15T04:45:18.801282,GPU1300_CPU1036,1300,1036,1300,1036,xlong_long,mixed,2048,512,2,40.78102903440595,27.348469166706007,560.0709260907024,19,33.924274792516165,28.14,28.14,29.306,1.4810526315789474,0.6751954513148543,20.168,0.399,7.574,62.2,62.3,2,Phi-3-mini-Q4,llama.cpp,,expanded_rate_table
2026-05-15T04:45:20.400752,GPU1300_CPU1036,1300,1036,1300,1036,tiny_tiny,decode,32,32,0,29.643698129802942,24.512792546902933,789.6896360907704,32,40.522248915929524,34.128,34.128,41.48,1.0665,0.9376465072667605,25.145,0.598,8.384,62.1,62.3,2,Phi-3-mini-Q4,llama.cpp,"decode-only (16 prompt tokens, 32 output)",expanded_rate_table
2026-05-15T04:45:21.984210,GPU1300_CPU1036,1300,1036,1300,1036,tiny_tiny,decode,32,32,1,25.658699916675687,24.128164938320555,773.777182912454,32,41.355574584861486,34.627,34.627,41.48,1.08209375,0.9241343460305541,25.744,0.399,8.484,61.8,61.9,2,Phi-3-mini-Q4,llama.cpp,"decode-only (16 prompt tokens, 32 output)",expanded_rate_table
2026-05-15T04:45:23.567743,GPU1300_CPU1036,1300,1036,1300,1036,tiny_tiny,decode,32,32,2,25.734666036441922,24.09063628874719,772.6869131438434,32,41.413927757364355,34.573,34.573,41.48,1.08040625,0.9255777629942441,25.74,0.399,8.434,61.8,61.9,2,Phi-3-mini-Q4,llama.cpp,"decode-only (16 prompt tokens, 32 output)",expanded_rate_table
2026-05-15T04:45:27.490431,GPU1300_CPU1036,1300,1036,1300,1036,tiny_short,decode,32,128,0,26.037466945126653,24.294848126674612,3111.9660679250956,128,41.13155388141621,144.658,41.331,46.589,1.130140625,0.8848456359136724,31.434,0.456,9.441,62.2,62.5,7,Phi-3-mini-Q4,llama.cpp,"decode-only (16 prompt tokens, 128 output)",expanded_rate_table
2026-05-15T04:45:31.412382,GPU1300_CPU1036,1300,1036,1300,1036,tiny_short,decode,32,128,1,25.572978891432285,24.294991984846085,3111.5095149725676,128,41.13758912966991,145.543,41.584,47.175,1.1370546875,0.879465175240307,31.543,0.456,9.584,62.4,62.7,7,Phi-3-mini-Q4,llama.cpp,"decode-only (16 prompt tokens, 128 output)",expanded_rate_table
2026-05-15T04:45:35.333444,GPU1300_CPU1036,1300,1036,1300,1036,tiny_short,decode,32,128,2,25.843975134193897,24.285541321187626,3110.5904530268162,128,41.1497437328811,145.386,41.539,46.676,1.135828125,0.8804148955195136,31.599,0.399,9.541,62.5,62.8,7,Phi-3-mini-Q4,llama.cpp,"decode-only (16 prompt tokens, 128 output)",expanded_rate_table
2026-05-15T04:45:49.600926,GPU1300_CPU1036,1300,1036,1300,1036,tiny_long,decode,32,512,0,25.540246861055493,26.275616111379634,13454.255768796429,512,38.05487340202406,599.574,44.413,46.69,1.17104296875,0.8539396304709678,33.963,0.443,10.006,63.1,63.5,27,Phi-3-mini-Q4,llama.cpp,"decode-only (16 prompt tokens, 512 output)",expanded_rate_table
2026-05-15T04:46:03.871872,GPU1300_CPU1036,1300,1036,1300,1036,tiny_long,decode,32,512,1,29.388264985755086,26.274324360134084,13457.47512485832,512,38.045769748758154,599.59,44.414,47.075,1.17107421875,0.8539168431761703,33.902,0.488,10.025,63.6,64.1,27,Phi-3-mini-Q4,llama.cpp,"decode-only (16 prompt tokens, 512 output)",expanded_rate_table
2026-05-15T04:46:14.998240,GPU1300_CPU1036,1300,1036,1300,1036,tiny_long,decode,32,512,2,29.27873912267387,25.770560157925228,10313.877288019285,399,38.68574240877219,466.888,44.466,46.676,1.1701453634085213,0.8545946779527425,33.953,0.475,10.037,63.9,64.2,21,Phi-3-mini-Q4,llama.cpp,"decode-only (16 prompt tokens, 512 output)",expanded_rate_table
2026-05-15T04:46:16.592062,GPU1300_CPU1036,1300,1036,1300,1036,short_tiny,decode,128,32,0,28.940103016793728,24.352159809261078,784.0035140980035,32,40.81614358172364,34.374,34.374,41.081,1.0741875,0.93093617268866,25.54,0.399,8.434,63.6,63.7,2,Phi-3-mini-Q4,llama.cpp,"decode-only (16 prompt tokens, 32 output)",expanded_rate_table
2026-05-15T04:46:18.177833,GPU1300_CPU1036,1300,1036,1300,1036,short_tiny,decode,128,32,1,25.602304842323065,24.205977645432277,776.1289500631392,32,41.230262055547286,34.623,34.623,41.48,1.08196875,0.9242411113999365,25.74,0.399,8.484,63.4,63.5,2,Phi-3-mini-Q4,llama.cpp,"decode-only (16 prompt tokens, 32 output)",expanded_rate_table
2026-05-15T04:46:19.763626,GPU1300_CPU1036,1300,1036,1300,1036,short_tiny,decode,128,32,2,25.544613134115934,24.207451027787982,776.122435927391,32,41.230608108581606,34.724,34.724,41.581,1.085125,0.9215528164957955,25.74,0.399,8.585,63.3,63.4,2,Phi-3-mini-Q4,llama.cpp,"decode-only (16 prompt tokens, 32 output)",expanded_rate_table
2026-05-15T04:46:22.128828,GPU1300_CPU1036,1300,1036,1300,1036,short_short,decode,128,64,0,25.589091004803777,24.274023918671503,1555.1079139113426,64,41.154700215646045,73.958,36.979,45.277,1.15559375,0.8653560128721707,27.744,0.399,8.836,63.2,63.5,4,Phi-3-mini-Q4,llama.cpp,"decode-only (16 prompt tokens, 64 output)",expanded_rate_table
2026-05-15T04:46:24.496342,GPU1300_CPU1036,1300,1036,1300,1036,short_short,decode,128,64,1,25.57622897438705,24.313553399036802,1557.5823690742254,64,41.08931975009415,74.308,37.154,45.377,1.1610625,0.8612800775152069,27.744,0.499,8.911,63.3,63.5,4,Phi-3-mini-Q4,llama.cpp,"decode-only (16 prompt tokens, 64 output)",expanded_rate_table
2026-05-15T04:46:26.860223,GPU1300_CPU1036,1300,1036,1300,1036,short_short,decode,128,64,2,25.58774803765118,24.250866970904763,1553.6428519990295,64,41.193508480828115,74.213,37.106,45.277,1.159578125,0.8623826014310162,27.847,0.399,8.86,63.4,63.7,4,Phi-3-mini-Q4,llama.cpp,"decode-only (16 prompt tokens, 64 output)",expanded_rate_table
2026-05-15T04:46:34.037884,GPU1300_CPU1036,1300,1036,1300,1036,short_long,decode,128,256,0,25.833817897364497,24.86171823122776,6366.507347906008,256,40.2104303051186,292.18,44.951,48.074,1.141328125,0.8761722226025053,33.898,0.952,10.101,63.8,64.2,13,Phi-3-mini-Q4,llama.cpp,"decode-only (16 prompt tokens, 256 output)",expanded_rate_table
2026-05-15T04:46:41.188380,GPU1300_CPU1036,1300,1036,1300,1036,short_long,decode,128,256,1,28.959980001673102,24.741967854217865,6339.094155933708,256,40.38431891098687,289.086,44.475,46.776,1.1292421875,0.8855496288301751,33.96,0.46,10.054,64.0,64.6,13,Phi-3-mini-Q4,llama.cpp,"decode-only (16 prompt tokens, 256 output)",expanded_rate_table
2026-05-15T04:46:48.342452,GPU1300_CPU1036,1300,1036,1300,1036,short_long,decode,128,256,2,28.993037063628435,24.75570727450152,6342.630125116557,256,40.361804953161375,289.178,44.489,46.676,1.1296015625,0.8852678972812593,33.99,0.46,10.039,64.1,64.4,13,Phi-3-mini-Q4,llama.cpp,"decode-only (16 prompt tokens, 256 output)",expanded_rate_table
2026-05-15T04:46:49.936005,GPU1300_CPU1036,1300,1036,1300,1036,medium_tiny,decode,512,32,0,29.493687907233834,24.32123390627244,783.6622009053826,32,40.83392048644132,34.368,34.368,41.069,1.074,0.9310986964618249,25.534,0.399,8.434,63.9,64.2,2,Phi-3-mini-Q4,llama.cpp,"decode-only (16 prompt tokens, 32 output)",expanded_rate_table
2026-05-15T04:46:51.524202,GPU1300_CPU1036,1300,1036,1300,1036,medium_tiny,decode,512,32,1,25.538509944453835,24.277295128652646,778.2848600763828,32,41.116051000734416,34.566,34.566,41.468,1.0801875,0.9257652028004397,25.534,0.598,8.434,63.7,63.7,2,Phi-3-mini-Q4,llama.cpp,"decode-only (16 prompt tokens, 32 output)",expanded_rate_table
2026-05-15T04:46:53.116088,GPU1300_CPU1036,1300,1036,1300,1036,medium_tiny,decode,512,32,2,25.796354981139302,24.393194294985264,782.1296281181276,32,40.913934020112244,35.366,35.366,41.569,1.1051875,0.9048238421082395,25.534,1.197,8.635,63.6,63.7,2,Phi-3-mini-Q4,llama.cpp,"decode-only (16 prompt tokens, 32 output)",expanded_rate_table
2026-05-15T04:46:57.049073,GPU1300_CPU1036,1300,1036,1300,1036,medium_short,decode,512,128,0,25.580812944099307,24.38285605483285,3122.695158002898,128,40.99023232285718,145.721,41.635,47.175,1.1384453125,0.8783908976743229,31.537,0.513,9.584,63.7,64.2,7,Phi-3-mini-Q4,llama.cpp,"decode-only (16 prompt tokens, 128 output)",expanded_rate_table
2026-05-15T04:47:00.984489,GPU1300_CPU1036,1300,1036,1300,1036,medium_short,decode,512,128,1,25.966813089326024,24.39786140132314,3124.985941220075,128,40.96018427206924,145.92,41.692,46.776,1.14,0.8771929824561404,31.708,0.399,9.584,63.9,64.2,7,Phi-3-mini-Q4,llama.cpp,"decode-only (16 prompt tokens, 128 output)",expanded_rate_table
2026-05-15T04:47:04.913069,GPU1300_CPU1036,1300,1036,1300,1036,medium_short,decode,512,128,2,25.605998001992702,24.347004432993845,3118.155539035797,128,41.049908639124666,145.605,41.601,46.676,1.1375390625,0.8790906905669449,31.647,0.399,9.556,64.0,64.5,7,Phi-3-mini-Q4,llama.cpp,"decode-only (16 prompt tokens, 128 output)",expanded_rate_table
2026-05-15T04:47:19.193662,GPU1300_CPU1036,1300,1036,1300,1036,medium_long,decode,512,512,0,25.56267287582159,26.30148219981699,13467.480023857206,512,38.01750580606086,601.326,44.543,47.16,1.17446484375,0.8514516252415495,33.971,0.473,10.099,64.4,64.8,27,Phi-3-mini-Q4,llama.cpp,"decode-only (16 prompt tokens, 512 output)",expanded_rate_table
2026-05-15T04:47:33.459025,GPU1300_CPU1036,1300,1036,1300,1036,medium_long,decode,512,512,1,29.19636806473136,26.26395537363048,13451.987269101664,512,38.06129085299021,601.084,44.525,46.776,1.1739921875,0.8517944247393044,33.945,0.488,10.092,64.8,65.2,27,Phi-3-mini-Q4,llama.cpp,"decode-only (16 prompt tokens, 512 output)",expanded_rate_table
2026-05-15T04:47:44.717366,GPU1300_CPU1036,1300,1036,1300,1036,medium_long,decode,512,512,2,29.30695889517665,25.777875565953792,10445.87734900415,404,38.675545050173795,468.841,44.652,46.776,1.1604975247524754,0.8616993820932896,34.12,0.437,10.095,65.0,65.3,21,Phi-3-mini-Q4,llama.cpp,"decode-only (16 prompt tokens, 512 output)",expanded_rate_table
2026-05-15T04:47:46.309530,GPU1300_CPU1036,1300,1036,1300,1036,long_tiny,decode,1024,32,0,29.00400012731552,24.293308544363224,782.2375830728561,32,40.908287574594304,34.616,34.616,41.468,1.08175,0.9244280101687081,25.734,0.398,8.484,64.7,64.8,2,Phi-3-mini-Q4,llama.cpp,"decode-only (16 prompt tokens, 32 output)",expanded_rate_table
2026-05-15T04:47:47.896249,GPU1300_CPU1036,1300,1036,1300,1036,long_tiny,decode,1024,32,1,25.812976993620396,24.231532070365162,777.1343691274524,32,41.17692032579749,34.567,34.567,41.468,1.08021875,0.9257384210374057,25.734,0.399,8.434,64.5,64.5,2,Phi-3-mini-Q4,llama.cpp,"decode-only (16 prompt tokens, 32 output)",expanded_rate_table
2026-05-15T04:47:49.481298,GPU1300_CPU1036,1300,1036,1300,1036,long_tiny,decode,1024,32,2,26.149218203499913,24.165860061804132,775.4327291622758,32,41.26728057322342,34.616,34.616,41.468,1.08175,0.9244280101687081,25.734,0.398,8.484,64.2,64.2,2,Phi-3-mini-Q4,llama.cpp,"decode-only (16 prompt tokens, 32 output)",expanded_rate_table
2026-05-15T04:47:53.413466,GPU1300_CPU1036,1300,1036,1300,1036,long_medium,decode,1024,128,0,26.06960595585406,24.36943408688457,3121.460609836504,128,41.006444097561236,145.621,41.606,46.776,1.1376640625,0.8789941011255245,31.594,0.399,9.613,64.5,64.8,7,Phi-3-mini-Q4,llama.cpp,"decode-only (16 prompt tokens, 128 output)",expanded_rate_table
2026-05-15T04:47:57.348335,GPU1300_CPU1036,1300,1036,1300,1036,long_medium,decode,1024,128,1,25.97588300704956,24.39043112649164,3124.0641011390835,128,40.97227068846928,146.02,41.72,46.776,1.14078125,0.8765922476373099,31.651,0.456,9.613,64.6,64.9,7,Phi-3-mini-Q4,llama.cpp,"decode-only (16 prompt tokens, 128 output)",expanded_rate_table
2026-05-15T04:48:01.292927,GPU1300_CPU1036,1300,1036,1300,1036,long_medium,decode,1024,128,2,26.003499049693346,24.470436023768244,3134.221331914887,128,40.83948976309117,147.105,42.03,47.675,1.1492578125,0.8701267801910201,31.59,0.798,9.642,64.8,65.2,7,Phi-3-mini-Q4,llama.cpp,"decode-only (16 prompt tokens, 128 output)",expanded_rate_table
2026-05-15T04:48:03.657430,GPU1300_CPU1036,1300,1036,1300,1036,xlong_short,decode,2048,64,0,25.906192138791084,24.259070444497326,1554.482531035319,64,41.17125713685223,74.3,37.15,45.363,1.1609375,0.8613728129205922,27.84,0.399,8.91,64.6,64.8,4,Phi-3-mini-Q4,llama.cpp,"decode-only (16 prompt tokens, 64 output)",expanded_rate_table
2026-05-15T04:48:06.022914,GPU1300_CPU1036,1300,1036,1300,1036,xlong_short,decode,2048,64,1,26.088329032063484,24.266242256595028,1555.112972157076,64,41.15456635361126,74.55,37.275,45.363,1.16484375,0.8584842387659289,27.84,0.499,8.936,64.5,64.8,4,Phi-3-mini-Q4,llama.cpp,"decode-only (16 prompt tokens, 64 output)",expanded_rate_table
2026-05-15T04:48:08.386173,GPU1300_CPU1036,1300,1036,1300,1036,xlong_short,decode,2048,64,2,25.663259904831648,24.246448381168264,1553.440215997398,64,41.19888190155314,74.557,37.278,45.377,1.164953125,0.8584036374854138,27.844,0.499,8.936,64.5,64.5,4,Phi-3-mini-Q4,llama.cpp,"decode-only (16 prompt tokens, 64 output)",expanded_rate_table
2026-05-15T04:48:12.315162,GPU1300_CPU1036,1300,1036,1300,1036,xlong_medium,decode,2048,128,0,25.696858996525407,24.348195810897614,3118.3974819723517,128,41.04672375474131,146.07,41.734,47.276,1.141171875,0.8762921886766619,31.594,0.513,9.627,64.6,64.8,7,Phi-3-mini-Q4,llama.cpp,"decode-only (16 prompt tokens, 128 output)",expanded_rate_table
2026-05-15T04:48:16.245081,GPU1300_CPU1036,1300,1036,1300,1036,xlong_medium,decode,2048,128,1,25.83227795548737,24.35645840211412,3119.5831128861755,128,41.031123508543736,145.828,41.665,46.776,1.13928125,0.8777463861535507,31.651,0.399,9.615,64.7,65.1,7,Phi-3-mini-Q4,llama.cpp,"decode-only (16 prompt tokens, 128 output)",expanded_rate_table
2026-05-15T04:48:20.175091,GPU1300_CPU1036,1300,1036,1300,1036,xlong_medium,decode,2048,128,2,26.170792058110237,24.353800896980513,3119.579548947513,128,41.03117038422206,145.871,41.677,46.776,1.1396171875,0.877487643191587,31.651,0.399,9.627,64.7,65.0,7,Phi-3-mini-Q4,llama.cpp,"decode-only (16 prompt tokens, 128 output)",expanded_rate_table
2026-05-15T04:48:34.464930,GPU1300_CPU1036,1300,1036,1300,1036,xlong_long,decode,2048,512,0,26.19127184152603,26.315363925934538,13475.330500863492,512,37.99535751402841,600.542,44.485,46.776,1.17293359375,0.8525631845899204,33.975,0.429,10.081,65.1,65.5,27,Phi-3-mini-Q4,llama.cpp,"decode-only (16 prompt tokens, 512 output)",expanded_rate_table
2026-05-15T04:48:48.727552,GPU1300_CPU1036,1300,1036,1300,1036,xlong_long,decode,2048,512,1,29.192452784627676,26.258461873107198,13449.190799845383,512,38.06920487780471,602.539,44.633,47.276,1.176833984375,0.849737527363374,34.049,0.443,10.14,65.5,65.8,27,Phi-3-mini-Q4,llama.cpp,"decode-only (16 prompt tokens, 512 output)",expanded_rate_table
2026-05-15T04:49:02.985338,GPU1300_CPU1036,1300,1036,1300,1036,xlong_long,decode,2048,512,2,29.03009718284011,26.2501654752809,13444.712157128379,512,38.081886322016786,601.922,44.587,46.776,1.17562890625,0.8506085506095474,34.033,0.429,10.125,65.7,66.0,27,Phi-3-mini-Q4,llama.cpp,"decode-only (16 prompt tokens, 512 output)",expanded_rate_table
2026-05-15T04:49:12.576127,GPU1300_CPU1497,1300,1497,1300,1497,tiny_tiny,mixed,32,32,0,25.44424496591091,23.902285611256957,766.5171739645302,32,41.74727075518958,40.206,40.206,44.264,1.2564375,0.7959011092871711,30.122,0.798,9.287,64.6,64.8,2,Phi-3-mini-Q4,llama.cpp,,expanded_rate_table
2026-05-15T04:49:14.153867,GPU1300_CPU1497,1300,1497,1300,1497,tiny_tiny,mixed,32,32,1,25.386616121977568,24.002950383169996,769.5802820380777,32,41.58110693176087,35.215,35.215,41.867,1.10046875,0.9087036774101944,25.933,0.798,8.484,64.5,64.8,2,Phi-3-mini-Q4,llama.cpp,,expanded_rate_table
2026-05-15T04:49:15.728951,GPU1300_CPU1497,1300,1497,1300,1497,tiny_tiny,mixed,32,32,2,25.29663685709238,23.92478226383607,767.0668989885598,32,41.71735221816325,35.173,35.173,41.98,1.09915625,0.9097887584226537,25.74,0.798,8.635,64.3,64.5,2,Phi-3-mini-Q4,llama.cpp,,expanded_rate_table
2026-05-15T04:49:19.616718,GPU1300_CPU1497,1300,1497,1300,1497,tiny_short,mixed,32,128,0,25.71101812645793,24.039301991932035,3079.0358930826187,128,41.571454326844844,147.069,42.02,47.675,1.1489765625,0.870339772487744,31.594,0.798,9.628,64.6,65.0,7,Phi-3-mini-Q4,llama.cpp,,expanded_rate_table
2026-05-15T04:49:23.505571,GPU1300_CPU1497,1300,1497,1300,1497,tiny_short,mixed,32,128,1,25.25935904122889,24.05302360558545,3080.3393579553813,128,41.55386310583708,148.075,42.307,47.675,1.1568359375,0.8644268107378018,31.708,0.912,9.687,65.0,65.6,7,Phi-3-mini-Q4,llama.cpp,,expanded_rate_table
2026-05-15T04:49:27.406639,GPU1300_CPU1497,1300,1497,1300,1497,tiny_short,mixed,32,128,2,25.539763970300555,24.145503810746227,3092.3552128951997,128,41.39239873421939,151.072,43.164,48.474,1.18025,0.8472781190425757,31.822,1.54,9.802,65.4,65.6,7,Phi-3-mini-Q4,llama.cpp,,expanded_rate_table
2026-05-15T04:49:41.458043,GPU1300_CPU1497,1300,1497,1300,1497,tiny_long,mixed,32,512,0,25.321821914985776,25.859335712621938,13240.735338069499,512,38.668547246610075,615.381,45.584,48.574,1.201916015625,0.8320048880287172,34.213,1.168,10.203,65.6,66.1,27,Phi-3-mini-Q4,llama.cpp,,expanded_rate_table
2026-05-15T04:49:55.485646,GPU1300_CPU1497,1300,1497,1300,1497,tiny_long,mixed,32,512,1,28.692813124507666,25.8061029217452,13216.909972019494,512,38.73825282035786,609.23,45.128,48.075,1.18990234375,0.8404051015215928,34.168,0.813,10.147,65.7,66.1,27,Phi-3-mini-Q4,llama.cpp,,expanded_rate_table
2026-05-15T04:50:09.508597,GPU1300_CPU1497,1300,1497,1300,1497,tiny_long,mixed,32,512,2,28.312991838902235,25.797916477848638,13212.399676907808,512,38.751476833906,609.821,45.172,47.675,1.191056640625,0.8395906339729199,34.183,0.828,10.162,66.0,66.3,27,Phi-3-mini-Q4,llama.cpp,,expanded_rate_table
2026-05-15T04:50:11.128389,GPU1300_CPU1497,1300,1497,1300,1497,short_tiny,mixed,128,32,0,59.81877795420587,24.25009677667291,811.6750379558653,32,39.424644720612925,34.517,34.517,41.867,1.07865625,0.9270794101457253,25.335,0.798,8.384,65.8,65.9,2,Phi-3-mini-Q4,llama.cpp,,expanded_rate_table
2026-05-15T04:50:12.706793,GPU1300_CPU1497,1300,1497,1300,1497,short_tiny,mixed,128,32,1,25.510271079838276,24.024857906624675,770.3957729972899,32,41.537091870976,35.366,35.366,42.467,1.1051875,0.9048238421082395,25.734,0.997,8.635,65.6,65.7,2,Phi-3-mini-Q4,llama.cpp,,expanded_rate_table
2026-05-15T04:50:14.282608,GPU1300_CPU1497,1300,1497,1300,1497,short_tiny,mixed,128,32,2,25.480864103883505,23.939785322234517,767.7208280656487,32,41.68181822111988,35.715,35.715,42.367,1.11609375,0.8959820803583928,26.132,0.998,8.585,65.4,65.5,2,Phi-3-mini-Q4,llama.cpp,,expanded_rate_table
2026-05-15T04:50:16.628714,GPU1300_CPU1497,1300,1497,1300,1497,short_short,mixed,128,64,0,25.978474877774715,23.99289509695437,1537.7182490192354,64,41.62010826158793,74.856,37.428,46.175,1.169625,0.8549748851127499,27.744,0.798,8.886,65.3,65.5,4,Phi-3-mini-Q4,llama.cpp,,expanded_rate_table
2026-05-15T04:50:19.003442,GPU1300_CPU1497,1300,1497,1300,1497,short_short,mixed,128,64,1,25.610619923099875,24.454429047182202,1566.4229379035532,64,40.857420081996125,76.312,38.156,46.176,1.192375,0.8386623335779432,27.947,1.198,9.011,65.4,65.7,4,Phi-3-mini-Q4,llama.cpp,,expanded_rate_table
2026-05-15T04:50:21.347394,GPU1300_CPU1497,1300,1497,1300,1497,short_short,mixed,128,64,2,25.491073029115796,23.971323810872576,1535.8636330347508,64,41.670366185792695,75.412,37.706,46.276,1.1783125,0.8486712989975069,27.947,0.798,8.961,65.3,65.4,4,Phi-3-mini-Q4,llama.cpp,,expanded_rate_table
2026-05-15T04:50:28.555891,GPU1300_CPU1497,1300,1497,1300,1497,short_long,mixed,128,256,0,25.747925974428654,24.991833909834718,6399.321415927261,256,40.00424160018623,294.092,45.245,47.675,1.148796875,0.8704759054989596,34.238,0.829,10.178,65.7,66.1,13,Phi-3-mini-Q4,llama.cpp,,expanded_rate_table
2026-05-15T04:50:35.804289,GPU1300_CPU1497,1300,1497,1300,1497,short_long,mixed,128,256,1,28.67755899205804,25.135902333639415,6438.966290093958,256,39.75793449856132,292.781,45.043,47.675,1.14367578125,0.8743736786198558,34.052,0.859,10.132,66.0,66.4,13,Phi-3-mini-Q4,llama.cpp,,expanded_rate_table
2026-05-15T04:50:40.228142,GPU1300_CPU1497,1300,1497,1300,1497,short_long,mixed,128,256,2,28.638810152187943,24.233039850242385,3615.1683020871133,148,40.93861962513791,171.832,42.958,48.075,1.161027027027027,0.8613063922901439,32.29,0.898,9.77,65.9,66.5,8,Phi-3-mini-Q4,llama.cpp,,expanded_rate_table
2026-05-15T04:50:42.083314,GPU1300_CPU1497,1300,1497,1300,1497,medium_tiny,mixed,512,32,0,223.541805986315,26.557873318632765,1046.9483218621463,32,30.56502344173345,49.278,32.852,40.28,1.5399375,0.649377003936848,24.225,0.798,7.829,65.6,65.8,3,Phi-3-mini-Q4,llama.cpp,,expanded_rate_table
2026-05-15T04:50:43.739141,GPU1300_CPU1497,1300,1497,1300,1497,medium_tiny,mixed,512,32,1,29.062408953905106,26.411048579780804,847.9209090583026,32,37.73936891772024,34.424,34.424,41.081,1.07575,0.9295840111550081,25.142,0.798,8.484,65.4,65.4,2,Phi-3-mini-Q4,llama.cpp,,expanded_rate_table
2026-05-15T04:50:45.394630,GPU1300_CPU1497,1300,1497,1300,1497,medium_tiny,mixed,512,32,2,29.081608867272735,26.396474034916007,847.4864109884948,32,37.758717526427006,34.368,34.368,40.969,1.074,0.9310986964618249,25.136,0.798,8.434,65.2,65.3,2,Phi-3-mini-Q4,llama.cpp,,expanded_rate_table
2026-05-15T04:50:49.602549,GPU1300_CPU1497,1300,1497,1300,1497,medium_short,mixed,512,128,0,29.030123027041554,26.535419149573627,3399.389683967456,128,37.65381786139038,149.614,42.747,46.676,1.168859375,0.8555349098346411,32.161,0.855,9.73,65.5,65.9,7,Phi-3-mini-Q4,llama.cpp,,expanded_rate_table
2026-05-15T04:50:53.805913,GPU1300_CPU1497,1300,1497,1300,1497,medium_short,mixed,512,128,1,29.335038969293237,26.49699036933951,3394.795680884272,128,37.70477284413733,150.412,42.975,46.675,1.17509375,0.850995931175704,32.389,0.798,9.787,65.6,66.1,7,Phi-3-mini-Q4,llama.cpp,,expanded_rate_table
2026-05-15T04:50:58.014483,GPU1300_CPU1497,1300,1497,1300,1497,medium_short,mixed,512,128,2,29.380222084000707,26.538492330738645,3400.1106210052967,128,37.64583399411716,150.456,42.988,46.675,1.1754375,0.8507470622640507,32.331,0.855,9.802,65.7,66.0,7,Phi-3-mini-Q4,llama.cpp,,expanded_rate_table
2026-05-15T04:50:58.850994,GPU1300_CPU1497,1300,1497,1300,1497,medium_long,mixed,512,512,0,29.154760064557195,29.154760064557195,29.154760064557195,0,0.0,7.5,15.0,15.0,0.0,0.0,8.785,0.798,5.417,65.0,65.0,1,Phi-3-mini-Q4,llama.cpp,,expanded_rate_table
2026-05-15T04:51:12.963531,GPU1300_CPU1497,1300,1497,1300,1497,medium_long,mixed,512,512,1,29.197925934568048,25.971408696925366,13301.9071680028,512,38.490721182568116,624.496,44.607,47.876,1.21971875,0.8198611360200866,33.59,0.869,10.147,65.9,66.4,28,Phi-3-mini-Q4,llama.cpp,,expanded_rate_table
2026-05-15T04:51:27.055162,GPU1300_CPU1497,1300,1497,1300,1497,medium_long,mixed,512,512,2,32.40822209045291,25.92448940921626,13281.125326175243,512,38.55095012099009,617.557,45.745,47.876,1.206166015625,0.829073267730752,34.554,0.798,10.393,66.3,66.8,27,Phi-3-mini-Q4,llama.cpp,,expanded_rate_table
2026-05-15T04:51:28.195772,GPU1300_CPU1497,1300,1497,1300,1497,long_tiny,mixed,1024,32,0,332.6207569334656,332.6207569334656,332.6207569334656,0,0.0,12.587,25.174,25.174,0.0,0.0,17.956,0.798,6.42,65.9,65.9,1,Phi-3-mini-Q4,llama.cpp,,expanded_rate_table
2026-05-15T04:51:29.803692,GPU1300_CPU1497,1300,1497,1300,1497,long_tiny,mixed,1024,32,1,32.05707296729088,24.75156961759973,799.4753739330918,32,40.02624851666549,34.418,34.418,42.068,1.0755625,0.9297460631065141,25.136,0.798,8.484,65.7,65.9,2,Phi-3-mini-Q4,llama.cpp,,expanded_rate_table
2026-05-15T04:51:31.405564,GPU1300_CPU1497,1300,1497,1300,1497,long_tiny,mixed,1024,32,2,28.76467094756663,24.669484197792986,793.6411709524691,32,40.32048886979487,35.417,35.417,42.568,1.10678125,0.9035209080385126,25.934,0.798,8.686,65.6,65.8,2,Phi-3-mini-Q4,llama.cpp,,expanded_rate_table
2026-05-15T04:51:32.241875,GPU1300_CPU1497,1300,1497,1300,1497,long_medium,mixed,1024,128,0,28.67149212397635,28.67149212397635,28.67149212397635,0,0.0,7.446,14.891,14.891,0.0,0.0,8.785,0.798,5.308,65.1,65.1,1,Phi-3-mini-Q4,llama.cpp,,expanded_rate_table
2026-05-15T04:51:36.263218,GPU1300_CPU1497,1300,1497,1300,1497,long_medium,mixed,1024,128,1,29.174158116802573,25.063854911709278,3212.6403560396284,128,39.84261722896103,151.172,43.192,47.876,1.18103125,0.8467176461249438,32.449,0.798,9.945,65.6,66.0,7,Phi-3-mini-Q4,llama.cpp,,expanded_rate_table
2026-05-15T04:51:40.290323,GPU1300_CPU1497,1300,1497,1300,1497,long_medium,mixed,1024,128,2,31.88252216205001,25.08995759733549,3218.6802730429918,128,39.767851772051515,152.921,43.692,47.876,1.1946953125,0.837033500958011,32.848,0.798,10.046,65.9,66.1,7,Phi-3-mini-Q4,llama.cpp,,expanded_rate_table
2026-05-15T04:51:43.524628,GPU1300_CPU1497,1300,1497,1300,1497,xlong_short,mixed,2048,64,0,717.6843879278749,27.099034142872643,2425.1283300109208,64,26.390356010443288,99.328,39.731,47.577,1.552,0.6443298969072164,29.772,0.798,9.161,65.8,66.1,5,Phi-3-mini-Q4,llama.cpp,,expanded_rate_table
2026-05-15T04:51:46.071179,GPU1300_CPU1497,1300,1497,1300,1497,xlong_short,mixed,2048,64,1,34.27160298451781,27.046244510168595,1738.3955579716712,64,36.81555656681156,81.695,40.848,47.077,1.276484375,0.7834016769692148,30.332,0.798,9.718,65.8,65.9,4,Phi-3-mini-Q4,llama.cpp,,expanded_rate_table
2026-05-15T04:51:48.621153,GPU1300_CPU1497,1300,1497,1300,1497,xlong_short,mixed,2048,64,2,34.09372386522591,27.099655682428015,1741.5838949382305,64,36.74815791878341,82.194,41.097,47.177,1.28428125,0.7786456432342993,30.432,0.898,9.768,65.8,66.1,4,Phi-3-mini-Q4,llama.cpp,,expanded_rate_table
2026-05-15T04:51:52.909757,GPU1300_CPU1497,1300,1497,1300,1497,xlong_medium,mixed,2048,128,0,34.16636097244918,27.12925325338472,3479.954596143216,128,36.78208909445559,167.77,41.943,47.577,1.310703125,0.7629492757942421,31.238,0.798,9.906,65.8,66.2,8,Phi-3-mini-Q4,llama.cpp,,expanded_rate_table
2026-05-15T04:51:57.199687,GPU1300_CPU1497,1300,1497,1300,1497,xlong_medium,mixed,2048,128,1,34.20047299005091,27.13802940116858,3481.09595105052,128,36.77002926660851,168.914,42.228,48.178,1.319640625,0.7577820666137799,31.336,0.898,9.994,66.1,66.3,8,Phi-3-mini-Q4,llama.cpp,,expanded_rate_table
2026-05-15T04:52:01.476585,GPU1300_CPU1497,1300,1497,1300,1497,xlong_medium,mixed,2048,128,2,34.28578213788569,27.03391995984973,3467.956162057817,128,36.909347759473214,167.97,41.992,47.577,1.312265625,0.7620408406263023,31.288,0.798,9.906,66.0,66.4,8,Phi-3-mini-Q4,llama.cpp,,expanded_rate_table
2026-05-15T04:52:16.225985,GPU1300_CPU1497,1300,1497,1300,1497,xlong_long,mixed,2048,512,0,34.538027830421925,27.20706563792875,13938.68758296594,512,36.73229613279374,658.776,47.055,48.976,1.286671875,0.7771989264939828,35.386,0.869,10.801,66.4,66.8,28,Phi-3-mini-Q4,llama.cpp,,expanded_rate_table
2026-05-15T04:52:28.463894,GPU1300_CPU1497,1300,1497,1300,1497,xlong_long,mixed,2048,512,1,37.55348501726985,26.989610793263676,11427.3167331703,422,36.92905428752597,538.429,46.82,48.576,1.2758981042654027,0.7837616473109733,35.285,0.815,10.72,66.7,67.1,23,Phi-3-mini-Q4,llama.cpp,,expanded_rate_table
2026-05-15T04:52:41.407818,GPU1300_CPU1497,1300,1497,1300,1497,xlong_long,mixed,2048,512,2,37.28668298572302,27.05879515243669,12133.278496097773,447,36.84082584470152,580.24,46.419,48.777,1.2980760626398211,0.7703708810147525,34.876,0.814,10.73,66.9,67.3,25,Phi-3-mini-Q4,llama.cpp,,expanded_rate_table
2026-05-15T04:52:42.992729,GPU1300_CPU1497,1300,1497,1300,1497,tiny_tiny,decode,32,32,0,28.95440417341888,24.120757611648692,776.7981740180403,32,41.19474153045169,35.167,35.167,42.068,1.09896875,0.9099439815736343,25.734,0.798,8.635,66.5,66.7,2,Phi-3-mini-Q4,llama.cpp,"decode-only (16 prompt tokens, 32 output)",expanded_rate_table
2026-05-15T04:52:44.566750,GPU1300_CPU1497,1300,1497,1300,1497,tiny_tiny,decode,32,32,1,25.40466794744134,23.89001161340744,766.0971030127257,32,41.77016186872129,35.522,35.522,42.38,1.1100625,0.9008501773548787,26.139,0.798,8.585,66.2,66.4,2,Phi-3-mini-Q4,llama.cpp,"decode-only (16 prompt tokens, 32 output)",expanded_rate_table
2026-05-15T04:52:46.140940,GPU1300_CPU1497,1300,1497,1300,1497,tiny_tiny,decode,32,32,2,25.13223304413259,23.900165710778488,766.1385498940945,32,41.767902169161765,35.516,35.516,42.367,1.109875,0.9010023651312085,26.132,0.798,8.585,66.0,66.1,2,Phi-3-mini-Q4,llama.cpp,"decode-only (16 prompt tokens, 32 output)",expanded_rate_table
2026-05-15T04:52:50.025479,GPU1300_CPU1497,1300,1497,1300,1497,tiny_short,decode,32,128,0,25.133703835308552,24.020668929516095,3076.106130843982,128,41.611048044327724,147.684,42.195,47.775,1.15378125,0.8667154194090084,31.596,0.855,9.744,66.3,66.6,7,Phi-3-mini-Q4,llama.cpp,"decode-only (16 prompt tokens, 128 output)",expanded_rate_table
2026-05-15T04:52:53.912139,GPU1300_CPU1497,1300,1497,1300,1497,tiny_short,decode,32,128,1,25.255491957068443,24.03630844801371,3078.1960268504918,128,41.582796834081215,147.818,42.234,47.775,1.154828125,0.8659297243908048,31.708,0.798,9.728,66.3,66.5,7,Phi-3-mini-Q4,llama.cpp,"decode-only (16 prompt tokens, 128 output)",expanded_rate_table
2026-05-15T04:52:57.803076,GPU1300_CPU1497,1300,1497,1300,1497,tiny_short,decode,32,128,2,25.637779850512743,24.064684944872663,3082.188593922183,128,41.528931828638015,147.874,42.25,47.675,1.155265625,0.865601796123727,31.709,0.855,9.685,66.4,66.7,7,Phi-3-mini-Q4,llama.cpp,"decode-only (16 prompt tokens, 128 output)",expanded_rate_table
2026-05-15T04:53:11.832495,GPU1300_CPU1497,1300,1497,1300,1497,tiny_long,decode,32,512,0,25.34547308459878,25.81629989789015,13218.830215046182,512,38.73262547976612,611.136,45.269,47.675,1.193625,0.8377840611582366,34.257,0.813,10.2,66.6,66.9,27,Phi-3-mini-Q4,llama.cpp,"decode-only (16 prompt tokens, 512 output)",expanded_rate_table
2026-05-15T04:53:25.863513,GPU1300_CPU1497,1300,1497,1300,1497,tiny_long,decode,32,512,1,28.256998863071203,25.814391354576426,13220.733836991712,512,38.72704846136605,610.04,45.188,47.676,1.191484375,0.8392892269359387,34.183,0.813,10.192,66.8,67.1,27,Phi-3-mini-Q4,llama.cpp,"decode-only (16 prompt tokens, 512 output)",expanded_rate_table
2026-05-15T04:53:39.884142,GPU1300_CPU1497,1300,1497,1300,1497,tiny_long,decode,32,512,2,28.205642011016607,25.793620285445026,13210.110574029386,512,38.75819185091259,610.834,45.247,47.775,1.19303515625,0.8381982666321783,34.212,0.813,10.222,66.9,67.2,27,Phi-3-mini-Q4,llama.cpp,"decode-only (16 prompt tokens, 512 output)",expanded_rate_table
2026-05-15T04:53:41.467295,GPU1300_CPU1497,1300,1497,1300,1497,short_tiny,decode,128,32,0,28.386341175064445,24.085708030108965,775.1463891472667,32,41.28252475665013,35.122,35.122,42.08,1.0975625,0.9111098456807699,25.74,0.798,8.584,66.5,66.6,2,Phi-3-mini-Q4,llama.cpp,"decode-only (16 prompt tokens, 32 output)",expanded_rate_table
2026-05-15T04:53:43.043509,GPU1300_CPU1497,1300,1497,1300,1497,short_tiny,decode,128,32,1,25.067443028092384,23.96571435665171,768.107654992491,32,41.66082682812584,35.366,35.366,42.467,1.1051875,0.9048238421082395,25.934,0.798,8.635,66.4,66.5,2,Phi-3-mini-Q4,llama.cpp,"decode-only (16 prompt tokens, 32 output)",expanded_rate_table
2026-05-15T04:53:44.618792,GPU1300_CPU1497,1300,1497,1300,1497,short_tiny,decode,128,32,2,25.368038099259138,23.927312028864698,767.2158589120954,32,41.709252524283954,35.117,35.117,41.968,1.09740625,0.9112395705783525,25.734,0.798,8.585,66.0,66.1,2,Phi-3-mini-Q4,llama.cpp,"decode-only (16 prompt tokens, 32 output)",expanded_rate_table
2026-05-15T04:53:46.963715,GPU1300_CPU1497,1300,1497,1300,1497,short_short,decode,128,64,0,25.241323048248887,23.986948410137778,1536.6060088854283,64,41.650234106804106,75.156,37.578,46.276,1.1743125,0.851562084198201,27.844,0.798,8.936,66.1,66.3,4,Phi-3-mini-Q4,llama.cpp,"decode-only (16 prompt tokens, 64 output)",expanded_rate_table
2026-05-15T04:53:49.308381,GPU1300_CPU1497,1300,1497,1300,1497,short_short,decode,128,64,1,25.19908593967557,23.98462699992316,1536.4093310199678,64,41.6555658103903,75.662,37.831,46.276,1.18221875,0.8458671459913827,27.947,0.898,8.986,66.2,66.5,4,Phi-3-mini-Q4,llama.cpp,"decode-only (16 prompt tokens, 64 output)",expanded_rate_table
2026-05-15T04:53:51.647982,GPU1300_CPU1497,1300,1497,1300,1497,short_short,decode,128,64,2,25.191309861838818,23.903727620130493,1531.3041259068996,64,41.79444103704523,75.356,37.678,46.276,1.1774375,0.8493019799352408,27.944,0.798,8.936,66.0,66.2,4,Phi-3-mini-Q4,llama.cpp,"decode-only (16 prompt tokens, 64 output)",expanded_rate_table
2026-05-15T04:53:58.689277,GPU1300_CPU1497,1300,1497,1300,1497,short_long,decode,128,256,0,25.069652125239372,24.338553011344345,6232.052578125149,256,41.07795895345527,293.308,45.124,47.675,1.145734375,0.8728026511380529,34.118,0.829,10.178,66.4,66.7,13,Phi-3-mini-Q4,llama.cpp,"decode-only (16 prompt tokens, 256 output)",expanded_rate_table
2026-05-15T04:54:05.759957,GPU1300_CPU1497,1300,1497,1300,1497,short_long,decode,128,256,1,28.08475703932345,24.44108927111123,6261.21919718571,256,40.88660561749168,293.647,45.176,47.676,1.14705859375,0.8717950464333026,34.177,0.829,10.17,66.5,66.8,13,Phi-3-mini-Q4,llama.cpp,"decode-only (16 prompt tokens, 256 output)",expanded_rate_table
2026-05-15T04:54:12.825242,GPU1300_CPU1497,1300,1497,1300,1497,short_long,decode,128,256,2,28.62627082504332,24.41881126358959,6256.066603818908,256,40.92028045924722,294.04,45.237,47.775,1.14859375,0.8706298462794178,34.238,0.798,10.201,66.6,66.9,13,Phi-3-mini-Q4,llama.cpp,"decode-only (16 prompt tokens, 256 output)",expanded_rate_table
2026-05-15T04:54:14.411323,GPU1300_CPU1497,1300,1497,1300,1497,medium_tiny,decode,512,32,0,28.482693014666438,24.179330613884716,778.1468969769776,32,41.12334075264809,35.366,35.366,42.467,1.1051875,0.9048238421082395,25.734,0.997,8.635,66.3,66.4,2,Phi-3-mini-Q4,llama.cpp,"decode-only (16 prompt tokens, 32 output)",expanded_rate_table
2026-05-15T04:54:15.988770,GPU1300_CPU1497,1300,1497,1300,1497,medium_tiny,decode,512,32,1,25.239471113309264,24.01230199592969,769.7247010655701,32,41.57330530734005,35.515,35.515,42.367,1.10984375,0.9010277347599606,26.132,0.798,8.585,65.9,66.0,2,Phi-3-mini-Q4,llama.cpp,"decode-only (16 prompt tokens, 32 output)",expanded_rate_table
2026-05-15T04:54:17.566626,GPU1300_CPU1497,1300,1497,1300,1497,medium_tiny,decode,512,32,2,25.211249012500048,24.018342674319303,769.8839318472892,32,41.56470693344381,35.066,35.066,41.968,1.0958125,0.9125648776592711,25.734,0.798,8.534,65.8,65.9,2,Phi-3-mini-Q4,llama.cpp,"decode-only (16 prompt tokens, 32 output)",expanded_rate_table
2026-05-15T04:54:21.469223,GPU1300_CPU1497,1300,1497,1300,1497,medium_short,decode,512,128,0,25.175377959385514,24.161810724534035,3094.0603339113295,128,41.36958759242743,147.926,42.265,47.675,1.155671875,0.8652975136216757,31.651,0.912,9.701,66.0,66.2,7,Phi-3-mini-Q4,llama.cpp,"decode-only (16 prompt tokens, 128 output)",expanded_rate_table
2026-05-15T04:54:25.369454,GPU1300_CPU1497,1300,1497,1300,1497,medium_short,decode,512,128,1,25.56205098517239,24.13846978800386,3091.50417894125,128,41.40379329645165,147.918,42.262,47.675,1.155609375,0.8653443123892968,31.765,0.798,9.699,66.1,66.5,7,Phi-3-mini-Q4,llama.cpp,"decode-only (16 prompt tokens, 128 output)",expanded_rate_table
2026-05-15T04:54:29.272145,GPU1300_CPU1497,1300,1497,1300,1497,medium_short,decode,512,128,2,25.54422803223133,24.159355259566443,3094.112604157999,128,41.36888871723291,147.825,42.236,47.675,1.1548828125,0.8658887197699984,31.765,0.798,9.673,66.1,66.3,7,Phi-3-mini-Q4,llama.cpp,"decode-only (16 prompt tokens, 128 output)",expanded_rate_table
2026-05-15T04:54:43.322040,GPU1300_CPU1497,1300,1497,1300,1497,medium_long,decode,512,512,0,25.736636016517878,25.85560296855342,13239.288895856589,512,38.67277193114482,610.492,45.222,47.675,1.1923671875,0.8386678285710543,34.243,0.813,10.166,66.5,66.9,27,Phi-3-mini-Q4,llama.cpp,"decode-only (16 prompt tokens, 512 output)",expanded_rate_table
2026-05-15T04:54:57.351415,GPU1300_CPU1497,1300,1497,1300,1497,medium_long,decode,512,512,1,28.441324131563306,25.810228994229185,13218.783836113289,512,38.73276137561404,610.695,45.237,47.675,1.192763671875,0.8383890485430533,34.228,0.813,10.196,66.6,66.9,27,Phi-3-mini-Q4,llama.cpp,"decode-only (16 prompt tokens, 512 output)",expanded_rate_table
2026-05-15T04:55:11.371734,GPU1300_CPU1497,1300,1497,1300,1497,medium_long,decode,512,512,2,28.515690006315708,25.792541816181807,13209.811447188258,512,38.759069502765726,610.488,45.221,48.175,1.192359375,0.838673323636173,34.213,0.813,10.196,66.8,67.3,27,Phi-3-mini-Q4,llama.cpp,"decode-only (16 prompt tokens, 512 output)",expanded_rate_table
2026-05-15T04:55:12.955998,GPU1300_CPU1497,1300,1497,1300,1497,long_tiny,decode,1024,32,0,28.472044970840216,24.110417963275985,775.9987418539822,32,41.237180260817176,35.173,35.173,42.08,1.09915625,0.9097887584226537,25.74,0.798,8.635,66.5,66.6,2,Phi-3-mini-Q4,llama.cpp,"decode-only (16 prompt tokens, 32 output)",expanded_rate_table
2026-05-15T04:55:14.532338,GPU1300_CPU1497,1300,1497,1300,1497,long_tiny,decode,1024,32,1,25.113403098657727,23.940599253100732,767.3734789714217,32,41.7006853597448,35.217,35.217,42.068,1.10053125,0.9086520714427692,25.734,0.798,8.685,66.2,66.4,2,Phi-3-mini-Q4,llama.cpp,"decode-only (16 prompt tokens, 32 output)",expanded_rate_table
2026-05-15T04:55:16.107348,GPU1300_CPU1497,1300,1497,1300,1497,long_tiny,decode,1024,32,2,25.507434969767928,23.913044452426895,766.9136649928987,32,41.72568759782929,35.266,35.266,42.367,1.1020625,0.9073895536777633,25.934,0.798,8.534,66.1,66.5,2,Phi-3-mini-Q4,llama.cpp,"decode-only (16 prompt tokens, 32 output)",expanded_rate_table
2026-05-15T04:55:19.993823,GPU1300_CPU1497,1300,1497,1300,1497,long_medium,decode,1024,128,0,25.300787994638085,24.033093164990266,3077.840982005,128,41.587593624351854,147.225,42.064,47.675,1.1501953125,0.86941755815928,31.538,0.855,9.671,66.2,66.5,7,Phi-3-mini-Q4,llama.cpp,"decode-only (16 prompt tokens, 128 output)",expanded_rate_table
2026-05-15T04:55:23.880461,GPU1300_CPU1497,1300,1497,1300,1497,long_medium,decode,1024,128,1,25.18920786678791,24.03465896940196,3077.926210826263,128,41.586442049771776,147.769,42.22,47.775,1.1544453125,0.8662168655130643,31.708,0.798,9.714,66.4,66.6,7,Phi-3-mini-Q4,llama.cpp,"decode-only (16 prompt tokens, 128 output)",expanded_rate_table
2026-05-15T04:55:27.764900,GPU1300_CPU1497,1300,1497,1300,1497,long_medium,decode,1024,128,2,25.375505909323692,24.016338732372237,3075.782895088196,128,41.61542097278934,147.875,42.25,47.675,1.1552734375,0.8655959425190194,31.767,0.798,9.685,66.4,66.7,7,Phi-3-mini-Q4,llama.cpp,"decode-only (16 prompt tokens, 128 output)",expanded_rate_table
2026-05-15T04:55:30.105605,GPU1300_CPU1497,1300,1497,1300,1497,xlong_short,decode,2048,64,0,25.428175926208496,23.913848191677104,1532.177149085328,64,41.77062687444884,75.156,37.578,46.276,1.1743125,0.851562084198201,27.844,0.798,8.936,66.2,66.5,4,Phi-3-mini-Q4,llama.cpp,"decode-only (16 prompt tokens, 64 output)",expanded_rate_table
2026-05-15T04:55:32.446988,GPU1300_CPU1497,1300,1497,1300,1497,xlong_short,decode,2048,64,1,25.08319797925651,23.93622561875317,1533.2427169196308,64,41.741597265552016,75.462,37.731,46.276,1.17909375,0.8481089820041875,27.947,0.798,8.986,66.2,66.4,4,Phi-3-mini-Q4,llama.cpp,"decode-only (16 prompt tokens, 64 output)",expanded_rate_table
2026-05-15T04:55:34.788699,GPU1300_CPU1497,1300,1497,1300,1497,xlong_short,decode,2048,64,2,25.099709862843156,23.93563869704921,1533.2214208319783,64,41.742177046594755,75.406,37.703,46.276,1.17821875,0.8487388271490331,27.944,0.798,8.961,66.0,66.2,4,Phi-3-mini-Q4,llama.cpp,"decode-only (16 prompt tokens, 64 output)",expanded_rate_table
2026-05-15T04:55:38.675829,GPU1300_CPU1497,1300,1497,1300,1497,xlong_medium,decode,2048,128,0,25.443534832447767,24.037117756331178,3078.493474982679,128,41.578779048969785,147.626,42.179,47.675,1.153328125,0.8670559386557923,31.71,0.798,9.671,66.1,66.4,7,Phi-3-mini-Q4,llama.cpp,"decode-only (16 prompt tokens, 128 output)",expanded_rate_table
2026-05-15T04:55:42.564793,GPU1300_CPU1497,1300,1497,1300,1497,xlong_medium,decode,2048,128,1,25.095903081819415,24.056256842234824,3080.57122817263,128,41.55073540563078,147.575,42.164,47.675,1.1529296875,0.8673555819075047,31.71,0.798,9.656,66.2,66.6,7,Phi-3-mini-Q4,llama.cpp,"decode-only (16 prompt tokens, 128 output)",expanded_rate_table
2026-05-15T04:55:46.451644,GPU1300_CPU1497,1300,1497,1300,1497,xlong_medium,decode,2048,128,2,25.21218592301011,24.03552158310364,3078.0579410493374,128,41.58466229403195,147.726,42.207,47.675,1.154109375,0.8664690034252602,31.71,0.798,9.699,66.2,66.4,7,Phi-3-mini-Q4,llama.cpp,"decode-only (16 prompt tokens, 128 output)",expanded_rate_table
2026-05-15T04:56:00.465923,GPU1300_CPU1497,1300,1497,1300,1497,xlong_long,decode,2048,512,0,25.14473395422101,25.786908485137523,13203.577186912298,512,38.77737015901317,611.086,45.266,47.789,1.19352734375,0.8378526099436086,34.243,0.813,10.21,66.6,66.9,27,Phi-3-mini-Q4,llama.cpp,"decode-only (16 prompt tokens, 512 output)",expanded_rate_table
2026-05-15T04:56:14.498789,GPU1300_CPU1497,1300,1497,1300,1497,xlong_long,decode,2048,512,1,28.40728498995304,25.81679141294729,13222.10156195797,512,38.7230424453177,611.086,45.266,48.175,1.19352734375,0.8378526099436086,34.257,0.828,10.181,66.8,67.3,27,Phi-3-mini-Q4,llama.cpp,"decode-only (16 prompt tokens, 512 output)",expanded_rate_table
2026-05-15T04:56:28.528750,GPU1300_CPU1497,1300,1497,1300,1497,xlong_long,decode,2048,512,2,28.663308126851916,25.810241608546935,13219.060361152515,512,38.73195113811863,609.636,45.158,47.676,1.1906953125,0.8398454159531261,34.198,0.813,10.147,66.9,67.2,27,Phi-3-mini-Q4,llama.cpp,"decode-only (16 prompt tokens, 512 output)",expanded_rate_table
