timestamp,config_name,gpu_freq_mhz,cpu_freq_mhz,emc_freq_mhz,target_gpu_mhz,target_emc_mhz,workload,prompt_length,output_length,phase,repeat,ttft_ms,tpot_ms,total_time_ms,output_tokens,tokens_per_second,total_energy_j,avg_power_w,max_power_w,energy_per_token_j,tokens_per_joule,avg_gpu_soc_w,avg_cpu_cv_w,avg_sys_5v0_w,avg_temp_cpu_c,power_samples,model,runtime,experiment
2026-05-22T07:43:34.844943,GPU306_CPU1036,306,1036,3199,306,3199,p128_o64,128,64,decode,0,182.20454698894173,473.19992558775647,29994.12778200349,64,2.1337509950331035,803.929,27.252,27.886,12.561390625,0.079609020199545,18.322,0.595,8.334,60.6,59,Qwen2.5-14B-Instruct-Q4_K_M,llama.cpp,finegrained_gpu_emc
2026-05-22T07:44:06.363177,GPU306_CPU1036,306,1036,3199,306,3199,p128_o64,128,64,decode,1,481.15613497793674,479.6585325717128,30699.912570999004,64,2.0846964906492365,820.524,27.351,28.486,12.8206875,0.07799893726447978,18.41,0.579,8.363,60.4,60,Qwen2.5-14B-Instruct-Q4_K_M,llama.cpp,finegrained_gpu_emc
2026-05-22T07:44:37.867141,GPU306_CPU1036,306,1036,3199,306,3199,p128_o64,128,64,decode,2,479.6783640049398,479.45333527038906,30685.510442010127,64,2.085674935111411,819.676,27.323,28.486,12.8074375,0.07807963146413949,18.396,0.565,8.361,60.3,60,Qwen2.5-14B-Instruct-Q4_K_M,llama.cpp,finegrained_gpu_emc
2026-05-22T07:45:40.659264,GPU306_CPU1036,306,1036,3199,306,3199,p512_o128,512,128,decode,0,481.4286849577911,484.11786181927386,61964.88098701229,128,2.0656862074314084,1637.873,27.298,28.486,12.7958828125,0.0781501374038158,18.4,0.555,8.343,60.1,120,Qwen2.5-14B-Instruct-Q4_K_M,llama.cpp,finegrained_gpu_emc
2026-05-22T07:46:43.671255,GPU306_CPU1036,306,1036,3199,306,3199,p512_o128,512,128,decode,1,480.5746109923348,493.65264711203054,62187.65103101032,126,2.0261257325376256,1352.328,27.32,28.885,10.732761904761905,0.09317266225353613,18.415,0.572,8.332,59.9,99,Qwen2.5-14B-Instruct-Q4_K_M,llama.cpp,finegrained_gpu_emc
2026-05-22T07:47:44.532118,GPU306_CPU1036,306,1036,3199,306,3199,p512_o128,512,128,decode,2,480.86575197521597,468.91646237042914,60033.7776360102,128,2.1321330264451235,1504.908,27.362,29.884,11.75709375,0.08505503326449192,18.443,0.566,8.353,59.8,110,Qwen2.5-14B-Instruct-Q4_K_M,llama.cpp,finegrained_gpu_emc
2026-05-22T07:48:46.752228,GPU306_CPU1036,306,1036,3199,306,3199,p1024_o128,1024,128,decode,0,482.29833599179983,499.26317312332924,61392.89384899894,123,2.003489203531096,1624.155,27.297,28.886,13.204512195121952,0.07573168817015617,18.386,0.563,8.347,59.8,119,Qwen2.5-14B-Instruct-Q4_K_M,llama.cpp,finegrained_gpu_emc
2026-05-22T07:49:49.423225,GPU306_CPU1036,306,1036,3199,306,3199,p1024_o128,1024,128,decode,1,481.3223839737475,483.1619154649061,61843.40840502409,128,2.0697436202368404,1652.244,27.31,28.486,12.90815625,0.07747039783470239,18.389,0.58,8.34,59.7,121,Qwen2.5-14B-Instruct-Q4_K_M,llama.cpp,finegrained_gpu_emc
2026-05-22T07:50:52.429848,GPU306_CPU1036,306,1036,3199,306,3199,p1024_o128,1024,128,decode,2,480.87764403317124,485.8040530628737,62178.5027210135,128,2.058589293703623,1666.484,27.319,28.486,13.01940625,0.07680841820263501,18.425,0.563,8.332,59.6,122,Qwen2.5-14B-Instruct-Q4_K_M,llama.cpp,finegrained_gpu_emc
2026-05-22T07:52:50.703557,GPU306_CPU1036,306,1036,3199,306,3199,p128_o256,128,256,decode,0,476.88850795384496,458.6385577490243,117430.68825098453,256,2.180009363930929,3141.24,27.434,30.183,12.27046875,0.0814964790974265,18.523,0.563,8.348,59.6,229,Qwen2.5-14B-Instruct-Q4_K_M,llama.cpp,finegrained_gpu_emc
2026-05-22T07:54:53.237732,GPU306_CPU1036,306,1036,3199,306,3199,p128_o256,128,256,decode,1,491.87910300679505,475.2824177372032,121689.8518410162,256,2.1037086998384678,3237.682,27.322,29.784,12.6471953125,0.07906891411818703,18.422,0.569,8.332,59.5,237,Qwen2.5-14B-Instruct-Q4_K_M,llama.cpp,finegrained_gpu_emc
2026-05-22T07:56:56.694632,GPU306_CPU1036,306,1036,3199,306,3199,p128_o256,128,256,decode,2,497.0893079880625,478.8812504314324,122612.76796099264,256,2.0878739160463486,3268.236,27.349,29.684,12.766546875,0.07832971670344492,18.458,0.561,8.33,59.5,239,Qwen2.5-14B-Instruct-Q4_K_M,llama.cpp,finegrained_gpu_emc
2026-05-22T08:01:02.261275,GPU306_CPU1036,306,1036,3199,306,3199,p1024_o512,1024,512,decode,0,497.2833400242962,477.8649644598587,244688.24477505405,512,2.0924585096872557,6511.075,27.3,29.884,12.716943359375,0.07863524840368143,18.412,0.548,8.34,59.4,477,Qwen2.5-14B-Instruct-Q4_K_M,llama.cpp,finegrained_gpu_emc
2026-05-22T08:05:08.930791,GPU306_CPU1036,306,1036,3199,306,3199,p1024_o512,1024,512,decode,1,494.7243119822815,480.025986710371,245789.96126097627,512,2.0830793795372533,6535.959,27.29,30.283,12.765544921875,0.07833586471396164,18.404,0.556,8.33,59.4,479,Qwen2.5-14B-Instruct-Q4_K_M,llama.cpp,finegrained_gpu_emc
2026-05-22T08:09:18.373509,GPU306_CPU1036,306,1036,3199,306,3199,p1024_o512,1024,512,decode,2,494.73457102430984,487.36017923376727,248563.04683099734,510,2.0517933236743695,6630.342,27.342,29.784,13.000670588235293,0.07691910915002576,18.463,0.552,8.327,59.3,485,Qwen2.5-14B-Instruct-Q4_K_M,llama.cpp,finegrained_gpu_emc
2026-05-22T08:09:48.952328,GPU306_CPU1036,306,1036,3199,306,3199,p128_o64,128,64,mixed,0,906.4004580141045,457.9933589206092,29760.25265402859,64,2.150519377104026,810.323,27.469,29.385,12.661296875,0.07898085084589726,18.546,0.568,8.355,59.3,59,Qwen2.5-14B-Instruct-Q4_K_M,llama.cpp,finegrained_gpu_emc
2026-05-22T08:10:20.515974,GPU306_CPU1036,306,1036,3199,306,3199,p128_o64,128,64,mixed,1,482.0611050236039,480.365775269641,30745.397514023352,64,2.081612376968254,833.47,27.327,28.886,13.02296875,0.07678740686527409,18.435,0.536,8.356,59.3,61,Qwen2.5-14B-Instruct-Q4_K_M,llama.cpp,finegrained_gpu_emc
2026-05-22T08:10:52.130047,GPU306_CPU1036,306,1036,3199,306,3199,p128_o64,128,64,mixed,2,482.3204019921832,481.1610350161717,30795.76486296719,64,2.0782078407463707,833.669,27.333,28.886,13.026078125,0.07676907741561699,18.455,0.523,8.356,59.3,61,Qwen2.5-14B-Instruct-Q4_K_M,llama.cpp,finegrained_gpu_emc
2026-05-22T08:11:56.433659,GPU306_CPU1036,306,1036,3199,306,3199,p512_o128,512,128,mixed,0,1177.001392992679,490.5367729136735,63475.673170003574,128,2.0165205598873177,1700.306,27.424,33.972,13.283640625,0.07528056714497272,18.563,0.541,8.321,59.3,124,Qwen2.5-14B-Instruct-Q4_K_M,llama.cpp,finegrained_gpu_emc
2026-05-22T08:13:00.240502,GPU306_CPU1036,306,1036,3199,306,3199,p512_o128,512,128,mixed,1,499.09176595974714,491.96530224418075,62979.18753500562,128,2.0324174542400053,1668.377,27.35,29.785,13.0341953125,0.07672126863412766,18.464,0.553,8.333,59.3,122,Qwen2.5-14B-Instruct-Q4_K_M,llama.cpp,finegrained_gpu_emc
2026-05-22T08:14:04.250893,GPU306_CPU1036,306,1036,3199,306,3199,p512_o128,512,128,mixed,2,499.4478229782544,493.5650102992168,63182.700914971065,128,2.0258709764917717,1693.127,27.308,28.885,13.2275546875,0.07559976304199272,18.434,0.544,8.331,59.3,124,Qwen2.5-14B-Instruct-Q4_K_M,llama.cpp,finegrained_gpu_emc
2026-05-22T08:15:04.375736,GPU306_CPU1036,306,1036,3199,306,3199,p1024_o128,1024,128,mixed,0,3404.0367800043896,440.1061228425132,59298.02719701547,128,2.158587832521389,1603.24,27.642,30.682,12.5253125,0.07983832738704125,18.728,0.571,8.343,59.3,116,Qwen2.5-14B-Instruct-Q4_K_M,llama.cpp,finegrained_gpu_emc
2026-05-22T08:16:06.229076,GPU306_CPU1036,306,1036,3199,306,3199,p1024_o128,1024,128,mixed,1,199.95239097625017,478.9430764095865,61026.22746297857,128,2.0974588356727595,1618.462,27.201,27.986,12.644234375,0.07908742991803329,18.329,0.543,8.328,59.4,119,Qwen2.5-14B-Instruct-Q4_K_M,llama.cpp,finegrained_gpu_emc
2026-05-22T08:17:06.912507,GPU306_CPU1036,306,1036,3199,306,3199,p1024_o128,1024,128,mixed,2,196.84047001646832,469.7582280551135,59856.63970501628,128,2.138442796501872,1595.57,27.275,29.784,12.465390625,0.08022211498085324,18.373,0.552,8.349,59.6,117,Qwen2.5-14B-Instruct-Q4_K_M,llama.cpp,finegrained_gpu_emc
2026-05-22T08:19:08.589620,GPU306_CPU1036,306,1036,3199,306,3199,p128_o256,128,256,mixed,0,499.43393701687455,471.8948121687087,120833.58790405327,256,2.1186162261711066,3208.44,27.306,29.884,12.53296875,0.07978955504855942,18.422,0.538,8.345,59.8,235,Qwen2.5-14B-Instruct-Q4_K_M,llama.cpp,finegrained_gpu_emc
2026-05-22T08:21:10.255907,GPU306_CPU1036,306,1036,3199,306,3199,p128_o256,128,256,mixed,1,494.79172501014546,471.86879035286313,120822.3309610039,256,2.118813616355618,3224.961,27.33,30.283,12.59750390625,0.07938080491516022,18.425,0.555,8.35,60.0,236,Qwen2.5-14B-Instruct-Q4_K_M,llama.cpp,finegrained_gpu_emc
2026-05-22T08:23:11.903333,GPU306_CPU1036,306,1036,3199,306,3199,p128_o256,128,256,mixed,2,493.82383603369817,471.79868227058074,120803.47530305153,256,2.1191443322122154,3225.31,27.333,30.275,12.5988671875,0.07937221538394759,18.437,0.548,8.348,60.2,236,Qwen2.5-14B-Instruct-Q4_K_M,llama.cpp,finegrained_gpu_emc
2026-05-22T08:27:24.048304,GPU306_CPU1036,306,1036,3199,306,3199,p1024_o512,1024,512,mixed,0,5861.874731024727,480.22996169859414,251261.36758900248,512,2.0377187504507153,6712.097,27.396,30.283,13.109564453125,0.0762801848662199,18.485,0.561,8.35,60.3,490,Qwen2.5-14B-Instruct-Q4_K_M,llama.cpp,finegrained_gpu_emc
2026-05-22T08:31:30.841664,GPU306_CPU1036,306,1036,3199,306,3199,p1024_o512,1024,512,mixed,1,501.17173098260537,480.2571377535159,245914.52889802167,512,2.0820241987911228,6526.518,27.365,30.275,12.74710546875,0.07844918224388564,18.452,0.56,8.353,60.0,477,Qwen2.5-14B-Instruct-Q4_K_M,llama.cpp,finegrained_gpu_emc
2026-05-22T08:35:40.325275,GPU306_CPU1036,306,1036,3199,306,3199,p1024_o512,1024,512,mixed,2,503.3115590340458,485.51563593732567,248603.81934401812,512,2.0595017459948757,6588.63,27.339,29.784,12.86841796875,0.07770963007484105,18.451,0.551,8.336,59.8,482,Qwen2.5-14B-Instruct-Q4_K_M,llama.cpp,finegrained_gpu_emc
2026-05-22T08:36:29.918504,GPU408_CPU1036,408,1036,3199,408,3199,p128_o64,128,64,decode,0,345.2140790177509,351.78225404686395,22507.76471500285,64,2.8434631697273764,702.408,31.928,32.282,10.975125,0.09111513536292297,22.336,0.553,9.038,60.5,44,Qwen2.5-14B-Instruct-Q4_K_M,llama.cpp,finegrained_gpu_emc
2026-05-22T08:36:53.155728,GPU408_CPU1036,408,1036,3199,408,3199,p128_o64,128,64,decode,1,344.552114023827,350.4200002699647,22421.274490014184,64,2.85443184902374,703.319,31.969,33.579,10.989359375,0.09099711510708512,22.373,0.571,9.025,60.7,44,Qwen2.5-14B-Instruct-Q4_K_M,llama.cpp,finegrained_gpu_emc
2026-05-22T08:37:14.830876,GPU408_CPU1036,408,1036,3199,408,3199,p128_o64,128,64,decode,2,345.0687340227887,325.61932738116457,20859.34804601129,64,3.068168758622254,658.095,32.102,34.993,10.282734375,0.09725039697915953,22.491,0.555,9.056,60.9,41,Qwen2.5-14B-Instruct-Q4_K_M,llama.cpp,finegrained_gpu_emc
2026-05-22T08:38:00.000439,GPU408_CPU1036,408,1036,3199,408,3199,p512_o128,512,128,decode,0,349.45280995452777,346.4361867719829,44347.339712956455,128,2.8863061646650183,1392.724,32.017,33.579,10.88065625,0.09190622118955372,22.36,0.596,9.061,61.1,87,Qwen2.5-14B-Instruct-Q4_K_M,llama.cpp,finegrained_gpu_emc
2026-05-22T08:38:45.235305,GPU408_CPU1036,408,1036,3199,408,3199,p512_o128,512,128,decode,1,348.9746440318413,346.95329241716763,44412.532397022005,128,2.8820693865361027,1391.638,31.992,33.594,10.872171875,0.09197794253965472,22.364,0.573,9.054,61.4,87,Qwen2.5-14B-Instruct-Q4_K_M,llama.cpp,finegrained_gpu_emc
2026-05-22T08:39:31.013807,GPU408_CPU1036,408,1036,3199,408,3199,p512_o128,512,128,decode,2,348.8280529854819,351.232792314978,44955.88104502531,128,2.8472359349781695,1406.098,31.957,33.094,10.985140625,0.09103206177663292,22.364,0.562,9.03,61.6,88,Qwen2.5-14B-Instruct-Q4_K_M,llama.cpp,finegrained_gpu_emc
2026-05-22T08:40:15.157438,GPU408_CPU1036,408,1036,3199,408,3199,p1024_o128,1024,128,decode,0,345.00171203399077,338.39193806299704,43321.26864604652,128,2.954668780497065,1362.322,32.055,34.594,10.643140625,0.09395722890770318,22.421,0.582,9.052,61.8,85,Qwen2.5-14B-Instruct-Q4_K_M,llama.cpp,finegrained_gpu_emc
2026-05-22T08:40:57.832404,GPU408_CPU1036,408,1036,3199,408,3199,p1024_o128,1024,128,decode,1,344.7848520008847,326.83524488990275,41853.34007302299,128,3.05829832879942,1311.683,31.992,34.594,10.2475234375,0.09758455358497442,22.302,0.569,9.121,62.0,82,Qwen2.5-14B-Instruct-Q4_K_M,llama.cpp,finegrained_gpu_emc
2026-05-22T08:41:42.255238,GPU408_CPU1036,408,1036,3199,408,3199,p1024_o128,1024,128,decode,2,344.39375798683614,340.595467614219,43600.504144968,128,2.9357458706076147,1365.473,31.755,33.796,10.6677578125,0.09374041083199741,22.132,0.571,9.052,62.0,86,Qwen2.5-14B-Instruct-Q4_K_M,llama.cpp,finegrained_gpu_emc
2026-05-22T08:43:10.755015,GPU408_CPU1036,408,1036,3199,408,3199,p128_o256,128,256,decode,0,343.71976199327037,342.4314003686567,87664.7376389592,256,2.9202163480408423,2705.282,31.641,34.594,10.5675078125,0.09462969110059505,22.021,0.567,9.052,61.9,171,Qwen2.5-14B-Instruct-Q4_K_M,llama.cpp,finegrained_gpu_emc
2026-05-22T08:44:38.221356,GPU408_CPU1036,408,1036,3199,408,3199,p128_o256,128,256,decode,1,359.8108970327303,338.3184331802505,86631.96451100521,256,2.9550293756466677,2681.21,31.73,34.594,10.4734765625,0.0954792798773688,22.081,0.564,9.085,61.9,169,Qwen2.5-14B-Instruct-Q4_K_M,llama.cpp,finegrained_gpu_emc
2026-05-22T08:46:05.538550,GPU408_CPU1036,408,1036,3199,408,3199,p128_o256,128,256,decode,2,360.6768799945712,337.72783636083534,86482.2384470026,256,2.960145396292905,2679.864,31.714,34.195,10.46821875,0.0955272357104689,22.029,0.581,9.104,61.9,169,Qwen2.5-14B-Instruct-Q4_K_M,llama.cpp,finegrained_gpu_emc
2026-05-22T08:49:04.075156,GPU408_CPU1036,408,1036,3199,408,3199,p1024_o512,1024,512,decode,0,361.0742070013657,346.99257121135713,177676.1924320017,512,2.8816466235111777,5483.808,31.607,34.094,10.7105625,0.09336577794116789,21.988,0.573,9.046,61.8,347,Qwen2.5-14B-Instruct-Q4_K_M,llama.cpp,finegrained_gpu_emc
2026-05-22T08:52:03.791994,GPU408_CPU1036,408,1036,3199,408,3199,p1024_o512,1024,512,decode,1,361.1141990404576,349.3010081388849,178855.87790003046,512,2.862640054167953,5582.265,31.99,34.493,10.902861328125,0.0917190423600456,22.375,0.573,9.043,61.7,349,Qwen2.5-14B-Instruct-Q4_K_M,llama.cpp,finegrained_gpu_emc
2026-05-22T08:55:03.617320,GPU408_CPU1036,408,1036,3199,408,3199,p1024_o512,1024,512,decode,2,356.75517201889306,349.52032016834005,178963.76549103297,512,2.860914323048561,5583.046,31.995,33.994,10.90438671875,0.0917062119853571,22.356,0.568,9.07,61.8,349,Qwen2.5-14B-Instruct-Q4_K_M,llama.cpp,finegrained_gpu_emc
2026-05-22T08:55:26.987174,GPU408_CPU1036,408,1036,3199,408,3199,p128_o64,128,64,mixed,0,683.4061330300756,347.1346110796615,22553.152798034716,64,2.8377407173677716,722.402,32.107,33.893,11.28753125,0.0885933316906653,22.435,0.594,9.078,61.8,45,Qwen2.5-14B-Instruct-Q4_K_M,llama.cpp,finegrained_gpu_emc
2026-05-22T08:55:50.139495,GPU408_CPU1036,408,1036,3199,408,3199,p128_o64,128,64,mixed,1,345.8017450175248,349.0497439846559,22336.252374050673,64,2.8652971379546432,706.521,32.115,33.195,11.039390625,0.09058471015015832,22.391,0.626,9.098,61.9,44,Qwen2.5-14B-Instruct-Q4_K_M,llama.cpp,finegrained_gpu_emc
2026-05-22T08:56:13.327620,GPU408_CPU1036,408,1036,3199,408,3199,p128_o64,128,64,mixed,2,345.50357901025563,349.62441722237844,22372.137007012498,64,2.8607012365398683,704.716,32.033,33.205,11.0111875,0.09081672617054246,22.392,0.553,9.087,61.9,44,Qwen2.5-14B-Instruct-Q4_K_M,llama.cpp,finegrained_gpu_emc
2026-05-22T08:57:00.009436,GPU408_CPU1036,408,1036,3199,408,3199,p512_o128,512,128,mixed,0,1761.4399769809097,347.2203094646056,45858.914443990216,128,2.7911694280581543,1446.126,32.136,35.085,11.297859375,0.08851234263127833,22.51,0.585,9.041,61.9,90,Qwen2.5-14B-Instruct-Q4_K_M,llama.cpp,finegrained_gpu_emc
2026-05-22T08:57:46.323329,GPU408_CPU1036,408,1036,3199,408,3199,p512_o128,512,128,mixed,1,361.8350860197097,355.34277609430296,45490.87061698083,128,2.8137513805290895,1424.032,32.001,33.195,11.12525,0.08988562054785286,22.373,0.583,9.045,61.9,89,Qwen2.5-14B-Instruct-Q4_K_M,llama.cpp,finegrained_gpu_emc
2026-05-22T08:58:32.764769,GPU408_CPU1036,408,1036,3199,408,3199,p512_o128,512,128,mixed,2,361.4257230074145,356.35156186589035,45618.57505800435,128,2.805874577126687,1426.19,32.049,33.195,11.142109375,0.08974961260421122,22.373,0.623,9.053,62.0,89,Qwen2.5-14B-Instruct-Q4_K_M,llama.cpp,finegrained_gpu_emc
2026-05-22T08:59:17.090645,GPU408_CPU1036,408,1036,3199,408,3199,p1024_o128,1024,128,mixed,0,2746.0975639987737,320.92043644094133,43503.495534008835,128,2.942292301544736,1373.026,32.306,35.492,10.726765625,0.09322474592615143,22.623,0.587,9.097,62.0,85,Qwen2.5-14B-Instruct-Q4_K_M,llama.cpp,finegrained_gpu_emc
2026-05-22T09:00:17.309789,GPU408_CPU1036,408,1036,3199,408,3199,p1024_o128,1024,128,mixed,1,180.2973720477894,466.23355913384796,59392.47164700646,128,2.1551552991556893,1587.569,27.372,29.285,12.4028828125,0.08062641686755033,18.428,0.568,8.376,61.3,116,Qwen2.5-14B-Instruct-Q4_K_M,llama.cpp,finegrained_gpu_emc
2026-05-22T09:01:17.293047,GPU408_CPU1036,408,1036,3199,408,3199,p1024_o128,1024,128,mixed,2,501.9090729765594,461.840567110275,59156.159753969405,128,2.163764526506661,1594.293,27.488,30.283,12.4554140625,0.0802863714511699,18.522,0.571,8.395,60.7,116,Qwen2.5-14B-Instruct-Q4_K_M,llama.cpp,finegrained_gpu_emc
2026-05-22T09:03:19.000352,GPU408_CPU1036,408,1036,3199,408,3199,p128_o256,128,256,mixed,0,494.59369998658076,472.0303078864555,120863.28632599907,256,2.1180956416285324,3224.128,27.323,29.784,12.59425,0.07940131409174822,18.426,0.549,8.348,60.2,236,Qwen2.5-14B-Instruct-Q4_K_M,llama.cpp,finegrained_gpu_emc
2026-05-22T09:05:20.668278,GPU408_CPU1036,408,1036,3199,408,3199,p128_o256,128,256,mixed,1,494.3125600111671,471.8850737490107,120825.96976403147,256,2.1187498060223167,3033.512,27.329,29.385,11.84965625,0.08439063369454282,18.426,0.552,8.351,60.1,222,Qwen2.5-14B-Instruct-Q4_K_M,llama.cpp,finegrained_gpu_emc
2026-05-22T09:07:22.337612,GPU408_CPU1036,408,1036,3199,408,3199,p128_o256,128,256,mixed,2,497.24141601473093,471.8762892038178,120826.6493990086,256,2.1187378883163874,3130.165,27.338,29.784,12.22720703125,0.08178482603952188,18.426,0.563,8.349,60.0,229,Qwen2.5-14B-Instruct-Q4_K_M,llama.cpp,finegrained_gpu_emc
2026-05-22T09:11:34.483248,GPU408_CPU1036,408,1036,3199,408,3199,p1024_o512,1024,512,mixed,0,5860.131969035137,480.2402428434724,251264.83592903242,512,2.0376906227523617,6679.168,27.374,29.982,13.04525,0.07665625419213891,18.46,0.567,8.347,59.9,488,Qwen2.5-14B-Instruct-Q4_K_M,llama.cpp,finegrained_gpu_emc
2026-05-22T09:12:58.607759,GPU408_CPU1036,408,1036,3199,408,3199,p1024_o512,1024,512,mixed,1,498.7302770023234,478.5125872792357,83290.04754702328,173,2.0770788959188544,2233.434,27.404,29.884,12.910023121387285,0.0774591951228467,18.466,0.578,8.36,59.7,163,Qwen2.5-14B-Instruct-Q4_K_M,llama.cpp,finegrained_gpu_emc
2026-05-22T09:17:07.549182,GPU408_CPU1036,408,1036,3199,408,3199,p1024_o512,1024,512,mixed,2,503.0171539983712,484.4556094207409,248061.78602,512,2.0640019094223563,6605.634,27.296,30.283,12.90162890625,0.07750959256901004,18.396,0.556,8.344,59.7,484,Qwen2.5-14B-Instruct-Q4_K_M,llama.cpp,finegrained_gpu_emc
2026-05-22T09:17:46.455434,GPU510_CPU1036,510,1036,3199,510,3199,p128_o64,128,64,decode,0,275.91849997406825,256.01688795261055,16405.24471295066,64,3.9011914250493924,593.33,35.959,38.689,9.27078125,0.10786577452682318,25.754,0.544,9.661,61.2,33,Qwen2.5-14B-Instruct-Q4_K_M,llama.cpp,finegrained_gpu_emc
2026-05-22T09:18:04.923831,GPU510_CPU1036,510,1036,3199,510,3199,p128_o64,128,64,decode,1,275.87794401915744,275.8361308415982,17653.819466999266,64,3.6252778113901543,628.602,35.92,37.391,9.82190625,0.10181322999290489,25.67,0.593,9.657,61.6,35,Qwen2.5-14B-Instruct-Q4_K_M,llama.cpp,finegrained_gpu_emc
2026-05-22T09:18:23.396532,GPU510_CPU1036,510,1036,3199,510,3199,p128_o64,128,64,decode,2,272.8717779973522,275.95139434930707,17658.06802298175,64,3.6244055644538697,627.904,35.88,36.992,9.811,0.10192640913260625,25.639,0.593,9.649,62.0,35,Qwen2.5-14B-Instruct-Q4_K_M,llama.cpp,finegrained_gpu_emc
2026-05-22T09:18:59.854336,GPU510_CPU1036,510,1036,3199,510,3199,p512_o128,512,128,decode,0,266.0562450182624,278.5148081102951,35637.92468298925,128,3.5916794016094085,1255.583,35.874,36.992,9.8092421875,0.10194467430667666,25.635,0.598,9.64,62.4,70,Qwen2.5-14B-Instruct-Q4_K_M,llama.cpp,finegrained_gpu_emc
2026-05-22T09:19:36.549810,GPU510_CPU1036,510,1036,3199,510,3199,p512_o128,512,128,decode,1,275.82692401483655,280.2927959132866,35873.50803602021,128,3.5680926401587643,1253.632,35.818,37.301,9.794,0.10210332856851133,25.611,0.581,9.626,62.8,70,Qwen2.5-14B-Instruct-Q4_K_M,llama.cpp,finegrained_gpu_emc
2026-05-22T09:20:11.507216,GPU510_CPU1036,510,1036,3199,510,3199,p512_o128,512,128,decode,2,274.5254239998758,266.63597573262206,34137.81344599556,128,3.749507864716938,1207.833,36.055,38.39,9.4361953125,0.1059749154063517,25.751,0.625,9.679,63.2,67,Qwen2.5-14B-Instruct-Q4_K_M,llama.cpp,finegrained_gpu_emc
2026-05-22T09:20:47.642213,GPU510_CPU1036,510,1036,3199,510,3199,p1024_o128,1024,128,decode,0,275.55398998083547,275.8978780237114,35315.06728200475,128,3.6245152523105646,1242.948,36.027,37.092,9.71053125,0.10298097748256564,25.729,0.607,9.691,63.5,69,Qwen2.5-14B-Instruct-Q4_K_M,llama.cpp,finegrained_gpu_emc
2026-05-22T09:21:24.234869,GPU510_CPU1036,510,1036,3199,510,3199,p1024_o128,1024,128,decode,1,275.1758740050718,279.5033424645369,35772.58388500195,128,3.5781591962012396,1257.57,35.931,37.79,9.824765625,0.10178359852731857,25.648,0.61,9.673,63.8,70,Qwen2.5-14B-Instruct-Q4_K_M,llama.cpp,finegrained_gpu_emc
2026-05-22T09:22:00.922447,GPU510_CPU1036,510,1036,3199,510,3199,p1024_o128,1024,128,decode,2,276.446470990777,280.2410645118922,35867.54639795981,128,3.5686857021053657,1257.674,35.934,37.29,9.825578125,0.10177518180386969,25.626,0.627,9.68,64.0,70,Qwen2.5-14B-Instruct-Q4_K_M,llama.cpp,finegrained_gpu_emc
2026-05-22T09:23:07.908294,GPU510_CPU1036,510,1036,3199,510,3199,p128_o256,128,256,decode,0,271.99251600541174,258.36996506287846,66157.32381201815,256,3.869564021776452,2338.335,36.253,38.79,9.13412109375,0.1094796083538073,25.887,0.631,9.735,64.1,129,Qwen2.5-14B-Instruct-Q4_K_M,llama.cpp,finegrained_gpu_emc
2026-05-22T09:24:18.768284,GPU510_CPU1036,510,1036,3199,510,3199,p128_o256,128,256,decode,1,286.0294409911148,273.5043623765437,70030.58814699762,256,3.6555454805354985,2449.174,36.017,37.991,9.5670859375,0.10452503578757573,25.719,0.596,9.703,64.4,136,Qwen2.5-14B-Instruct-Q4_K_M,llama.cpp,finegrained_gpu_emc
2026-05-22T09:25:29.879401,GPU510_CPU1036,510,1036,3199,510,3199,p128_o256,128,256,decode,2,286.6874819737859,274.48444967842937,70281.17059299257,256,3.642511896714547,2475.664,36.141,38.89,9.6705625,0.1034066012189053,25.811,0.62,9.71,64.5,137,Qwen2.5-14B-Instruct-Q4_K_M,llama.cpp,finegrained_gpu_emc
2026-05-22T09:27:49.420401,GPU510_CPU1036,510,1036,3199,510,3199,p1024_o512,1024,512,decode,0,288.5773199959658,270.84357825250487,138691.55334698735,512,3.6916451481298638,4908.798,36.227,38.89,9.58749609375,0.10430251967997053,25.816,0.665,9.745,64.9,271,Qwen2.5-14B-Instruct-Q4_K_M,llama.cpp,finegrained_gpu_emc
2026-05-22T09:30:11.822998,GPU510_CPU1036,510,1036,3199,510,3199,p1024_o512,1024,512,decode,1,288.51357800886035,276.44206021528294,141552.3858530214,512,3.6170354665136255,4967.086,36.124,38.379,9.70133984375,0.10307854544898155,25.756,0.659,9.71,65.1,275,Qwen2.5-14B-Instruct-Q4_K_M,llama.cpp,finegrained_gpu_emc
2026-05-22T09:32:35.637569,GPU510_CPU1036,510,1036,3199,510,3199,p1024_o512,1024,512,decode,2,289.06289098085836,279.2027899491967,142963.71033601463,512,3.581328428008907,5064.414,36.304,38.689,9.89143359375,0.1010975800951502,25.849,0.672,9.783,65.4,279,Qwen2.5-14B-Instruct-Q4_K_M,llama.cpp,finegrained_gpu_emc
2026-05-22T09:32:54.466307,GPU510_CPU1036,510,1036,3199,510,3199,p128_o64,128,64,mixed,0,583.7326109758578,276.6609482858921,18013.674160989467,64,3.5528565370966256,655.84,36.436,38.088,10.2475,0.09758477677482312,25.943,0.676,9.816,65.6,36,Qwen2.5-14B-Instruct-Q4_K_M,llama.cpp,finegrained_gpu_emc
2026-05-22T09:33:12.947465,GPU510_CPU1036,510,1036,3199,510,3199,p128_o64,128,64,mixed,1,278.78211601637304,275.9923700950966,17666.56561003765,64,3.6226622317377286,636.71,36.383,37.592,9.94859375,0.10051671875736205,25.944,0.638,9.801,65.6,35,Qwen2.5-14B-Instruct-Q4_K_M,llama.cpp,finegrained_gpu_emc
2026-05-22T09:33:31.429296,GPU510_CPU1036,510,1036,3199,510,3199,p128_o64,128,64,mixed,2,263.5929440148175,276.2446207140336,17667.26966697024,64,3.622517865318538,637.848,36.448,37.98,9.966375,0.10033738445523072,25.92,0.695,9.833,65.6,35,Qwen2.5-14B-Instruct-Q4_K_M,llama.cpp,finegrained_gpu_emc
2026-05-22T09:34:10.313195,GPU510_CPU1036,510,1036,3199,510,3199,p512_o128,512,128,mixed,0,1777.3722669808194,285.7103563623327,38063.08305298444,128,3.362838470594247,1357.908,36.211,37.988,10.60865625,0.09426264518656641,25.863,0.633,9.715,65.6,75,Qwen2.5-14B-Instruct-Q4_K_M,llama.cpp,finegrained_gpu_emc
2026-05-22T09:34:46.432625,GPU510_CPU1036,510,1036,3199,510,3199,p512_o128,512,128,mixed,1,289.0534639591351,275.6691820003774,35299.538626975846,128,3.6261097164080955,1252.154,36.294,38.689,9.782453125,0.10222384786535842,25.861,0.677,9.756,65.7,69,Qwen2.5-14B-Instruct-Q4_K_M,llama.cpp,finegrained_gpu_emc
2026-05-22T09:35:23.581689,GPU510_CPU1036,510,1036,3199,510,3199,p512_o128,512,128,mixed,2,289.1040709801018,283.7741421260614,36328.91523599392,128,3.5233642174149016,1287.862,36.278,37.991,10.061421875,0.09938953086588469,25.852,0.663,9.763,65.7,71,Qwen2.5-14B-Instruct-Q4_K_M,llama.cpp,finegrained_gpu_emc
2026-05-22T09:36:02.276034,GPU510_CPU1036,510,1036,3199,510,3199,p1024_o128,1024,128,mixed,0,2468.5413150000386,278.77668382675114,37873.68858803529,128,3.3796549734645223,1348.208,36.438,38.088,10.532875,0.0949408399890818,25.989,0.663,9.786,65.8,74,Qwen2.5-14B-Instruct-Q4_K_M,llama.cpp,finegrained_gpu_emc
2026-05-22T09:36:38.862615,GPU510_CPU1036,510,1036,3199,510,3199,p1024_o128,1024,128,mixed,1,291.33422300219536,279.3299215039106,35766.74258499406,128,3.5787435687168894,1278.15,36.519,37.89,9.985546875,0.10014474044517466,25.941,0.73,9.848,65.8,70,Qwen2.5-14B-Instruct-Q4_K_M,llama.cpp,finegrained_gpu_emc
2026-05-22T09:37:14.172978,GPU510_CPU1036,510,1036,3199,510,3199,p1024_o128,1024,128,mixed,2,288.1678389967419,269.30792139399443,34490.784235997126,128,3.7111362595927804,1141.494,33.573,39.788,8.917921875,0.11213374752736327,23.488,0.651,9.435,65.6,68,Qwen2.5-14B-Instruct-Q4_K_M,llama.cpp,finegrained_gpu_emc
2026-05-22T09:38:40.725291,GPU510_CPU1036,510,1036,3199,510,3199,p128_o256,128,256,mixed,0,359.1281719855033,334.73576211379657,85717.71115699084,256,2.9865473137883884,2698.423,32.124,34.694,10.54071484375,0.09487022605425466,22.278,0.634,9.211,64.7,168,Qwen2.5-14B-Instruct-Q4_K_M,llama.cpp,finegrained_gpu_emc
2026-05-22T09:40:08.662199,GPU510_CPU1036,510,1036,3199,510,3199,p128_o256,128,256,mixed,1,361.69710400281474,340.15597474131295,87102.46173501946,256,2.9390673340415527,2710.189,32.073,34.094,10.58667578125,0.09445835696329666,22.284,0.619,9.17,64.1,169,Qwen2.5-14B-Instruct-Q4_K_M,llama.cpp,finegrained_gpu_emc
2026-05-22T09:41:36.606283,GPU510_CPU1036,510,1036,3199,510,3199,p128_o256,128,256,mixed,2,362.63396800495684,340.17884455297104,87109.2610580381,256,2.9388379248153123,2736.827,32.198,34.594,10.69073046875,0.09353897780166594,22.409,0.624,9.165,63.9,170,Qwen2.5-14B-Instruct-Q4_K_M,llama.cpp,finegrained_gpu_emc
2026-05-22T09:44:37.821334,GPU510_CPU1036,510,1036,3199,510,3199,p1024_o512,1024,512,mixed,0,4694.2057679989375,343.7538201487377,180354.4273940497,512,2.8388546230769824,5649.352,32.19,35.093,11.033890625,0.09062986338964187,22.43,0.606,9.154,63.7,351,Qwen2.5-14B-Instruct-Q4_K_M,llama.cpp,finegrained_gpu_emc
2026-05-22T09:47:35.836100,GPU510_CPU1036,510,1036,3199,510,3199,p1024_o512,1024,512,mixed,1,365.120928036049,345.96445661053195,177154.96681502555,512,2.890125008657529,5495.116,32.135,34.594,10.7326484375,0.09317364728970234,22.38,0.598,9.157,63.6,342,Qwen2.5-14B-Instruct-Q4_K_M,llama.cpp,finegrained_gpu_emc
2026-05-22T09:50:36.126383,GPU510_CPU1036,510,1036,3199,510,3199,p1024_o512,1024,512,mixed,2,364.67453895602375,350.41734933069,179429.901282012,512,2.853482035835732,5569.948,32.103,34.594,10.8788046875,0.09192186354342985,22.373,0.6,9.13,63.5,347,Qwen2.5-14B-Instruct-Q4_K_M,llama.cpp,finegrained_gpu_emc
2026-05-22T09:51:10.970529,GPU612_CPU1036,612,1036,3199,612,3199,p128_o64,128,64,decode,0,235.48077000305057,235.9830837933317,15102.677411050536,64,4.237659208238904,591.568,39.438,40.288,9.24325,0.10818705541881914,28.628,0.612,10.198,64.6,30,Qwen2.5-14B-Instruct-Q4_K_M,llama.cpp,finegrained_gpu_emc
2026-05-22T09:51:27.049595,GPU612_CPU1036,612,1036,3199,612,3199,p128_o64,128,64,decode,1,234.75639894604683,238.57497368266598,15265.244054957293,64,4.192530415471242,590.814,39.388,41.087,9.23146875,0.10832512432000596,28.581,0.652,10.155,64.8,30,Qwen2.5-14B-Instruct-Q4_K_M,llama.cpp,finegrained_gpu_emc
2026-05-22T09:51:43.226037,GPU612_CPU1036,612,1036,3199,612,3199,p128_o64,128,64,decode,2,236.09607701655477,240.0927485081382,15362.19999496825,64,4.1660699653020155,610.298,39.374,40.687,9.53590625,0.10486680277503777,28.547,0.669,10.158,65.1,31,Qwen2.5-14B-Instruct-Q4_K_M,llama.cpp,finegrained_gpu_emc
2026-05-22T09:52:13.381978,GPU612_CPU1036,612,1036,3199,612,3199,p512_o128,512,128,decode,0,237.27591801434755,232.79923427198082,29337.699869996868,126,4.294815222677286,1148.21,39.593,41.586,9.112777777777778,0.10973602389806743,28.742,0.654,10.198,65.4,58,Qwen2.5-14B-Instruct-Q4_K_M,llama.cpp,finegrained_gpu_emc
2026-05-22T09:52:44.409357,GPU612_CPU1036,612,1036,3199,612,3199,p512_o128,512,128,decode,1,235.9829080523923,236.003685251289,30208.938125055283,128,4.237156548506313,1168.598,39.613,40.788,9.129671875,0.10953296171994134,28.708,0.663,10.243,65.8,59,Qwen2.5-14B-Instruct-Q4_K_M,llama.cpp,finegrained_gpu_emc
2026-05-22T09:53:15.732326,GPU612_CPU1036,612,1036,3199,612,3199,p512_o128,512,128,decode,2,236.77913006395102,238.32324806300147,30504.316072096117,128,4.196127515118697,1187.083,39.569,40.788,9.2740859375,0.10782733810525463,28.675,0.678,10.216,66.0,60,Qwen2.5-14B-Instruct-Q4_K_M,llama.cpp,finegrained_gpu_emc
2026-05-22T09:53:47.307115,GPU612_CPU1036,612,1036,3199,612,3199,p1024_o128,1024,128,decode,0,236.87891906592995,240.30735477893137,30756.401860970072,128,4.161735191866907,1185.932,39.531,41.087,9.26509375,0.10793198935520755,28.668,0.678,10.185,66.2,60,Qwen2.5-14B-Instruct-Q4_K_M,llama.cpp,finegrained_gpu_emc
2026-05-22T09:54:17.132370,GPU612_CPU1036,612,1036,3199,612,3199,p1024_o128,1024,128,decode,1,234.61670498363674,226.551262866229,29007.115558953956,128,4.412710382728447,1127.757,39.57,42.086,8.8106015625,0.11349962802270347,28.663,0.7,10.208,66.3,57,Qwen2.5-14B-Instruct-Q4_K_M,llama.cpp,finegrained_gpu_emc
2026-05-22T09:54:47.034201,GPU612_CPU1036,612,1036,3199,612,3199,p1024_o128,1024,128,decode,2,237.64589498750865,227.13216912646698,29083.911043941043,128,4.4010587092847615,1125.172,39.48,42.585,8.79040625,0.11376038507890349,28.575,0.672,10.232,66.4,57,Qwen2.5-14B-Instruct-Q4_K_M,llama.cpp,finegrained_gpu_emc
2026-05-22T09:55:47.347247,GPU612_CPU1036,612,1036,3199,612,3199,p128_o256,128,256,decode,0,101.59404994919896,232.87752603144185,59486.30352097098,256,4.30351164633639,2294.726,39.564,41.586,8.9637734375,0.11156016012369233,28.665,0.695,10.205,66.6,116,Qwen2.5-14B-Instruct-Q4_K_M,llama.cpp,finegrained_gpu_emc
2026-05-22T09:56:47.239686,GPU612_CPU1036,612,1036,3199,612,3199,p128_o256,128,256,decode,1,248.4283009544015,230.65142685127464,59065.494448994286,256,4.334171793331342,2304.91,39.74,42.485,9.0035546875,0.11106724340646706,28.78,0.726,10.234,66.8,116,Qwen2.5-14B-Instruct-Q4_K_M,llama.cpp,finegrained_gpu_emc
2026-05-22T09:57:46.455777,GPU612_CPU1036,612,1036,3199,612,3199,p128_o256,128,256,decode,2,235.6611059512943,228.0501999020321,58389.41204594448,256,4.384356530231251,2273.658,39.889,42.086,8.8814765625,0.112593890549942,28.833,0.718,10.338,67.0,114,Qwen2.5-14B-Instruct-Q4_K_M,llama.cpp,finegrained_gpu_emc
2026-05-22T09:59:47.927265,GPU612_CPU1036,612,1036,3199,612,3199,p1024_o512,1024,512,decode,0,238.96083503495902,235.5888037534099,120626.78671407048,512,4.2444967154238045,4645.064,39.701,42.086,9.072390625,0.11022453081378426,28.705,0.733,10.263,67.2,234,Qwen2.5-14B-Instruct-Q4_K_M,llama.cpp,finegrained_gpu_emc
2026-05-22T10:01:49.751767,GPU612_CPU1036,612,1036,3199,612,3199,p1024_o512,1024,512,decode,1,244.67649206053466,236.26865784741514,120979.88871007692,512,4.232108373210575,4659.531,39.656,42.473,9.100646484375,0.10988230360523409,28.688,0.732,10.236,67.4,235,Qwen2.5-14B-Instruct-Q4_K_M,llama.cpp,finegrained_gpu_emc
2026-05-22T10:03:51.017923,GPU612_CPU1036,612,1036,3199,612,3199,p1024_o512,1024,512,decode,2,245.12052396312356,235.64447356483845,120425.72251695674,511,4.243279503081643,4150.021,39.713,41.885,8.12137181996086,0.12313190704336195,28.67,0.737,10.306,67.6,209,Qwen2.5-14B-Instruct-Q4_K_M,llama.cpp,finegrained_gpu_emc
2026-05-22T10:04:07.299378,GPU612_CPU1036,612,1036,3199,612,3199,p128_o64,128,64,mixed,0,529.1429030476138,237.07906526905145,15465.432937024161,64,4.138261131169782,598.656,39.91,41.285,9.354,0.10690613641223007,28.834,0.758,10.319,67.7,30,Qwen2.5-14B-Instruct-Q4_K_M,llama.cpp,finegrained_gpu_emc
2026-05-22T10:04:23.267874,GPU612_CPU1036,612,1036,3199,612,3199,p128_o64,128,64,mixed,1,235.73888198006898,236.79949706494216,15154.377943021245,64,4.223202050300764,598.611,39.907,41.687,9.353296875,0.10691417297710867,28.834,0.718,10.356,67.7,30,Qwen2.5-14B-Instruct-Q4_K_M,llama.cpp,finegrained_gpu_emc
2026-05-22T10:04:39.166102,GPU612_CPU1036,612,1036,3199,612,3199,p128_o64,128,64,mixed,2,236.65243899449706,235.67337766733198,15084.339866996743,64,4.242810793465783,598.178,39.878,41.574,9.34653125,0.1069915643838456,28.832,0.718,10.329,67.7,30,Qwen2.5-14B-Instruct-Q4_K_M,llama.cpp,finegrained_gpu_emc
2026-05-22T10:05:11.493186,GPU612_CPU1036,612,1036,3199,612,3199,p512_o128,512,128,mixed,0,1625.4857499152422,235.29597769370375,31508.577532018535,128,4.062385865243468,1233.052,39.776,41.486,9.63321875,0.10380746310780081,28.849,0.721,10.206,67.8,62,Qwen2.5-14B-Instruct-Q4_K_M,llama.cpp,finegrained_gpu_emc
2026-05-22T10:05:43.277445,GPU612_CPU1036,612,1036,3199,612,3199,p512_o128,512,128,mixed,1,248.50954103749245,241.8628105587568,30965.609639999457,128,4.133617955147814,1212.956,39.769,41.288,9.47621875,0.10552732333242097,28.78,0.706,10.283,67.8,61,Qwen2.5-14B-Instruct-Q4_K_M,llama.cpp,finegrained_gpu_emc
2026-05-22T10:06:15.126026,GPU612_CPU1036,612,1036,3199,612,3199,p512_o128,512,128,mixed,2,242.5897360080853,242.41497526751962,31029.793409979902,128,4.125067747271312,1213.586,39.79,41.288,9.481140625,0.1054725417069742,28.779,0.752,10.258,67.9,61,Qwen2.5-14B-Instruct-Q4_K_M,llama.cpp,finegrained_gpu_emc
2026-05-22T10:06:48.377408,GPU612_CPU1036,612,1036,3199,612,3199,p1024_o128,1024,128,mixed,0,2267.268638010137,237.51933072367316,32432.736431015655,128,3.9466296737635957,1277.855,39.933,40.886,9.9832421875,0.10016785942066979,28.925,0.736,10.272,67.9,64,Qwen2.5-14B-Instruct-Q4_K_M,llama.cpp,finegrained_gpu_emc
2026-05-22T10:07:14.157692,GPU612_CPU1036,612,1036,3199,612,3199,p1024_o128,1024,128,mixed,1,246.12761102616787,194.61626791318247,24962.90591498837,128,5.127608157315752,986.74,40.275,42.984,7.70890625,0.1297200883718102,29.179,0.741,10.355,67.8,49,Qwen2.5-14B-Instruct-Q4_K_M,llama.cpp,finegrained_gpu_emc
2026-05-22T10:07:19.867062,GPU612_CPU1036,612,1036,3199,612,3199,p1024_o128,1024,128,mixed,2,366.50264193303883,348.67161492002197,4898.438534932211,13,2.6539069353005376,163.334,32.667,34.195,12.564153846153847,0.07959151187138011,22.594,0.718,9.354,67.4,10,Qwen2.5-14B-Instruct-Q4_K_M,llama.cpp,finegrained_gpu_emc
2026-05-22T10:08:46.030762,GPU612_CPU1036,612,1036,3199,612,3199,p128_o256,128,256,mixed,0,362.1935989940539,333.19997533735835,85329.1849240195,256,3.000145849605297,2709.342,32.447,35.093,10.5833671875,0.09448788672674029,22.455,0.7,9.292,66.3,167,Qwen2.5-14B-Instruct-Q4_K_M,llama.cpp,finegrained_gpu_emc
2026-05-22T10:10:13.705579,GPU612_CPU1036,612,1036,3199,612,3199,p128_o256,128,256,mixed,1,361.14454094786197,339.1296045060324,86840.1491609402,256,2.947945189794148,2747.845,32.328,34.694,10.73376953125,0.09316391572304843,22.423,0.669,9.236,65.4,170,Qwen2.5-14B-Instruct-Q4_K_M,llama.cpp,finegrained_gpu_emc
2026-05-22T10:11:42.012456,GPU612_CPU1036,612,1036,3199,612,3199,p128_o256,128,256,mixed,2,361.16423399653286,341.6083560822824,87472.27796097286,256,2.9266415139459205,2756.294,32.237,35.093,10.7667734375,0.09287833591046529,22.392,0.639,9.206,64.8,171,Qwen2.5-14B-Instruct-Q4_K_M,llama.cpp,finegrained_gpu_emc
2026-05-22T10:14:43.189128,GPU612_CPU1036,612,1036,3199,612,3199,p1024_o512,1024,512,mixed,0,4692.452784976922,343.6794820566955,180314.6739359945,512,2.839480497198705,5655.113,32.223,34.594,11.045142578125,0.0905375365620457,22.42,0.623,9.18,64.3,351,Qwen2.5-14B-Instruct-Q4_K_M,llama.cpp,finegrained_gpu_emc
2026-05-22T10:17:41.622001,GPU612_CPU1036,612,1036,3199,612,3199,p1024_o512,1024,512,mixed,1,365.7509909244254,346.77835296472233,177571.5434938902,512,2.8833448756817086,5568.489,32.188,35.093,10.875955078125,0.09194594799415066,22.377,0.613,9.198,64.1,346,Qwen2.5-14B-Instruct-Q4_K_M,llama.cpp,finegrained_gpu_emc
2026-05-22T10:20:25.574169,GPU612_CPU1036,612,1036,3199,612,3199,p1024_o512,1024,512,mixed,2,365.4593320097774,353.75279950308726,163095.95949098002,460,2.820425481021436,5076.516,32.13,33.585,11.035904347826087,0.09061332614730261,22.35,0.616,9.164,64.1,316,Qwen2.5-14B-Instruct-Q4_K_M,llama.cpp,finegrained_gpu_emc
2026-05-22T10:20:55.929079,GPU714_CPU1036,714,1036,3199,714,3199,p128_o64,128,64,decode,0,208.97404104471207,210.13707400018734,13447.91177706793,64,4.759103202114702,567.202,42.015,43.073,8.86253125,0.1128345809782053,30.785,0.665,10.565,65.3,27,Qwen2.5-14B-Instruct-Q4_K_M,llama.cpp,finegrained_gpu_emc
2026-05-22T10:21:10.185352,GPU714_CPU1036,714,1036,3199,714,3199,p128_o64,128,64,decode,1,209.22161894850433,213.438555209582,13442.672356963158,63,4.686568141145439,568.05,42.078,43.073,9.016666666666666,0.11090573012939002,30.829,0.68,10.569,65.7,27,Qwen2.5-14B-Instruct-Q4_K_M,llama.cpp,finegrained_gpu_emc
2026-05-22T10:21:24.432020,GPU714_CPU1036,714,1036,3199,714,3199,p128_o64,128,64,decode,2,202.1982609294355,210.0129083024397,13433.266518986784,64,4.764291686578348,568.1,42.081,43.472,8.8765625,0.11265622249603943,30.8,0.709,10.572,66.0,27,Qwen2.5-14B-Instruct-Q4_K_M,llama.cpp,finegrained_gpu_emc
2026-05-22T10:21:52.663096,GPU714_CPU1036,714,1036,3199,714,3199,p512_o128,512,128,decode,0,209.86231102142483,214.1976285438002,27413.449543062598,128,4.669240906691818,1135.255,42.046,42.872,8.8691796875,0.11274999889892579,30.822,0.695,10.529,66.3,54,Qwen2.5-14B-Instruct-Q4_K_M,llama.cpp,finegrained_gpu_emc
2026-05-22T10:22:19.671934,GPU714_CPU1036,714,1036,3199,714,3199,p512_o128,512,128,decode,1,210.37110092584044,204.56899857555524,26191.126902936958,128,4.88715130411768,1104.162,42.468,44.87,8.626265625,0.11592501824913373,31.135,0.752,10.581,66.7,52,Qwen2.5-14B-Instruct-Q4_K_M,llama.cpp,finegrained_gpu_emc
2026-05-22T10:22:47.365879,GPU714_CPU1036,714,1036,3199,714,3199,p512_o128,512,128,decode,2,209.24977702088654,209.97445494501198,26876.492394017987,128,4.762526230115113,1106.35,42.552,43.971,8.643359375,0.11569575631581328,31.158,0.76,10.635,67.1,52,Qwen2.5-14B-Instruct-Q4_K_M,llama.cpp,finegrained_gpu_emc
2026-05-22T10:23:15.174704,GPU714_CPU1036,714,1036,3199,714,3199,p1024_o128,1024,128,decode,0,210.56213602423668,210.8684706695994,26991.340717999265,128,4.742261651146613,1126.906,42.525,43.984,8.803953125,0.11358533897237215,31.148,0.745,10.631,67.4,53,Qwen2.5-14B-Instruct-Q4_K_M,llama.cpp,finegrained_gpu_emc
2026-05-22T10:23:43.426880,GPU714_CPU1036,714,1036,3199,714,3199,p1024_o128,1024,128,decode,1,210.43564099818468,214.35962909443936,27434.59348694887,128,4.665642305248368,1144.025,42.371,43.384,8.9376953125,0.11188566683420378,31.095,0.724,10.552,67.6,54,Qwen2.5-14B-Instruct-Q4_K_M,llama.cpp,finegrained_gpu_emc
2026-05-22T10:24:10.326507,GPU714_CPU1036,714,1036,3199,714,3199,p1024_o128,1024,128,decode,2,209.80003697331995,203.71790815834103,26082.457405049354,128,4.907513046497691,1086.638,42.613,45.282,8.489359375,0.11779451850570292,31.22,0.79,10.603,67.8,51,Qwen2.5-14B-Instruct-Q4_K_M,llama.cpp,finegrained_gpu_emc
2026-05-22T10:25:02.151546,GPU714_CPU1036,714,1036,3199,714,3199,p128_o256,128,256,decode,0,208.75829504802823,199.18033895311038,51000.69335009903,256,5.0195396019945075,2132.642,42.653,44.97,8.3306328125,0.12003890010606563,31.272,0.75,10.631,68.0,100,Qwen2.5-14B-Instruct-Q4_K_M,llama.cpp,finegrained_gpu_emc
2026-05-22T10:25:55.709690,GPU714_CPU1036,714,1036,3199,714,3199,p128_o256,128,256,decode,1,218.96191500127316,205.93298861172562,52732.831529923715,256,4.854660608443347,2193.31,42.589,44.883,8.5676171875,0.1167185669148456,31.202,0.783,10.604,68.2,103,Qwen2.5-14B-Instruct-Q4_K_M,llama.cpp,finegrained_gpu_emc
2026-05-22T10:26:48.524039,GPU714_CPU1036,714,1036,3199,714,3199,p128_o256,128,256,decode,2,218.35043700411916,203.01972581575825,51989.33637503069,256,4.92408670411402,2173.342,42.615,44.484,8.4896171875,0.1177909413244671,31.229,0.775,10.611,68.3,102,Qwen2.5-14B-Instruct-Q4_K_M,llama.cpp,finegrained_gpu_emc
2026-05-22T10:28:35.375483,GPU714_CPU1036,714,1036,3199,714,3199,p1024_o512,1024,512,decode,0,217.3472229624167,207.0292066830555,106011.19029894471,512,4.829678815568366,4415.206,42.659,45.269,8.62344921875,0.11596287919521761,31.234,0.785,10.641,68.5,207,Qwen2.5-14B-Instruct-Q4_K_M,llama.cpp,finegrained_gpu_emc
2026-05-22T10:30:10.450741,GPU714_CPU1036,714,1036,3199,714,3199,p1024_o512,1024,512,decode,1,219.077332993038,210.78564527842184,94237.94466699474,446,4.7327008412165,3916.44,42.57,44.769,8.781255605381165,0.11387893086578628,31.152,0.785,10.633,68.7,184,Qwen2.5-14B-Instruct-Q4_K_M,llama.cpp,finegrained_gpu_emc
2026-05-22T10:31:59.840046,GPU714_CPU1036,714,1036,3199,714,3199,p1024_o512,1024,512,decode,2,218.007878982462,219.28800750398435,108548.20342198946,495,4.560186022385369,4518.9,42.631,44.782,9.129090909090909,0.1095399322844055,31.241,0.777,10.613,68.8,212,Qwen2.5-14B-Instruct-Q4_K_M,llama.cpp,finegrained_gpu_emc
2026-05-22T10:32:13.327691,GPU714_CPU1036,714,1036,3199,714,3199,p128_o64,128,64,mixed,0,493.8690561102703,193.3384812529391,12674.454298103228,64,5.049527064023404,534.73,42.778,44.87,8.35515625,0.11968657079273652,31.37,0.766,10.642,68.9,25,Qwen2.5-14B-Instruct-Q4_K_M,llama.cpp,finegrained_gpu_emc
2026-05-22T10:32:27.572720,GPU714_CPU1036,714,1036,3199,714,3199,p128_o64,128,64,mixed,1,210.29442106373608,209.856257127184,13431.505879038014,64,4.764916203467707,580.686,43.014,44.484,9.07321875,0.1102144704711324,31.532,0.754,10.728,69.0,27,Qwen2.5-14B-Instruct-Q4_K_M,llama.cpp,finegrained_gpu_emc
2026-05-22T10:32:41.870785,GPU714_CPU1036,714,1036,3199,714,3199,p128_o64,128,64,mixed,2,209.4598439289257,210.71273542844528,13484.625626937486,64,4.746145853107762,579.954,42.96,44.484,9.06178125,0.11035357976667116,31.474,0.768,10.717,69.0,27,Qwen2.5-14B-Instruct-Q4_K_M,llama.cpp,finegrained_gpu_emc
2026-05-22T10:33:11.824349,GPU714_CPU1036,714,1036,3199,714,3199,p512_o128,512,128,mixed,0,1569.528357940726,217.05124355159612,29135.52879099734,128,4.393261605725551,1213.048,42.563,43.881,9.4769375,0.10551931992798307,31.217,0.784,10.562,69.0,57,Qwen2.5-14B-Instruct-Q4_K_M,llama.cpp,finegrained_gpu_emc
2026-05-22T10:33:40.453972,GPU714_CPU1036,714,1036,3199,714,3199,p512_o128,512,128,mixed,1,221.35815198998898,217.24416903132118,27811.86405790504,128,4.602352425335482,1172.188,42.625,44.383,9.15771875,0.10919750074220175,31.208,0.776,10.641,69.0,55,Qwen2.5-14B-Instruct-Q4_K_M,llama.cpp,finegrained_gpu_emc
2026-05-22T10:34:08.044619,GPU714_CPU1036,714,1036,3199,714,3199,p512_o128,512,128,mixed,2,222.31160604860634,209.05868600830289,26773.26183905825,128,4.780889260690187,1131.804,42.71,44.682,8.84221875,0.11309378655668295,31.294,0.798,10.618,69.0,53,Qwen2.5-14B-Instruct-Q4_K_M,llama.cpp,finegrained_gpu_emc
2026-05-22T10:34:37.829712,GPU714_CPU1036,714,1036,3199,714,3199,p1024_o128,1024,128,mixed,0,2163.339690072462,211.04806713396903,28966.99319803156,128,4.418822455093412,1223.283,42.922,43.881,9.5568984375,0.10463645779431252,31.491,0.777,10.654,69.1,57,Qwen2.5-14B-Instruct-Q4_K_M,llama.cpp,finegrained_gpu_emc
2026-05-22T10:35:05.688484,GPU714_CPU1036,714,1036,3199,714,3199,p1024_o128,1024,128,mixed,1,218.73314306139946,211.19583066090883,27041.113803978078,128,4.733532831815886,1140.956,43.055,44.484,8.91371875,0.11218662244643966,31.54,0.768,10.747,69.1,53,Qwen2.5-14B-Instruct-Q4_K_M,llama.cpp,finegrained_gpu_emc
2026-05-22T10:35:32.738443,GPU714_CPU1036,714,1036,3199,714,3199,p1024_o128,1024,128,mixed,2,220.13519797474146,204.81882275606498,26232.628143043257,128,4.879419603023835,1115.141,42.89,44.87,8.7120390625,0.11478369103099965,31.407,0.767,10.716,69.2,52,Qwen2.5-14B-Instruct-Q4_K_M,llama.cpp,finegrained_gpu_emc
2026-05-22T10:36:53.021987,GPU714_CPU1036,714,1036,3199,714,3199,p128_o256,128,256,mixed,0,100.70085991173983,311.1704462317421,79450.1442789333,256,3.222146445716147,2538.778,32.758,45.282,9.9171015625,0.10083591397120978,22.679,0.721,9.358,67.6,155,Qwen2.5-14B-Instruct-Q4_K_M,llama.cpp,finegrained_gpu_emc
2026-05-22T10:38:20.783885,GPU714_CPU1036,714,1036,3199,714,3199,p128_o256,128,256,mixed,1,362.7362430561334,339.46172552931984,86926.43921100534,256,2.9450188265342985,2752.61,32.384,34.795,10.7523828125,0.09300264112969145,22.418,0.681,9.285,66.2,170,Qwen2.5-14B-Instruct-Q4_K_M,llama.cpp,finegrained_gpu_emc
2026-05-22T10:39:48.534492,GPU714_CPU1036,714,1036,3199,714,3199,p128_o256,128,256,mixed,2,362.5669649336487,339.41988258841724,86915.64848890994,256,2.9453844555122255,2747.202,32.32,34.295,10.7312578125,0.09318572132664434,22.409,0.671,9.24,65.5,170,Qwen2.5-14B-Instruct-Q4_K_M,llama.cpp,finegrained_gpu_emc
2026-05-22T10:42:49.462277,GPU714_CPU1036,714,1036,3199,714,3199,p1024_o512,1024,512,mixed,0,4692.469603032805,343.19493041279014,180067.07935302984,512,2.843384819921471,5669.7,32.306,34.694,11.0736328125,0.09030460165440853,22.433,0.664,9.209,64.8,351,Qwen2.5-14B-Instruct-Q4_K_M,llama.cpp,finegrained_gpu_emc
2026-05-22T10:45:47.310238,GPU714_CPU1036,714,1036,3199,714,3199,p1024_o512,1024,512,mixed,1,366.36057298164815,345.63446744233954,176987.58784902748,512,2.8928582293394616,5518.259,31.99,34.694,10.777849609375,0.09278288677642713,22.189,0.621,9.18,64.3,345,Qwen2.5-14B-Instruct-Q4_K_M,llama.cpp,finegrained_gpu_emc
2026-05-22T10:48:47.349810,GPU714_CPU1036,714,1036,3199,714,3199,p1024_o512,1024,512,mixed,2,365.4394990298897,349.9240968139467,179178.67972096428,512,2.8574828255088147,5593.058,32.052,34.195,10.92394140625,0.09154205087807064,22.252,0.635,9.165,64.3,349,Qwen2.5-14B-Instruct-Q4_K_M,llama.cpp,finegrained_gpu_emc
2026-05-22T10:49:15.664022,GPU816_CPU1036,816,1036,3199,816,3199,p128_o64,128,64,decode,0,192.83537997398525,193.91054906401902,12409.462166950107,64,5.157354858653748,556.321,44.506,45.668,8.692515625,0.11504149582704949,33.004,0.67,10.831,65.8,25,Qwen2.5-14B-Instruct-Q4_K_M,llama.cpp,finegrained_gpu_emc
2026-05-22T10:49:28.897141,GPU816_CPU1036,816,1036,3199,816,3199,p128_o64,128,64,decode,1,194.98095207381994,194.04467915938724,12420.057519106194,64,5.1529552018214595,535.651,44.638,46.181,8.369546875,0.11948078132963441,33.063,0.715,10.859,66.3,24,Qwen2.5-14B-Instruct-Q4_K_M,llama.cpp,finegrained_gpu_emc
2026-05-22T10:49:42.120384,GPU816_CPU1036,816,1036,3199,816,3199,p128_o64,128,64,decode,2,189.30579395964742,193.97340169812125,12409.892936935648,64,5.157175837473695,557.858,44.629,46.067,8.71653125,0.11472453563451632,33.059,0.702,10.867,66.6,25,Qwen2.5-14B-Instruct-Q4_K_M,llama.cpp,finegrained_gpu_emc
2026-05-22T10:50:08.276092,GPU816_CPU1036,816,1036,3199,816,3199,p512_o128,512,128,decode,0,193.91117803752422,197.9867619761141,25338.716711034067,128,5.051558114001123,1110.646,44.426,45.682,8.676921875,0.115248242914484,32.897,0.742,10.787,67.0,50,Qwen2.5-14B-Instruct-Q4_K_M,llama.cpp,finegrained_gpu_emc
2026-05-22T10:50:33.418900,GPU816_CPU1036,816,1036,3199,816,3199,p512_o128,512,128,decode,1,196.14309794269502,189.99560781127562,24326.07192499563,128,5.261844180789291,1069.032,44.543,46.58,8.3518125,0.11973448877114998,32.956,0.756,10.83,67.5,48,Qwen2.5-14B-Instruct-Q4_K_M,llama.cpp,finegrained_gpu_emc
2026-05-22T10:50:59.082046,GPU816_CPU1036,816,1036,3199,816,3199,p512_o128,512,128,decode,2,194.9792840750888,194.1006847319934,24846.25387203414,128,5.151682046687578,1095.008,44.694,45.483,8.55475,0.11689412314795873,33.028,0.774,10.892,67.9,49,Qwen2.5-14B-Instruct-Q4_K_M,llama.cpp,finegrained_gpu_emc
2026-05-22T10:51:24.766806,GPU816_CPU1036,816,1036,3199,816,3199,p1024_o128,1024,128,decode,0,194.9837050633505,194.27063547195795,24867.833845084533,128,5.14721148602579,1095.72,44.723,46.181,8.5603125,0.11681816522469243,33.043,0.757,10.923,68.2,49,Qwen2.5-14B-Instruct-Q4_K_M,llama.cpp,finegrained_gpu_emc
2026-05-22T10:51:50.977402,GPU816_CPU1036,816,1036,3199,816,3199,p1024_o128,1024,128,decode,1,194.0966040128842,198.4161770156416,25393.437977065332,128,5.04067232312561,1113.394,44.536,45.682,8.698390625,0.11496379538599992,32.901,0.774,10.861,68.4,50,Qwen2.5-14B-Instruct-Q4_K_M,llama.cpp,finegrained_gpu_emc
2026-05-22T10:52:15.874041,GPU816_CPU1036,816,1036,3199,816,3199,p1024_o128,1024,128,decode,2,197.05931597854942,188.05029344887978,24079.934148001485,128,5.315629154684518,1074.252,44.76,47.579,8.39259375,0.11915267553609396,33.126,0.765,10.87,68.6,48,Qwen2.5-14B-Instruct-Q4_K_M,llama.cpp,finegrained_gpu_emc
2026-05-22T10:53:03.564060,GPU816_CPU1036,816,1036,3199,816,3199,p128_o256,128,256,decode,0,182.33682704158127,183.07199481162516,46866.61876295693,256,5.462309992850193,2063.163,44.851,47.066,8.05923046875,0.12408132561508713,33.186,0.781,10.885,68.9,92,Qwen2.5-14B-Instruct-Q4_K_M,llama.cpp,finegrained_gpu_emc
2026-05-22T10:53:52.979021,GPU816_CPU1036,816,1036,3199,816,3199,p128_o256,128,256,decode,1,201.01867394987494,189.75874624333764,48590.492110932246,256,5.268520421969615,2124.85,44.734,46.781,8.3001953125,0.12047909264183354,33.086,0.794,10.854,69.1,95,Qwen2.5-14B-Instruct-Q4_K_M,llama.cpp,finegrained_gpu_emc
2026-05-22T10:54:41.692920,GPU816_CPU1036,816,1036,3199,816,3199,p128_o256,128,256,decode,2,201.7693449743092,187.00823625093145,47889.870030921884,256,5.345598136614362,2109.338,44.88,46.979,8.2396015625,0.12136509179657314,33.195,0.794,10.891,69.4,94,Qwen2.5-14B-Instruct-Q4_K_M,llama.cpp,finegrained_gpu_emc
2026-05-22T10:56:20.414589,GPU816_CPU1036,816,1036,3199,816,3199,p1024_o512,1024,512,decode,0,201.0104499058798,191.15536775938446,97883.35476093926,512,5.230715694721118,4286.898,44.889,47.565,8.37284765625,0.11943367908450352,33.189,0.79,10.91,69.7,191,Qwen2.5-14B-Instruct-Q4_K_M,llama.cpp,finegrained_gpu_emc
2026-05-22T10:58:00.696874,GPU816_CPU1036,816,1036,3199,816,3199,p1024_o512,1024,512,decode,1,202.05657300539315,197.295875099458,99443.82180902176,504,5.068188157208134,4335.798,44.699,47.594,8.602773809523809,0.11624157767497471,33.066,0.786,10.848,69.7,194,Qwen2.5-14B-Instruct-Q4_K_M,llama.cpp,finegrained_gpu_emc
2026-05-22T10:59:41.902314,GPU816_CPU1036,816,1036,3199,816,3199,p1024_o512,1024,512,decode,2,202.8862009756267,196.0115130608464,100366.72841396648,512,5.101292112344601,4404.621,44.945,46.795,8.602775390625,0.11624155631097431,33.234,0.788,10.923,69.7,196,Qwen2.5-14B-Instruct-Q4_K_M,llama.cpp,finegrained_gpu_emc
2026-05-22T10:59:55.402601,GPU816_CPU1036,816,1036,3199,816,3199,p128_o64,128,64,mixed,0,460.6217020191252,194.06103319118893,12686.731809051707,64,5.0446404135647755,564.169,45.134,46.178,8.815140625,0.11344118517678214,33.4,0.782,10.952,69.7,25,Qwen2.5-14B-Instruct-Q4_K_M,llama.cpp,finegrained_gpu_emc
2026-05-22T11:00:08.678126,GPU816_CPU1036,816,1036,3199,816,3199,p128_o64,128,64,mixed,1,195.40404703002423,194.71097979435905,12462.46091707144,64,5.135422323558179,563.889,45.111,46.282,8.810765625,0.11349751458177053,33.365,0.782,10.964,69.7,25,Qwen2.5-14B-Instruct-Q4_K_M,llama.cpp,finegrained_gpu_emc
2026-05-22T11:00:21.963321,GPU816_CPU1036,816,1036,3199,816,3199,p128_o64,128,64,mixed,2,195.02450502477586,194.86960071501218,12472.071646014228,64,5.131465069834878,564.622,45.17,46.268,8.82221875,0.11335017055658476,33.4,0.782,10.988,69.7,25,Qwen2.5-14B-Instruct-Q4_K_M,llama.cpp,finegrained_gpu_emc
2026-05-22T11:00:49.816749,GPU816_CPU1036,816,1036,3199,816,3199,p512_o128,512,128,mixed,0,1513.0119140958413,200.96300346373513,27035.813688999042,128,4.734460796054517,1184.702,44.706,45.679,9.255484375,0.10804404820790375,33.13,0.775,10.8,69.7,53,Qwen2.5-14B-Instruct-Q4_K_M,llama.cpp,finegrained_gpu_emc
2026-05-22T11:01:16.040522,GPU816_CPU1036,816,1036,3199,816,3199,p512_o128,512,128,mixed,1,205.9604589594528,198.42517064557975,25406.458906945772,128,5.038088954813242,1120.773,44.831,46.181,8.7560390625,0.11420689113674223,33.156,0.814,10.861,69.7,50,Qwen2.5-14B-Instruct-Q4_K_M,llama.cpp,finegrained_gpu_emc
2026-05-22T11:01:42.329025,GPU816_CPU1036,816,1036,3199,816,3199,p512_o128,512,128,mixed,2,205.08559606969357,198.94191440961168,25471.247653011233,128,5.025274055818295,1116.466,44.659,44.983,8.722390625,0.11464746799275573,32.997,0.79,10.871,69.7,50,Qwen2.5-14B-Instruct-Q4_K_M,llama.cpp,finegrained_gpu_emc
2026-05-22T11:02:08.112912,GPU816_CPU1036,816,1036,3199,816,3199,p1024_o128,1024,128,mixed,0,2085.4599779704586,180.16662777174176,24967.135576996952,128,5.126739493413519,1019.616,41.617,48.479,7.96575,0.12553745723880363,30.423,0.774,10.421,69.5,49,Qwen2.5-14B-Instruct-Q4_K_M,llama.cpp,finegrained_gpu_emc
2026-05-22T11:02:52.014586,GPU816_CPU1036,816,1036,3199,816,3199,p1024_o128,1024,128,mixed,1,365.6385800568387,336.3274708500235,43079.74070601631,128,2.971234225235811,1385.176,32.592,34.795,10.8216875,0.09240702986479697,22.51,0.714,9.369,68.1,85,Qwen2.5-14B-Instruct-Q4_K_M,llama.cpp,finegrained_gpu_emc
2026-05-22T11:03:35.134817,GPU816_CPU1036,816,1036,3199,816,3199,p1024_o128,1024,128,mixed,2,364.89348695613444,330.18109551997577,42298.40642691124,128,3.0261187314745595,1351.661,32.57,35.194,10.5598515625,0.0946983008313475,22.509,0.707,9.355,67.2,83,Qwen2.5-14B-Instruct-Q4_K_M,llama.cpp,finegrained_gpu_emc
2026-05-22T11:05:02.978160,GPU816_CPU1036,816,1036,3199,816,3199,p128_o256,128,256,mixed,0,362.021726090461,339.7846856113414,87008.08635202702,256,2.9422552630826364,2739.49,32.229,34.795,10.7011328125,0.09344805054955485,22.259,0.69,9.28,66.2,170,Qwen2.5-14B-Instruct-Q4_K_M,llama.cpp,finegrained_gpu_emc
2026-05-22T11:06:30.722493,GPU816_CPU1036,816,1036,3199,816,3199,p128_o256,128,256,mixed,1,361.4704980282113,339.3994441452235,86909.34034099337,256,2.9455982405984273,2731.277,32.133,34.694,10.66905078125,0.09372905055034696,22.188,0.706,9.238,65.6,170,Qwen2.5-14B-Instruct-Q4_K_M,llama.cpp,finegrained_gpu_emc
2026-05-22T11:07:58.631083,GPU816_CPU1036,816,1036,3199,816,3199,p128_o256,128,256,mixed,2,361.6784129990265,340.04297385485296,87073.63773998804,256,2.940040253795823,2742.956,32.27,34.694,10.714671875,0.09332996956568024,22.404,0.634,9.232,65.2,170,Qwen2.5-14B-Instruct-Q4_K_M,llama.cpp,finegrained_gpu_emc
2026-05-22T11:11:01.015314,GPU816_CPU1036,816,1036,3199,816,3199,p1024_o512,1024,512,mixed,0,4704.326917999424,346.0264861603758,181525.86442499887,512,2.820534702433786,5392.823,32.292,34.594,10.532857421875,0.09494099843440068,22.421,0.662,9.21,64.9,334,Qwen2.5-14B-Instruct-Q4_K_M,llama.cpp,finegrained_gpu_emc
2026-05-22T11:14:00.218517,GPU816_CPU1036,816,1036,3199,816,3199,p1024_o512,1024,512,mixed,1,365.2017730055377,348.28725709386697,178342.01991197187,512,2.870888197031294,5610.453,32.244,34.195,10.957916015625,0.09125822816802849,22.371,0.663,9.21,64.7,348,Qwen2.5-14B-Instruct-Q4_K_M,llama.cpp,finegrained_gpu_emc
2026-05-22T11:16:39.750717,GPU816_CPU1036,816,1036,3199,816,3199,p1024_o512,1024,512,mixed,2,365.25406199507415,349.46851058171825,158676.5401189914,453,2.8548643653327437,4988.079,32.181,34.594,11.011211920529801,0.09081652475832881,22.363,0.647,9.171,64.6,310,Qwen2.5-14B-Instruct-Q4_K_M,llama.cpp,finegrained_gpu_emc
2026-05-22T11:17:08.452996,GPU918_CPU1036,918,1036,3199,918,3199,p128_o64,128,64,decode,0,184.15429396554828,188.06609238261387,12032.58563298732,64,5.318890050077356,548.772,45.731,46.466,8.5745625,0.1166240260071578,34.119,0.698,10.914,66.1,24,Qwen2.5-14B-Instruct-Q4_K_M,llama.cpp,finegrained_gpu_emc
2026-05-22T11:17:21.317116,GPU918_CPU1036,918,1036,3199,918,3199,p128_o64,128,64,decode,1,184.17853896971792,188.35655341316607,12050.899385940284,64,5.3108069323579645,550.509,45.876,46.965,8.601703125,0.11625604667680274,34.201,0.715,10.96,66.6,24,Qwen2.5-14B-Instruct-Q4_K_M,llama.cpp,finegrained_gpu_emc
2026-05-22T11:17:33.170720,GPU918_CPU1036,918,1036,3199,918,3199,p128_o64,128,64,decode,2,184.4412439968437,172.3209449056802,11040.922916028649,64,5.796616866791821,507.488,46.135,48.762,7.9295,0.12611135632763731,34.39,0.744,11.002,67.0,22,Qwen2.5-14B-Instruct-Q4_K_M,llama.cpp,finegrained_gpu_emc
2026-05-22T11:17:57.592687,GPU918_CPU1036,918,1036,3199,918,3199,p512_o128,512,128,decode,0,183.6211159825325,184.4192188431135,23605.34894594457,128,5.422499802613194,1084.28,46.14,47.166,8.4709375,0.11805068801416609,34.353,0.722,11.065,67.4,47,Qwen2.5-14B-Instruct-Q4_K_M,llama.cpp,finegrained_gpu_emc
2026-05-22T11:18:22.106799,GPU918_CPU1036,918,1036,3199,918,3199,p512_o128,512,128,decode,1,183.48571797832847,185.14597349649839,23697.512957034633,128,5.401410697910519,1086.29,46.225,47.68,8.486640625,0.11783225473860572,34.387,0.747,11.091,67.9,47,Qwen2.5-14B-Instruct-Q4_K_M,llama.cpp,finegrained_gpu_emc
2026-05-22T11:18:47.047469,GPU918_CPU1036,918,1036,3199,918,3199,p512_o128,512,128,decode,2,184.112622984685,188.4962248425256,24123.619317892008,128,5.306003146263586,1104.183,46.008,46.979,8.6264296875,0.11592281351913587,34.27,0.765,10.973,68.4,48,Qwen2.5-14B-Instruct-Q4_K_M,llama.cpp,finegrained_gpu_emc
2026-05-22T11:19:10.700819,GPU918_CPU1036,918,1036,3199,918,3199,p1024_o128,1024,128,decode,0,183.17516101524234,178.37245089705945,22836.960420012474,128,5.604949067032192,1041.06,46.269,48.363,8.13328125,0.12295160701592608,34.437,0.798,11.034,68.7,45,Qwen2.5-14B-Instruct-Q4_K_M,llama.cpp,finegrained_gpu_emc
2026-05-22T11:19:33.049072,GPU918_CPU1036,918,1036,3199,918,3199,p1024_o128,1024,128,decode,1,181.03564099874347,172.1844563707559,21532.3925470002,125,5.805207188525571,1002.324,46.62,48.464,8.018592,0.12471017355665434,34.718,0.752,11.15,69.0,43,Qwen2.5-14B-Instruct-Q4_K_M,llama.cpp,finegrained_gpu_emc
2026-05-22T11:19:56.781038,GPU918_CPU1036,918,1036,3199,918,3199,p1024_o128,1024,128,decode,2,181.2684350879863,179.00679585813566,22915.624881046824,128,5.585708470287752,1038.993,46.177,48.464,8.1171328125,0.12319621017658446,34.432,0.78,10.965,69.2,45,Qwen2.5-14B-Instruct-Q4_K_M,llama.cpp,finegrained_gpu_emc
2026-05-22T11:20:43.788589,GPU918_CPU1036,918,1036,3199,918,3199,p128_o256,128,256,decode,0,183.06584900710732,180.3936344429887,46184.39500499517,256,5.542997802013251,2104.472,46.252,48.464,8.22059375,0.12164571445949386,34.437,0.776,11.039,69.4,91,Qwen2.5-14B-Instruct-Q4_K_M,llama.cpp,finegrained_gpu_emc
2026-05-22T11:21:30.102091,GPU918_CPU1036,918,1036,3199,918,3199,p128_o256,128,256,decode,1,192.40209797862917,177.6344443726189,45490.137689048424,256,5.6275934302487505,2066.95,46.448,48.762,8.0740234375,0.12385398775974263,34.593,0.785,11.07,69.7,89,Qwen2.5-14B-Instruct-Q4_K_M,llama.cpp,finegrained_gpu_emc
2026-05-22T11:22:16.134209,GPU918_CPU1036,918,1036,3199,918,3199,p128_o256,128,256,decode,2,190.73976099025458,177.23324622429072,45208.94025696907,255,5.6404772717646505,2059.858,46.289,48.165,8.077874509803923,0.12379494120468497,34.329,0.785,11.175,70.0,89,Qwen2.5-14B-Instruct-Q4_K_M,llama.cpp,finegrained_gpu_emc
2026-05-22T11:23:51.303939,GPU918_CPU1036,918,1036,3199,918,3199,p1024_o512,1024,512,decode,0,192.3984249588102,184.22395436602613,94332.77091791388,512,5.427594196777386,4252.062,46.218,48.464,8.30480859375,0.12041216708505191,34.362,0.794,11.062,70.1,184,Qwen2.5-14B-Instruct-Q4_K_M,llama.cpp,finegrained_gpu_emc
2026-05-22T11:25:27.404899,GPU918_CPU1036,918,1036,3199,918,3199,p1024_o512,1024,512,decode,1,192.48558394610882,186.04519491588766,95263.55554698966,512,5.374563200587774,4306.536,46.307,48.363,8.411203125,0.11888905607662399,34.458,0.796,11.053,70.2,186,Qwen2.5-14B-Instruct-Q4_K_M,llama.cpp,finegrained_gpu_emc
2026-05-22T11:27:03.398608,GPU918_CPU1036,918,1036,3199,918,3199,p1024_o512,1024,512,decode,2,188.62072296906263,185.84252878865902,95156.13040491007,512,5.380630736257648,4332.419,46.585,47.964,8.461755859375,0.11817878187682217,34.674,0.796,11.115,70.4,186,Qwen2.5-14B-Instruct-Q4_K_M,llama.cpp,finegrained_gpu_emc
2026-05-22T11:27:16.342271,GPU918_CPU1036,918,1036,3199,918,3199,p128_o64,128,64,mixed,0,465.0363370310515,185.16242355551748,12130.535671953112,64,5.27594178284919,554.91,46.243,46.681,8.67046875,0.11533401812906598,34.338,0.781,11.123,70.5,24,Qwen2.5-14B-Instruct-Q4_K_M,llama.cpp,finegrained_gpu_emc
2026-05-22T11:27:29.061465,GPU918_CPU1036,918,1036,3199,918,3199,p128_o64,128,64,mixed,1,183.96438308991492,186.06311595067382,11906.209098990075,64,5.375346549677907,554.872,46.239,47.166,8.669875,0.11534191669430068,34.301,0.798,11.14,70.5,24,Qwen2.5-14B-Instruct-Q4_K_M,llama.cpp,finegrained_gpu_emc
2026-05-22T11:27:41.784796,GPU918_CPU1036,918,1036,3199,918,3199,p128_o64,128,64,mixed,2,183.57502203434706,186.10601452371432,11908.541611977853,64,5.374293686443309,554.924,46.244,47.666,8.6706875,0.11533110840403371,34.301,0.781,11.161,70.5,24,Qwen2.5-14B-Instruct-Q4_K_M,llama.cpp,finegrained_gpu_emc
2026-05-22T11:28:07.171559,GPU918_CPU1036,918,1036,3199,918,3199,p512_o128,512,128,mixed,0,1459.532400011085,181.96757377939312,24569.918934023008,128,5.209622398173767,1100.634,45.86,47.565,8.598703125,0.11629660722819757,34.085,0.781,10.994,70.5,48,Qwen2.5-14B-Instruct-Q4_K_M,llama.cpp,finegrained_gpu_emc
2026-05-22T11:28:27.978935,GPU918_CPU1036,918,1036,3199,918,3199,p512_o128,512,128,mixed,1,196.33108796551824,190.3411682426152,19991.62132991478,104,5.202179367232109,924.643,46.232,47.666,8.890798076923078,0.11247584202767986,34.337,0.818,11.077,70.6,40,Qwen2.5-14B-Instruct-Q4_K_M,llama.cpp,finegrained_gpu_emc
2026-05-22T11:28:53.168913,GPU918_CPU1036,918,1036,3199,918,3199,p512_o128,512,128,mixed,2,196.33441197220236,190.36528354375,24373.231461038813,128,5.251663088032091,1112.404,46.35,48.065,8.69065625,0.11506610907547977,34.483,0.798,11.069,70.6,48,Qwen2.5-14B-Instruct-Q4_K_M,llama.cpp,finegrained_gpu_emc
2026-05-22T11:29:19.679187,GPU918_CPU1036,918,1036,3199,918,3199,p1024_o128,1024,128,mixed,0,2004.9485170748085,186.51522889707647,25692.895346088335,128,4.981921977878122,1186.196,46.517,47.964,9.26715625,0.107907967991799,34.661,0.798,11.058,70.6,51,Qwen2.5-14B-Instruct-Q4_K_M,llama.cpp,finegrained_gpu_emc
2026-05-22T11:29:45.872200,GPU918_CPU1036,918,1036,3199,918,3199,p1024_o128,1024,128,mixed,1,92.70313405431807,199.0765969371643,25375.936504104175,128,5.0441488131599765,965.314,38.613,49.862,7.541515625,0.1325993407326528,27.648,0.774,10.19,70.0,50,Qwen2.5-14B-Instruct-Q4_K_M,llama.cpp,finegrained_gpu_emc
2026-05-22T11:30:19.899622,GPU918_CPU1036,918,1036,3199,918,3199,p1024_o128,1024,128,mixed,2,290.57008191011846,259.19064019685686,33208.29609700013,128,3.8544585252467343,1198.908,36.889,39.478,9.36646875,0.10676382174445413,26.147,0.767,9.975,69.2,65,Qwen2.5-14B-Instruct-Q4_K_M,llama.cpp,finegrained_gpu_emc
2026-05-22T11:31:29.650605,GPU918_CPU1036,918,1036,3199,918,3199,p128_o256,128,256,mixed,0,288.74751599505544,269.13973277653844,68920.48981704284,256,3.714425139455345,2449.837,36.565,38.878,9.56967578125,0.10449674815099944,25.897,0.765,9.902,68.3,134,Qwen2.5-14B-Instruct-Q4_K_M,llama.cpp,finegrained_gpu_emc
2026-05-22T11:32:39.534464,GPU918_CPU1036,918,1036,3199,918,3199,p128_o256,128,256,mixed,1,288.13229396473616,269.667709858942,69054.36638498213,256,3.7072239367570914,2462.215,36.477,38.778,9.61802734375,0.10397142410390643,25.882,0.715,9.88,67.7,135,Qwen2.5-14B-Instruct-Q4_K_M,llama.cpp,finegrained_gpu_emc
2026-05-22T11:33:49.431992,GPU918_CPU1036,918,1036,3199,918,3199,p128_o256,128,256,mixed,2,287.9868720192462,269.71643168214416,69066.64451595861,256,3.7065648953142403,2458.688,36.425,38.878,9.60425,0.1041205716219382,25.869,0.689,9.867,67.3,135,Qwen2.5-14B-Instruct-Q4_K_M,llama.cpp,finegrained_gpu_emc
2026-05-22T11:36:14.657007,GPU918_CPU1036,918,1036,3199,918,3199,p1024_o512,1024,512,mixed,0,4117.5183840096,274.46990420949805,144373.63389099482,512,3.5463539027255555,5149.196,36.519,39.389,10.0570234375,0.09943299886040462,25.952,0.715,9.853,66.9,282,Qwen2.5-14B-Instruct-Q4_K_M,llama.cpp,finegrained_gpu_emc
2026-05-22T11:38:35.842011,GPU918_CPU1036,918,1036,3199,918,3199,p1024_o512,1024,512,mixed,1,292.6791829522699,274.0516709530573,140335.11714299675,512,3.648409681222479,4998.726,36.487,38.89,9.76313671875,0.10242609816981367,25.9,0.715,9.872,66.6,274,Qwen2.5-14B-Instruct-Q4_K_M,llama.cpp,finegrained_gpu_emc
2026-05-22T11:39:35.410471,GPU918_CPU1036,918,1036,3199,918,3199,p1024_o512,1024,512,mixed,2,291.3956289412454,280.9992640724649,58741.649796953425,208,3.5409288080769517,2087.134,36.298,37.592,10.034298076923077,0.09965819156795874,25.771,0.701,9.826,66.4,115,Qwen2.5-14B-Instruct-Q4_K_M,llama.cpp,finegrained_gpu_emc
2026-05-22T11:40:02.025296,GPU1020_CPU1036,1020,1036,3199,1020,3199,p128_o64,128,64,decode,0,174.88926101941615,161.30749611110087,10337.524967035279,64,6.191037042627303,498.828,47.507,49.247,7.7941875,0.12830073692735774,35.513,0.76,11.234,67.5,21,Qwen2.5-14B-Instruct-Q4_K_M,llama.cpp,finegrained_gpu_emc
2026-05-22T11:40:14.263137,GPU1020_CPU1036,1020,1036,3199,1020,3199,p128_o64,128,64,decode,1,179.20500691980124,178.4965308893117,11424.750862992369,64,5.601872703177453,546.577,47.528,48.878,8.540265625,0.11709237673740389,35.569,0.763,11.197,67.8,23,Qwen2.5-14B-Instruct-Q4_K_M,llama.cpp,finegrained_gpu_emc
2026-05-22T11:40:26.504183,GPU1020_CPU1036,1020,1036,3199,1020,3199,p128_o64,128,64,decode,2,178.1813120469451,178.56350634986208,11427.946110023186,64,5.60030642285468,546.364,47.51,48.464,8.5369375,0.11713802519931767,35.52,0.781,11.21,68.2,23,Qwen2.5-14B-Instruct-Q4_K_M,llama.cpp,finegrained_gpu_emc
2026-05-22T11:40:50.529414,GPU1020_CPU1036,1020,1036,3199,1020,3199,p512_o128,512,128,decode,0,178.04207804147154,181.34024133905768,23208.737070090137,128,5.515164380269438,1085.466,47.194,48.479,8.480203125,0.11792170367381384,35.276,0.781,11.137,68.5,46,Qwen2.5-14B-Instruct-Q4_K_M,llama.cpp,finegrained_gpu_emc
2026-05-22T11:41:14.702807,GPU1020_CPU1036,1020,1036,3199,1020,3199,p512_o128,512,128,decode,1,179.10716705955565,182.49775915714642,23356.81441007182,128,5.480199386471317,1083.404,47.105,47.964,8.46409375,0.11814613939029207,35.16,0.789,11.155,68.9,46,Qwen2.5-14B-Instruct-Q4_K_M,llama.cpp,finegrained_gpu_emc
2026-05-22T11:41:37.350511,GPU1020_CPU1036,1020,1036,3199,1020,3199,p512_o128,512,128,decode,2,177.43813700508326,170.50216764607651,21831.702313036658,128,5.863033407320034,1021.856,47.528,49.377,7.98325,0.12526226787335984,35.517,0.779,11.232,69.3,43,Qwen2.5-14B-Instruct-Q4_K_M,llama.cpp,finegrained_gpu_emc
2026-05-22T11:42:01.007740,GPU1020_CPU1036,1020,1036,3199,1020,3199,p1024_o128,1024,128,decode,0,177.36360302660614,178.44982222859255,22840.995655045845,128,5.603958861212046,1068.456,47.487,48.978,8.3473125,0.11979903711523919,35.465,0.771,11.251,69.6,45,Qwen2.5-14B-Instruct-Q4_K_M,llama.cpp,finegrained_gpu_emc
2026-05-22T11:42:25.120986,GPU1020_CPU1036,1020,1036,3199,1020,3199,p1024_o128,1024,128,decode,1,178.5101949935779,182.0289191971423,23296.669290983118,128,5.49434764262812,1087.542,47.284,48.878,8.496421875,0.11769660390127462,35.32,0.789,11.175,69.9,46,Qwen2.5-14B-Instruct-Q4_K_M,llama.cpp,finegrained_gpu_emc
2026-05-22T11:42:49.293217,GPU1020_CPU1036,1020,1036,3199,1020,3199,p1024_o128,1024,128,decode,2,177.40102706011385,182.50259078716434,23355.71836703457,128,5.480456562649154,1087.47,47.281,47.964,8.495859375,0.11770439644312027,35.333,0.807,11.142,70.1,46,Qwen2.5-14B-Instruct-Q4_K_M,llama.cpp,finegrained_gpu_emc
2026-05-22T11:43:31.887801,GPU1020_CPU1036,1020,1036,3199,1020,3199,p128_o256,128,256,decode,0,179.289237014018,163.10781705120178,41772.727909032255,256,6.128400341904574,1953.663,47.65,50.06,7.63149609375,0.1310359053736494,35.64,0.793,11.218,70.2,82,Qwen2.5-14B-Instruct-Q4_K_M,llama.cpp,finegrained_gpu_emc
2026-05-22T11:44:17.923624,GPU1020_CPU1036,1020,1036,3199,1020,3199,p128_o256,128,256,decode,1,185.83651003427804,176.57353392135644,45213.046327000484,256,5.662082535834818,2098.526,47.158,49.761,8.1973671875,0.12199038753868192,35.243,0.785,11.13,70.4,89,Qwen2.5-14B-Instruct-Q4_K_M,llama.cpp,finegrained_gpu_emc
2026-05-22T11:45:04.134027,GPU1020_CPU1036,1020,1036,3199,1020,3199,p128_o256,128,256,decode,2,186.1538359662518,177.2559676785022,45387.386341928504,256,5.640333595581142,2088.485,46.932,48.863,8.15814453125,0.12257689186180412,34.994,0.794,11.145,70.5,89,Qwen2.5-14B-Instruct-Q4_K_M,llama.cpp,finegrained_gpu_emc
2026-05-22T11:46:34.910088,GPU1020_CPU1036,1020,1036,3199,1020,3199,p1024_o512,1024,512,decode,0,174.5661039603874,175.66310036804438,89940.32942201011,512,5.6926631611236225,4144.014,47.091,49.362,8.09377734375,0.12355170614771088,35.057,0.791,11.243,70.8,176,Qwen2.5-14B-Instruct-Q4_K_M,llama.cpp,finegrained_gpu_emc
2026-05-22T11:48:06.948494,GPU1020_CPU1036,1020,1036,3199,1020,3199,p1024_o512,1024,512,decode,1,185.78891700599343,179.86994374496493,91201.97009795811,507,5.559090439114879,4185.314,47.026,49.064,8.255057199211047,0.1211378644469686,35.036,0.798,11.192,71.0,178,Qwen2.5-14B-Instruct-Q4_K_M,llama.cpp,finegrained_gpu_emc
2026-05-22T11:49:40.254543,GPU1020_CPU1036,1020,1036,3199,1020,3199,p1024_o512,1024,512,decode,2,184.83830301556736,180.5922213600996,92469.38502800185,512,5.536967720126555,4287.844,47.379,49.862,8.3746953125,0.11940732918455056,35.378,0.805,11.197,71.2,181,Qwen2.5-14B-Instruct-Q4_K_M,llama.cpp,finegrained_gpu_emc
2026-05-22T11:49:51.819400,GPU1020_CPU1036,1020,1036,3199,1020,3199,p128_o64,128,64,mixed,0,441.5261489339173,163.6511804443592,10751.815303927287,64,5.952483203150159,522.275,47.48,49.862,8.160546875,0.1225408070460964,35.428,0.798,11.253,71.3,22,Qwen2.5-14B-Instruct-Q4_K_M,llama.cpp,finegrained_gpu_emc
2026-05-22T11:50:04.060248,GPU1020_CPU1036,1020,1036,3199,1020,3199,p128_o64,128,64,mixed,1,179.15994301438332,178.54792660190947,11427.94890596997,64,5.600305052691157,545.404,47.426,49.064,8.5219375,0.11734420722986996,35.362,0.798,11.266,71.3,23,Qwen2.5-14B-Instruct-Q4_K_M,llama.cpp,finegrained_gpu_emc
2026-05-22T11:50:16.334801,GPU1020_CPU1036,1020,1036,3199,1020,3199,p128_o64,128,64,mixed,2,179.5262050582096,179.07776258745423,11461.689489078708,64,5.583819040027434,544.914,47.384,49.079,8.51428125,0.11744972601181104,35.311,0.798,11.275,71.3,23,Qwen2.5-14B-Instruct-Q4_K_M,llama.cpp,finegrained_gpu_emc
2026-05-22T11:50:42.139617,GPU1020_CPU1036,1020,1036,3199,1020,3199,p512_o128,512,128,mixed,0,1460.5167650151998,185.2427398424786,24986.89362301957,128,5.122685593941857,1156.428,47.201,47.579,9.03459375,0.1106856630935951,35.257,0.798,11.147,71.3,49,Qwen2.5-14B-Instruct-Q4_K_M,llama.cpp,finegrained_gpu_emc
2026-05-22T11:51:06.636586,GPU1020_CPU1036,1020,1036,3199,1020,3199,p512_o128,512,128,mixed,1,178.5990570206195,185.04917348082375,23680.35179900471,128,5.405325101858489,1115.089,47.451,48.863,8.7116328125,0.11478904374449035,35.446,0.806,11.198,71.4,47,Qwen2.5-14B-Instruct-Q4_K_M,llama.cpp,finegrained_gpu_emc
2026-05-22T11:51:30.054195,GPU1020_CPU1036,1020,1036,3199,1020,3199,p512_o128,512,128,mixed,2,188.85097396560013,176.47176451970068,22601.265384000726,128,5.663399717902975,1071.693,47.631,49.262,8.3726015625,0.11943718956828121,35.62,0.807,11.204,71.4,45,Qwen2.5-14B-Instruct-Q4_K_M,llama.cpp,finegrained_gpu_emc
2026-05-22T11:51:55.660486,GPU1020_CPU1036,1020,1036,3199,1020,3199,p1024_o128,1024,128,mixed,0,1993.7055530026555,179.49172103132202,24789.695080951788,128,5.1634358382388585,1146.452,47.769,48.464,8.95665625,0.11164880867232121,35.747,0.806,11.216,71.5,48,Qwen2.5-14B-Instruct-Q4_K_M,llama.cpp,finegrained_gpu_emc
2026-05-22T11:52:19.535825,GPU1020_CPU1036,1020,1036,3199,1020,3199,p1024_o128,1024,128,mixed,1,190.36630901973695,180.06418951178395,23059.06333203893,128,5.550962680351074,1104.958,48.042,49.362,8.632484375,0.11584150709800733,35.877,0.798,11.367,71.6,46,Qwen2.5-14B-Instruct-Q4_K_M,llama.cpp,finegrained_gpu_emc
2026-05-22T11:52:43.472379,GPU1020_CPU1036,1020,1036,3199,1020,3199,p1024_o128,1024,128,mixed,2,188.89915593899786,180.55613100066722,23120.06746593397,128,5.536316024535841,1094.755,47.598,48.665,8.5527734375,0.11692113760613104,35.479,0.798,11.321,71.6,46,Qwen2.5-14B-Instruct-Q4_K_M,llama.cpp,finegrained_gpu_emc
2026-05-22T11:53:40.651477,GPU1020_CPU1036,1020,1036,3199,1020,3199,p128_o256,128,256,mixed,0,184.66437188908458,220.26196232193388,56352.41725191008,256,4.542839730469997,2118.585,38.52,49.962,8.27572265625,0.12083536889008466,27.536,0.787,10.197,70.5,110,Qwen2.5-14B-Instruct-Q4_K_M,llama.cpp,finegrained_gpu_emc
2026-05-22T11:54:49.383896,GPU1020_CPU1036,1020,1036,3199,1020,3199,p128_o256,128,256,mixed,1,287.3976929113269,265.1553672551196,67902.97804097645,256,3.7700850152038297,2441.965,36.721,39.377,9.53892578125,0.10483360736128486,26.031,0.756,9.934,69.0,133,Qwen2.5-14B-Instruct-Q4_K_M,llama.cpp,finegrained_gpu_emc
2026-05-22T11:55:59.238579,GPU1020_CPU1036,1020,1036,3199,1020,3199,p128_o256,128,256,mixed,2,288.54775801301,269.5505747804418,69024.94131703861,256,3.708804312113296,2468.76,36.574,38.99,9.64359375,0.1036957824980962,25.924,0.76,9.891,68.1,135,Qwen2.5-14B-Instruct-Q4_K_M,llama.cpp,finegrained_gpu_emc
2026-05-22T11:58:23.319100,GPU1020_CPU1036,1020,1036,3199,1020,3199,p1024_o512,1024,512,mixed,0,4125.22541207727,272.2166987220755,143229.95443607215,512,3.574671248174704,5130.45,36.646,39.277,10.02041015625,0.09979631416347494,26.005,0.754,9.887,67.6,280,Qwen2.5-14B-Instruct-Q4_K_M,llama.cpp,finegrained_gpu_emc
2026-05-22T12:00:44.826527,GPU1020_CPU1036,1020,1036,3199,1020,3199,p1024_o512,1024,512,mixed,1,293.2560400804505,274.6802447493591,140656.89556708094,512,3.6400632755030564,4951.218,36.273,38.479,9.67034765625,0.10340889857808726,25.663,0.722,9.888,67.0,273,Qwen2.5-14B-Instruct-Q4_K_M,llama.cpp,finegrained_gpu_emc
2026-05-22T12:03:08.110498,GPU1020_CPU1036,1020,1036,3199,1020,3199,p1024_o512,1024,512,mixed,2,293.56687201652676,278.15592877882113,142433.2691510208,512,3.5946657901752626,5064.986,36.439,38.878,9.89255078125,0.10108616292325388,25.873,0.712,9.854,66.7,278,Qwen2.5-14B-Instruct-Q4_K_M,llama.cpp,finegrained_gpu_emc
2026-05-22T12:03:34.285290,GPU1122_CPU1036,1122,1036,3199,1122,3199,p128_o64,128,64,decode,0,173.13233099412173,157.14961971296736,10073.819046956487,64,6.353102006466529,481.232,48.123,50.261,7.51925,0.13299198723276923,36.076,0.718,11.329,67.9,20,Qwen2.5-14B-Instruct-Q4_K_M,llama.cpp,finegrained_gpu_emc
2026-05-22T12:03:46.257094,GPU1122_CPU1036,1122,1036,3199,1122,3199,p128_o64,128,64,decode,1,173.93173393793404,174.3616776518701,11158.983731991611,64,5.735289300271928,528.946,48.086,49.377,8.26478125,0.1209953378983866,35.989,0.798,11.299,68.2,22,Qwen2.5-14B-Instruct-Q4_K_M,llama.cpp,finegrained_gpu_emc
2026-05-22T12:03:58.229283,GPU1122_CPU1036,1122,1036,3199,1122,3199,p128_o64,128,64,decode,2,172.64065495692194,174.38847887411063,11159.376265015453,64,5.73508756046155,529.246,48.113,48.978,8.26946875,0.1209267523986955,36.048,0.762,11.303,68.5,22,Qwen2.5-14B-Instruct-Q4_K_M,llama.cpp,finegrained_gpu_emc
2026-05-22T12:04:21.688660,GPU1122_CPU1036,1122,1036,3199,1122,3199,p512_o128,512,128,decode,0,173.622551956214,176.92185648878316,22643.18757702131,128,5.652914350711672,1081.057,48.047,49.262,8.4457578125,0.1184026374187485,36.005,0.789,11.253,68.9,45,Qwen2.5-14B-Instruct-Q4_K_M,llama.cpp,finegrained_gpu_emc
2026-05-22T12:04:45.369932,GPU1122_CPU1036,1122,1036,3199,1122,3199,p512_o128,512,128,decode,1,173.48224099259824,178.66910003972657,22864.94678002782,128,5.5980886914552555,1078.662,47.941,48.762,8.427046875,0.11866553192751761,35.892,0.807,11.242,69.4,45,Qwen2.5-14B-Instruct-Q4_K_M,llama.cpp,finegrained_gpu_emc
2026-05-22T12:05:07.460162,GPU1122_CPU1036,1122,1036,3199,1122,3199,p512_o128,512,128,decode,2,173.8131099846214,166.14313947227527,21274.482992943376,128,6.0165974441050745,1015.379,48.351,50.361,7.9326484375,0.12606130321781325,36.204,0.798,11.349,69.7,42,Qwen2.5-14B-Instruct-Q4_K_M,llama.cpp,finegrained_gpu_emc
2026-05-22T12:05:30.614221,GPU1122_CPU1036,1122,1036,3199,1122,3199,p1024_o128,1024,128,decode,0,173.57902601361275,174.51890386589693,22337.971594999544,128,5.730153226117155,1063.808,48.355,49.362,8.311,0.1203224642040669,36.219,0.798,11.338,70.0,44,Qwen2.5-14B-Instruct-Q4_K_M,llama.cpp,finegrained_gpu_emc
2026-05-22T12:05:54.164778,GPU1122_CPU1036,1122,1036,3199,1122,3199,p1024_o128,1024,128,decode,1,173.10893803369254,177.64422418109663,22734.43229100667,128,5.630226361563226,1080.985,48.044,49.377,8.4451953125,0.11841052373529698,35.977,0.798,11.269,70.2,45,Qwen2.5-14B-Instruct-Q4_K_M,llama.cpp,finegrained_gpu_emc
2026-05-22T12:06:17.844862,GPU1122_CPU1036,1122,1036,3199,1122,3199,p1024_o128,1024,128,decode,2,173.2363949995488,178.66278761414824,22863.90018404927,128,5.598344944197127,1078.948,47.953,48.863,8.42928125,0.11863407689712571,35.94,0.798,11.215,70.4,45,Qwen2.5-14B-Instruct-Q4_K_M,llama.cpp,finegrained_gpu_emc
2026-05-22T12:06:59.430855,GPU1122_CPU1036,1122,1036,3199,1122,3199,p128_o256,128,256,decode,0,171.9009350053966,159.18217591402652,40764.325555064715,256,6.280000871207682,1933.932,48.348,50.261,7.554421875,0.1323728031802566,36.259,0.793,11.296,70.6,80,Qwen2.5-14B-Instruct-Q4_K_M,llama.cpp,finegrained_gpu_emc
2026-05-22T12:07:44.929714,GPU1122_CPU1036,1122,1036,3199,1122,3199,p128_o256,128,256,decode,1,183.02289198618382,174.47947782336496,44676.24695494305,256,5.730114265376441,2094.144,48.141,50.261,8.18025,0.12224565263897803,36.081,0.793,11.267,70.8,87,Qwen2.5-14B-Instruct-Q4_K_M,llama.cpp,finegrained_gpu_emc
2026-05-22T12:08:30.245891,GPU1122_CPU1036,1122,1036,3199,1122,3199,p128_o256,128,256,decode,2,183.2832400687039,173.76528188595367,44494.441385963,256,5.753527677296838,1951.944,47.608,49.776,7.62478125,0.13115130352100265,35.598,0.793,11.218,71.0,82,Qwen2.5-14B-Instruct-Q4_K_M,llama.cpp,finegrained_gpu_emc
2026-05-22T12:09:59.147949,GPU1122_CPU1036,1122,1036,3199,1122,3199,p1024_o512,1024,512,decode,0,182.8634759876877,171.98068946768547,88066.95643195417,512,5.813758312354101,4093.56,47.878,50.261,7.995234375,0.12507450727484146,35.756,0.805,11.317,71.3,171,Qwen2.5-14B-Instruct-Q4_K_M,llama.cpp,finegrained_gpu_emc
2026-05-22T12:11:29.282037,GPU1122_CPU1036,1122,1036,3199,1122,3199,p1024_o512,1024,512,decode,1,183.28184401616454,174.7325046764066,89298.81484096404,511,5.722360379698891,4080.648,47.727,49.862,7.98561252446184,0.12522520932949865,35.64,0.798,11.288,71.5,171,Qwen2.5-14B-Instruct-Q4_K_M,llama.cpp,finegrained_gpu_emc
2026-05-22T12:13:00.675257,GPU1122_CPU1036,1122,1036,3199,1122,3199,p1024_o512,1024,512,decode,2,183.04521089885384,176.85758118989736,90559.22199296765,512,5.6537588191709425,3900.012,47.853,49.463,7.6172109375,0.131281647338521,35.759,0.81,11.283,71.7,163,Qwen2.5-14B-Instruct-Q4_K_M,llama.cpp,finegrained_gpu_emc
2026-05-22T12:13:12.479277,GPU1122_CPU1036,1122,1036,3199,1122,3199,p128_o64,128,64,mixed,0,431.08502693939954,167.62827696936532,10991.93060293328,64,5.8224530623329365,384.802,48.1,49.463,6.01253125,0.16631930187473037,35.986,0.798,11.316,71.6,16,Qwen2.5-14B-Instruct-Q4_K_M,llama.cpp,finegrained_gpu_emc
2026-05-22T12:13:24.512840,GPU1122_CPU1036,1122,1036,3199,1122,3199,p128_o64,128,64,mixed,1,176.86806502752006,175.2967921913498,11220.831125043333,64,5.703677320048148,527.112,47.919,48.18,8.236125,0.12141632138900273,35.731,0.798,11.39,71.6,22,Qwen2.5-14B-Instruct-Q4_K_M,llama.cpp,finegrained_gpu_emc
2026-05-22T12:13:36.598323,GPU1122_CPU1036,1122,1036,3199,1122,3199,p128_o64,128,64,mixed,2,176.2861580355093,176.13019949261334,11272.754100966267,64,5.677405843041862,528.99,48.09,49.563,8.26546875,0.12098527382370176,35.856,0.798,11.436,71.7,22,Qwen2.5-14B-Instruct-Q4_K_M,llama.cpp,finegrained_gpu_emc
2026-05-22T12:14:01.897709,GPU1122_CPU1036,1122,1036,3199,1122,3199,p512_o128,512,128,mixed,0,1441.0125999711454,181.4325615593166,24483.439981006086,128,5.228023517091578,1022.092,47.539,48.564,7.98509375,0.12523334494350802,35.553,0.798,11.188,71.6,43,Qwen2.5-14B-Instruct-Q4_K_M,llama.cpp,finegrained_gpu_emc
2026-05-22T12:14:25.994110,GPU1122_CPU1036,1122,1036,3199,1122,3199,p512_o128,512,128,mixed,1,184.23227593302727,181.85107289780458,23279.819587944075,128,5.498324397079408,1101.48,47.89,48.963,8.6053125,0.11620728474416239,35.815,0.798,11.277,71.6,46,Qwen2.5-14B-Instruct-Q4_K_M,llama.cpp,finegrained_gpu_emc
2026-05-22T12:14:48.921815,GPU1122_CPU1036,1122,1036,3199,1122,3199,p512_o128,512,128,mixed,2,180.91573799028993,172.6818213461143,22112.014214973897,128,5.7887082902343865,992.333,48.406,49.746,7.7526015625,0.12898895834362054,36.287,0.798,11.322,71.6,41,Qwen2.5-14B-Instruct-Q4_K_M,llama.cpp,finegrained_gpu_emc
2026-05-22T12:15:13.976499,GPU1122_CPU1036,1122,1036,3199,1122,3199,p1024_o128,1024,128,mixed,0,1969.3438080139458,175.34320071654938,24238.449272001162,128,5.280865890536079,1117.224,48.575,49.262,8.7283125,0.11456968342964348,36.458,0.798,11.319,71.6,46,Qwen2.5-14B-Instruct-Q4_K_M,llama.cpp,finegrained_gpu_emc
2026-05-22T12:15:37.318045,GPU1122_CPU1036,1122,1036,3199,1122,3199,p1024_o128,1024,128,mixed,1,184.4767399597913,175.9174997637811,22526.51357499417,128,5.682193099871786,854.87,48.85,49.761,6.678671875,0.14973036836010153,36.586,0.798,11.466,71.7,35,Qwen2.5-14B-Instruct-Q4_K_M,llama.cpp,finegrained_gpu_emc
2026-05-22T12:16:00.782472,GPU1122_CPU1036,1122,1036,3199,1122,3199,p1024_o128,1024,128,mixed,2,185.31852797605097,176.8813833152494,22649.80370993726,128,5.651263103169496,830.908,48.877,49.862,6.49146875,0.15404834229541658,36.634,0.798,11.445,71.7,34,Qwen2.5-14B-Instruct-Q4_K_M,llama.cpp,finegrained_gpu_emc
2026-05-22T12:16:57.452124,GPU1122_CPU1036,1122,1036,3199,1122,3199,p128_o256,128,256,mixed,0,182.7799150487408,218.27264760401758,55843.3734010905,256,4.584250277312238,2094.416,39.148,51.26,8.1813125,0.12222977670147668,28.115,0.798,10.235,70.6,107,Qwen2.5-14B-Instruct-Q4_K_M,llama.cpp,finegrained_gpu_emc
2026-05-22T12:18:06.168164,GPU1122_CPU1036,1122,1036,3199,1122,3199,p128_o256,128,256,mixed,1,289.1560319112614,265.08408618050026,67886.56536291819,256,3.770996494393799,2423.447,36.719,39.389,9.46658984375,0.10563466005239644,26.044,0.75,9.925,69.2,132,Qwen2.5-14B-Instruct-Q4_K_M,llama.cpp,finegrained_gpu_emc
2026-05-22T12:19:16.029250,GPU1122_CPU1036,1122,1036,3199,1122,3199,p128_o256,128,256,mixed,2,277.8626299696043,269.6188380704353,69031.66476497427,256,3.7084430872640772,2450.857,36.58,38.99,9.57366015625,0.1044532585948507,25.973,0.706,9.902,68.3,134,Qwen2.5-14B-Instruct-Q4_K_M,llama.cpp,finegrained_gpu_emc
2026-05-22T12:21:40.114465,GPU1122_CPU1036,1122,1036,3199,1122,3199,p1024_o512,1024,512,mixed,0,4111.61246302072,272.2549919665968,143235.96419894602,512,3.574521265405546,4907.408,36.622,39.277,9.58478125,0.10433206287310938,26.027,0.724,9.872,67.7,268,Qwen2.5-14B-Instruct-Q4_K_M,llama.cpp,finegrained_gpu_emc
2026-05-22T12:24:01.607719,GPU1122_CPU1036,1122,1036,3199,1122,3199,p1024_o512,1024,512,mixed,1,292.4905370455235,274.6584977434744,140644.98558302876,512,3.6403715203749263,4788.603,36.554,38.79,9.352740234375,0.10692053611460378,25.939,0.728,9.887,67.3,262,Qwen2.5-14B-Instruct-Q4_K_M,llama.cpp,finegrained_gpu_emc
2026-05-22T12:26:24.986784,GPU1122_CPU1036,1122,1036,3199,1122,3199,p1024_o512,1024,512,mixed,2,292.10331407375634,278.3444213795744,142528.10844301712,512,3.5922738721022043,5026.693,36.163,38.39,9.817759765625,0.10185623032876684,25.611,0.693,9.859,66.9,278,Qwen2.5-14B-Instruct-Q4_K_M,llama.cpp,finegrained_gpu_emc
2026-05-22T12:26:50.863804,GPU1224_CPU1036,1224,1036,3199,1224,3199,p128_o64,128,64,decode,0,168.00660698208958,155.54290407869433,9967.471146024764,64,6.420886407634552,483.666,48.367,50.261,7.55728125,0.13232271857025302,36.195,0.778,11.394,68.1,20,Qwen2.5-14B-Instruct-Q4_K_M,llama.cpp,finegrained_gpu_emc
2026-05-22T12:27:02.714505,GPU1224_CPU1036,1224,1036,3199,1224,3199,p128_o64,128,64,decode,1,169.9419569922611,172.49925444383055,11037.65624796506,64,5.798332414256809,530.142,48.195,49.463,8.28346875,0.12072237249642548,36.043,0.78,11.372,68.4,22,Qwen2.5-14B-Instruct-Q4_K_M,llama.cpp,finegrained_gpu_emc
2026-05-22T12:27:14.565732,GPU1224_CPU1036,1224,1036,3199,1224,3199,p128_o64,128,64,decode,2,172.13375098071992,172.47597933451218,11038.38036605157,64,5.7979520434747265,532.337,48.394,49.377,8.317765625,0.12022459457073245,36.206,0.798,11.39,68.7,22,Qwen2.5-14B-Instruct-Q4_K_M,llama.cpp,finegrained_gpu_emc
2026-05-22T12:27:37.766709,GPU1224_CPU1036,1224,1036,3199,1224,3199,p512_o128,512,128,decode,0,172.38280805759132,174.8978778184575,22384.903842001222,128,5.718139372116987,1058.914,48.132,49.463,8.272765625,0.12087856048744279,36.042,0.789,11.301,69.1,44,Qwen2.5-14B-Instruct-Q4_K_M,llama.cpp,finegrained_gpu_emc
2026-05-22T12:28:01.146287,GPU1224_CPU1036,1224,1036,3199,1224,3199,p512_o128,512,128,decode,1,167.53534693270922,176.34048095288298,22563.270817976445,128,5.672936385535947,1079.976,47.999,48.863,8.4373125,0.11852115232190344,35.939,0.78,11.28,69.5,45,Qwen2.5-14B-Instruct-Q4_K_M,llama.cpp,finegrained_gpu_emc
2026-05-22T12:28:23.022377,GPU1224_CPU1036,1224,1036,3199,1224,3199,p512_o128,512,128,decode,2,170.5863990355283,164.47965002354732,21060.000278055668,128,6.077872664293118,1017.426,48.449,50.261,7.948640625,0.12580767544764926,36.266,0.798,11.385,69.9,42,Qwen2.5-14B-Instruct-Q4_K_M,llama.cpp,finegrained_gpu_emc
2026-05-22T12:28:45.911344,GPU1224_CPU1036,1224,1036,3199,1224,3199,p1024_o128,1024,128,decode,0,171.90644796937704,172.4430908500327,22072.667293949053,128,5.799027289968241,1066.02,48.455,49.463,8.32828125,0.12007279413144219,36.249,0.798,11.409,70.1,44,Qwen2.5-14B-Instruct-Q4_K_M,llama.cpp,finegrained_gpu_emc
2026-05-22T12:29:09.215881,GPU1224_CPU1036,1224,1036,3199,1224,3199,p1024_o128,1024,128,decode,1,172.6729969959706,175.69588007053403,22486.536312964745,128,5.692295079086985,1060.412,48.201,49.463,8.28446875,0.12070780036438666,36.049,0.798,11.354,70.3,44,Qwen2.5-14B-Instruct-Q4_K_M,llama.cpp,finegrained_gpu_emc
2026-05-22T12:29:32.587691,GPU1224_CPU1036,1224,1036,3199,1224,3199,p1024_o128,1024,128,decode,2,164.99016503803432,176.29975532218228,22555.554309976287,128,5.674877160672828,1083.074,48.137,48.963,8.461515625,0.11818213713929057,36.02,0.78,11.336,70.5,45,Qwen2.5-14B-Instruct-Q4_K_M,llama.cpp,finegrained_gpu_emc
2026-05-22T12:30:13.704754,GPU1224_CPU1036,1224,1036,3199,1224,3199,p128_o256,128,256,decode,0,168.70620206464082,157.35626489782305,40295.5147450557,256,6.353064394875648,1918.856,48.579,50.76,7.49553125,0.1334128251416469,36.394,0.803,11.382,70.8,79,Qwen2.5-14B-Instruct-Q4_K_M,llama.cpp,finegrained_gpu_emc
2026-05-22T12:30:58.414567,GPU1224_CPU1036,1224,1036,3199,1224,3199,p128_o256,128,256,decode,1,178.85612102691084,171.40016582767095,43886.906855972484,256,5.8331748200012745,2071.997,48.186,50.361,8.09373828125,0.12355230244059234,36.045,0.817,11.325,71.0,86,Qwen2.5-14B-Instruct-Q4_K_M,llama.cpp,finegrained_gpu_emc
2026-05-22T12:31:43.079516,GPU1224_CPU1036,1224,1036,3199,1224,3199,p128_o256,128,256,decode,2,179.56943600438535,171.22341057230884,43842.48658490833,256,5.839084868149826,2068.204,48.098,50.361,8.078921875,0.12377889221759554,35.997,0.803,11.298,71.2,86,Qwen2.5-14B-Instruct-Q4_K_M,llama.cpp,finegrained_gpu_emc
2026-05-22T12:33:10.622417,GPU1224_CPU1036,1224,1036,3199,1224,3199,p1024_o512,1024,512,decode,0,178.77681204117835,169.9935772356967,86707.43228297215,510,5.881848724750615,4096.426,48.478,50.76,8.032207843137256,0.12449877039155595,36.292,0.798,11.388,71.6,169,Qwen2.5-14B-Instruct-Q4_K_M,llama.cpp,finegrained_gpu_emc
2026-05-22T12:34:39.399398,GPU1224_CPU1036,1224,1036,3199,1224,3199,p1024_o512,1024,512,decode,1,179.8165049403906,171.74035888652767,87941.08809996396,512,5.822079429106015,4158.425,48.354,50.861,8.121923828125,0.12312353835887385,36.19,0.798,11.365,71.7,172,Qwen2.5-14B-Instruct-Q4_K_M,llama.cpp,finegrained_gpu_emc
2026-05-22T12:36:09.472718,GPU1224_CPU1036,1224,1036,3199,1224,3199,p1024_o512,1024,512,decode,2,179.25380100496113,174.2779312075759,89237.24599904381,512,5.737514580016131,4212.942,48.425,50.76,8.22840234375,0.12153027504295098,36.288,0.798,11.339,71.7,174,Qwen2.5-14B-Instruct-Q4_K_M,llama.cpp,finegrained_gpu_emc
2026-05-22T12:36:21.013252,GPU1224_CPU1036,1224,1036,3199,1224,3199,p128_o64,128,64,mixed,0,438.1360529223457,163.31995388914254,10727.560256957076,64,5.965941786110639,526.668,47.879,50.261,8.2291875,0.12151867969954507,35.809,0.816,11.253,71.7,22,Qwen2.5-14B-Instruct-Q4_K_M,llama.cpp,finegrained_gpu_emc
2026-05-22T12:36:32.856368,GPU1224_CPU1036,1224,1036,3199,1224,3199,p128_o64,128,64,mixed,1,173.6607929924503,172.32347409506994,11030.3356340155,64,5.802180651931925,534.945,48.631,49.362,8.358515625,0.11963846750600528,36.425,0.798,11.408,71.7,22,Qwen2.5-14B-Instruct-Q4_K_M,llama.cpp,finegrained_gpu_emc
2026-05-22T12:36:44.689972,GPU1224_CPU1036,1224,1036,3199,1224,3199,p128_o64,128,64,mixed,2,171.66258103679866,172.20491441225425,11020.839042030275,64,5.807180356769808,535.681,48.698,49.862,8.370015625,0.11947408999012471,36.46,0.798,11.44,71.7,22,Qwen2.5-14B-Instruct-Q4_K_M,llama.cpp,finegrained_gpu_emc
2026-05-22T12:37:09.626188,GPU1224_CPU1036,1224,1036,3199,1224,3199,p512_o128,512,128,mixed,0,1418.613918009214,178.7437281972824,24119.569487986155,128,5.306894058111452,1161.658,48.402,50.361,9.075453125,0.11018733568743985,36.362,0.798,11.243,71.7,48,Qwen2.5-14B-Instruct-Q4_K_M,llama.cpp,finegrained_gpu_emc
2026-05-22T12:37:33.355747,GPU1224_CPU1036,1224,1036,3199,1224,3199,p512_o128,512,128,mixed,1,183.75845602713525,178.96781920448063,22913.186255958863,128,5.586302951066528,1096.605,48.738,50.261,8.5672265625,0.11672388872930545,36.62,0.798,11.32,71.7,45,Qwen2.5-14B-Instruct-Q4_K_M,llama.cpp,finegrained_gpu_emc
2026-05-22T12:37:56.046979,GPU1224_CPU1036,1224,1036,3199,1224,3199,p512_o128,512,128,mixed,2,183.82659798953682,170.7928576699172,21875.020649982616,128,5.851423047689864,1051.784,48.92,50.16,8.2170625,0.12169799122253237,36.757,0.798,11.365,71.8,43,Qwen2.5-14B-Instruct-Q4_K_M,llama.cpp,finegrained_gpu_emc
2026-05-22T12:38:20.831563,GPU1224_CPU1036,1224,1036,3199,1224,3199,p1024_o128,1024,128,mixed,0,1937.3115339549258,173.46639344083718,23968.059220933355,128,5.340440743245772,1155.58,49.174,49.862,9.02796875,0.11076688762353105,36.964,0.832,11.377,71.9,47,Qwen2.5-14B-Instruct-Q4_K_M,llama.cpp,finegrained_gpu_emc
2026-05-22T12:38:43.855293,GPU1224_CPU1036,1224,1036,3199,1224,3199,p1024_o128,1024,128,mixed,1,183.42560110613704,173.41351940105926,22207.460525096394,128,5.763828775259948,1088.204,49.464,50.361,8.50159375,0.11762500413525406,37.159,0.798,11.507,71.9,44,Qwen2.5-14B-Instruct-Q4_K_M,llama.cpp,finegrained_gpu_emc
2026-05-22T12:39:06.992880,GPU1224_CPU1036,1224,1036,3199,1224,3199,p1024_o128,1024,128,mixed,2,180.84559007547796,174.32990147985194,22321.2687500054,128,5.734441058596592,1086.45,49.384,50.261,8.487890625,0.1178149017442128,37.075,0.798,11.511,72.0,44,Qwen2.5-14B-Instruct-Q4_K_M,llama.cpp,finegrained_gpu_emc
2026-05-22T12:40:03.531961,GPU1224_CPU1036,1224,1036,3199,1224,3199,p128_o256,128,256,mixed,0,178.10388805810362,217.77806162706338,55712.48689701315,256,4.595020151823893,2132.968,39.137,51.659,8.33190625,0.12002055351979027,28.128,0.776,10.233,70.8,109,Qwen2.5-14B-Instruct-Q4_K_M,llama.cpp,finegrained_gpu_emc
2026-05-22T12:41:12.254599,GPU1224_CPU1036,1224,1036,3199,1224,3199,p128_o256,128,256,mixed,1,288.2752330042422,265.1148575412876,67893.53367802687,256,3.7706094547094122,2445.088,36.768,38.99,9.551125,0.10469970814956353,26.065,0.768,9.935,69.2,133,Qwen2.5-14B-Instruct-Q4_K_M,llama.cpp,finegrained_gpu_emc
2026-05-22T12:42:20.091989,GPU1224_CPU1036,1224,1036,3199,1224,3199,p128_o256,128,256,mixed,2,286.2319969572127,260.3770877102244,66683.3754220279,256,3.8390378168444377,2034.058,36.65,38.878,7.9455390625,0.12585678481144588,25.965,0.762,9.923,68.4,111,Qwen2.5-14B-Instruct-Q4_K_M,llama.cpp,finegrained_gpu_emc
2026-05-22T12:44:44.281726,GPU1224_CPU1036,1224,1036,3199,1224,3199,p1024_o512,1024,512,mixed,0,4137.452922062948,272.41364731307556,143342.80697302893,512,3.5718569407974328,4606.728,36.561,38.89,8.997515625,0.11114179087630092,25.931,0.755,9.875,67.7,252,Qwen2.5-14B-Instruct-Q4_K_M,llama.cpp,finegrained_gpu_emc
2026-05-22T12:47:05.794249,GPU1224_CPU1036,1224,1036,3199,1224,3199,p1024_o512,1024,512,mixed,1,292.9816390387714,274.69152639325665,140662.38780296408,512,3.639921147344628,4945.968,36.234,38.59,9.66009375,0.1035186640916399,25.638,0.703,9.893,67.2,273,Qwen2.5-14B-Instruct-Q4_K_M,llama.cpp,finegrained_gpu_emc
2026-05-22T12:49:29.101725,GPU1224_CPU1036,1224,1036,3199,1224,3199,p1024_o512,1024,512,mixed,2,291.6333769680932,278.20542469664446,142456.55401796103,512,3.5940782333921026,5010.858,36.179,38.091,9.78683203125,0.10217811001628863,25.625,0.704,9.85,66.8,277,Qwen2.5-14B-Instruct-Q4_K_M,llama.cpp,finegrained_gpu_emc
2026-05-22T12:49:54.765770,GPU1300_CPU1036,1300,1036,3199,1300,3199,p128_o64,128,64,decode,0,169.25731906667352,153.66851136509683,9850.635009002872,64,6.497043078086636,490.974,49.097,51.159,7.67146875,0.1303531347892149,36.91,0.778,11.409,68.0,20,Qwen2.5-14B-Instruct-Q4_K_M,llama.cpp,finegrained_gpu_emc
2026-05-22T12:50:06.497023,GPU1300_CPU1036,1300,1036,3199,1300,3199,p128_o64,128,64,decode,1,161.1711080186069,170.74549265043248,10918.399770976976,64,5.861664835731995,538.642,48.968,50.261,8.41628125,0.11881732208034278,36.856,0.689,11.422,68.4,22,Qwen2.5-14B-Instruct-Q4_K_M,llama.cpp,finegrained_gpu_emc
2026-05-22T12:50:17.230553,GPU1300_CPU1036,1300,1036,3199,1300,3199,p128_o64,128,64,decode,2,170.82136997487396,154.7606413341349,9920.999950962141,64,6.450962636462191,493.44,49.344,51.144,7.71,0.1297016861219196,37.102,0.778,11.464,68.8,20,Qwen2.5-14B-Instruct-Q4_K_M,llama.cpp,finegrained_gpu_emc
2026-05-22T12:50:39.898091,GPU1300_CPU1036,1300,1036,3199,1300,3199,p512_o128,512,128,decode,0,170.2434669714421,170.71485933096068,21851.517228991725,128,5.8577168193234055,1056.788,49.153,50.361,8.25615625,0.12112173870255907,36.906,0.798,11.449,69.2,43,Qwen2.5-14B-Instruct-Q4_K_M,llama.cpp,finegrained_gpu_emc
2026-05-22T12:51:02.716212,GPU1300_CPU1036,1300,1036,3199,1300,3199,p512_o128,512,128,decode,1,164.30526203475893,171.94626274826666,22001.965082017705,128,5.817662173485354,1048.67,48.775,50.261,8.192734375,0.12205937044065339,36.563,0.798,11.414,69.6,43,Qwen2.5-14B-Instruct-Q4_K_M,llama.cpp,finegrained_gpu_emc
2026-05-22T12:51:25.983357,GPU1300_CPU1036,1300,1036,3199,1300,3199,p512_o128,512,128,decode,2,176.30419693887234,175.38789306367622,22451.054106932133,128,5.701291324244677,1066.374,48.472,48.963,8.331046875,0.1200329340362762,36.324,0.789,11.358,70.0,44,Qwen2.5-14B-Instruct-Q4_K_M,llama.cpp,finegrained_gpu_emc
2026-05-22T12:51:47.819331,GPU1300_CPU1036,1300,1036,3199,1300,3199,p1024_o128,1024,128,decode,0,161.8263249984011,164.23670665404987,21020.424073096365,128,6.089315779495844,996.754,48.622,51.059,7.787140625,0.12841684106610057,36.458,0.798,11.366,70.2,41,Qwen2.5-14B-Instruct-Q4_K_M,llama.cpp,finegrained_gpu_emc
2026-05-22T12:52:08.531898,GPU1300_CPU1036,1300,1036,3199,1300,3199,p1024_o128,1024,128,decode,1,172.28281998541206,155.30992163011555,19897.13685400784,128,6.433086375149358,955.942,49.023,50.76,7.468296875,0.1338993369890642,36.768,0.788,11.467,70.5,39,Qwen2.5-14B-Instruct-Q4_K_M,llama.cpp,finegrained_gpu_emc
2026-05-22T12:52:30.637246,GPU1300_CPU1036,1300,1036,3199,1300,3199,p1024_o128,1024,128,decode,2,172.33745998237282,166.27246459055047,21289.428849937394,128,6.012373601106561,1017.147,48.436,51.144,7.9464609375,0.1258421840697559,36.372,0.798,11.265,70.6,42,Qwen2.5-14B-Instruct-Q4_K_M,llama.cpp,finegrained_gpu_emc
2026-05-22T12:53:14.197657,GPU1300_CPU1036,1300,1036,3199,1300,3199,p128_o256,128,256,decode,0,171.5950049692765,166.92404049795633,42738.23209002148,256,5.989952964380359,2054.776,48.923,51.26,8.02646875,0.12458778961794377,36.752,0.798,11.373,70.9,84,Qwen2.5-14B-Instruct-Q4_K_M,llama.cpp,finegrained_gpu_emc
2026-05-22T12:53:57.039280,GPU1300_CPU1036,1300,1036,3199,1300,3199,p128_o256,128,256,decode,1,178.24246606323868,164.0812024980893,42019.91778006777,256,6.092348903201188,2023.195,49.346,51.543,7.90310546875,0.1265325388803353,37.129,0.803,11.414,71.2,82,Qwen2.5-14B-Instruct-Q4_K_M,llama.cpp,finegrained_gpu_emc
2026-05-22T12:54:39.680068,GPU1300_CPU1036,1300,1036,3199,1300,3199,p128_o256,128,256,decode,2,177.84425697755069,163.29501435279334,41819.02834598441,256,6.12161521023436,2010.566,49.644,51.558,7.8537734375,0.12732732971710453,37.322,0.798,11.524,71.6,81,Qwen2.5-14B-Instruct-Q4_K_M,llama.cpp,finegrained_gpu_emc
2026-05-22T12:56:07.835708,GPU1300_CPU1036,1300,1036,3199,1300,3199,p1024_o512,1024,512,decode,0,179.13262092042714,170.52737829560658,87320.57248894125,512,5.863452167183655,4208.774,49.225,51.26,8.22026171875,0.12165062795008712,37.016,0.798,11.412,71.8,171,Qwen2.5-14B-Instruct-Q4_K_M,llama.cpp,finegrained_gpu_emc
2026-05-22T12:57:36.963554,GPU1300_CPU1036,1300,1036,3199,1300,3199,p1024_o512,1024,512,decode,1,178.50828100927174,172.4306363031476,88292.55353694316,512,5.7989035257177175,4234.964,49.244,51.558,8.2714140625,0.12089831224067075,37.055,0.798,11.391,71.9,172,Qwen2.5-14B-Instruct-Q4_K_M,llama.cpp,finegrained_gpu_emc
2026-05-22T12:59:05.830280,GPU1300_CPU1036,1300,1036,3199,1300,3199,p1024_o512,1024,512,decode,2,179.49578596744686,171.91666865164555,88030.86008597165,512,5.816142197179223,4233.092,49.51,51.26,8.2677578125,0.12095177709343431,37.239,0.798,11.472,72.1,171,Qwen2.5-14B-Instruct-Q4_K_M,llama.cpp,finegrained_gpu_emc
2026-05-22T12:59:17.862661,GPU1300_CPU1036,1300,1036,3199,1300,3199,p128_o64,128,64,mixed,0,426.05264706071466,171.31776609531943,11219.337543006986,64,5.704436626019083,543.666,49.424,49.761,8.49478125,0.11771933503290623,37.126,0.798,11.5,72.1,22,Qwen2.5-14B-Instruct-Q4_K_M,llama.cpp,finegrained_gpu_emc
2026-05-22T12:59:29.641815,GPU1300_CPU1036,1300,1036,3199,1300,3199,p128_o64,128,64,mixed,1,169.49191701132804,171.37238638113357,10966.216290020384,64,5.836105937308759,547.422,49.766,50.76,8.55346875,0.1169116330728396,37.436,0.798,11.532,72.2,22,Qwen2.5-14B-Instruct-Q4_K_M,llama.cpp,finegrained_gpu_emc
2026-05-22T12:59:41.478871,GPU1300_CPU1036,1300,1036,3199,1300,3199,p128_o64,128,64,mixed,2,169.37264089938253,172.29595504856357,11024.282448925078,64,5.805366498591509,547.229,49.748,50.76,8.550453125,0.11695286616754594,37.436,0.798,11.514,72.2,22,Qwen2.5-14B-Instruct-Q4_K_M,llama.cpp,finegrained_gpu_emc
2026-05-22T13:00:05.020338,GPU1300_CPU1036,1300,1036,3199,1300,3199,p512_o128,512,128,mixed,0,1136.1900209449232,169.9885021653173,22725.227938964963,128,5.632506760494559,1106.684,49.186,50.057,8.64596875,0.11566083904709927,37.039,0.798,11.349,72.2,45,Qwen2.5-14B-Instruct-Q4_K_M,llama.cpp,finegrained_gpu_emc
2026-05-22T13:00:28.472954,GPU1300_CPU1036,1300,1036,3199,1300,3199,p512_o128,512,128,mixed,1,181.78224004805088,176.80369281048675,22636.355226044543,128,5.654620574814447,1100.29,48.902,50.361,8.596015625,0.11633296676330786,36.701,0.798,11.403,72.2,45,Qwen2.5-14B-Instruct-Q4_K_M,llama.cpp,finegrained_gpu_emc
2026-05-22T13:00:51.999860,GPU1300_CPU1036,1300,1036,3199,1300,3199,p512_o128,512,128,mixed,2,182.75609891861677,177.3783625195199,22710.319849895313,128,5.636204194657789,1097.346,48.771,49.862,8.573015625,0.11664506910309055,36.586,0.789,11.396,72.1,45,Qwen2.5-14B-Instruct-Q4_K_M,llama.cpp,finegrained_gpu_emc
2026-05-22T13:01:13.527205,GPU1300_CPU1036,1300,1036,3199,1300,3199,p1024_o128,1024,128,mixed,0,1920.7327399635687,147.95572696048328,20711.64766291622,128,6.180097406213672,1006.67,49.106,51.659,7.864609375,0.1271518968480237,36.934,0.798,11.373,72.2,41,Qwen2.5-14B-Instruct-Q4_K_M,llama.cpp,finegrained_gpu_emc
2026-05-22T13:01:42.461081,GPU1300_CPU1036,1300,1036,3199,1300,3199,p1024_o128,1024,128,mixed,1,87.8535620868206,220.69166990558023,28116.21419910807,128,4.552533249802192,1094.509,39.8,42.174,8.5508515625,0.11694741660415767,28.623,0.798,10.38,71.2,55,Qwen2.5-14B-Instruct-Q4_K_M,llama.cpp,finegrained_gpu_emc
2026-05-22T13:02:11.382329,GPU1300_CPU1036,1300,1036,3199,1300,3199,p1024_o128,1024,128,mixed,2,249.10178699065,221.0604541432408,28103.229889064096,127,4.519053521653038,1101.288,40.047,42.275,8.671559055118111,0.11531951678398385,28.803,0.791,10.453,70.6,55,Qwen2.5-14B-Instruct-Q4_K_M,llama.cpp,finegrained_gpu_emc
2026-05-22T13:03:10.994044,GPU1300_CPU1036,1300,1036,3199,1300,3199,p128_o256,128,256,mixed,0,245.7504509948194,229.55861151784512,58784.17459502816,256,4.354913576036703,2278.478,39.626,42.275,8.9003046875,0.11235570411476432,28.453,0.798,10.375,70.0,115,Qwen2.5-14B-Instruct-Q4_K_M,llama.cpp,finegrained_gpu_emc
2026-05-22T13:04:10.646399,GPU1300_CPU1036,1300,1036,3199,1300,3199,p128_o256,128,256,mixed,1,245.91541499830782,229.71845963951566,58825.0948790228,256,4.351884183552594,2274.879,39.563,41.775,8.88624609375,0.11253345782347106,28.449,0.77,10.344,69.4,115,Qwen2.5-14B-Instruct-Q4_K_M,llama.cpp,finegrained_gpu_emc
2026-05-22T13:05:10.302411,GPU1300_CPU1036,1300,1036,3199,1300,3199,p128_o256,128,256,mixed,2,244.0300959860906,229.74100563556468,58828.996516996995,256,4.351595559275534,2274.574,39.558,41.775,8.8850546875,0.11254854755220098,28.424,0.781,10.353,69.0,115,Qwen2.5-14B-Instruct-Q4_K_M,llama.cpp,finegrained_gpu_emc
2026-05-22T13:07:14.226979,GPU1300_CPU1036,1300,1036,3199,1300,3199,p1024_o512,1024,512,mixed,0,3783.553792978637,233.45121451463996,123079.07730701845,512,4.159927188297209,4783.034,39.859,42.174,9.34186328125,0.10704502623230361,28.763,0.771,10.324,68.7,240,Qwen2.5-14B-Instruct-Q4_K_M,llama.cpp,finegrained_gpu_emc
2026-05-22T13:09:14.533666,GPU1300_CPU1036,1300,1036,3199,1300,3199,p1024_o512,1024,512,mixed,1,249.53744793310761,233.28926330733017,119462.31973601971,512,4.285870231980973,4652.756,39.938,42.674,9.0874140625,0.1100423061084656,28.827,0.75,10.361,68.4,233,Qwen2.5-14B-Instruct-Q4_K_M,llama.cpp,finegrained_gpu_emc
2026-05-22T13:11:16.880949,GPU1300_CPU1036,1300,1036,3199,1300,3199,p1024_o512,1024,512,mixed,2,249.82997099868953,237.28026259679586,121502.0263689803,512,4.213921490042857,4722.726,39.854,42.573,9.22407421875,0.10841196376838293,28.789,0.756,10.309,68.2,237,Qwen2.5-14B-Instruct-Q4_K_M,llama.cpp,finegrained_gpu_emc
