timestamp,config_name,gpu_freq_mhz,cpu_freq_mhz,emc_freq_mhz,target_gpu_mhz,target_emc_mhz,workload,prompt_length,output_length,phase,repeat,ttft_ms,tpot_ms,total_time_ms,output_tokens,tokens_per_second,total_energy_j,avg_power_w,max_power_w,energy_per_token_j,tokens_per_joule,avg_gpu_soc_w,avg_cpu_cv_w,avg_sys_5v0_w,avg_temp_cpu_c,power_samples,model,runtime,experiment
2026-05-16T01:56:26.514553,GPU306_EMC204_CPU1036,306,1036,204,306,204,p128_o64,128,64,decode,0,82.29417912662029,80.60319156992057,5160.554826958105,64,12.401767280074587,87.274,15.868,16.504,1.36365625,0.7333226390448473,8.419,0.399,7.05,52.1,11,Phi-3-mini-Q4,llama.cpp,finegrained_gpu_emc
2026-05-16T01:56:32.482650,GPU306_EMC204_CPU1036,306,1036,204,306,204,p128_o64,128,64,decode,1,82.36521505750716,80.53702226884309,5156.4645250327885,64,12.411604829103918,86.386,15.707,16.516,1.34978125,0.7408607876276249,8.274,0.399,7.033,52.1,11,Phi-3-mini-Q4,llama.cpp,finegrained_gpu_emc
2026-05-16T01:56:38.450389,GPU306_EMC204_CPU1036,306,1036,204,306,204,p128_o64,128,64,decode,2,82.35666807740927,80.53893591868618,5156.567034078762,64,12.411358094840285,86.29,15.689,16.519,1.34828125,0.7416850156449183,8.275,0.399,7.015,52.2,11,Phi-3-mini-Q4,llama.cpp,finegrained_gpu_emc
2026-05-16T01:56:49.598370,GPU306_EMC204_CPU1036,306,1036,204,306,204,p512_o128,512,128,decode,0,82.1822031866759,80.72811676240636,10335.156574146822,128,12.384911547464053,168.853,16.081,16.516,1.3191640625,0.7580558237046424,8.535,0.399,7.147,52.4,21,Phi-3-mini-Q4,llama.cpp,finegrained_gpu_emc
2026-05-16T01:57:00.733730,GPU306_EMC204_CPU1036,306,1036,204,306,204,p512_o128,512,128,decode,1,82.41515280678868,80.62932589898018,10322.846059920266,128,12.39968117871833,169.162,16.111,16.516,1.321578125,0.7566711199914874,8.535,0.399,7.177,52.5,21,Phi-3-mini-Q4,llama.cpp,finegrained_gpu_emc
2026-05-16T01:57:11.875873,GPU306_EMC204_CPU1036,306,1036,204,306,204,p512_o128,512,128,decode,2,82.34397997148335,80.68016129105872,10329.196454025805,128,12.392057849777075,168.912,16.087,16.516,1.319625,0.7577910391209624,8.516,0.399,7.172,52.6,21,Phi-3-mini-Q4,llama.cpp,finegrained_gpu_emc
2026-05-16T01:57:23.022368,GPU306_EMC204_CPU1036,306,1036,204,306,204,p1024_o128,1024,128,decode,0,82.60124898515642,80.7143269055413,10333.791540004313,128,12.386547522705937,169.148,16.109,16.516,1.32146875,0.7567337479603661,8.535,0.399,7.175,52.6,21,Phi-3-mini-Q4,llama.cpp,finegrained_gpu_emc
2026-05-16T01:57:34.167719,GPU306_EMC204_CPU1036,306,1036,204,306,204,p1024_o128,1024,128,decode,1,82.4883182067424,80.7046099752921,10332.453167065978,128,12.388151964529747,168.911,16.087,16.516,1.3196171875,0.7577955254542333,8.535,0.399,7.153,52.7,21,Phi-3-mini-Q4,llama.cpp,finegrained_gpu_emc
2026-05-16T01:57:45.319748,GPU306_EMC204_CPU1036,306,1036,204,306,204,p1024_o128,1024,128,decode,2,82.54447090439498,80.7586705906126,10339.373033959419,128,12.379860904484936,168.964,16.092,16.516,1.32003125,0.7575578229682063,8.535,0.399,7.157,52.8,21,Phi-3-mini-Q4,llama.cpp,finegrained_gpu_emc
2026-05-16T01:58:06.962097,GPU306_EMC204_CPU1036,306,1036,204,306,204,p128_o256,128,256,decode,0,82.7411338686943,81.34397280804228,20826.400867896155,256,12.292090295573988,335.382,16.36,16.516,1.3100859375,0.7633087047009082,8.694,0.399,7.267,52.9,41,Phi-3-mini-Q4,llama.cpp,finegrained_gpu_emc
2026-05-16T01:58:28.671661,GPU306_EMC204_CPU1036,306,1036,204,306,204,p128_o256,128,256,decode,1,88.81910587660968,81.58460014554508,20893.942456925288,256,12.252354984118803,333.46,16.266,16.516,1.302578125,0.7677082708570744,8.636,0.399,7.231,53.0,41,Phi-3-mini-Q4,llama.cpp,finegrained_gpu_emc
2026-05-16T01:58:50.369623,GPU306_EMC204_CPU1036,306,1036,204,306,204,p128_o256,128,256,decode,2,88.23555591516197,81.541399043236,20882.27097899653,256,12.259203046329866,335.282,16.355,16.519,1.3096953125,0.7635363664020138,8.695,0.399,7.261,53.1,41,Phi-3-mini-Q4,llama.cpp,finegrained_gpu_emc
2026-05-16T01:59:35.259022,GPU306_EMC204_CPU1036,306,1036,204,306,204,p1024_o512,1024,512,decode,0,88.87239592149854,86.0586387420587,44066.7225769721,512,11.618744713897904,701.916,16.324,16.604,1.3709296875,0.7294320118076806,8.736,0.399,7.189,53.2,86,Phi-3-mini-Q4,llama.cpp,finegrained_gpu_emc
2026-05-16T02:00:12.961321,GPU306_EMC204_CPU1036,306,1036,204,306,204,p1024_o512,1024,512,decode,1,89.84329900704324,85.15343936851676,36881.78581092507,432,11.713098769529582,588.2,16.339,16.516,1.3615740740740743,0.7344440666439985,8.732,0.399,7.208,53.3,72,Phi-3-mini-Q4,llama.cpp,finegrained_gpu_emc
2026-05-16T02:00:57.816350,GPU306_EMC204_CPU1036,306,1036,204,306,204,p1024_o512,1024,512,decode,2,88.52852787822485,85.9922998336029,44032.518308842555,512,11.627770104104648,702.692,16.342,16.516,1.3724453125,0.7286264821571897,8.741,0.399,7.202,53.4,86,Phi-3-mini-Q4,llama.cpp,finegrained_gpu_emc
2026-05-16T02:01:13.267128,GPU306_EMC665_CPU1036,306,1036,665,306,665,p128_o64,128,64,decode,0,82.40762003697455,80.65055052395023,5163.646441185847,64,12.39434200791296,87.63,15.933,16.516,1.36921875,0.7303434896724866,8.419,0.399,7.114,53.4,11,Phi-3-mini-Q4,llama.cpp,finegrained_gpu_emc
2026-05-16T02:01:19.243650,GPU306_EMC665_CPU1036,306,1036,665,306,665,p128_o64,128,64,decode,1,82.86460000090301,80.66802939754866,5165.1999820023775,64,12.390614152985673,86.624,15.75,16.504,1.3535,0.7388252678241596,8.311,0.399,7.04,53.3,11,Phi-3-mini-Q4,llama.cpp,finegrained_gpu_emc
2026-05-16T02:01:25.211224,GPU306_EMC665_CPU1036,306,1036,665,306,665,p128_o64,128,64,decode,2,82.50156603753567,80.53214331748822,5156.274812994525,64,12.412061482586452,86.624,15.75,16.504,1.3535,0.7388252678241596,8.311,0.399,7.04,53.4,11,Phi-3-mini-Q4,llama.cpp,finegrained_gpu_emc
2026-05-16T02:01:36.364827,GPU306_EMC665_CPU1036,306,1036,665,306,665,p512_o128,512,128,decode,0,82.4096619617194,80.76914501611114,10340.56822094135,128,12.37843001130044,169.126,16.107,16.519,1.321296875,0.7568321842886369,8.536,0.399,7.172,53.4,21,Phi-3-mini-Q4,llama.cpp,finegrained_gpu_emc
2026-05-16T02:01:47.520301,GPU306_EMC665_CPU1036,306,1036,665,306,665,p512_o128,512,128,decode,1,83.13735504634678,80.77844084189164,10342.486690962687,128,12.376133885852326,169.248,16.119,16.519,1.32225,0.7562866326337683,8.536,0.399,7.184,53.5,21,Phi-3-mini-Q4,llama.cpp,finegrained_gpu_emc
2026-05-16T02:01:58.667708,GPU306_EMC665_CPU1036,306,1036,665,306,665,p512_o128,512,128,decode,2,82.56203611381352,80.72163024367251,10334.687242051587,128,12.385473986979612,169.177,16.112,16.519,1.3216953125,0.7566040300986541,8.536,0.399,7.177,53.5,21,Phi-3-mini-Q4,llama.cpp,finegrained_gpu_emc
2026-05-16T02:02:09.817078,GPU306_EMC665_CPU1036,306,1036,665,306,665,p1024_o128,1024,128,decode,0,82.54718501120806,80.73548473212428,10336.434503085911,128,12.38338035826435,169.18,16.112,16.516,1.32171875,0.7565906135477006,8.535,0.399,7.178,53.5,21,Phi-3-mini-Q4,llama.cpp,finegrained_gpu_emc
2026-05-16T02:02:20.962960,GPU306_EMC665_CPU1036,306,1036,665,306,665,p1024_o128,1024,128,decode,1,82.47796702198684,80.70986653406788,10333.107006037608,128,12.387368090276228,169.226,16.117,16.519,1.322078125,0.7563849526668479,8.535,0.399,7.183,53.5,21,Phi-3-mini-Q4,llama.cpp,finegrained_gpu_emc
2026-05-16T02:02:32.109405,GPU306_EMC665_CPU1036,306,1036,665,306,665,p1024_o128,1024,128,decode,2,82.55111495964229,80.71284895161475,10333.555369870737,128,12.386830613324634,169.206,16.115,16.519,1.321921875,0.756474356701299,8.536,0.399,7.179,53.5,21,Phi-3-mini-Q4,llama.cpp,finegrained_gpu_emc
2026-05-16T02:02:53.769838,GPU306_EMC665_CPU1036,306,1036,665,306,665,p128_o256,128,256,decode,0,82.50237605534494,81.4149546117394,20844.29501206614,256,12.28153793888492,337.117,16.445,17.507,1.31686328125,0.7593802745041038,8.705,0.457,7.282,53.6,41,Phi-3-mini-Q4,llama.cpp,finegrained_gpu_emc
2026-05-16T02:03:15.488760,GPU306_EMC665_CPU1036,306,1036,665,306,665,p128_o256,128,256,decode,1,88.53311510756612,81.62157669407772,20902.985519031063,256,12.247054362972483,335.516,16.367,16.519,1.310609375,0.7630038507850594,8.695,0.399,7.273,53.6,41,Phi-3-mini-Q4,llama.cpp,finegrained_gpu_emc
2026-05-16T02:03:37.204056,GPU306_EMC665_CPU1036,306,1036,665,306,665,p128_o256,128,256,decode,2,88.34796119481325,81.60908825458118,20899.59261310287,256,12.249042588490573,335.512,16.366,16.519,1.31059375,0.7630129473759508,8.695,0.399,7.272,53.7,41,Phi-3-mini-Q4,llama.cpp,finegrained_gpu_emc
2026-05-16T02:04:22.091265,GPU306_EMC665_CPU1036,306,1036,665,306,665,p1024_o512,1024,512,decode,0,88.93987815827131,86.05423233236702,44064.531597075984,512,11.619322421981108,706.02,16.419,17.903,1.3789453125,0.7251919209087562,8.741,0.459,7.219,53.7,86,Phi-3-mini-Q4,llama.cpp,finegrained_gpu_emc
2026-05-16T02:05:06.926336,GPU306_EMC665_CPU1036,306,1036,665,306,665,p1024_o512,1024,512,decode,1,89.49902188032866,85.95142564180429,44012.555945897475,512,11.633044002929006,703.532,16.361,16.903,1.3740859375,0.727756519959291,8.741,0.399,7.221,53.7,86,Phi-3-mini-Q4,llama.cpp,finegrained_gpu_emc
2026-05-16T02:05:51.754852,GPU306_EMC665_CPU1036,306,1036,665,306,665,p1024_o512,1024,512,decode,2,88.34409294649959,85.94016681804364,44005.66398212686,512,11.634865916531826,703.523,16.361,16.604,1.374068359375,0.7277658299728651,8.741,0.399,7.221,53.7,86,Phi-3-mini-Q4,llama.cpp,finegrained_gpu_emc
2026-05-16T02:06:07.190009,GPU306_EMC2133_CPU1036,306,1036,2133,306,2133,p128_o64,128,64,decode,0,82.43330707773566,80.53226214242241,5156.2219760380685,64,12.412188671748426,87.655,15.937,16.519,1.369609375,0.7301351890936056,8.42,0.399,7.119,53.6,11,Phi-3-mini-Q4,llama.cpp,finegrained_gpu_emc
2026-05-16T02:06:13.160321,GPU306_EMC2133_CPU1036,306,1036,2133,306,2133,p128_o64,128,64,decode,1,82.33318012207747,80.57872096579226,5159.049459034577,64,12.405386013100259,86.448,15.718,16.516,1.35075,0.7403294466037387,8.274,0.399,7.045,53.6,11,Phi-3-mini-Q4,llama.cpp,finegrained_gpu_emc
2026-05-16T02:06:19.130313,GPU306_EMC2133_CPU1036,306,1036,2133,306,2133,p128_o64,128,64,decode,2,82.11926417425275,80.5777314909926,5158.771126065403,64,12.406055325197732,86.4,15.709,16.519,1.35,0.7407407407407407,8.274,0.399,7.036,53.6,11,Phi-3-mini-Q4,llama.cpp,finegrained_gpu_emc
2026-05-16T02:06:30.269296,GPU306_EMC2133_CPU1036,306,1036,2133,306,2133,p512_o128,512,128,decode,0,82.10703893564641,80.6416370795937,10324.085016967729,128,12.39819313669258,162.546,16.255,16.519,1.269890625,0.787469393279441,8.625,0.399,7.231,53.7,20,Phi-3-mini-Q4,llama.cpp,finegrained_gpu_emc
2026-05-16T02:06:41.410749,GPU306_EMC2133_CPU1036,306,1036,2133,306,2133,p512_o128,512,128,decode,1,82.14457193389535,80.67831188242324,10328.771034022793,128,12.392568252154126,169.498,16.143,16.619,1.324203125,0.755171152461976,8.536,0.399,7.208,53.7,21,Phi-3-mini-Q4,llama.cpp,finegrained_gpu_emc
2026-05-16T02:06:52.560168,GPU306_EMC2133_CPU1036,306,1036,2133,306,2133,p512_o128,512,128,decode,2,82.47742708772421,80.73545542479617,10336.358111118898,128,12.38347187896958,169.221,16.116,16.519,1.3220390625,0.7564073016942342,8.536,0.399,7.181,53.7,21,Phi-3-mini-Q4,llama.cpp,finegrained_gpu_emc
2026-05-16T02:07:03.700665,GPU306_EMC2133_CPU1036,306,1036,2133,306,2133,p1024_o128,1024,128,decode,0,82.32785994186997,80.66783841758028,10327.620991971344,128,12.393948238370362,169.227,16.117,16.519,1.3220859375,0.7563804830198491,8.536,0.399,7.182,53.7,21,Phi-3-mini-Q4,llama.cpp,finegrained_gpu_emc
2026-05-16T02:07:14.843963,GPU306_EMC2133_CPU1036,306,1036,2133,306,2133,p1024_o128,1024,128,decode,1,82.36136101186275,80.6876305824395,10330.166050000116,128,12.390894723323306,169.632,16.155,16.915,1.32525,0.7545746085644218,8.573,0.399,7.183,53.7,21,Phi-3-mini-Q4,llama.cpp,finegrained_gpu_emc
2026-05-16T02:07:25.982468,GPU306_EMC2133_CPU1036,306,1036,2133,306,2133,p1024_o128,1024,128,decode,2,82.24737807177007,80.6565769676735,10326.11664198339,128,12.395753838338823,169.645,16.157,16.619,1.3253515625,0.7545167850511362,8.554,0.399,7.203,53.8,21,Phi-3-mini-Q4,llama.cpp,finegrained_gpu_emc
2026-05-16T02:07:47.622526,GPU306_EMC2133_CPU1036,306,1036,2133,306,2133,p128_o256,128,256,decode,0,82.02162105590105,81.33850701555025,20824.271128047258,256,12.293347432228027,335.513,16.366,16.519,1.31059765625,0.7630106732078936,8.696,0.399,7.271,53.8,41,Phi-3-mini-Q4,llama.cpp,finegrained_gpu_emc
2026-05-16T02:08:09.350566,GPU306_EMC2133_CPU1036,306,1036,2133,306,2133,p128_o256,128,256,decode,1,88.20749097503722,81.6597827646297,20912.385450908914,256,12.24154942060297,335.612,16.371,16.519,1.310984375,0.7627855976544342,8.697,0.399,7.276,53.8,41,Phi-3-mini-Q4,llama.cpp,finegrained_gpu_emc
2026-05-16T02:08:31.065362,GPU306_EMC2133_CPU1036,306,1036,2133,306,2133,p128_o256,128,256,decode,2,88.57061481103301,81.60548724380195,20898.940943880007,256,12.24942453722596,333.913,16.288,16.907,1.30434765625,0.7666667664930685,8.647,0.399,7.243,53.7,41,Phi-3-mini-Q4,llama.cpp,finegrained_gpu_emc
2026-05-16T02:09:15.691601,GPU306_EMC2133_CPU1036,306,1036,2133,306,2133,p1024_o512,1024,512,decode,0,88.54280388914049,86.05832023283419,43803.58735797927,508,11.597223666829713,701.944,16.324,16.604,1.381779527559055,0.7237044550562438,8.717,0.399,7.208,53.8,86,Phi-3-mini-Q4,llama.cpp,finegrained_gpu_emc
2026-05-16T02:09:48.481938,GPU306_EMC2133_CPU1036,306,1036,2133,306,2133,p1024_o512,1024,512,decode,1,88.0816571880132,84.32964844794682,31971.05165407993,378,11.823195686206406,513.641,16.306,16.519,1.3588386243386243,0.7359225606990096,8.694,0.399,7.213,53.8,63,Phi-3-mini-Q4,llama.cpp,finegrained_gpu_emc
2026-05-16T02:10:33.354990,GPU306_EMC2133_CPU1036,306,1036,2133,306,2133,p1024_o512,1024,512,decode,2,88.08148209936917,86.02907975320932,44050.84123299457,512,11.622933539269308,695.2,16.358,16.607,1.3578125,0.7364787111622554,8.741,0.399,7.218,53.8,85,Phi-3-mini-Q4,llama.cpp,finegrained_gpu_emc
2026-05-16T02:10:48.784061,GPU306_EMC3199_CPU1036,306,1036,3199,306,3199,p128_o64,128,64,decode,0,82.06839393824339,80.62641125630647,5161.785718984902,64,12.398809924365866,87.399,15.891,16.516,1.365609375,0.7322738246433026,8.383,0.399,7.108,53.7,11,Phi-3-mini-Q4,llama.cpp,finegrained_gpu_emc
2026-05-16T02:10:54.754885,GPU306_EMC3199_CPU1036,306,1036,3199,306,3199,p128_o64,128,64,decode,1,82.29840197600424,80.58169979365572,5159.196857130155,64,12.405031591603294,86.638,15.752,16.516,1.35371875,0.7387058796371107,8.311,0.399,7.042,53.6,11,Phi-3-mini-Q4,llama.cpp,finegrained_gpu_emc
2026-05-16T02:11:00.723330,GPU306_EMC3199_CPU1036,306,1036,3199,306,3199,p128_o64,128,64,decode,2,82.04404381103814,80.55534630289509,5157.2851089295,64,12.409629998773621,86.704,15.764,16.604,1.35475,0.7381435689241558,8.311,0.399,7.055,53.6,11,Phi-3-mini-Q4,llama.cpp,finegrained_gpu_emc
2026-05-16T02:11:11.866122,GPU306_EMC3199_CPU1036,306,1036,3199,306,3199,p512_o128,512,128,decode,0,82.0885761640966,80.68614692874546,10329.723010072485,128,12.39142616652814,169.184,16.113,16.519,1.32175,0.7565727255532438,8.535,0.399,7.178,53.7,21,Phi-3-mini-Q4,llama.cpp,finegrained_gpu_emc
2026-05-16T02:11:23.006616,GPU306_EMC3199_CPU1036,306,1036,3199,306,3199,p512_o128,512,128,decode,1,82.52108283340931,80.66875100920461,10327.92597799562,128,12.393582242234608,162.644,16.264,16.616,1.27065625,0.7869949091266816,8.622,0.399,7.243,53.7,20,Phi-3-mini-Q4,llama.cpp,finegrained_gpu_emc
2026-05-16T02:11:34.143895,GPU306_EMC3199_CPU1036,306,1036,3199,306,3199,p512_o128,512,128,decode,2,82.07593392580748,80.64314525933774,10324.243330862373,128,12.398003020460415,169.244,16.118,16.519,1.32221875,0.756304507102172,8.535,0.399,7.184,53.7,21,Phi-3-mini-Q4,llama.cpp,finegrained_gpu_emc
2026-05-16T02:11:45.289120,GPU306_EMC3199_CPU1036,306,1036,3199,306,3199,p1024_o128,1024,128,decode,0,82.30360597372055,80.70662124522441,10332.52310892567,128,12.388068107917242,169.186,16.113,16.516,1.321765625,0.7565637818732046,8.535,0.399,7.179,53.7,21,Phi-3-mini-Q4,llama.cpp,finegrained_gpu_emc
2026-05-16T02:11:56.439317,GPU306_EMC3199_CPU1036,306,1036,3199,306,3199,p1024_o128,1024,128,decode,1,82.43527612648904,80.74443257325805,10337.465649005026,128,12.38214513557488,169.392,16.133,16.915,1.323375,0.7556437139888543,8.554,0.399,7.179,53.7,21,Phi-3-mini-Q4,llama.cpp,finegrained_gpu_emc
2026-05-16T02:12:07.582921,GPU306_EMC3199_CPU1036,306,1036,3199,306,3199,p1024_o128,1024,128,decode,2,82.32895797118545,80.69591035362421,10331.192816840485,128,12.389663252761295,169.494,16.142,16.516,1.324171875,0.7551889742409761,8.554,0.399,7.189,53.7,21,Phi-3-mini-Q4,llama.cpp,finegrained_gpu_emc
2026-05-16T02:12:29.232154,GPU306_EMC3199_CPU1036,306,1036,3199,306,3199,p128_o256,128,256,decode,0,82.37125398591161,81.37235165865836,20833.26821308583,256,12.288038409604923,335.801,16.381,16.519,1.31172265625,0.7623562764851802,8.704,0.399,7.277,53.7,41,Phi-3-mini-Q4,llama.cpp,finegrained_gpu_emc
2026-05-16T02:12:50.951937,GPU306_EMC3199_CPU1036,306,1036,3199,306,3199,p128_o256,128,256,decode,1,88.68894795887172,81.62518443137992,20904.053076868877,256,12.246428913026138,334.868,16.335,16.516,1.308078125,0.7644803325489447,8.675,0.399,7.261,53.7,41,Phi-3-mini-Q4,llama.cpp,finegrained_gpu_emc
2026-05-16T02:13:12.678184,GPU306_EMC3199_CPU1036,306,1036,3199,306,3199,p128_o256,128,256,decode,2,88.46969087608159,81.65151997670239,20910.553799010813,256,12.242621714404821,336.528,16.416,16.516,1.3145625,0.7607093614795797,8.704,0.428,7.284,53.8,41,Phi-3-mini-Q4,llama.cpp,finegrained_gpu_emc
2026-05-16T02:13:57.560526,GPU306_EMC3199_CPU1036,306,1036,3199,306,3199,p1024_o512,1024,512,decode,0,88.50952098146081,86.04587187102965,44059.91571000777,512,11.620539707108525,703.426,16.359,16.915,1.37387890625,0.727866186350803,8.745,0.399,7.214,53.8,86,Phi-3-mini-Q4,llama.cpp,finegrained_gpu_emc
2026-05-16T02:14:18.866221,GPU306_EMC3199_CPU1036,306,1036,3199,306,3199,p1024_o512,1024,512,decode,1,88.69972312822938,81.2460041437298,20490.28364708647,251,12.249708414148277,327.408,16.37,16.619,1.304414342629482,0.7666275717148023,8.693,0.399,7.279,53.8,40,Phi-3-mini-Q4,llama.cpp,finegrained_gpu_emc
2026-05-16T02:15:03.737315,GPU306_EMC3199_CPU1036,306,1036,3199,306,3199,p1024_o512,1024,512,decode,2,88.26205600053072,86.02455932074709,44048.74242004007,512,11.623487343127065,704.266,16.378,16.919,1.37551953125,0.7269980376732655,8.745,0.399,7.234,53.9,86,Phi-3-mini-Q4,llama.cpp,finegrained_gpu_emc
2026-05-16T02:15:16.690479,GPU408_EMC204_CPU1036,408,1036,204,408,204,p128_o64,128,64,decode,0,64.25158493220806,61.42815136690698,3934.4748840667307,64,16.26646550958502,72.359,18.09,18.602,1.130609375,0.8844787794192844,10.08,0.399,7.611,53.9,8,Phi-3-mini-Q4,llama.cpp,finegrained_gpu_emc
2026-05-16T02:15:21.438264,GPU408_EMC204_CPU1036,408,1036,204,408,204,p128_o64,128,64,decode,1,63.89021989889443,61.4779876057236,3937.2506730724126,64,16.254997538690606,71.158,17.79,18.602,1.11184375,0.8994069535400095,9.88,0.399,7.511,53.9,8,Phi-3-mini-Q4,llama.cpp,finegrained_gpu_emc
2026-05-16T02:15:26.187503,GPU408_EMC204_CPU1036,408,1036,204,408,204,p128_o64,128,64,decode,2,63.94674885086715,61.48896438054859,3938.003539806232,64,16.251889911492842,71.108,17.777,18.602,1.1110625,0.9000393767227316,9.88,0.399,7.498,53.9,8,Phi-3-mini-Q4,llama.cpp,finegrained_gpu_emc
2026-05-16T02:15:34.882855,GPU408_EMC204_CPU1036,408,1036,204,408,204,p512_o128,512,128,decode,0,64.11809311248362,61.539724606683286,7880.13982702978,128,16.243366591154306,136.118,18.149,18.606,1.063421875,0.94036056950587,10.113,0.399,7.637,53.9,15,Phi-3-mini-Q4,llama.cpp,finegrained_gpu_emc
2026-05-16T02:15:43.643528,GPU408_EMC204_CPU1036,408,1036,204,408,204,p512_o128,512,128,decode,1,63.129700953140855,61.57714937718248,7883.899613050744,128,16.235620223792942,144.719,18.09,18.602,1.1306171875,0.8844726677215846,10.055,0.399,7.636,54.1,16,Phi-3-mini-Q4,llama.cpp,finegrained_gpu_emc
2026-05-16T02:15:52.331852,GPU408_EMC204_CPU1036,408,1036,204,408,204,p512_o128,512,128,decode,2,63.73860687017441,61.51150613399882,7876.196403056383,128,16.251499257983102,144.769,18.096,18.602,1.1310078125,0.8841671904896766,10.055,0.399,7.642,54.1,16,Phi-3-mini-Q4,llama.cpp,finegrained_gpu_emc
2026-05-16T02:16:01.027656,GPU408_EMC204_CPU1036,408,1036,204,408,204,p1024_o128,1024,128,decode,0,63.757712952792645,61.572393629787946,7883.92524397932,128,16.235567441199315,136.264,18.169,18.602,1.0645625,0.9393530206070568,10.113,0.399,7.657,54.1,15,Phi-3-mini-Q4,llama.cpp,finegrained_gpu_emc
2026-05-16T02:16:09.698892,GPU408_EMC204_CPU1036,408,1036,204,408,204,p1024_o128,1024,128,decode,1,62.72980314679444,61.38946615731505,7859.666184987873,128,16.285678931820627,136.32,18.176,18.606,1.065,0.9389671361502347,10.113,0.399,7.664,54.1,15,Phi-3-mini-Q4,llama.cpp,finegrained_gpu_emc
2026-05-16T02:16:18.411856,GPU408_EMC204_CPU1036,408,1036,204,408,204,p1024_o128,1024,128,decode,2,62.99281702376902,61.712474985722835,7901.063576107845,128,16.200350594198646,136.228,18.164,18.606,1.06428125,0.9396012567166808,10.114,0.399,7.65,54.1,15,Phi-3-mini-Q4,llama.cpp,finegrained_gpu_emc
2026-05-16T02:16:34.708917,GPU408_EMC204_CPU1036,408,1036,204,408,204,p128_o256,128,256,decode,0,63.75539000146091,61.895494641278,15482.65155008994,249,16.082516563421176,273.66,18.244,18.606,1.0990361445783134,0.9098881824161368,10.155,0.399,7.69,54.2,30,Phi-3-mini-Q4,llama.cpp,finegrained_gpu_emc
2026-05-16T02:16:51.475678,GPU408_EMC204_CPU1036,408,1036,204,408,204,p128_o256,128,256,decode,1,68.38954705744982,62.28662771355434,15952.448100084439,256,16.04769364513055,273.803,18.254,18.606,1.06954296875,0.934978798625289,10.181,0.399,7.674,54.4,30,Phi-3-mini-Q4,llama.cpp,finegrained_gpu_emc
2026-05-16T02:17:08.249562,GPU408_EMC204_CPU1036,408,1036,204,408,204,p128_o256,128,256,decode,2,67.77333095669746,62.31570764736948,15959.219618001953,256,16.040884587566723,273.758,18.25,18.606,1.0693671875,0.9351324892788522,10.154,0.399,7.697,54.4,30,Phi-3-mini-Q4,llama.cpp,finegrained_gpu_emc
2026-05-16T02:17:34.968182,GPU408_EMC204_CPU1036,408,1036,204,408,204,p1024_o512,1024,512,decode,0,69.19997511431575,64.73037697452041,25901.528438087553,399,15.404496339037678,455.342,18.214,18.606,1.1412080200501253,0.8762644342054983,10.127,0.399,7.688,54.5,50,Phi-3-mini-Q4,llama.cpp,finegrained_gpu_emc
2026-05-16T02:18:00.076556,GPU408_EMC204_CPU1036,408,1036,204,408,204,p1024_o512,1024,512,decode,1,68.88379598967731,64.40944393600027,24291.65421705693,376,15.478567109521226,429.202,18.264,19.506,1.1414946808510638,0.8760443800355078,10.152,0.424,7.688,54.6,47,Phi-3-mini-Q4,llama.cpp,finegrained_gpu_emc
2026-05-16T02:18:34.554449,GPU408_EMC204_CPU1036,408,1036,204,408,204,p1024_o512,1024,512,decode,2,67.9057368542999,65.73130049717243,33658.538054907694,512,15.211593538755798,581.702,18.178,18.606,1.13613671875,0.8801757600970944,10.107,0.399,7.672,54.8,64,Phi-3-mini-Q4,llama.cpp,finegrained_gpu_emc
2026-05-16T02:18:47.581828,GPU408_EMC665_CPU1036,408,1036,665,408,665,p128_o64,128,64,decode,0,64.26494615152478,61.75177671488316,3954.8806401435286,64,16.182536421042872,72.11,18.027,18.602,1.12671875,0.8875329357925392,9.98,0.399,7.649,54.6,8,Phi-3-mini-Q4,llama.cpp,finegrained_gpu_emc
2026-05-16T02:18:52.327679,GPU408_EMC665_CPU1036,408,1036,665,408,665,p128_o64,128,64,decode,1,64.34096884913743,61.43427050731603,3934.9534828215837,64,16.264487059223985,71.108,17.777,18.602,1.1110625,0.9000393767227316,9.88,0.399,7.498,54.7,8,Phi-3-mini-Q4,llama.cpp,finegrained_gpu_emc
2026-05-16T02:18:57.080366,GPU408_EMC665_CPU1036,408,1036,665,408,665,p128_o64,128,64,decode,2,64.39734087325633,61.542286951508785,3941.8149548582733,64,16.236175653329497,71.258,17.815,18.602,1.11340625,0.8981447697100677,9.88,0.399,7.536,54.7,8,Phi-3-mini-Q4,llama.cpp,finegrained_gpu_emc
2026-05-16T02:19:05.772329,GPU408_EMC665_CPU1036,408,1036,665,408,665,p512_o128,512,128,decode,0,63.65278409793973,61.53935403929744,7879.6335640363395,128,16.24441022031893,144.668,18.084,18.602,1.13021875,0.8847844720325158,10.055,0.399,7.63,54.8,16,Phi-3-mini-Q4,llama.cpp,finegrained_gpu_emc
2026-05-16T02:19:14.468501,GPU408_EMC665_CPU1036,408,1036,665,408,665,p512_o128,512,128,decode,1,64.2972132191062,61.568042833548716,7883.914653211832,128,16.235589251065015,144.768,18.096,18.602,1.131,0.8841732979664014,10.055,0.399,7.642,54.8,16,Phi-3-mini-Q4,llama.cpp,finegrained_gpu_emc
2026-05-16T02:19:23.175683,GPU408_EMC665_CPU1036,408,1036,665,408,665,p512_o128,512,128,decode,2,62.935945112258196,61.66636922000724,7895.041283918545,128,16.21270812867362,145.07,18.134,18.606,1.133359375,0.8823326669883504,10.08,0.399,7.655,54.8,16,Phi-3-mini-Q4,llama.cpp,finegrained_gpu_emc
2026-05-16T02:19:31.866584,GPU408_EMC665_CPU1036,408,1036,665,408,665,p1024_o128,1024,128,decode,0,64.02050191536546,61.530441236425574,7878.86007479392,128,16.246004978499123,145.02,18.128,18.606,1.13296875,0.8826368776720451,10.08,0.399,7.649,54.9,16,Phi-3-mini-Q4,llama.cpp,finegrained_gpu_emc
2026-05-16T02:19:40.560386,GPU408_EMC665_CPU1036,408,1036,665,408,665,p1024_o128,1024,128,decode,1,63.74691496603191,61.55422437884735,7881.649794988334,128,16.240254683910308,145.07,18.134,18.606,1.133359375,0.8823326669883504,10.08,0.399,7.655,54.9,16,Phi-3-mini-Q4,llama.cpp,finegrained_gpu_emc
2026-05-16T02:19:49.243969,GPU408_EMC665_CPU1036,408,1036,665,408,665,p1024_o128,1024,128,decode,2,63.755984883755445,61.4759439536495,7871.684066019952,128,16.260815211390824,144.072,18.009,18.606,1.1255625,0.888444666555611,10.005,0.399,7.605,54.9,16,Phi-3-mini-Q4,llama.cpp,finegrained_gpu_emc
2026-05-16T02:20:05.941390,GPU408_EMC665_CPU1036,408,1036,665,408,665,p128_o256,128,256,decode,0,63.61452699638903,62.02464943532558,15880.844932049513,256,16.12004909659185,285.106,18.394,18.606,1.1136953125,0.8979116539111769,10.252,0.399,7.743,55.0,31,Phi-3-mini-Q4,llama.cpp,finegrained_gpu_emc
2026-05-16T02:20:22.711455,GPU408_EMC665_CPU1036,408,1036,665,408,665,p128_o256,128,256,decode,1,69.22226212918758,62.295311313195555,15955.45883802697,256,16.044665502810233,291.691,18.231,18.606,1.13941796875,0.8776410653739746,10.155,0.399,7.677,55.0,32,Phi-3-mini-Q4,llama.cpp,finegrained_gpu_emc
2026-05-16T02:20:39.458290,GPU408_EMC665_CPU1036,408,1036,665,408,665,p128_o256,128,256,decode,2,68.96158587187529,62.20611374934806,15932.462029857561,256,16.06782426471527,291.45,18.216,18.606,1.1384765625,0.8783667867558759,10.13,0.399,7.686,55.1,32,Phi-3-mini-Q4,llama.cpp,finegrained_gpu_emc
2026-05-16T02:21:13.956307,GPU408_EMC665_CPU1036,408,1036,665,408,665,p1024_o512,1024,512,decode,0,68.00923496484756,65.76943876897941,33678.094231989235,512,15.20276047905571,600.766,18.205,18.606,1.17337109375,0.8522453001667871,10.126,0.399,7.68,55.1,66,Phi-3-mini-Q4,llama.cpp,finegrained_gpu_emc
2026-05-16T02:21:48.374632,GPU408_EMC665_CPU1036,408,1036,665,408,665,p1024_o512,1024,512,decode,1,69.25812200643122,65.61120200597858,33598.50025898777,512,15.23877542310947,599.584,18.169,18.606,1.1710625,0.8539253882692001,10.096,0.399,7.674,55.2,66,Phi-3-mini-Q4,llama.cpp,finegrained_gpu_emc
2026-05-16T02:22:22.798740,GPU408_EMC665_CPU1036,408,1036,665,408,665,p1024_o512,1024,512,decode,2,69.83169005252421,65.62203530508317,33604.60567288101,512,15.236006783831574,599.8,18.176,18.606,1.171484375,0.8536178726242082,10.095,0.399,7.681,55.1,66,Phi-3-mini-Q4,llama.cpp,finegrained_gpu_emc
2026-05-16T02:22:30.971762,GPU408_EMC2133_CPU1036,408,1036,2133,408,2133,p128_o64,128,64,decode,0,25.805663084611297,24.076375079208187,1542.8703159559518,64,41.481127310655424,77.928,38.964,45.662,1.217625,0.8212709167436608,29.532,0.399,9.032,56.1,4,Phi-3-mini-Q4,llama.cpp,finegrained_gpu_emc
2026-05-16T02:22:33.325651,GPU408_EMC2133_CPU1036,408,1036,2133,408,2133,p128_o64,128,64,decode,1,25.455232011154294,24.097504334465143,1543.84984401986,64,41.45480873538677,72.744,36.372,45.177,1.136625,0.8797976465412956,27.342,0.399,8.631,56.4,4,Phi-3-mini-Q4,llama.cpp,finegrained_gpu_emc
2026-05-16T02:22:35.677970,GPU408_EMC2133_CPU1036,408,1036,2133,408,2133,p128_o64,128,64,decode,2,25.69292508997023,24.070305173240957,1542.373606003821,64,41.49448599929001,72.944,36.472,45.177,1.13975,0.8773853915332309,27.442,0.399,8.631,56.6,4,Phi-3-mini-Q4,llama.cpp,finegrained_gpu_emc
2026-05-16T02:22:39.589239,GPU408_EMC2133_CPU1036,408,1036,2133,408,2133,p512_o128,512,128,decode,0,25.34998208284378,24.207831378732845,3100.2150289714336,128,41.287458709748556,142.954,40.844,46.575,1.116828125,0.8953929235978006,31.078,0.399,9.367,57.0,7,Phi-3-mini-Q4,llama.cpp,finegrained_gpu_emc
2026-05-16T02:22:43.497425,GPU408_EMC2133_CPU1036,408,1036,2133,408,2133,p512_o128,512,128,decode,1,25.767417158931494,24.183862565789283,3097.594760125503,128,41.32238395018912,142.761,40.789,46.575,1.1153203125,0.8966034140976877,31.023,0.399,9.367,57.4,7,Phi-3-mini-Q4,llama.cpp,finegrained_gpu_emc
2026-05-16T02:22:47.403200,GPU408_EMC2133_CPU1036,408,1036,2133,408,2133,p512_o128,512,128,decode,2,25.55688819848001,24.167062975026255,3095.2476439997554,128,41.353718578263816,142.706,40.773,46.575,1.114890625,0.8969489720123892,31.022,0.399,9.353,57.8,7,Phi-3-mini-Q4,llama.cpp,finegrained_gpu_emc
2026-05-16T02:22:51.310709,GPU408_EMC2133_CPU1036,408,1036,2133,408,2133,p1024_o128,1024,128,decode,0,25.344469817355275,24.182275087961298,3096.9661388080567,128,41.33077155608293,142.729,40.78,46.262,1.1150703125,0.8968044335769184,30.956,0.399,9.425,58.1,7,Phi-3-mini-Q4,llama.cpp,finegrained_gpu_emc
2026-05-16T02:22:55.218032,GPU408_EMC2133_CPU1036,408,1036,2133,408,2133,p1024_o128,1024,128,decode,1,25.613969890400767,24.179677409303235,3096.901062875986,128,41.33164004959551,143.078,40.879,46.661,1.117796875,0.8946169222382196,31.07,0.399,9.41,58.2,7,Phi-3-mini-Q4,llama.cpp,finegrained_gpu_emc
2026-05-16T02:22:59.128089,GPU408_EMC2133_CPU1036,408,1036,2133,408,2133,p1024_o128,1024,128,decode,2,25.438000913709402,24.192395574215244,3098.3489719219506,128,41.312325099583525,143.227,40.922,46.56,1.1189609375,0.8936862463083077,31.127,0.399,9.396,58.5,7,Phi-3-mini-Q4,llama.cpp,finegrained_gpu_emc
2026-05-16T02:23:06.229146,GPU408_EMC2133_CPU1036,408,1036,2133,408,2133,p128_o256,128,256,decode,0,25.923884939402342,24.559839851423806,6289.637729059905,256,40.70186726609191,284.286,43.736,46.676,1.1104921875,0.9005016075360728,33.502,0.399,9.835,59.0,13,Phi-3-mini-Q4,llama.cpp,finegrained_gpu_emc
2026-05-16T02:23:13.365347,GPU408_EMC2133_CPU1036,408,1036,2133,408,2133,p128_o256,128,256,decode,1,28.846391011029482,24.68306134527951,6324.1270910948515,256,40.47989490288383,284.044,43.699,46.175,1.109546875,0.9012688175071468,33.434,0.399,9.866,59.5,13,Phi-3-mini-Q4,llama.cpp,finegrained_gpu_emc
2026-05-16T02:23:20.503522,GPU408_EMC2133_CPU1036,408,1036,2133,408,2133,p128_o256,128,256,decode,2,28.882610145956278,24.691943144973585,6326.263626106083,256,40.46622384555481,282.974,43.534,46.575,1.1053671875,0.9046767547548539,33.315,0.399,9.82,59.8,13,Phi-3-mini-Q4,llama.cpp,finegrained_gpu_emc
2026-05-16T02:23:34.759039,GPU408_EMC2133_CPU1036,408,1036,2133,408,2133,p1024_o512,1024,512,decode,0,29.054285027086735,26.24393260851867,13441.58201199025,512,38.09075446203299,589.676,43.68,46.676,1.1517109375,0.8682734247281557,33.424,0.399,9.856,60.5,27,Phi-3-mini-Q4,llama.cpp,finegrained_gpu_emc
2026-05-16T02:23:48.991279,GPU408_EMC2133_CPU1036,408,1036,2133,408,2133,p1024_o512,1024,512,decode,1,29.340322129428387,26.196996467698316,13417.884225025773,512,38.158027853979085,590.502,43.741,46.676,1.15332421875,0.8670588753298042,33.482,0.399,9.86,61.1,27,Phi-3-mini-Q4,llama.cpp,finegrained_gpu_emc
2026-05-16T02:23:58.609033,GPU408_EMC2133_CPU1036,408,1036,2133,408,2133,p1024_o512,1024,512,decode,2,29.59218411706388,25.35531487504857,8804.98218210414,346,39.29593414774132,394.418,43.824,46.776,1.1399364161849712,0.8772419108661369,33.502,0.399,9.923,61.6,18,Phi-3-mini-Q4,llama.cpp,finegrained_gpu_emc
2026-05-16T02:24:06.686820,GPU408_EMC3199_CPU1036,1300,1036,3199,408,3199,p128_o64,128,64,decode,0,25.622059125453234,24.18240171576303,1549.3625171948224,64,41.30731141984404,78.198,39.099,45.776,1.22184375,0.8184352540985703,29.539,0.399,9.162,61.0,4,Phi-3-mini-Q4,llama.cpp,finegrained_gpu_emc
2026-05-16T02:24:09.047687,GPU408_EMC3199_CPU1036,1300,1036,3199,408,3199,p128_o64,128,64,decode,1,25.692265015095472,24.202173365102638,1550.6835530977696,64,41.27212149258208,72.956,36.478,45.277,1.1399375,0.8772410768134218,27.344,0.399,8.735,60.9,4,Phi-3-mini-Q4,llama.cpp,finegrained_gpu_emc
2026-05-16T02:24:11.405405,GPU408_EMC3199_CPU1036,1300,1036,3199,408,3199,p128_o64,128,64,decode,2,25.81542986445129,24.151461808720516,1547.6100658997893,64,41.354086155281,73.148,36.574,45.177,1.1429375,0.8749384808880626,27.444,0.399,8.732,61.0,4,Phi-3-mini-Q4,llama.cpp,finegrained_gpu_emc
2026-05-16T02:24:15.324573,GPU408_EMC3199_CPU1036,1300,1036,3199,408,3199,p512_o128,512,128,decode,0,25.4578641615808,24.272543235175956,3108.5429480299354,128,41.17684784799935,143.336,40.953,46.661,1.1198125,0.8930066417368978,31.127,0.399,9.427,61.3,7,Phi-3-mini-Q4,llama.cpp,finegrained_gpu_emc
2026-05-16T02:24:19.244259,GPU408_EMC3199_CPU1036,1300,1036,3199,408,3199,p512_o128,512,128,decode,1,25.55379713885486,24.273764441068483,3108.8269010651857,128,41.17308685026594,144.001,41.143,46.676,1.1250078125,0.8888827160922493,31.246,0.399,9.499,61.5,7,Phi-3-mini-Q4,llama.cpp,finegrained_gpu_emc
2026-05-16T02:24:23.161123,GPU408_EMC3199_CPU1036,1300,1036,3199,408,3199,p512_o128,512,128,decode,2,25.49235592596233,24.255092880930604,3106.357212876901,128,41.20582123311405,143.792,41.084,46.676,1.123375,0.8901746967842439,31.244,0.399,9.441,61.6,7,Phi-3-mini-Q4,llama.cpp,finegrained_gpu_emc
2026-05-16T02:24:27.088499,GPU408_EMC3199_CPU1036,1300,1036,3199,408,3199,p1024_o128,1024,128,decode,0,25.527906138449907,24.336728755032688,3116.7760700918734,128,41.068077116052464,143.244,40.927,46.276,1.11909375,0.8935801848594007,31.072,0.399,9.455,61.7,7,Phi-3-mini-Q4,llama.cpp,finegrained_gpu_emc
2026-05-16T02:24:31.012384,GPU408_EMC3199_CPU1036,1300,1036,3199,408,3199,p1024_o128,1024,128,decode,1,25.535040069371462,24.311038439976066,3113.506390945986,128,41.111205158345406,143.5,41.0,46.661,1.12109375,0.89198606271777,31.131,0.399,9.47,61.8,7,Phi-3-mini-Q4,llama.cpp,finegrained_gpu_emc
2026-05-16T02:24:34.940455,GPU408_EMC3199_CPU1036,1300,1036,3199,408,3199,p1024_o128,1024,128,decode,2,25.72527714073658,24.340905518615692,3117.4931060522795,128,41.058631293041735,143.314,40.947,46.575,1.119640625,0.8931437263630909,31.136,0.399,9.412,61.9,7,Phi-3-mini-Q4,llama.cpp,finegrained_gpu_emc
2026-05-16T02:24:42.064388,GPU408_EMC3199_CPU1036,1300,1036,3199,408,3199,p128_o256,128,256,decode,0,25.53375600837171,24.650150117482625,6312.242764979601,256,40.5561081110966,285.104,43.862,46.676,1.1136875,0.8979179527470678,33.557,0.399,9.906,62.2,13,Phi-3-mini-Q4,llama.cpp,finegrained_gpu_emc
2026-05-16T02:24:49.198583,GPU408_EMC3199_CPU1036,1300,1036,3199,408,3199,p128_o256,128,256,decode,1,28.77222397364676,24.676921262460596,6322.374274022877,256,40.491117561932825,284.697,43.8,46.661,1.11209765625,0.8992016073228731,33.494,0.399,9.906,62.5,13,Phi-3-mini-Q4,llama.cpp,finegrained_gpu_emc
2026-05-16T02:24:56.332632,GPU408_EMC3199_CPU1036,1300,1036,3199,408,3199,p128_o256,128,256,decode,2,28.780187014490366,24.676169655011858,6322.131408844143,256,40.492673031420544,283.746,43.653,46.676,1.1083828125,0.9022153616262433,33.371,0.399,9.883,62.7,13,Phi-3-mini-Q4,llama.cpp,finegrained_gpu_emc
2026-05-16T02:25:10.591202,GPU408_EMC3199_CPU1036,1300,1036,3199,408,3199,p1024_o512,1024,512,decode,0,28.88427907600999,26.250495561699285,13444.806982995942,512,38.08161773148116,591.956,43.849,46.661,1.1561640625,0.8649291501395374,33.522,0.399,9.928,63.0,27,Phi-3-mini-Q4,llama.cpp,finegrained_gpu_emc
2026-05-16T02:25:24.826573,GPU408_EMC3199_CPU1036,1300,1036,3199,408,3199,p1024_o512,1024,512,decode,1,28.915183851495385,26.20435676513761,13421.234722947702,512,38.14850202452533,592.372,43.879,46.676,1.1569765625,0.8643217437691181,33.538,0.399,9.942,63.4,27,Phi-3-mini-Q4,llama.cpp,finegrained_gpu_emc
2026-05-16T02:25:39.056030,GPU408_EMC3199_CPU1036,1300,1036,3199,408,3199,p1024_o512,1024,512,decode,2,29.265445191413164,26.19262126779253,13415.607760194689,512,38.16450280539283,577.992,44.461,46.776,1.128890625,0.8858254093482263,34.015,0.399,10.047,63.7,26,Phi-3-mini-Q4,llama.cpp,finegrained_gpu_emc
2026-05-16T02:25:50.521135,GPU510_EMC204_CPU1036,510,1036,204,510,204,p128_o64,128,64,decode,0,51.90776218660176,49.8236242851745,3191.0527620930225,64,20.056077028955855,69.804,19.944,21.1,1.0906875,0.9168529024124692,11.577,0.399,7.968,61.7,7,Phi-3-mini-Q4,llama.cpp,finegrained_gpu_emc
2026-05-16T02:25:54.542086,GPU510_EMC204_CPU1036,510,1036,204,510,204,p128_o64,128,64,decode,1,52.00500600039959,50.13100826920616,3210.5138211045414,64,19.93450381035317,68.154,19.473,21.1,1.06490625,0.9390497989846525,11.235,0.399,7.839,61.4,7,Phi-3-mini-Q4,llama.cpp,finegrained_gpu_emc
2026-05-16T02:25:58.559700,GPU510_EMC204_CPU1036,510,1036,204,510,204,p128_o64,128,64,decode,2,52.23245592787862,50.07216774503745,3207.029517972842,64,19.956161813083124,67.954,19.415,21.1,1.06178125,0.9418135797745535,11.235,0.399,7.781,61.2,7,Phi-3-mini-Q4,llama.cpp,finegrained_gpu_emc
2026-05-16T02:26:05.776903,GPU510_EMC204_CPU1036,510,1036,204,510,204,p512_o128,512,128,decode,0,51.959495060145855,50.027297063561996,6405.945705017075,128,19.981436917230134,132.752,20.423,21.1,1.037125,0.9642039291310112,11.914,0.399,8.11,61.0,13,Phi-3-mini-Q4,llama.cpp,finegrained_gpu_emc
2026-05-16T02:26:12.989106,GPU510_EMC204_CPU1036,510,1036,204,510,204,p512_o128,512,128,decode,1,52.25372617132962,49.98133858247829,6400.410985108465,128,19.99871575400573,132.66,20.409,21.105,1.03640625,0.9648726066636515,11.916,0.399,8.095,60.7,13,Phi-3-mini-Q4,llama.cpp,finegrained_gpu_emc
2026-05-16T02:26:20.211380,GPU510_EMC204_CPU1036,510,1036,204,510,204,p512_o128,512,128,decode,2,52.06889007240534,50.06504449516711,6410.816960968077,128,19.96625403272645,132.762,20.425,21.105,1.037203125,0.9641313026317772,11.916,0.399,8.11,60.4,13,Phi-3-mini-Q4,llama.cpp,finegrained_gpu_emc
2026-05-16T02:26:27.449104,GPU510_EMC204_CPU1036,510,1036,204,510,204,p1024_o128,1024,128,decode,0,52.186259999871254,50.18498772373936,6426.18599999696,128,19.918502203338114,135.908,20.909,21.998,1.06178125,0.9418135797745535,11.916,0.86,8.133,60.2,13,Phi-3-mini-Q4,llama.cpp,finegrained_gpu_emc
2026-05-16T02:26:34.674728,GPU510_EMC204_CPU1036,510,1036,204,510,204,p1024_o128,1024,128,decode,1,52.23265406675637,50.089114220944914,6414.029004052281,128,19.95625525221848,135.154,20.793,21.504,1.055890625,0.9470677893366086,11.916,0.737,8.141,60.0,13,Phi-3-mini-Q4,llama.cpp,finegrained_gpu_emc
2026-05-16T02:26:41.906363,GPU510_EMC204_CPU1036,510,1036,204,510,204,p1024_o128,1024,128,decode,2,52.122697001323104,50.13563993797586,6419.828356010839,128,19.938227768995493,136.698,21.03,21.9,1.067953125,0.9363706857452193,11.914,0.829,8.287,59.8,13,Phi-3-mini-Q4,llama.cpp,finegrained_gpu_emc
2026-05-16T02:26:55.678435,GPU510_EMC204_CPU1036,510,1036,204,510,204,p128_o256,128,256,decode,0,52.25155293010175,50.60929616858416,12958.555954974145,256,19.755287617655757,272.046,20.927,21.599,1.0626796875,0.9410173279518905,12.022,0.737,8.168,59.6,26,Phi-3-mini-Q4,llama.cpp,finegrained_gpu_emc
2026-05-16T02:27:09.481583,GPU510_EMC204_CPU1036,510,1036,204,510,204,p128_o256,128,256,decode,1,56.49175797589123,50.71529894519378,12989.840499125421,256,19.70770926842681,267.414,20.57,21.602,1.0445859375,0.9573171187746341,12.023,0.399,8.149,59.2,26,Phi-3-mini-Q4,llama.cpp,finegrained_gpu_emc
2026-05-16T02:27:23.307867,GPU510_EMC204_CPU1036,510,1036,204,510,204,p128_o256,128,256,decode,2,57.34277796000242,50.79880427459584,13012.01277016662,256,19.6741276328091,266.619,20.509,21.604,1.04148046875,0.9601716306789838,11.916,0.476,8.118,59.0,26,Phi-3-mini-Q4,llama.cpp,finegrained_gpu_emc
2026-05-16T02:27:51.610125,GPU510_EMC204_CPU1036,510,1036,204,510,204,p1024_o512,1024,512,decode,0,56.72248499467969,53.67063858487995,27484.330238075927,512,18.628796683962534,560.336,20.753,21.905,1.09440625,0.9137374718026327,12.007,0.539,8.207,58.7,54,Phi-3-mini-Q4,llama.cpp,finegrained_gpu_emc
2026-05-16T02:28:19.895049,GPU510_EMC204_CPU1036,510,1036,204,510,204,p1024_o512,1024,512,decode,1,57.227290933951735,53.63555134860926,27466.940759913996,512,18.64059068228038,560.639,20.764,21.898,1.094998046875,0.9132436380629959,12.02,0.613,8.131,58.4,54,Phi-3-mini-Q4,llama.cpp,finegrained_gpu_emc
2026-05-16T02:28:48.139483,GPU510_EMC204_CPU1036,510,1036,204,510,204,p1024_o512,1024,512,decode,2,56.9221219047904,53.556983385585,27426.50397005491,512,18.668073793109656,553.952,20.517,21.401,1.0819375,0.9242678065969615,11.983,0.436,8.098,58.0,54,Phi-3-mini-Q4,llama.cpp,finegrained_gpu_emc
2026-05-16T02:28:56.310955,GPU510_EMC665_CPU1036,510,1036,665,510,665,p128_o64,128,64,decode,0,25.8120559155941,24.112661191750142,1545.1621559914201,64,41.4196010119959,78.236,39.118,45.762,1.2224375,0.818037731990388,29.532,0.399,9.187,58.6,4,Phi-3-mini-Q4,llama.cpp,finegrained_gpu_emc
2026-05-16T02:28:58.671182,GPU510_EMC665_CPU1036,510,1036,665,510,665,p128_o64,128,64,decode,1,25.38825199007988,24.20044163729818,1550.300711998716,64,41.282313492256854,73.586,36.793,45.662,1.14978125,0.8697306552876906,27.438,0.598,8.756,58.9,4,Phi-3-mini-Q4,llama.cpp,finegrained_gpu_emc
2026-05-16T02:29:01.024130,GPU510_EMC665_CPU1036,510,1036,665,510,665,p128_o64,128,64,decode,2,25.494331028312445,24.080769458253467,1542.8345480468124,64,41.482088977734065,73.134,36.567,45.263,1.14271875,0.8751059698635382,27.433,0.399,8.735,58.9,4,Phi-3-mini-Q4,llama.cpp,finegrained_gpu_emc
2026-05-16T02:29:04.940624,GPU510_EMC665_CPU1036,510,1036,665,510,665,p512_o128,512,128,decode,0,25.70639201439917,24.249693505304652,3105.907893041149,128,41.211782321937704,144.218,41.205,47.06,1.126703125,0.8875452440056026,31.124,0.57,9.511,59.4,7,Phi-3-mini-Q4,llama.cpp,finegrained_gpu_emc
2026-05-16T02:29:08.875241,GPU510_EMC665_CPU1036,510,1036,665,510,665,p512_o128,512,128,decode,1,25.46517690643668,24.394841771206167,3124.1022038739175,128,40.97177097512326,146.787,41.939,47.76,1.1467734375,0.872011826660399,31.071,1.083,9.785,59.8,7,Phi-3-mini-Q4,llama.cpp,finegrained_gpu_emc
2026-05-16T02:29:12.813792,GPU510_EMC665_CPU1036,510,1036,665,510,665,p512_o128,512,128,decode,2,25.650101015344262,24.420444197278087,3127.5293880607933,128,40.92687361744206,145.882,41.681,46.761,1.139703125,0.8774214776326071,31.126,0.855,9.699,60.1,7,Phi-3-mini-Q4,llama.cpp,finegrained_gpu_emc
2026-05-16T02:29:16.750769,GPU510_EMC665_CPU1036,510,1036,665,510,665,p1024_o128,1024,128,decode,0,25.644340086728334,24.412419566312643,3126.510291127488,128,40.94021387463286,146.088,41.739,47.261,1.1413125,0.8761842177317781,31.128,0.855,9.757,60.3,7,Phi-3-mini-Q4,llama.cpp,finegrained_gpu_emc
2026-05-16T02:29:20.689398,GPU510_EMC665_CPU1036,510,1036,665,510,665,p1024_o128,1024,128,decode,1,25.48952493816614,24.42484748857756,3127.9260779265314,128,40.921683189153185,147.285,42.081,47.76,1.1506640625,0.869063380520759,31.128,1.197,9.757,60.6,7,Phi-3-mini-Q4,llama.cpp,finegrained_gpu_emc
2026-05-16T02:29:24.631687,GPU510_EMC665_CPU1036,510,1036,665,510,665,p1024_o128,1024,128,decode,2,25.449748849496245,24.454055055169256,3131.601006956771,128,40.87366165601917,147.274,42.078,47.261,1.150578125,0.8691282914839008,31.182,1.14,9.757,60.8,7,Phi-3-mini-Q4,llama.cpp,finegrained_gpu_emc
2026-05-16T02:29:31.791704,GPU510_EMC665_CPU1036,510,1036,665,510,665,p128_o256,128,256,decode,0,25.50833998247981,24.79355313687348,6348.818042781204,256,40.322466051941696,291.26,44.809,47.261,1.137734375,0.8789397788917119,33.673,0.982,10.155,61.2,13,Phi-3-mini-Q4,llama.cpp,finegrained_gpu_emc
2026-05-16T02:29:38.959564,GPU510_EMC665_CPU1036,510,1036,665,510,665,p128_o256,128,256,decode,1,28.983623953536153,24.80851079191209,6356.079496908933,256,40.27639996077725,289.27,44.503,46.962,1.1299609375,0.8849863449372559,33.55,0.767,10.186,61.5,13,Phi-3-mini-Q4,llama.cpp,finegrained_gpu_emc
2026-05-16T02:29:46.123036,GPU510_EMC665_CPU1036,510,1036,665,510,665,p128_o256,128,256,decode,2,28.897190932184458,24.79224299245021,6351.867207093164,256,40.303109566604824,285.714,43.956,47.16,1.1160703125,0.896000896000896,33.152,0.89,9.914,61.9,13,Phi-3-mini-Q4,llama.cpp,finegrained_gpu_emc
2026-05-16T02:29:58.006941,GPU510_EMC665_CPU1036,510,1036,665,510,665,p1024_o512,1024,512,decode,0,28.862182050943375,25.915786419063807,11071.016096044332,426,38.47885291687089,491.083,44.644,47.459,1.1527769953051643,0.8674704683322371,33.954,0.689,10.001,62.3,22,Phi-3-mini-Q4,llama.cpp,finegrained_gpu_emc
2026-05-16T02:30:12.272144,GPU510_EMC665_CPU1036,510,1036,665,510,665,p1024_o512,1024,512,decode,1,29.07190378755331,26.26285284580827,13451.32430898957,512,38.06316673651445,591.222,43.794,46.664,1.15473046875,0.866002956588219,33.46,0.399,9.935,62.8,27,Phi-3-mini-Q4,llama.cpp,finegrained_gpu_emc
2026-05-16T02:30:26.499524,GPU510_EMC665_CPU1036,510,1036,665,510,665,p1024_o512,1024,512,decode,2,29.047003015875816,26.188088637920654,13413.060978055,512,38.17174922545115,591.762,43.834,46.661,1.15578515625,0.865212703755902,33.534,0.399,9.901,63.2,27,Phi-3-mini-Q4,llama.cpp,finegrained_gpu_emc
2026-05-16T02:30:34.571568,GPU510_EMC2133_CPU1036,1300,1036,2133,510,2133,p128_o64,128,64,decode,0,25.24749399162829,24.067247840797616,1541.7618318460882,64,41.51095109376727,78.136,39.068,46.161,1.220875,0.8190846728780589,29.532,0.399,9.136,62.6,4,Phi-3-mini-Q4,llama.cpp,finegrained_gpu_emc
2026-05-16T02:30:36.924586,GPU510_EMC2133_CPU1036,1300,1036,2133,510,2133,p128_o64,128,64,decode,1,25.653183925896883,24.074512204924037,1542.599705979228,64,41.48840412190627,73.594,36.797,45.662,1.14990625,0.8696361116395359,27.638,0.399,8.76,62.6,4,Phi-3-mini-Q4,llama.cpp,finegrained_gpu_emc
2026-05-16T02:30:39.278499,GPU510_EMC2133_CPU1036,1300,1036,2133,510,2133,p128_o64,128,64,decode,2,25.582335889339447,24.096261776451552,1543.8984089996666,64,41.45350472993059,73.34,36.67,45.263,1.1459375,0.872647941096264,27.536,0.399,8.735,62.5,4,Phi-3-mini-Q4,llama.cpp,finegrained_gpu_emc
2026-05-16T02:30:43.188756,GPU510_EMC2133_CPU1036,1300,1036,2133,510,2133,p512_o128,512,128,decode,0,25.46460903249681,24.198305140447427,3099.120683968067,128,41.302037917449134,143.482,40.995,46.661,1.120953125,0.8920979635076177,31.126,0.399,9.47,62.8,7,Phi-3-mini-Q4,llama.cpp,finegrained_gpu_emc
2026-05-16T02:30:47.099137,GPU510_EMC2133_CPU1036,1300,1036,2133,510,2133,p512_o128,512,128,decode,1,25.40806494653225,24.200313456913854,3099.322844063863,128,41.29934390189733,143.581,41.023,46.661,1.1217265625,0.8914828563667896,31.183,0.399,9.441,63.0,7,Phi-3-mini-Q4,llama.cpp,finegrained_gpu_emc
2026-05-16T02:30:51.012083,GPU510_EMC2133_CPU1036,1300,1036,2133,510,2133,p512_o128,512,128,decode,2,25.92828101478517,24.21561546447709,3101.78759903647,128,41.266526450670426,142.686,40.767,46.661,1.114734375,0.8970746954851913,30.956,0.399,9.413,63.1,7,Phi-3-mini-Q4,llama.cpp,finegrained_gpu_emc
2026-05-16T02:30:54.919780,GPU510_EMC2133_CPU1036,1300,1036,2133,510,2133,p1024_o128,1024,128,decode,0,25.4294709302485,24.18253383430557,3097.0860139932483,128,41.32917181559396,144.082,41.166,46.661,1.125640625,0.8883830041226524,31.297,0.399,9.47,63.1,7,Phi-3-mini-Q4,llama.cpp,finegrained_gpu_emc
2026-05-16T02:30:58.832405,GPU510_EMC2133_CPU1036,1300,1036,2133,510,2133,p1024_o128,1024,128,decode,1,25.98050283268094,24.214059141955858,3101.69026395306,128,41.267821448059685,143.281,40.937,46.661,1.1193828125,0.89334943223456,31.126,0.399,9.412,63.2,7,Phi-3-mini-Q4,llama.cpp,finegrained_gpu_emc
2026-05-16T02:31:02.744936,GPU510_EMC2133_CPU1036,1300,1036,2133,510,2133,p1024_o128,1024,128,decode,2,25.728281121701002,24.21621891200601,3101.6647170763463,128,41.268161350674234,144.035,41.153,46.661,1.1252734375,0.8886728920054153,31.298,0.399,9.456,63.3,7,Phi-3-mini-Q4,llama.cpp,finegrained_gpu_emc
2026-05-16T02:31:09.848539,GPU510_EMC2133_CPU1036,1300,1036,2133,510,2133,p128_o256,128,256,decode,0,25.695929070934653,24.561910779562357,6289.917021989822,256,40.700059969791795,285.519,43.926,46.761,1.11530859375,0.8966128348726354,33.551,0.399,9.976,63.5,13,Phi-3-mini-Q4,llama.cpp,finegrained_gpu_emc
2026-05-16T02:31:16.984855,GPU510_EMC2133_CPU1036,1300,1036,2133,510,2133,p128_o256,128,256,decode,1,29.109419090673327,24.685537619698867,6324.894394958392,256,40.474984088913644,286.018,44.003,46.661,1.1172578125,0.8950485633771302,33.642,0.399,9.962,63.7,13,Phi-3-mini-Q4,llama.cpp,finegrained_gpu_emc
2026-05-16T02:31:24.115824,GPU510_EMC2133_CPU1036,1300,1036,2133,510,2133,p128_o256,128,256,decode,2,29.208136023953557,24.662389878329694,6319.048647070304,256,40.512427470975254,284.926,43.835,46.661,1.1129921875,0.8984789032941887,33.521,0.399,9.915,63.9,13,Phi-3-mini-Q4,llama.cpp,finegrained_gpu_emc
2026-05-16T02:31:38.364857,GPU510_EMC2133_CPU1036,1300,1036,2133,510,2133,p1024_o512,1024,512,decode,0,29.033736092969775,26.230865698526458,13434.910499025136,512,38.10966958337026,592.72,43.905,46.661,1.15765625,0.8638142799298151,33.549,0.399,9.957,64.3,27,Phi-3-mini-Q4,llama.cpp,finegrained_gpu_emc
2026-05-16T02:31:52.578913,GPU510_EMC2133_CPU1036,1300,1036,2133,510,2133,p1024_o512,1024,512,decode,1,29.07622908242047,26.16269158111947,13400.12657805346,512,38.20859430078418,594.572,44.042,46.761,1.1612734375,0.861123631788917,33.653,0.399,9.991,64.6,27,Phi-3-mini-Q4,llama.cpp,finegrained_gpu_emc
2026-05-16T02:32:06.817275,GPU510_EMC2133_CPU1036,1300,1036,2133,510,2133,p1024_o512,1024,512,decode,2,28.911842964589596,26.208920064865232,13423.587378114462,512,38.14181601221996,594.384,44.028,46.761,1.16090625,0.8613959998923255,33.624,0.399,10.006,64.9,27,Phi-3-mini-Q4,llama.cpp,finegrained_gpu_emc
2026-05-16T02:32:14.880294,GPU510_EMC3199_CPU1036,1300,1036,3199,510,3199,p128_o64,128,64,decode,0,25.657674064859748,24.098794840808427,1544.1403379663825,64,41.44700998115713,79.336,39.668,46.761,1.239625,0.8066955732580418,29.732,0.599,9.337,64.1,4,Phi-3-mini-Q4,llama.cpp,finegrained_gpu_emc
2026-05-16T02:32:17.232285,GPU510_EMC3199_CPU1036,1300,1036,3199,510,3199,p128_o64,128,64,decode,1,25.482060154899955,24.065208569582964,1541.8408210389316,64,41.50882446923099,73.744,36.872,45.762,1.15225,0.8678672163159037,27.638,0.399,8.836,64.1,4,Phi-3-mini-Q4,llama.cpp,finegrained_gpu_emc
2026-05-16T02:32:19.585872,GPU510_EMC3199_CPU1036,1300,1036,3199,510,3199,p128_o64,128,64,decode,2,25.585771072655916,24.090331886702824,1543.5291880276054,64,41.46342064433665,73.694,36.847,45.762,1.15146875,0.8684560479821967,27.638,0.399,8.81,64.1,4,Phi-3-mini-Q4,llama.cpp,finegrained_gpu_emc
2026-05-16T02:32:23.507546,GPU510_EMC3199_CPU1036,1300,1036,3199,510,3199,p512_o128,512,128,decode,0,25.47117997892201,24.292157165427493,3111.0571490135044,128,41.14357077644426,144.382,41.252,46.761,1.127984375,0.8865371029629732,31.126,0.57,9.556,64.4,7,Phi-3-mini-Q4,llama.cpp,finegrained_gpu_emc
2026-05-16T02:32:27.412746,GPU510_EMC3199_CPU1036,1300,1036,3199,510,3199,p512_o128,512,128,decode,1,26.019811863079667,24.158611653489977,3094.641661969945,128,41.361816320445804,144.386,41.253,46.761,1.128015625,0.8865125427673043,31.298,0.399,9.556,64.3,7,Phi-3-mini-Q4,llama.cpp,finegrained_gpu_emc
2026-05-16T02:32:31.321929,GPU510_EMC3199_CPU1036,1300,1036,3199,510,3199,p512_o128,512,128,decode,2,25.386923924088478,24.192456425512283,3098.2997638639063,128,41.31298123341381,144.082,41.166,46.761,1.125640625,0.8883830041226524,31.24,0.399,9.527,64.5,7,Phi-3-mini-Q4,llama.cpp,finegrained_gpu_emc
2026-05-16T02:32:35.241168,GPU510_EMC3199_CPU1036,1300,1036,3199,510,3199,p1024_o128,1024,128,decode,0,25.479594012722373,24.268050298578743,3108.0035108607262,128,41.18399466175373,145.184,41.481,47.06,1.13425,0.8816398501212255,31.298,0.627,9.556,64.5,7,Phi-3-mini-Q4,llama.cpp,finegrained_gpu_emc
2026-05-16T02:32:39.153874,GPU510_EMC3199_CPU1036,1300,1036,3199,510,3199,p1024_o128,1024,128,decode,1,25.420906022191048,24.2209628730367,3101.9578399136662,128,41.26426167144893,144.481,41.28,47.16,1.1287578125,0.8859296378070474,31.297,0.456,9.527,64.6,7,Phi-3-mini-Q4,llama.cpp,finegrained_gpu_emc
2026-05-16T02:32:43.065208,GPU510_EMC3199_CPU1036,1300,1036,3199,510,3199,p1024_o128,1024,128,decode,2,25.409609079360962,24.211554054728175,3100.7543120067567,128,41.28027799698859,144.082,41.166,46.761,1.125640625,0.8883830041226524,31.24,0.399,9.527,64.6,7,Phi-3-mini-Q4,llama.cpp,finegrained_gpu_emc
2026-05-16T02:32:50.164729,GPU510_EMC3199_CPU1036,1300,1036,3199,510,3199,p128_o256,128,256,decode,0,25.411976035684347,24.553939141333103,6287.591180065647,256,40.715115322960166,286.87,44.134,47.16,1.1205859375,0.8923902813120925,33.704,0.399,10.031,64.9,13,Phi-3-mini-Q4,llama.cpp,finegrained_gpu_emc
2026-05-16T02:32:57.306807,GPU510_EMC3199_CPU1036,1300,1036,3199,510,3199,p128_o256,128,256,decode,1,28.797209030017257,24.70830379912228,6330.358728999272,256,40.44004628478132,285.874,43.981,46.761,1.1166953125,0.8954994158265529,33.582,0.399,10.0,65.0,13,Phi-3-mini-Q4,llama.cpp,finegrained_gpu_emc
2026-05-16T02:33:04.434785,GPU510_EMC3199_CPU1036,1300,1036,3199,510,3199,p128_o256,128,256,decode,2,28.980021132156253,24.65078492521071,6315.860948059708,256,40.53287463186561,286.616,44.095,46.761,1.11959375,0.8931811203840679,33.673,0.399,10.023,65.1,13,Phi-3-mini-Q4,llama.cpp,finegrained_gpu_emc
2026-05-16T02:33:18.678446,GPU510_EMC3199_CPU1036,1300,1036,3199,510,3199,p1024_o512,1024,512,decode,0,29.351535020396113,26.2194121230955,13429.341505048797,512,38.12547322648041,593.892,43.992,46.761,1.1599453125,0.8621096091545264,33.565,0.399,10.028,65.3,27,Phi-3-mini-Q4,llama.cpp,finegrained_gpu_emc
2026-05-16T02:33:32.900188,GPU510_EMC3199_CPU1036,1300,1036,3199,510,3199,p1024_o512,1024,512,decode,1,29.046416049823165,26.17812900186139,13407.977861119434,512,38.18622056982223,596.48,44.184,47.175,1.165,0.8583690987124464,33.735,0.399,10.05,65.5,27,Phi-3-mini-Q4,llama.cpp,finegrained_gpu_emc
2026-05-16T02:33:46.300348,GPU510_EMC3199_CPU1036,1300,1036,3199,510,3199,p1024_o512,1024,512,decode,2,29.0973880328238,26.10237777310734,12586.436149198562,481,38.2157422719399,558.962,44.717,46.877,1.16208316008316,0.860523613412003,34.163,0.415,10.139,65.7,25,Phi-3-mini-Q4,llama.cpp,finegrained_gpu_emc
2026-05-16T02:33:56.821871,GPU612_EMC204_CPU1036,612,1036,204,612,204,p128_o64,128,64,decode,0,44.833516934886575,42.5973936494085,2728.7201290018857,64,23.454219184951736,66.956,22.319,23.91,1.0461875,0.955851604038473,13.572,0.399,8.347,63.8,6,Phi-3-mini-Q4,llama.cpp,finegrained_gpu_emc
2026-05-16T02:34:00.384296,GPU612_EMC204_CPU1036,612,1036,204,612,204,p128_o64,128,64,decode,1,45.21699785254896,42.95864427048299,2751.862304052338,64,23.256977613216645,64.608,21.536,23.91,1.0095,0.9905894006934125,12.974,0.399,8.163,63.4,6,Phi-3-mini-Q4,llama.cpp,finegrained_gpu_emc
2026-05-16T02:34:03.951135,GPU612_EMC204_CPU1036,612,1036,204,612,204,p128_o64,128,64,decode,2,44.87744998186827,43.03778838070612,2756.5093780867755,64,23.21776973036123,64.652,21.551,23.511,1.0101875,0.9899152385077028,12.974,0.399,8.178,63.2,6,Phi-3-mini-Q4,llama.cpp,finegrained_gpu_emc
2026-05-16T02:34:10.244505,GPU612_EMC204_CPU1036,612,1036,204,612,204,p512_o128,512,128,decode,0,44.79325795546174,42.80945674083599,5482.112047960982,128,23.348665419490715,125.348,22.79,23.91,0.97928125,1.0211570986373935,13.935,0.399,8.456,63.0,11,Phi-3-mini-Q4,llama.cpp,finegrained_gpu_emc
2026-05-16T02:34:16.521366,GPU612_EMC204_CPU1036,612,1036,204,612,204,p512_o128,512,128,decode,1,45.344639802351594,42.67533694569931,5465.595208806917,128,23.419224276570798,125.381,22.797,23.896,0.9795390625,1.0208883323629576,13.971,0.399,8.426,62.8,11,Phi-3-mini-Q4,llama.cpp,finegrained_gpu_emc
2026-05-16T02:34:22.807388,GPU612_EMC204_CPU1036,612,1036,204,612,204,p512_o128,512,128,decode,2,45.264736050739884,42.74870096852519,5474.826904013753,128,23.379734600587923,125.244,22.772,23.91,0.97846875,1.0220050461499153,13.971,0.399,8.401,62.5,11,Phi-3-mini-Q4,llama.cpp,finegrained_gpu_emc
2026-05-16T02:34:29.095150,GPU612_EMC204_CPU1036,612,1036,204,612,204,p1024_o128,1024,128,decode,0,44.94557110592723,42.761768795564535,5476.169241126627,128,23.374003681023236,124.931,22.715,23.796,0.9760234375,1.0245655601892245,13.935,0.399,8.381,62.3,11,Phi-3-mini-Q4,llama.cpp,finegrained_gpu_emc
2026-05-16T02:34:35.387528,GPU612_EMC204_CPU1036,612,1036,204,612,204,p1024_o128,1024,128,decode,1,45.3008278273046,42.797587826613366,5481.071658898145,128,23.353097344056934,125.08,22.742,23.796,0.9771875,1.0233450591621363,13.971,0.399,8.372,62.1,11,Phi-3-mini-Q4,llama.cpp,finegrained_gpu_emc
2026-05-16T02:34:41.674956,GPU612_EMC204_CPU1036,612,1036,204,612,204,p1024_o128,1024,128,decode,2,44.846785021945834,42.7625397161588,5476.1699619702995,128,23.374000604237313,124.831,22.697,23.896,0.9752421875,1.0253863223077602,13.899,0.399,8.399,61.8,11,Phi-3-mini-Q4,llama.cpp,finegrained_gpu_emc
2026-05-16T02:34:53.519767,GPU612_EMC204_CPU1036,612,1036,204,612,204,p128_o256,128,256,decode,0,45.04773998633027,43.08183741591432,11031.911563128233,256,23.205407198479033,254.212,23.11,23.796,0.993015625,1.0070334995987602,14.226,0.399,8.486,61.6,22,Phi-3-mini-Q4,llama.cpp,finegrained_gpu_emc
2026-05-16T02:35:05.362609,GPU612_EMC204_CPU1036,612,1036,204,612,204,p128_o256,128,256,decode,1,49.166430020704865,43.05598170533046,11029.396758880466,256,23.2106982454755,254.064,23.097,23.896,0.9924375,1.007620127212041,14.208,0.399,8.49,61.3,22,Phi-3-mini-Q4,llama.cpp,finegrained_gpu_emc
2026-05-16T02:35:17.205537,GPU612_EMC204_CPU1036,612,1036,204,612,204,p128_o256,128,256,decode,2,49.55439013428986,43.05666798415283,11029.968552058563,256,23.2094950037026,254.012,23.092,23.796,0.992234375,1.0078264019022722,14.226,0.399,8.467,61.1,22,Phi-3-mini-Q4,llama.cpp,finegrained_gpu_emc
2026-05-16T02:35:41.358961,GPU612_EMC204_CPU1036,612,1036,204,612,204,p1024_o512,1024,512,decode,0,49.07708102837205,45.56945110798801,23336.964649148285,512,21.939442755195078,525.992,22.869,23.802,1.027328125,0.9733988349632695,14.042,0.399,8.428,60.7,46,Phi-3-mini-Q4,llama.cpp,finegrained_gpu_emc
2026-05-16T02:36:05.461456,GPU612_EMC204_CPU1036,612,1036,204,612,204,p1024_o512,1024,512,decode,1,49.36027084477246,45.466714323117394,23284.88796390593,512,21.988510350303372,525.282,22.838,23.796,1.02594140625,0.974714534288249,14.05,0.399,8.389,60.3,46,Phi-3-mini-Q4,llama.cpp,finegrained_gpu_emc
2026-05-16T02:36:29.585515,GPU612_EMC204_CPU1036,612,1036,204,612,204,p1024_o512,1024,512,decode,2,49.532038159668446,45.51082859663275,23307.442798977718,512,21.967231858763018,525.984,22.869,23.796,1.0273125,0.9734136399586298,14.024,0.442,8.402,60.0,46,Phi-3-mini-Q4,llama.cpp,finegrained_gpu_emc
2026-05-16T02:36:40.173692,GPU612_EMC665_CPU1036,612,1036,665,612,665,p128_o64,128,64,decode,0,44.73840584978461,43.38224533398355,2778.07819400914,64,23.03750849706624,67.494,22.498,23.796,1.05459375,0.948232435475746,13.374,0.798,8.326,59.5,6,Phi-3-mini-Q4,llama.cpp,finegrained_gpu_emc
2026-05-16T02:36:43.762711,GPU612_EMC665_CPU1036,612,1036,665,612,665,p128_o64,128,64,decode,1,44.64573506265879,43.3962843011296,2778.87029806152,64,23.03094176242951,65.944,21.982,23.696,1.030375,0.9705204415868008,12.975,0.865,8.142,59.5,6,Phi-3-mini-Q4,llama.cpp,finegrained_gpu_emc
2026-05-16T02:36:47.298446,GPU612_EMC665_CPU1036,612,1036,665,612,665,p128_o64,128,64,decode,2,44.980576960369945,42.54095211240744,2725.315276067704,64,23.48352154409972,64.796,21.598,23.796,1.0124375,0.9877152910673498,12.975,0.532,8.092,59.3,6,Phi-3-mini-Q4,llama.cpp,finegrained_gpu_emc
2026-05-16T02:36:53.558691,GPU612_EMC665_CPU1036,612,1036,665,612,665,p512_o128,512,128,decode,0,45.24767608381808,42.53868940909665,5448.136199032888,128,23.49427314660775,124.883,22.706,23.997,0.9756484375,1.0249593619627972,13.862,0.399,8.445,59.3,11,Phi-3-mini-Q4,llama.cpp,finegrained_gpu_emc
2026-05-16T02:36:59.809907,GPU612_EMC665_CPU1036,612,1036,665,612,665,p512_o128,512,128,decode,1,45.0237428303808,42.47206547407536,5439.454994862899,128,23.531769289549242,124.634,22.661,23.796,0.973703125,1.027007076720638,13.899,0.399,8.363,59.3,11,Phi-3-mini-Q4,llama.cpp,finegrained_gpu_emc
2026-05-16T02:37:06.063654,GPU612_EMC665_CPU1036,612,1036,665,612,665,p512_o128,512,128,decode,2,44.84057589434087,42.49695112642751,5442.439346108586,128,23.518865688695577,125.082,22.742,23.796,0.977203125,1.023328696375178,13.972,0.399,8.372,59.3,11,Phi-3-mini-Q4,llama.cpp,finegrained_gpu_emc
2026-05-16T02:37:12.324135,GPU612_EMC665_CPU1036,612,1036,665,612,665,p1024_o128,1024,128,decode,0,45.11813912540674,42.54925382638893,5449.349527945742,128,23.489042012001853,125.082,22.742,23.796,0.977203125,1.023328696375178,13.972,0.399,8.372,59.3,11,Phi-3-mini-Q4,llama.cpp,finegrained_gpu_emc
2026-05-16T02:37:18.583638,GPU612_EMC665_CPU1036,612,1036,665,612,665,p1024_o128,1024,128,decode,1,45.06425093859434,42.540270409832786,5448.180345119908,128,23.494082774747586,124.633,22.661,23.796,0.9736953125,1.0270153169706258,13.935,0.399,8.326,59.1,11,Phi-3-mini-Q4,llama.cpp,finegrained_gpu_emc
2026-05-16T02:37:24.844983,GPU612_EMC665_CPU1036,612,1036,665,612,665,p1024_o128,1024,128,decode,2,45.344949001446366,42.55096720509583,5449.791376944631,128,23.487137607047604,125.033,22.733,23.796,0.9768203125,1.0237297353498676,13.972,0.399,8.363,59.1,11,Phi-3-mini-Q4,llama.cpp,finegrained_gpu_emc
2026-05-16T02:37:36.646170,GPU612_EMC665_CPU1036,612,1036,665,612,665,p128_o256,128,256,decode,0,45.078102964907885,42.91080247117754,10988.337069982663,256,23.29742875282983,253.966,23.088,23.796,0.9920546875,1.0080089460793964,14.226,0.399,8.463,59.1,22,Phi-3-mini-Q4,llama.cpp,finegrained_gpu_emc
2026-05-16T02:37:48.497685,GPU612_EMC665_CPU1036,612,1036,665,612,665,p128_o256,128,256,decode,1,49.093273002654314,43.091323858528746,11038.335433928296,256,23.19190257737034,250.269,22.752,23.796,0.97761328125,1.0228993602883298,13.954,0.399,8.399,59.0,22,Phi-3-mini-Q4,llama.cpp,finegrained_gpu_emc
2026-05-16T02:38:00.351205,GPU612_EMC665_CPU1036,612,1036,665,612,665,p128_o256,128,256,decode,2,49.71777298487723,43.09633985873969,11040.243495022878,256,23.187894371660278,251.766,22.888,23.796,0.9834609375,1.016817203276058,14.062,0.399,8.426,59.0,22,Phi-3-mini-Q4,llama.cpp,finegrained_gpu_emc
2026-05-16T02:38:24.533938,GPU612_EMC665_CPU1036,612,1036,665,612,665,p1024_o512,1024,512,decode,0,49.21089904382825,45.6253833596735,23365.70112593472,512,21.912460372597444,523.833,22.775,23.796,1.023111328125,0.9774107396823034,13.989,0.399,8.387,58.9,46,Phi-3-mini-Q4,llama.cpp,finegrained_gpu_emc
2026-05-16T02:38:48.010325,GPU612_EMC665_CPU1036,612,1036,665,612,665,p1024_o512,1024,512,decode,1,49.708646023646,45.48684284494694,22659.656799165532,497,21.93325364126003,504.242,22.92,23.802,1.0145714285714287,0.9856378484933821,14.108,0.399,8.413,58.8,44,Phi-3-mini-Q4,llama.cpp,finegrained_gpu_emc
2026-05-16T02:39:12.166543,GPU612_EMC665_CPU1036,612,1036,665,612,665,p1024_o512,1024,512,decode,2,49.46550983004272,45.57377747588093,23339.59847385995,512,21.93696693511816,523.835,22.775,23.798,1.023115234375,0.9774070079318868,13.963,0.399,8.413,58.6,46,Phi-3-mini-Q4,llama.cpp,finegrained_gpu_emc
2026-05-16T02:39:20.235226,GPU612_EMC2133_CPU1036,1300,1036,2133,612,2133,p128_o64,128,64,decode,0,25.535859866067767,24.106684824570067,1544.5102478843182,64,41.43708342995308,77.136,38.568,45.762,1.20525,0.8297033810412778,29.133,0.399,9.036,59.1,4,Phi-3-mini-Q4,llama.cpp,finegrained_gpu_emc
2026-05-16T02:39:22.591666,GPU612_EMC2133_CPU1036,1300,1036,2133,612,2133,p128_o64,128,64,decode,1,25.534707820042968,24.13153708247202,1546.1215709801763,64,41.39389890241728,72.902,36.451,45.277,1.13909375,0.8778908671915723,27.342,0.399,8.71,59.2,4,Phi-3-mini-Q4,llama.cpp,finegrained_gpu_emc
2026-05-16T02:39:24.944642,GPU612_EMC2133_CPU1036,1300,1036,2133,612,2133,p128_o64,128,64,decode,2,25.350934825837612,24.085803493295632,1543.015366885811,64,41.47722788345778,73.144,36.572,45.263,1.142875,0.8749863283386197,27.438,0.399,8.735,59.5,4,Phi-3-mini-Q4,llama.cpp,finegrained_gpu_emc
2026-05-16T02:39:28.859244,GPU612_EMC2133_CPU1036,1300,1036,2133,612,2133,p512_o128,512,128,decode,0,25.69553698413074,24.2343182367544,3103.926809038967,128,41.238085778069994,142.934,40.838,46.575,1.116671875,0.8955182112023732,31.072,0.399,9.367,59.9,7,Phi-3-mini-Q4,llama.cpp,finegrained_gpu_emc
2026-05-16T02:39:32.770637,GPU612_EMC2133_CPU1036,1300,1036,2133,612,2133,p512_o128,512,128,decode,1,25.810125982388854,24.208486520164595,3100.7649621460587,128,41.28013621239141,143.184,40.91,46.56,1.118625,0.8939546318024361,31.127,0.399,9.384,60.1,7,Phi-3-mini-Q4,llama.cpp,finegrained_gpu_emc
2026-05-16T02:39:36.683881,GPU612_EMC2133_CPU1036,1300,1036,2133,612,2133,p512_o128,512,128,decode,2,25.935308076441288,24.221408967383383,3102.5311360135674,128,41.256636722900645,142.636,40.753,46.56,1.11434375,0.8973891584172299,30.958,0.399,9.396,60.4,7,Phi-3-mini-Q4,llama.cpp,finegrained_gpu_emc
2026-05-16T02:39:40.589214,GPU612_EMC2133_CPU1036,1300,1036,2133,612,2133,p1024_o128,1024,128,decode,0,25.602577021345496,24.162700922250394,3094.7362740989774,128,41.36055180897984,143.336,40.953,46.661,1.1198125,0.8930066417368978,31.127,0.399,9.427,60.6,7,Phi-3-mini-Q4,llama.cpp,finegrained_gpu_emc
2026-05-16T02:39:44.495644,GPU612_EMC2133_CPU1036,1300,1036,2133,612,2133,p1024_o128,1024,128,decode,1,25.75095882639289,24.1676408900168,3095.515903783962,128,41.350134833270495,143.331,40.952,46.661,1.1197734375,0.8930377936385011,31.126,0.399,9.427,60.8,7,Phi-3-mini-Q4,llama.cpp,finegrained_gpu_emc
2026-05-16T02:39:48.404590,GPU612_EMC2133_CPU1036,1300,1036,2133,612,2133,p1024_o128,1024,128,decode,2,25.631792144849896,24.19032218800051,3098.280302947387,128,41.3132407284886,143.583,41.024,46.56,1.1217421875,0.8914704387009604,31.241,0.399,9.384,60.9,7,Phi-3-mini-Q4,llama.cpp,finegrained_gpu_emc
2026-05-16T02:39:55.508878,GPU612_EMC2133_CPU1036,1300,1036,2133,612,2133,p128_o256,128,256,decode,0,26.10557619482279,24.57076027058065,6292.614486068487,256,40.682613016699236,284.682,43.797,46.661,1.1120390625,0.8992489865885444,33.523,0.399,9.875,61.3,13,Phi-3-mini-Q4,llama.cpp,finegrained_gpu_emc
2026-05-16T02:40:02.649400,GPU612_EMC2133_CPU1036,1300,1036,2133,612,2133,p128_o256,128,256,decode,1,29.385653091594577,24.700219038983477,6328.925205161795,256,40.4492060976182,284.208,43.724,46.175,1.1101875,0.9007487473962731,33.466,0.399,9.86,61.7,13,Phi-3-mini-Q4,llama.cpp,finegrained_gpu_emc
2026-05-16T02:40:09.790233,GPU612_EMC2133_CPU1036,1300,1036,2133,612,2133,p128_o256,128,256,decode,2,29.38171592541039,24.701971823678296,6329.325347905979,256,40.44664888094213,284.684,43.797,46.661,1.112046875,0.899242669064647,33.492,0.399,9.906,62.0,13,Phi-3-mini-Q4,llama.cpp,finegrained_gpu_emc
2026-05-16T02:40:24.037514,GPU612_EMC2133_CPU1036,1300,1036,2133,612,2133,p1024_o512,1024,512,decode,0,28.858939884230494,26.228391931714842,13433.435091981664,512,38.113855204884246,592.012,43.853,46.661,1.1562734375,0.8648473341756587,33.537,0.399,9.916,62.6,27,Phi-3-mini-Q4,llama.cpp,finegrained_gpu_emc
2026-05-16T02:40:35.262909,GPU612_EMC2133_CPU1036,1300,1036,2133,612,2133,p1024_o512,1024,512,decode,1,28.891706140711904,25.696557739093233,10412.605058168992,404,38.79912833945912,463.636,44.156,46.661,1.1476138613861386,0.8713732324495941,33.806,0.399,9.951,63.1,21,Phi-3-mini-Q4,llama.cpp,finegrained_gpu_emc
2026-05-16T02:40:49.526808,GPU612_EMC2133_CPU1036,1300,1036,2133,612,2133,p1024_o512,1024,512,decode,2,29.211987974122167,26.260614997949705,13450.295565882698,512,38.06607799004149,575.417,44.263,46.676,1.123861328125,0.8897894917946463,33.848,0.399,10.016,63.4,26,Phi-3-mini-Q4,llama.cpp,finegrained_gpu_emc
2026-05-16T02:40:57.685559,GPU612_EMC3199_CPU1036,1300,1036,3199,612,3199,p128_o64,128,64,decode,0,25.46337293460965,24.038864717271828,1540.1643901132047,64,41.554005800183376,78.186,39.093,46.161,1.22165625,0.8185608676745196,29.532,0.399,9.162,62.7,4,Phi-3-mini-Q4,llama.cpp,finegrained_gpu_emc
2026-05-16T02:41:00.038122,GPU612_EMC3199_CPU1036,1300,1036,3199,612,3199,p128_o64,128,64,decode,1,25.491276988759637,24.077630664650645,1542.6321169361472,64,41.487532443646835,73.291,36.646,45.363,1.145171875,0.8732313653791053,27.436,0.399,8.81,62.7,4,Phi-3-mini-Q4,llama.cpp,finegrained_gpu_emc
2026-05-16T02:41:02.390089,GPU612_EMC3199_CPU1036,1300,1036,3199,612,3199,p128_o64,128,64,decode,2,25.290863821282983,24.07253142963681,1542.1136519871652,64,41.50148072259765,73.295,36.648,45.363,1.145234375,0.8731837096664166,27.438,0.399,8.81,62.8,4,Phi-3-mini-Q4,llama.cpp,finegrained_gpu_emc
2026-05-16T02:41:06.299356,GPU612_EMC3199_CPU1036,1300,1036,3199,612,3199,p512_o128,512,128,decode,0,25.318511994555593,24.193780196053307,3098.4032137785107,128,41.31160186988822,144.047,41.156,46.676,1.1253671875,0.8885988600942748,31.302,0.399,9.456,63.0,7,Phi-3-mini-Q4,llama.cpp,finegrained_gpu_emc
2026-05-16T02:41:10.208602,GPU612_EMC3199_CPU1036,1300,1036,3199,612,3199,p512_o128,512,128,decode,1,25.961380917578936,24.188214308017585,3098.352557979524,128,41.31227728437414,143.763,41.075,46.776,1.1231484375,0.8903542636144209,31.192,0.399,9.484,63.1,7,Phi-3-mini-Q4,llama.cpp,finegrained_gpu_emc
2026-05-16T02:41:14.118284,GPU612_EMC3199_CPU1036,1300,1036,3199,612,3199,p512_o128,512,128,decode,2,25.627753930166364,24.196219212544246,3099.018851062283,128,41.30339509103796,143.843,41.098,46.761,1.1237734375,0.8898590824718617,31.186,0.399,9.513,63.3,7,Phi-3-mini-Q4,llama.cpp,finegrained_gpu_emc
2026-05-16T02:41:18.030857,GPU612_EMC3199_CPU1036,1300,1036,3199,612,3199,p1024_o128,1024,128,decode,0,25.426571955904365,24.219349307176753,3101.7661669757217,128,41.2668115871553,143.8,41.086,46.676,1.1234375,0.890125173852573,31.246,0.399,9.441,63.2,7,Phi-3-mini-Q4,llama.cpp,finegrained_gpu_emc
2026-05-16T02:41:21.942835,GPU612_EMC3199_CPU1036,1300,1036,3199,612,3199,p1024_o128,1024,128,decode,1,25.950116105377674,24.209204707368034,3100.9916509501636,128,41.27711855037726,143.734,41.067,46.56,1.122921875,0.8905339029039754,31.241,0.399,9.427,63.4,7,Phi-3-mini-Q4,llama.cpp,finegrained_gpu_emc
2026-05-16T02:41:25.852915,GPU612_EMC3199_CPU1036,1300,1036,3199,612,3199,p1024_o128,1024,128,decode,2,25.914691854268312,24.189294741202996,3098.4564279206097,128,41.310892367752764,143.655,41.044,46.676,1.1223046875,0.8910236330096412,31.19,0.399,9.456,63.4,7,Phi-3-mini-Q4,llama.cpp,finegrained_gpu_emc
2026-05-16T02:41:32.955515,GPU612_EMC3199_CPU1036,1300,1036,3199,612,3199,p128_o256,128,256,decode,0,25.746694998815656,24.564746372839984,6290.689261164516,256,40.69506366820763,285.362,43.902,46.776,1.1146953125,0.8971061318605841,33.558,0.399,9.945,63.7,13,Phi-3-mini-Q4,llama.cpp,finegrained_gpu_emc
2026-05-16T02:41:40.091680,GPU612_EMC3199_CPU1036,1300,1036,3199,612,3199,p128_o256,128,256,decode,1,29.017491033300757,24.684625557240317,6324.561536079273,256,40.47711426944226,285.19,43.875,46.676,1.1140234375,0.8976471825800344,33.555,0.399,9.922,63.9,13,Phi-3-mini-Q4,llama.cpp,finegrained_gpu_emc
2026-05-16T02:41:47.220667,GPU612_EMC3199_CPU1036,1300,1036,3199,612,3199,p128_o256,128,256,decode,2,29.219886055216193,24.655803736737546,6317.452575080097,256,40.522662727983246,285.432,43.913,46.676,1.11496875,0.8968861234900081,33.592,0.399,9.922,64.1,13,Phi-3-mini-Q4,llama.cpp,finegrained_gpu_emc
2026-05-16T02:42:01.462359,GPU612_EMC3199_CPU1036,1300,1036,3199,612,3199,p1024_o512,1024,512,decode,0,28.758837841451168,26.21789290633512,13428.003459004685,512,38.1292722751466,594.206,44.015,46.776,1.16055859375,0.8616540391716004,33.618,0.399,9.998,64.4,27,Phi-3-mini-Q4,llama.cpp,finegrained_gpu_emc
2026-05-16T02:42:15.691896,GPU612_EMC3199_CPU1036,1300,1036,3199,612,3199,p1024_o512,1024,512,decode,1,29.279883950948715,26.192552857046287,13415.604155045003,512,38.16451306126679,594.282,44.021,46.776,1.16070703125,0.8615438461875001,33.631,0.399,9.991,64.8,27,Phi-3-mini-Q4,llama.cpp,finegrained_gpu_emc
2026-05-16T02:42:29.923347,GPU612_EMC3199_CPU1036,1300,1036,3199,612,3199,p1024_o512,1024,512,decode,2,28.947409009560943,26.19652430127774,13417.291071964428,512,38.15971474821989,594.472,44.035,46.776,1.161078125,0.8612684869935001,33.619,0.399,10.017,65.1,27,Phi-3-mini-Q4,llama.cpp,finegrained_gpu_emc
2026-05-16T02:42:38.113588,GPU714_EMC204_CPU1036,714,1036,204,714,204,p128_o64,128,64,decode,0,25.31757694669068,24.075733287082542,1542.3432339448482,64,41.495303115057816,78.536,39.268,46.262,1.227125,0.8149129061831517,29.632,0.399,9.237,64.1,4,Phi-3-mini-Q4,llama.cpp,finegrained_gpu_emc
2026-05-16T02:42:40.464791,GPU714_EMC204_CPU1036,714,1036,204,714,204,p128_o64,128,64,decode,1,25.57290089316666,24.051927588140916,1541.096654953435,64,41.52886828628785,73.744,36.872,45.762,1.15225,0.8678672163159037,27.638,0.399,8.836,64.1,4,Phi-3-mini-Q4,llama.cpp,finegrained_gpu_emc
2026-05-16T02:42:42.819246,GPU714_EMC204_CPU1036,714,1036,204,714,204,p128_o64,128,64,decode,2,25.66262800246477,24.1020416826128,1544.3420980591327,64,41.44159514943783,73.744,36.872,45.762,1.15225,0.8678672163159037,27.638,0.399,8.836,64.2,4,Phi-3-mini-Q4,llama.cpp,finegrained_gpu_emc
2026-05-16T02:42:46.729053,GPU714_EMC204_CPU1036,714,1036,204,714,204,p512_o128,512,128,decode,0,25.542245944961905,24.19891985917948,3099.281445145607,128,41.29989556143277,144.39,41.254,46.761,1.128046875,0.8864879839324054,31.3,0.399,9.556,64.3,7,Phi-3-mini-Q4,llama.cpp,finegrained_gpu_emc
2026-05-16T02:42:50.637370,GPU714_EMC204_CPU1036,714,1036,204,714,204,p512_o128,512,128,decode,1,25.645443005487323,24.185699339237388,3097.719587152824,128,41.32071880581269,144.098,41.171,46.776,1.125765625,0.8882843620313953,31.245,0.399,9.527,64.5,7,Phi-3-mini-Q4,llama.cpp,finegrained_gpu_emc
2026-05-16T02:42:54.543311,GPU714_EMC204_CPU1036,714,1036,204,714,204,p512_o128,512,128,decode,2,25.577573105692863,24.16641275603764,3095.183953177184,128,41.35456953006264,144.336,41.239,46.761,1.127625,0.8868196430550936,31.298,0.399,9.541,64.6,7,Phi-3-mini-Q4,llama.cpp,finegrained_gpu_emc
2026-05-16T02:42:58.456027,GPU714_EMC204_CPU1036,714,1036,204,714,204,p1024_o128,1024,128,decode,0,25.33264784142375,24.217960701551377,3101.4990888070315,128,41.270365179837675,144.336,41.239,46.761,1.127625,0.8868196430550936,31.298,0.399,9.541,64.6,7,Phi-3-mini-Q4,llama.cpp,finegrained_gpu_emc
2026-05-16T02:43:02.366515,GPU714_EMC204_CPU1036,714,1036,204,714,204,p1024_o128,1024,128,decode,1,25.614019948989153,24.197579086501534,3099.17846089229,128,41.301267937680265,144.362,41.246,46.776,1.127828125,0.8866599243568253,31.306,0.399,9.541,64.6,7,Phi-3-mini-Q4,llama.cpp,finegrained_gpu_emc
2026-05-16T02:43:06.272983,GPU714_EMC204_CPU1036,714,1036,204,714,204,p1024_o128,1024,128,decode,2,25.370406918227673,24.172761402364205,3095.785496989265,128,41.346533900518445,144.512,41.289,47.175,1.129,0.8857395925597874,31.363,0.399,9.527,64.7,7,Phi-3-mini-Q4,llama.cpp,finegrained_gpu_emc
2026-05-16T02:43:13.379646,GPU714_EMC204_CPU1036,714,1036,204,714,204,p128_o256,128,256,decode,0,25.91862203553319,24.580867729131498,6294.97047001496,256,40.66738695906728,285.154,43.87,46.761,1.1138828125,0.8977605083568879,33.526,0.399,9.945,64.9,13,Phi-3-mini-Q4,llama.cpp,finegrained_gpu_emc
2026-05-16T02:43:20.511106,GPU714_EMC204_CPU1036,714,1036,204,714,204,p128_o256,128,256,decode,1,29.06199498102069,24.66667742724074,6319.993587909266,256,40.50637021052549,286.619,44.095,46.776,1.11960546875,0.8931717715852752,33.712,0.399,9.985,65.0,13,Phi-3-mini-Q4,llama.cpp,finegrained_gpu_emc
2026-05-16T02:43:27.649720,GPU714_EMC204_CPU1036,714,1036,204,714,204,p128_o256,128,256,decode,2,29.000651789829135,24.694811509849103,6327.115107793361,256,40.46077803842616,285.85,43.977,46.776,1.1166015625,0.8955746020640195,33.562,0.399,10.016,65.2,13,Phi-3-mini-Q4,llama.cpp,finegrained_gpu_emc
2026-05-16T02:43:41.565387,GPU714_EMC204_CPU1036,714,1036,204,714,204,p1024_o512,1024,512,decode,0,28.950699837878346,26.29954660885907,13101.792976958677,497,37.933739364836825,584.982,44.999,47.261,1.1770261569416498,0.8495987910739135,33.987,0.737,10.275,65.4,26,Phi-3-mini-Q4,llama.cpp,finegrained_gpu_emc
2026-05-16T02:43:55.884434,GPU714_EMC204_CPU1036,714,1036,204,714,204,p1024_o512,1024,512,decode,1,29.29050102829933,26.367113925516605,13504.831969039515,512,37.91235619767687,603.596,44.711,47.175,1.1788984375,0.8482494913816526,33.751,0.887,10.073,65.7,27,Phi-3-mini-Q4,llama.cpp,finegrained_gpu_emc
2026-05-16T02:44:10.113468,GPU714_EMC204_CPU1036,714,1036,204,714,204,p1024_o512,1024,512,decode,2,28.90862780623138,26.19267050896766,13415.26094195433,512,38.16548945379009,596.364,44.175,46.962,1.1647734375,0.8585360618682549,33.719,0.399,10.058,65.8,27,Phi-3-mini-Q4,llama.cpp,finegrained_gpu_emc
2026-05-16T02:44:18.179945,GPU714_EMC665_CPU1036,1300,1036,665,714,665,p128_o64,128,64,decode,0,25.553511921316385,24.031402620797355,1539.7870540618896,64,41.56418891246738,78.64,39.32,46.161,1.22875,0.8138351983723296,29.734,0.399,9.186,65.0,4,Phi-3-mini-Q4,llama.cpp,finegrained_gpu_emc
2026-05-16T02:44:20.530280,GPU714_EMC665_CPU1036,1300,1036,665,714,665,p128_o64,128,64,decode,1,25.31533082947135,24.045041285543924,1540.406604995951,64,41.54747181194294,73.994,36.997,45.762,1.15615625,0.8649349947293024,27.738,0.399,8.861,64.9,4,Phi-3-mini-Q4,llama.cpp,finegrained_gpu_emc
2026-05-16T02:44:22.880793,GPU714_EMC665_CPU1036,1300,1036,665,714,665,p128_o64,128,64,decode,2,25.57748998515308,24.042361508315754,1540.4961311724037,64,41.545057274043536,74.094,37.047,45.863,1.15771875,0.8637676465030908,27.738,0.399,8.911,64.9,4,Phi-3-mini-Q4,llama.cpp,finegrained_gpu_emc
2026-05-16T02:44:26.805421,GPU714_EMC665_CPU1036,1300,1036,665,714,665,p512_o128,512,128,decode,0,25.363469030708075,24.317081977327273,3114.119365112856,128,41.10311294871039,146.504,41.858,47.675,1.1445625,0.8736962813302026,31.418,0.798,9.642,65.1,7,Phi-3-mini-Q4,llama.cpp,finegrained_gpu_emc
2026-05-16T02:44:30.729201,GPU714_EMC665_CPU1036,1300,1036,665,714,665,p512_o128,512,128,decode,1,25.527914986014366,24.30666702264172,3112.9533047787845,128,41.118509488563,145.448,41.557,47.175,1.1363125,0.8800396017820802,31.017,0.912,9.627,65.2,7,Phi-3-mini-Q4,llama.cpp,finegrained_gpu_emc
2026-05-16T02:44:34.653327,GPU714_EMC665_CPU1036,1300,1036,665,714,665,p512_o128,512,128,decode,2,25.425663916394114,24.31232566893922,3113.574468996376,128,41.11030626521655,146.656,41.902,47.376,1.14575,0.8727907484180667,31.304,0.798,9.8,65.3,7,Phi-3-mini-Q4,llama.cpp,finegrained_gpu_emc
2026-05-16T02:44:38.568833,GPU714_EMC665_CPU1036,1300,1036,665,714,665,p1024_o128,1024,128,decode,0,25.707535911351442,24.241211560122142,3104.878477053717,128,41.22544600246701,145.158,41.474,47.364,1.134046875,0.8817977651937889,31.361,0.399,9.714,65.2,7,Phi-3-mini-Q4,llama.cpp,finegrained_gpu_emc
2026-05-16T02:44:42.502935,GPU714_EMC665_CPU1036,1300,1036,665,714,665,p1024_o128,1024,128,decode,1,25.497134076431394,24.389826683474222,3123.4922490548342,128,40.97977193275657,147.106,42.03,47.776,1.149265625,0.8701208652264354,31.361,0.912,9.757,65.4,7,Phi-3-mini-Q4,llama.cpp,finegrained_gpu_emc
2026-05-16T02:44:46.423015,GPU714_EMC665_CPU1036,1300,1036,665,714,665,p1024_o128,1024,128,decode,2,25.44198208488524,24.278560457164495,3109.297869959846,128,41.166850315840925,146.756,41.93,47.376,1.14653125,0.8721960260568563,31.361,0.798,9.771,65.3,7,Phi-3-mini-Q4,llama.cpp,finegrained_gpu_emc
2026-05-16T02:44:53.554823,GPU714_EMC665_CPU1036,1300,1036,665,714,665,p128_o256,128,256,decode,0,25.452489033341408,24.681893090589664,6320.280937943608,256,40.50452859826405,291.03,44.774,47.661,1.1368359375,0.879634401951689,33.714,0.952,10.108,65.6,13,Phi-3-mini-Q4,llama.cpp,finegrained_gpu_emc
2026-05-16T02:45:00.711995,GPU714_EMC665_CPU1036,1300,1036,665,714,665,p128_o256,128,256,decode,1,29.022186063230038,24.766830324797947,6345.487616956234,256,40.34362927695643,290.002,44.616,47.575,1.1328203125,0.8827525327411535,33.71,0.829,10.077,65.7,13,Phi-3-mini-Q4,llama.cpp,finegrained_gpu_emc
2026-05-16T02:45:07.906569,GPU714_EMC665_CPU1036,1300,1036,665,714,665,p128_o256,128,256,decode,2,29.012453043833375,24.914180788704577,6383.082298096269,256,40.106015878308675,291.964,44.918,47.16,1.140484375,0.876820429916017,33.766,1.013,10.139,65.8,13,Phi-3-mini-Q4,llama.cpp,finegrained_gpu_emc
2026-05-16T02:45:18.601784,GPU714_EMC665_CPU1036,1300,1036,665,714,665,p1024_o512,1024,512,decode,0,28.820459032431245,25.652671976297043,9881.647099973634,384,38.859918403787624,443.716,44.372,46.862,1.1555104166666668,0.8654184207916775,33.74,0.459,10.172,65.9,20,Phi-3-mini-Q4,llama.cpp,finegrained_gpu_emc
2026-05-16T02:45:26.502580,GPU714_EMC665_CPU1036,1300,1036,665,714,665,p1024_o512,1024,512,decode,1,29.151565860956907,25.021733459270827,7087.978852912784,282,39.78567174817585,313.182,44.74,47.16,1.1105744680851064,0.9004348908941127,34.088,0.513,10.14,66.0,14,Phi-3-mini-Q4,llama.cpp,finegrained_gpu_emc
2026-05-16T02:45:36.930847,GPU714_EMC665_CPU1036,1300,1036,665,714,665,p1024_o512,1024,512,decode,2,29.171044938266277,25.695018671823526,9615.56597193703,373,38.79126835472797,430.73,45.34,47.76,1.1547721179624666,0.8659717224247208,34.068,0.966,10.306,66.2,19,Phi-3-mini-Q4,llama.cpp,finegrained_gpu_emc
2026-05-16T02:45:45.117320,GPU714_EMC2133_CPU1036,1300,1036,2133,714,2133,p128_o64,128,64,decode,0,25.547706987708807,24.291808317814553,1556.1827458441257,64,41.12627528541595,80.353,40.176,46.761,1.255515625,0.7964855076972858,29.638,1.098,9.441,65.4,4,Phi-3-mini-Q4,llama.cpp,finegrained_gpu_emc
2026-05-16T02:45:47.484594,GPU714_EMC2133_CPU1036,1300,1036,2133,714,2133,p128_o64,128,64,decode,1,25.52080200985074,24.30641318907932,1557.07889306359,64,41.10260583783168,75.304,37.652,46.175,1.176625,0.8498884521406566,27.644,0.998,9.011,65.2,4,Phi-3-mini-Q4,llama.cpp,finegrained_gpu_emc
2026-05-16T02:45:49.841047,GPU714_EMC2133_CPU1036,1300,1036,2133,714,2133,p128_o64,128,64,decode,2,25.458220159634948,24.141890806190315,1546.6537999454886,64,41.379654582205575,74.056,37.028,45.776,1.157125,0.8642108674516582,27.743,0.399,8.886,65.2,4,Phi-3-mini-Q4,llama.cpp,finegrained_gpu_emc
2026-05-16T02:45:53.760222,GPU714_EMC2133_CPU1036,1300,1036,2133,714,2133,p512_o128,512,128,decode,0,25.746555998921394,24.27052338717608,3108.585612149909,128,41.17628271189055,144.62,41.32,46.776,1.12984375,0.8850781358041764,31.365,0.399,9.556,65.3,7,Phi-3-mini-Q4,llama.cpp,finegrained_gpu_emc
2026-05-16T02:45:57.677575,GPU714_EMC2133_CPU1036,1300,1036,2133,714,2133,p512_o128,512,128,decode,1,25.51109716296196,24.259830188871486,3106.9803091231734,128,41.1975575204476,144.02,41.149,46.776,1.12515625,0.8887654492431606,31.194,0.399,9.556,65.5,7,Phi-3-mini-Q4,llama.cpp,finegrained_gpu_emc
2026-05-16T02:46:01.597519,GPU714_EMC2133_CPU1036,1300,1036,2133,714,2133,p512_o128,512,128,decode,2,25.537437992170453,24.279005920851795,3109.4466410577297,128,41.16488069287424,144.064,41.161,46.776,1.1255,0.8884940026654821,31.192,0.399,9.57,65.5,7,Phi-3-mini-Q4,llama.cpp,finegrained_gpu_emc
2026-05-16T02:46:05.519305,GPU714_EMC2133_CPU1036,1300,1036,2133,714,2133,p1024_o128,1024,128,decode,0,25.605315109714866,24.292817055137725,3111.26888403669,128,41.140770782217785,143.665,41.047,46.877,1.1223828125,0.8909616120836669,31.078,0.399,9.57,65.5,7,Phi-3-mini-Q4,llama.cpp,finegrained_gpu_emc
2026-05-16T02:46:09.660704,GPU714_EMC2133_CPU1036,1300,1036,2133,714,2133,p1024_o128,1024,128,decode,1,25.43234615586698,24.271918457060114,3108.438721159473,128,41.17822851989662,144.758,41.359,47.178,1.130921875,0.8842343773746528,31.304,0.399,9.656,65.6,7,Phi-3-mini-Q4,llama.cpp,finegrained_gpu_emc
2026-05-16T02:46:13.581994,GPU714_EMC2133_CPU1036,1300,1036,2133,714,2133,p1024_o128,1024,128,decode,2,25.446562794968486,24.290759725070846,3110.843411879614,128,41.14639763325813,144.022,41.149,46.776,1.125171875,0.8887531071641833,31.194,0.399,9.556,65.5,7,Phi-3-mini-Q4,llama.cpp,finegrained_gpu_emc
2026-05-16T02:46:20.702726,GPU714_EMC2133_CPU1036,1300,1036,2133,714,2133,p128_o256,128,256,decode,0,25.849485071375966,24.63747862014262,6309.339069062844,256,40.574772919602324,286.493,44.076,46.877,1.11911328125,0.8935645897107434,33.623,0.399,10.054,65.7,13,Phi-3-mini-Q4,llama.cpp,finegrained_gpu_emc
2026-05-16T02:46:27.831627,GPU714_EMC2133_CPU1036,1300,1036,2133,714,2133,p128_o256,128,256,decode,1,28.712292900308967,24.658619372320235,6317.6030409522355,256,40.5216976028006,287.392,44.214,46.877,1.122625,0.8907694020710388,33.746,0.399,10.07,65.9,13,Phi-3-mini-Q4,llama.cpp,finegrained_gpu_emc
2026-05-16T02:46:34.958435,GPU714_EMC2133_CPU1036,1300,1036,2133,714,2133,p128_o256,128,256,decode,2,28.91207206994295,24.64870555673306,6315.2683661319315,256,40.53667796176311,287.175,44.181,46.776,1.12177734375,0.8914425002176373,33.743,0.399,10.039,66.0,13,Phi-3-mini-Q4,llama.cpp,finegrained_gpu_emc
2026-05-16T02:46:46.123327,GPU714_EMC2133_CPU1036,1300,1036,2133,714,2133,p1024_o512,1024,512,decode,0,28.800963889807463,25.737866680137813,10351.904815994203,401,38.736832218591815,463.104,44.105,46.862,1.1548728179551122,0.8658962133775567,33.66,0.399,10.046,66.1,21,Phi-3-mini-Q4,llama.cpp,finegrained_gpu_emc
2026-05-16T02:47:00.377249,GPU714_EMC2133_CPU1036,1300,1036,2133,714,2133,p1024_o512,1024,512,decode,1,29.445680091157556,26.239717894082492,13439.823433989659,512,38.09573857236389,596.794,44.207,46.877,1.16561328125,0.8579174723606471,33.75,0.399,10.058,66.2,27,Phi-3-mini-Q4,llama.cpp,finegrained_gpu_emc
2026-05-16T02:47:14.597353,GPU714_EMC2133_CPU1036,1300,1036,2133,714,2133,p1024_o512,1024,512,decode,2,29.13757786154747,26.174222741553052,13406.05607884936,512,38.19169463327688,595.783,44.132,47.276,1.163638671875,0.8593732953105409,33.675,0.399,10.058,66.4,27,Phi-3-mini-Q4,llama.cpp,finegrained_gpu_emc
2026-05-16T02:47:22.762363,GPU714_EMC3199_CPU1036,1300,1036,3199,714,3199,p128_o64,128,64,decode,0,25.254225125536323,24.090914680282513,1543.2350160554051,64,41.4713244153749,78.248,39.124,46.276,1.222625,0.817912278908087,29.538,0.399,9.187,65.5,4,Phi-3-mini-Q4,llama.cpp,finegrained_gpu_emc
2026-05-16T02:47:25.117568,GPU714_EMC3199_CPU1036,1300,1036,3199,714,3199,p128_o64,128,64,decode,1,25.820845970883965,24.110932269000582,1545.0639929622412,64,41.42223253633486,73.998,36.999,45.762,1.15621875,0.8648882402227087,27.74,0.399,8.861,65.5,4,Phi-3-mini-Q4,llama.cpp,finegrained_gpu_emc
2026-05-16T02:47:27.468481,GPU714_EMC3199_CPU1036,1300,1036,3199,714,3199,p128_o64,128,64,decode,2,25.542855029925704,24.047887444289195,1540.8098900225013,64,41.53659735339924,73.756,36.878,45.776,1.1524375,0.8677260155106026,27.644,0.399,8.836,65.4,4,Phi-3-mini-Q4,llama.cpp,finegrained_gpu_emc
2026-05-16T02:47:31.377179,GPU714_EMC3199_CPU1036,1300,1036,3199,714,3199,p512_o128,512,128,decode,0,25.55591380223632,24.191441355405125,3098.346723942086,128,41.312355073399644,144.248,41.214,46.776,1.1269375,0.887360656646886,31.245,0.399,9.57,65.6,7,Phi-3-mini-Q4,llama.cpp,finegrained_gpu_emc
2026-05-16T02:47:35.286070,GPU714_EMC3199_CPU1036,1300,1036,3199,714,3199,p512_o128,512,128,decode,1,25.336386170238256,24.194466621123667,3098.5081740655005,128,41.31020246173931,144.412,41.261,47.175,1.12821875,0.8863529346591695,31.306,0.399,9.556,65.7,7,Phi-3-mini-Q4,llama.cpp,finegrained_gpu_emc
2026-05-16T02:47:39.191630,GPU714_EMC3199_CPU1036,1300,1036,3199,714,3199,p512_o128,512,128,decode,2,25.35757585428655,24.166811787427996,3095.015855971724,128,41.35681558885345,144.667,41.333,47.276,1.1302109375,0.8847905880401197,31.307,0.399,9.628,65.8,7,Phi-3-mini-Q4,llama.cpp,finegrained_gpu_emc
2026-05-16T02:47:43.097069,GPU714_EMC3199_CPU1036,1300,1036,3199,714,3199,p1024_o128,1024,128,decode,0,25.42461990378797,24.164264282856987,3094.7572228033096,128,41.36027183549292,144.948,41.414,47.276,1.13240625,0.8830753097662609,31.416,0.399,9.599,65.8,7,Phi-3-mini-Q4,llama.cpp,finegrained_gpu_emc
2026-05-16T02:47:47.004377,GPU714_EMC3199_CPU1036,1300,1036,3199,714,3199,p1024_o128,1024,128,decode,1,25.624325964599848,24.179436182089912,3096.8847840558738,128,41.33185730996527,144.745,41.356,46.962,1.1308203125,0.8843137932225638,31.301,0.399,9.656,65.8,7,Phi-3-mini-Q4,llama.cpp,finegrained_gpu_emc
2026-05-16T02:47:50.912746,GPU714_EMC3199_CPU1036,1300,1036,3199,714,3199,p1024_o128,1024,128,decode,2,25.757669005542994,24.184758250608922,3097.696525976062,128,41.32102642290569,144.688,41.339,46.862,1.130375,0.8846621696339712,31.298,0.399,9.642,65.8,7,Phi-3-mini-Q4,llama.cpp,finegrained_gpu_emc
2026-05-16T02:47:58.005667,GPU714_EMC3199_CPU1036,1300,1036,3199,714,3199,p128_o256,128,256,decode,0,25.489310966804624,24.529339576724407,6281.4230299554765,256,40.75509622248998,286.74,44.114,46.877,1.120078125,0.892794866429518,33.647,0.399,10.068,66.0,13,Phi-3-mini-Q4,llama.cpp,finegrained_gpu_emc
2026-05-16T02:48:05.141649,GPU714_EMC3199_CPU1036,1300,1036,3199,714,3199,p128_o256,128,256,decode,1,28.957311995327473,24.68315280389552,6324.19003918767,256,40.47949198453921,287.742,44.268,46.862,1.1239921875,0.8896858991735651,33.738,0.43,10.101,66.2,13,Phi-3-mini-Q4,llama.cpp,finegrained_gpu_emc
2026-05-16T02:48:12.277730,GPU714_EMC3199_CPU1036,1300,1036,3199,714,3199,p128_o256,128,256,decode,2,28.791226912289858,24.684778082312324,6324.362916871905,256,40.478385469792144,286.378,44.058,46.862,1.1186640625,0.893923415904853,33.613,0.399,10.046,66.2,13,Phi-3-mini-Q4,llama.cpp,finegrained_gpu_emc
2026-05-16T02:48:26.530750,GPU714_EMC3199_CPU1036,1300,1036,3199,714,3199,p1024_o512,1024,512,decode,0,28.800969012081623,26.239617342227767,13439.142232993618,512,38.09766956279546,596.958,44.219,46.877,1.16593359375,0.857681779957719,33.718,0.399,10.102,66.4,27,Phi-3-mini-Q4,llama.cpp,finegrained_gpu_emc
2026-05-16T02:48:40.761732,GPU714_EMC3199_CPU1036,1300,1036,3199,714,3199,p1024_o512,1024,512,decode,1,28.992889914661646,26.196330655439084,13417.198467999697,512,38.159978122193756,596.983,44.221,47.261,1.165982421875,0.8576458626125033,33.746,0.399,10.076,66.6,27,Phi-3-mini-Q4,llama.cpp,finegrained_gpu_emc
2026-05-16T02:48:54.990788,GPU714_EMC3199_CPU1036,1300,1036,3199,714,3199,p1024_o512,1024,512,decode,2,29.34732986614108,26.191460516817738,13415.07425182499,512,38.16602058168611,595.97,44.146,47.16,1.16400390625,0.8591036461566857,33.689,0.399,10.058,66.7,27,Phi-3-mini-Q4,llama.cpp,finegrained_gpu_emc
2026-05-16T02:49:04.258855,GPU816_EMC204_CPU1036,816,1036,204,816,204,p128_o64,128,64,decode,0,34.75582413375378,33.103638380351995,2120.5380181781948,64,30.181019840891107,66.71,26.684,29.912,1.04234375,0.9593764053365313,17.488,0.399,8.796,65.1,5,Phi-3-mini-Q4,llama.cpp,finegrained_gpu_emc
2026-05-16T02:49:07.198668,GPU816_EMC204_CPU1036,816,1036,204,816,204,p128_o64,128,64,decode,1,35.07891506887972,33.23958193631991,2129.425073042512,64,30.055060781526873,63.801,25.52,29.404,0.996890625,1.003119073368756,16.609,0.399,8.513,64.9,5,Phi-3-mini-Q4,llama.cpp,finegrained_gpu_emc
2026-05-16T02:49:10.139293,GPU816_EMC204_CPU1036,816,1036,204,816,204,p128_o64,128,64,decode,2,34.7909398842603,33.25352387221914,2130.017583956942,64,30.04670030991338,63.798,25.519,29.404,0.99684375,1.0031662434559077,16.608,0.399,8.513,64.7,5,Phi-3-mini-Q4,llama.cpp,finegrained_gpu_emc
2026-05-16T02:49:15.208349,GPU816_EMC204_CPU1036,816,1036,204,816,204,p512_o128,512,128,decode,0,35.06232216022909,33.24595990583418,4257.778176106513,128,30.062627667712004,124.763,27.725,29.904,0.9747109375,1.0259451920841915,18.319,0.399,9.007,64.6,9,Phi-3-mini-Q4,llama.cpp,finegrained_gpu_emc
2026-05-16T02:49:20.278466,GPU816_EMC204_CPU1036,816,1036,204,816,204,p512_o128,512,128,decode,1,34.99801806174219,33.255842794832866,4258.97168694064,128,30.05420308204646,124.363,27.636,29.904,0.9715859375,1.0292450326865707,18.231,0.399,9.006,64.5,9,Phi-3-mini-Q4,llama.cpp,finegrained_gpu_emc
2026-05-16T02:49:25.372116,GPU816_EMC204_CPU1036,816,1036,204,816,204,p512_o128,512,128,decode,2,34.888115944340825,33.4453442203629,4282.960016047582,128,29.885873209276763,127.311,28.291,30.504,0.9946171875,1.0054119439797031,18.364,0.798,9.129,64.4,9,Phi-3-mini-Q4,llama.cpp,finegrained_gpu_emc
2026-05-16T02:49:30.458526,GPU816_EMC204_CPU1036,816,1036,204,816,204,p1024_o128,1024,128,decode,0,35.29901406727731,33.38579334663301,4275.77272313647,128,29.936109397813432,127.317,28.293,30.303,0.9946640625,1.0053645624700551,18.364,0.798,9.131,64.2,9,Phi-3-mini-Q4,llama.cpp,finegrained_gpu_emc
2026-05-16T02:49:35.543994,GPU816_EMC204_CPU1036,816,1036,204,816,204,p1024_o128,1024,128,decode,1,34.700758988037705,33.38282666073775,4274.828512920067,128,29.942721588278463,126.971,28.216,30.603,0.9919609375,1.0081042127729953,18.32,0.843,9.053,64.2,9,Phi-3-mini-Q4,llama.cpp,finegrained_gpu_emc
2026-05-16T02:49:40.627305,GPU816_EMC204_CPU1036,816,1036,204,816,204,p1024_o128,1024,128,decode,2,34.9465140607208,33.361473630409776,4272.37958391197,128,29.95988476351575,126.468,28.104,30.603,0.98803125,1.0121137362811146,18.32,0.754,9.031,64.0,9,Phi-3-mini-Q4,llama.cpp,finegrained_gpu_emc
2026-05-16T02:49:50.100602,GPU816_EMC204_CPU1036,816,1036,204,816,204,p128_o256,128,256,decode,0,34.730794839560986,33.82197294530331,8660.350282909349,256,29.560005269671336,248.576,29.244,30.504,0.971,1.0298661174047374,19.02,0.798,9.426,63.8,17,Phi-3-mini-Q4,llama.cpp,finegrained_gpu_emc
2026-05-16T02:49:59.599569,GPU816_EMC204_CPU1036,816,1036,204,816,204,p128_o256,128,256,decode,1,38.968479027971625,33.9082631172941,8686.531420098618,256,29.470911646929107,259.036,28.782,30.605,1.011859375,0.9882796213653701,18.563,0.798,9.421,63.6,18,Phi-3-mini-Q4,llama.cpp,finegrained_gpu_emc
2026-05-16T02:50:09.095706,GPU816_EMC204_CPU1036,816,1036,204,816,204,p128_o256,128,256,decode,2,38.722691126167774,33.89637939558894,8683.31793602556,256,29.48181811216436,247.375,29.103,30.504,0.96630859375,1.0348660939868621,18.902,0.822,9.379,63.6,17,Phi-3-mini-Q4,llama.cpp,finegrained_gpu_emc
2026-05-16T02:50:27.687671,GPU816_EMC204_CPU1036,816,1036,204,816,204,p1024_o512,1024,512,decode,0,38.678205106407404,35.82891285832338,17776.459840126336,495,27.84581432140102,498.319,28.475,30.203,1.0067050505050505,0.9933396077612935,18.739,0.582,9.154,63.2,35,Phi-3-mini-Q4,llama.cpp,finegrained_gpu_emc
2026-05-16T02:51:05.587238,GPU816_EMC204_CPU1036,816,1036,204,816,204,p1024_o512,1024,512,decode,1,39.11706921644509,35.830799857001395,18350.590949179605,512,27.90100882407222,427.348,28.49,29.804,0.8346640625,1.198086805133053,18.935,0.399,9.156,63.0,30,Phi-3-mini-Q4,llama.cpp,finegrained_gpu_emc
2026-05-16T02:51:57.710250,GPU816_EMC204_CPU1036,816,1036,204,816,204,p1024_o512,1024,512,decode,2,144.62981396354735,26.213987974665052,13541.85814014636,512,37.808696170145105,214.268,42.854,46.676,0.4184921875,2.3895308678850786,32.611,0.439,9.804,61.6,10,Phi-3-mini-Q4,llama.cpp,finegrained_gpu_emc
2026-05-16T02:52:05.893019,GPU816_EMC665_CPU1036,1300,1036,665,816,665,p128_o64,128,64,decode,0,25.416749995201826,24.046005444630744,1540.5690318439156,64,41.54309133645121,63.093,42.062,46.161,0.985828125,1.0143756042667174,32.056,0.399,9.607,59.7,3,Phi-3-mini-Q4,llama.cpp,finegrained_gpu_emc
2026-05-16T02:52:08.245205,GPU816_EMC665_CPU1036,1300,1036,665,816,665,p128_o64,128,64,decode,1,25.602055946365,24.072747492778397,1542.4370060209185,64,41.492780418373876,73.344,36.672,45.263,1.146,0.8726003490401397,27.538,0.399,8.735,59.9,4,Phi-3-mini-Q4,llama.cpp,finegrained_gpu_emc
2026-05-16T02:52:14.317506,GPU816_EMC665_CPU1036,1300,1036,665,816,665,p128_o64,128,64,decode,2,25.39189299568534,24.095282967512805,1543.6479868367314,64,41.460229628614904,35.265,35.265,41.867,0.551015625,1.8148305685523891,26.332,0.398,8.534,60.0,2,Phi-3-mini-Q4,llama.cpp,finegrained_gpu_emc
2026-05-16T02:52:18.331872,GPU816_EMC665_CPU1036,1300,1036,665,816,665,p512_o128,512,128,decode,0,124.49637008830905,24.243515630171995,3203.9341561030596,128,39.95088343378636,140.29,40.083,46.661,1.096015625,0.9123957516572814,30.16,0.627,9.296,60.0,7,Phi-3-mini-Q4,llama.cpp,finegrained_gpu_emc
2026-05-16T02:52:22.248733,GPU816_EMC665_CPU1036,1300,1036,665,816,665,p512_o128,512,128,decode,1,25.81773907877505,24.252616857200508,3106.3726311549544,128,41.20561671070653,144.334,41.238,47.06,1.127609375,0.8868319314922333,31.184,0.627,9.427,60.6,7,Phi-3-mini-Q4,llama.cpp,finegrained_gpu_emc
2026-05-16T02:52:26.161922,GPU816_EMC665_CPU1036,1300,1036,665,816,665,p512_o128,512,128,decode,2,25.709716835990548,24.22246166988914,3102.434483822435,128,41.257922018161125,145.041,41.44,47.276,1.1331328125,0.8825090836384195,31.187,0.741,9.513,60.9,7,Phi-3-mini-Q4,llama.cpp,finegrained_gpu_emc
2026-05-16T02:52:30.070230,GPU816_EMC665_CPU1036,1300,1036,665,816,665,p1024_o128,1024,128,decode,0,25.327310897409916,24.187297551108042,3097.5886029191315,128,41.322466088419326,143.586,41.024,46.661,1.121765625,0.891451812850835,31.184,0.399,9.441,61.1,7,Phi-3-mini-Q4,llama.cpp,finegrained_gpu_emc
2026-05-16T02:52:33.979071,GPU816_EMC665_CPU1036,1300,1036,665,816,665,p1024_o128,1024,128,decode,1,25.32481891103089,24.193556865633237,3098.38069207035,128,41.3119021583077,143.448,40.985,46.676,1.1206875,0.8923094082873236,31.131,0.399,9.456,61.4,7,Phi-3-mini-Q4,llama.cpp,finegrained_gpu_emc
2026-05-16T02:52:37.890313,GPU816_EMC665_CPU1036,1300,1036,665,816,665,p1024_o128,1024,128,decode,2,25.4955030977726,24.21149781054458,3100.8292050100863,128,41.279280972066196,143.658,41.045,46.676,1.122328125,0.8910050258252239,31.191,0.399,9.455,61.5,7,Phi-3-mini-Q4,llama.cpp,finegrained_gpu_emc
2026-05-16T02:52:44.993730,GPU816_EMC665_CPU1036,1300,1036,665,816,665,p128_o256,128,256,decode,0,25.392632000148296,24.57076671314152,6291.87303991057,256,40.68740713236621,285.256,43.886,46.575,1.11428125,0.8974394929466866,33.619,0.399,9.867,61.9,13,Phi-3-mini-Q4,llama.cpp,finegrained_gpu_emc
2026-05-16T02:52:52.120571,GPU816_EMC665_CPU1036,1300,1036,665,816,665,p128_o256,128,256,decode,1,28.835694072768092,24.649515917853396,6315.386845963076,256,40.5359174733121,282.561,43.471,46.676,1.10375390625,0.9059990586103532,33.22,0.399,9.852,62.3,13,Phi-3-mini-Q4,llama.cpp,finegrained_gpu_emc
2026-05-16T02:52:59.250160,GPU816_EMC665_CPU1036,1300,1036,665,816,665,p128_o256,128,256,decode,2,28.85387814603746,24.659699364108782,6318.010641029105,256,40.51908338639671,284.76,43.809,46.676,1.11234375,0.8990026689141734,33.527,0.399,9.883,62.6,13,Phi-3-mini-Q4,llama.cpp,finegrained_gpu_emc
2026-05-16T02:53:12.637291,GPU816_EMC665_CPU1036,1300,1036,665,816,665,p1024_o512,1024,512,decode,0,29.23428313806653,26.12984499559662,12573.595269117504,480,38.17523864307503,553.626,44.29,46.676,1.1533875,0.8670113036598716,33.896,0.399,9.995,63.1,25,Phi-3-mini-Q4,llama.cpp,finegrained_gpu_emc
2026-05-16T02:53:26.892018,GPU816_EMC665_CPU1036,1300,1036,665,816,665,p1024_o512,1024,512,decode,1,28.8744461722672,26.242413579025207,13440.669801086187,512,38.09333966069336,592.046,43.855,46.676,1.15633984375,0.8647976677487897,33.51,0.399,9.946,63.6,27,Phi-3-mini-Q4,llama.cpp,finegrained_gpu_emc
2026-05-16T02:53:37.408372,GPU816_EMC665_CPU1036,1300,1036,665,816,665,p1024_o512,1024,512,decode,2,29.06760503537953,25.588976827620552,9704.092947067693,378,38.95263597142493,423.642,44.594,46.776,1.1207460317460318,0.8922628068038579,34.074,0.441,10.079,64.0,19,Phi-3-mini-Q4,llama.cpp,finegrained_gpu_emc
2026-05-16T02:53:45.596828,GPU816_EMC2133_CPU1036,1300,1036,2133,816,2133,p128_o64,128,64,decode,0,25.708973174914718,24.31791294957437,1557.9903409816325,64,41.07856019163505,79.36,39.68,46.276,1.24,0.8064516129032259,29.544,0.798,9.338,63.3,4,Phi-3-mini-Q4,llama.cpp,finegrained_gpu_emc
2026-05-16T02:53:47.974886,GPU816_EMC2133_CPU1036,1300,1036,2133,816,2133,p128_o64,128,64,decode,1,25.741677964106202,24.467866538861205,1567.4793049693108,64,40.82988515197847,76.953,38.476,47.075,1.202390625,0.8316764778501162,27.644,1.796,9.036,63.6,4,Phi-3-mini-Q4,llama.cpp,finegrained_gpu_emc
2026-05-16T02:53:50.354597,GPU816_EMC2133_CPU1036,1300,1036,2133,816,2133,p128_o64,128,64,decode,2,26.018308009952307,24.497899001405116,1569.636844098568,64,40.77376256847155,75.804,37.902,46.276,1.1844375,0.8442826236082528,27.344,1.496,9.062,63.6,4,Phi-3-mini-Q4,llama.cpp,finegrained_gpu_emc
2026-05-16T02:53:54.282865,GPU816_EMC2133_CPU1036,1300,1036,2133,816,2133,p512_o128,512,128,decode,0,25.940648978576064,24.339436953080686,3117.5244790501893,128,41.058218102267325,145.154,41.473,47.075,1.134015625,0.8818220648414787,31.133,0.798,9.541,63.6,7,Phi-3-mini-Q4,llama.cpp,finegrained_gpu_emc
2026-05-16T02:53:58.212946,GPU816_EMC2133_CPU1036,1300,1036,2133,816,2133,p512_o128,512,128,decode,1,26.36511204764247,24.34331167665288,3118.4673020616174,128,41.04580475010248,145.646,41.613,47.16,1.137859375,0.878843222608242,31.245,0.798,9.57,63.8,7,Phi-3-mini-Q4,llama.cpp,finegrained_gpu_emc
2026-05-16T02:54:02.147562,GPU816_EMC2133_CPU1036,1300,1036,2133,816,2133,p512_o128,512,128,decode,2,26.38233220204711,24.382402289908114,3123.4240401536226,128,40.980666843335314,145.514,41.575,47.175,1.136828125,0.879640446967302,31.193,0.798,9.584,63.8,7,Phi-3-mini-Q4,llama.cpp,finegrained_gpu_emc
2026-05-16T02:54:06.075171,GPU816_EMC2133_CPU1036,1300,1036,2133,816,2133,p1024_o128,1024,128,decode,0,25.58589493855834,24.339021047885257,3117.12464899756,128,41.06348459345816,144.25,41.214,46.676,1.126953125,0.8873483535528596,31.132,0.57,9.513,63.8,7,Phi-3-mini-Q4,llama.cpp,finegrained_gpu_emc
2026-05-16T02:54:10.015153,GPU816_EMC2133_CPU1036,1300,1036,2133,816,2133,p1024_o128,1024,128,decode,1,25.60781710781157,24.433086479566697,3129.08760108985,128,40.90649298390306,144.634,41.324,47.16,1.129953125,0.8849924637360511,31.128,0.684,9.513,64.0,7,Phi-3-mini-Q4,llama.cpp,finegrained_gpu_emc
2026-05-16T02:54:13.940369,GPU816_EMC2133_CPU1036,1300,1036,2133,816,2133,p1024_o128,1024,128,decode,2,25.66404198296368,24.318564300036687,3114.5934930536896,128,41.09685590927725,144.093,41.169,46.776,1.1257265625,0.8883151853316956,31.244,0.399,9.527,63.9,7,Phi-3-mini-Q4,llama.cpp,finegrained_gpu_emc
2026-05-16T02:54:21.071470,GPU816_EMC2133_CPU1036,1300,1036,2133,816,2133,p128_o256,128,256,decode,0,25.52782790735364,24.67988803526204,6319.834463996813,256,40.50739009991403,285.898,43.984,46.776,1.1167890625,0.8954242422122575,33.624,0.399,9.962,64.2,13,Phi-3-mini-Q4,llama.cpp,finegrained_gpu_emc
2026-05-16T02:54:28.211810,GPU816_EMC2133_CPU1036,1300,1036,2133,816,2133,p128_o256,128,256,decode,1,29.079985106363893,24.701827815642545,6328.997872071341,256,40.44874167673197,286.042,44.006,46.676,1.1173515625,0.894973465435146,33.654,0.399,9.954,64.4,13,Phi-3-mini-Q4,llama.cpp,finegrained_gpu_emc
2026-05-16T02:54:35.358005,GPU816_EMC2133_CPU1036,1300,1036,2133,816,2133,p128_o256,128,256,decode,2,28.964573983103037,24.724364450530093,6334.63154383935,256,40.412768797732035,282.919,43.526,46.676,1.10515234375,0.9048526256631757,33.221,0.399,9.906,64.5,13,Phi-3-mini-Q4,llama.cpp,finegrained_gpu_emc
2026-05-16T02:54:49.612924,GPU816_EMC2133_CPU1036,1300,1036,2133,816,2133,p1024_o512,1024,512,decode,0,29.3503871653229,26.2420410700434,13440.925606060773,512,38.09261467596616,594.484,44.036,46.676,1.1611015625,0.8612511017958431,33.635,0.399,10.002,64.8,27,Phi-3-mini-Q4,llama.cpp,finegrained_gpu_emc
2026-05-16T02:55:02.775172,GPU816_EMC2133_CPU1036,1300,1036,2133,816,2133,p1024_o512,1024,512,decode,1,29.058286920189857,26.04056319707247,12348.717608954757,473,38.303572482457675,551.008,44.081,46.776,1.1649217758985202,0.8584267379058017,33.659,0.399,10.022,65.0,25,Phi-3-mini-Q4,llama.cpp,finegrained_gpu_emc
2026-05-16T02:55:08.720456,GPU816_EMC2133_CPU1036,1300,1036,2133,816,2133,p1024_o512,1024,512,decode,2,28.898500138893723,24.4252362597483,5134.102594107389,209,40.70818534866785,236.048,42.918,46.776,1.1294162679425837,0.8854131363112587,32.693,0.399,9.826,65.1,11,Phi-3-mini-Q4,llama.cpp,finegrained_gpu_emc
2026-05-16T02:55:16.892528,GPU816_EMC3199_CPU1036,1300,1036,3199,816,3199,p128_o64,128,64,decode,0,25.708609027788043,24.203702315895093,1550.790610956028,64,41.269272297531785,78.404,39.202,45.977,1.2250625,0.8162848834243152,29.541,0.399,9.262,64.3,4,Phi-3-mini-Q4,llama.cpp,finegrained_gpu_emc
2026-05-16T02:55:19.254650,GPU816_EMC3199_CPU1036,1300,1036,3199,816,3199,p128_o64,128,64,decode,1,25.90962708927691,24.21611550796245,1551.7759011127055,64,41.243068637751506,73.756,36.878,45.277,1.1524375,0.8677260155106026,27.644,0.399,8.836,64.3,4,Phi-3-mini-Q4,llama.cpp,finegrained_gpu_emc
2026-05-16T02:55:21.614362,GPU816_EMC3199_CPU1036,1300,1036,3199,816,3199,p128_o64,128,64,decode,2,25.39154002442956,24.190760779357145,1549.6604340150952,64,41.29937023311558,73.506,36.753,45.377,1.14853125,0.8706772236280031,27.544,0.399,8.81,64.4,4,Phi-3-mini-Q4,llama.cpp,finegrained_gpu_emc
2026-05-16T02:55:25.538402,GPU816_EMC3199_CPU1036,1300,1036,3199,816,3199,p512_o128,512,128,decode,0,25.98533919081092,24.306061565802676,3113.325921120122,128,41.11358824711412,144.772,41.363,46.877,1.13103125,0.8841488685657448,31.365,0.399,9.599,64.5,7,Phi-3-mini-Q4,llama.cpp,finegrained_gpu_emc
2026-05-16T02:55:29.464131,GPU816_EMC3199_CPU1036,1300,1036,3199,816,3199,p512_o128,512,128,decode,1,25.99583799019456,24.317901055365216,3114.880160894245,128,41.09307369412656,144.32,41.234,46.776,1.1275,0.8869179600886918,31.308,0.399,9.527,64.6,7,Phi-3-mini-Q4,llama.cpp,finegrained_gpu_emc
2026-05-16T02:55:33.389704,GPU816_EMC3199_CPU1036,1300,1036,3199,816,3199,p512_o128,512,128,decode,2,26.03500708937645,24.31736868534853,3114.815432112664,128,41.093927646679965,143.97,41.134,46.776,1.124765625,0.8890741126623602,31.194,0.399,9.541,64.6,7,Phi-3-mini-Q4,llama.cpp,finegrained_gpu_emc
2026-05-16T02:55:37.309724,GPU816_EMC3199_CPU1036,1300,1036,3199,816,3199,p1024_o128,1024,128,decode,0,25.669523049145937,24.278320621435096,3109.492796007544,128,41.16426967264454,143.67,41.049,46.776,1.122421875,0.8909306048583561,31.137,0.399,9.513,64.7,7,Phi-3-mini-Q4,llama.cpp,finegrained_gpu_emc
2026-05-16T02:55:41.233026,GPU816_EMC3199_CPU1036,1300,1036,3199,816,3199,p1024_o128,1024,128,decode,1,25.732051115483046,24.303009354062084,3112.6915931236,128,41.12196668721408,143.906,41.116,46.776,1.124265625,0.8894695148221755,31.19,0.399,9.527,64.8,7,Phi-3-mini-Q4,llama.cpp,finegrained_gpu_emc
2026-05-16T02:55:45.153495,GPU816_EMC3199_CPU1036,1300,1036,3199,816,3199,p1024_o128,1024,128,decode,2,25.703991996124387,24.280642802775727,3109.8228220362216,128,41.159901166391634,144.67,41.334,46.776,1.130234375,0.8847722402709616,31.365,0.399,9.57,64.9,7,Phi-3-mini-Q4,llama.cpp,finegrained_gpu_emc
2026-05-16T02:55:52.279184,GPU816_EMC3199_CPU1036,1300,1036,3199,816,3199,p128_o256,128,256,decode,0,25.493412977084517,24.655914486513712,6313.6914051137865,256,40.54680274564137,286.705,44.108,46.776,1.11994140625,0.8929038558797371,33.686,0.399,10.023,65.0,13,Phi-3-mini-Q4,llama.cpp,finegrained_gpu_emc
2026-05-16T02:55:59.407278,GPU816_EMC3199_CPU1036,1300,1036,3199,816,3199,p128_o256,128,256,decode,1,28.77160720527172,24.654805400025317,6316.682238131762,256,40.52760457928547,286.198,44.03,46.776,1.1179609375,0.8944856358185592,33.655,0.399,9.977,65.2,13,Phi-3-mini-Q4,llama.cpp,finegrained_gpu_emc
2026-05-16T02:56:06.534033,GPU816_EMC3199_CPU1036,1300,1036,3199,816,3199,p128_o256,128,256,decode,2,28.954677050933242,24.648321482042473,6315.240035997704,256,40.53685980909136,286.718,44.111,46.776,1.1199921875,0.8928633709777551,33.681,0.399,10.031,65.3,13,Phi-3-mini-Q4,llama.cpp,finegrained_gpu_emc
2026-05-16T02:56:20.785952,GPU816_EMC3199_CPU1036,1300,1036,3199,816,3199,p1024_o512,1024,512,decode,0,28.837376041337848,26.236904880720868,13437.804422108456,512,38.101462405393804,596.686,44.199,46.877,1.16540234375,0.8580727551844688,33.724,0.399,10.076,65.6,27,Phi-3-mini-Q4,llama.cpp,finegrained_gpu_emc
2026-05-16T02:56:35.034342,GPU816_EMC3199_CPU1036,1300,1036,3199,816,3199,p1024_o512,1024,512,decode,1,28.922312892973423,26.229773432566784,13434.229606995359,512,38.11160110985416,596.534,44.188,46.776,1.16510546875,0.858291396634559,33.724,0.414,10.05,65.8,27,Phi-3-mini-Q4,llama.cpp,finegrained_gpu_emc
2026-05-16T02:56:49.284022,GPU816_EMC3199_CPU1036,1300,1036,3199,816,3199,p1024_o512,1024,512,decode,2,29.61890189908445,26.231737364058013,13436.00160186179,512,38.106574795961144,596.35,44.174,46.776,1.16474609375,0.8585562169866688,33.695,0.429,10.05,66.0,27,Phi-3-mini-Q4,llama.cpp,finegrained_gpu_emc
2026-05-16T02:56:57.487039,GPU918_EMC204_CPU1036,918,1036,204,918,204,p128_o64,128,64,decode,0,25.66552022472024,24.0793759668512,1542.9216190241277,64,41.47974803832157,78.66,39.33,46.376,1.2290625,0.813628273582507,29.644,0.399,9.287,65.1,4,Phi-3-mini-Q4,llama.cpp,finegrained_gpu_emc
2026-05-16T02:56:59.839647,GPU918_EMC204_CPU1036,918,1036,204,918,204,p128_o64,128,64,decode,1,25.8477539755404,24.075068381895857,1542.8295959718525,64,41.482222124268624,73.756,36.878,45.776,1.1524375,0.8677260155106026,27.644,0.399,8.836,65.0,4,Phi-3-mini-Q4,llama.cpp,finegrained_gpu_emc
2026-05-16T02:57:02.190476,GPU918_EMC204_CPU1036,918,1036,204,918,204,p128_o64,128,64,decode,2,25.349026080220938,24.041561746141976,1540.2225728612393,64,41.55243607494243,73.762,36.881,45.776,1.15253125,0.8676554323364334,27.647,0.399,8.836,65.0,4,Phi-3-mini-Q4,llama.cpp,finegrained_gpu_emc
2026-05-16T02:57:06.099526,GPU918_EMC204_CPU1036,918,1036,204,918,204,p512_o128,512,128,decode,0,25.363107211887836,24.196102747722993,3098.7639110535383,128,41.30679318402211,144.77,41.363,47.175,1.131015625,0.8841610830973268,31.422,0.399,9.541,65.2,7,Phi-3-mini-Q4,llama.cpp,finegrained_gpu_emc
2026-05-16T02:57:10.013063,GPU918_EMC204_CPU1036,918,1036,204,918,204,p512_o128,512,128,decode,1,25.372548960149288,24.228409251682166,3102.854231838137,128,41.25234072764435,145.133,41.467,47.276,1.1338515625,0.8819496599670646,31.311,0.513,9.642,65.4,7,Phi-3-mini-Q4,llama.cpp,finegrained_gpu_emc
2026-05-16T02:57:13.922849,GPU918_EMC204_CPU1036,918,1036,204,918,204,p512_o128,512,128,decode,2,25.678554084151983,24.19652495951223,3099.110195878893,128,41.302177692878004,145.426,41.55,47.276,1.136140625,0.8801727338990277,31.31,0.627,9.613,65.4,7,Phi-3-mini-Q4,llama.cpp,finegrained_gpu_emc
2026-05-16T02:57:17.831844,GPU918_EMC204_CPU1036,918,1036,204,918,204,p1024_o128,1024,128,decode,0,25.634621968492866,24.187538063329622,3097.9532150086015,128,41.31760266097001,144.662,41.332,47.175,1.130171875,0.8848211693464766,31.363,0.399,9.57,65.5,7,Phi-3-mini-Q4,llama.cpp,finegrained_gpu_emc
2026-05-16T02:57:21.751788,GPU918_EMC204_CPU1036,918,1036,204,918,204,p1024_o128,1024,128,decode,1,25.630657095462084,24.27353194408764,3108.9223430026323,128,41.17182286270173,145.768,41.648,47.175,1.1388125,0.8781076779540091,31.422,0.627,9.599,65.5,7,Phi-3-mini-Q4,llama.cpp,finegrained_gpu_emc
2026-05-16T02:57:25.667568,GPU918_EMC204_CPU1036,918,1036,204,918,204,p1024_o128,1024,128,decode,2,25.953813921660185,24.236882567464367,3104.5092078857124,128,41.230349607232384,145.814,41.661,47.276,1.139171875,0.8778306609790556,31.363,0.627,9.671,65.6,7,Phi-3-mini-Q4,llama.cpp,finegrained_gpu_emc
2026-05-16T02:57:32.784109,GPU918_EMC204_CPU1036,918,1036,204,918,204,p128_o256,128,256,decode,0,26.130608981475234,24.61826588648061,6304.728499148041,256,40.60444474882516,287.854,44.285,46.877,1.1244296875,0.8893397347266323,33.686,0.522,10.077,65.7,13,Phi-3-mini-Q4,llama.cpp,finegrained_gpu_emc
2026-05-16T02:57:39.929266,GPU918_EMC204_CPU1036,918,1036,204,918,204,p128_o256,128,256,decode,1,29.00553308427334,24.72006126635653,6333.624666091055,256,40.419193352358285,286.534,44.082,46.776,1.1192734375,0.8934367300215681,33.652,0.399,10.031,65.7,13,Phi-3-mini-Q4,llama.cpp,finegrained_gpu_emc
2026-05-16T02:57:47.067796,GPU918_EMC204_CPU1036,918,1036,204,918,204,p128_o256,128,256,decode,2,28.990339022129774,24.693153106479667,6326.663831016049,256,40.46366407915923,287.691,44.26,47.261,1.12379296875,0.8898436169362268,33.715,0.46,10.085,65.8,13,Phi-3-mini-Q4,llama.cpp,finegrained_gpu_emc
2026-05-16T02:58:01.344937,GPU918_EMC204_CPU1036,918,1036,204,918,204,p1024_o512,1024,512,decode,0,28.821742860600352,26.28636382221301,13463.180387858301,512,38.029647174730314,595.835,44.136,46.776,1.163740234375,0.859298295669103,33.679,0.414,10.043,66.0,27,Phi-3-mini-Q4,llama.cpp,finegrained_gpu_emc
2026-05-16T02:58:09.371220,GPU918_EMC204_CPU1036,918,1036,204,918,204,p1024_o512,1024,512,decode,1,29.04843119904399,25.740019740912018,7213.013141183183,279,38.680090350457114,346.563,46.208,50.275,1.2421612903225807,0.8050484327524866,32.784,2.875,10.549,66.8,15,Phi-3-mini-Q4,llama.cpp,finegrained_gpu_emc
2026-05-16T02:58:23.655661,GPU918_EMC204_CPU1036,918,1036,204,918,204,p1024_o512,1024,512,decode,2,29.05720379203558,26.2988439707337,13469.682106981054,512,38.01129053629567,602.342,44.618,48.674,1.17644921875,0.8500154397335733,33.754,0.724,10.14,66.4,27,Phi-3-mini-Q4,llama.cpp,finegrained_gpu_emc
2026-05-16T02:58:31.822854,GPU918_EMC665_CPU1036,1300,1036,665,918,665,p128_o64,128,64,decode,0,25.541456881910563,24.08542506588948,1543.1750018615276,64,41.472937238354035,78.442,39.221,46.362,1.22565625,0.8158894469799343,29.535,0.399,9.287,65.4,4,Phi-3-mini-Q4,llama.cpp,finegrained_gpu_emc
2026-05-16T02:58:34.173626,GPU918_EMC665_CPU1036,1300,1036,665,918,665,p128_o64,128,64,decode,1,25.413335068151355,24.049725442651717,1540.7972279936075,64,41.53693869461292,73.849,36.924,45.762,1.153890625,0.866633265176238,27.64,0.399,8.886,65.3,4,Phi-3-mini-Q4,llama.cpp,finegrained_gpu_emc
2026-05-16T02:58:36.524634,GPU918_EMC665_CPU1036,1300,1036,665,918,665,p128_o64,128,64,decode,2,25.289534125477076,24.050268078488962,1540.7058850396425,64,41.539401271484905,73.906,36.953,45.877,1.15478125,0.8659648742997862,27.644,0.399,8.911,65.3,4,Phi-3-mini-Q4,llama.cpp,finegrained_gpu_emc
2026-05-16T02:58:40.433133,GPU918_EMC665_CPU1036,1300,1036,665,918,665,p512_o128,512,128,decode,0,25.384027045220137,24.188954834129632,3097.854743944481,128,41.31891601767561,144.544,41.298,46.862,1.12925,0.8855435023245516,31.301,0.399,9.599,65.5,7,Phi-3-mini-Q4,llama.cpp,finegrained_gpu_emc
2026-05-16T02:58:44.340970,GPU918_EMC665_CPU1036,1300,1036,665,918,665,p512_o128,512,128,decode,1,25.419291108846664,24.18513646473976,3097.4085631314665,128,41.32486799564877,144.591,41.312,47.261,1.1296171875,0.8852556521498571,31.3,0.399,9.613,65.6,7,Phi-3-mini-Q4,llama.cpp,finegrained_gpu_emc
2026-05-16T02:58:48.249856,GPU918_EMC665_CPU1036,1300,1036,665,918,665,p512_o128,512,128,decode,2,25.647155940532684,24.189854425737472,3098.231448791921,128,41.31389217222956,144.02,41.149,46.776,1.12515625,0.8887654492431606,31.194,0.399,9.556,65.6,7,Phi-3-mini-Q4,llama.cpp,finegrained_gpu_emc
2026-05-16T02:58:52.160428,GPU918_EMC665_CPU1036,1300,1036,665,918,665,p1024_o128,1024,128,decode,0,25.623960187658668,24.20298827584745,3099.8796441126615,128,41.29192571818056,144.77,41.363,46.877,1.131015625,0.8841610830973268,31.365,0.399,9.599,65.6,7,Phi-3-mini-Q4,llama.cpp,finegrained_gpu_emc
2026-05-16T02:58:56.071573,GPU918_EMC665_CPU1036,1300,1036,665,918,665,p1024_o128,1024,128,decode,1,25.721270823851228,24.20731995430753,3100.5209018476307,128,41.28338561553433,144.72,41.349,47.276,1.130625,0.8844665561083471,31.365,0.399,9.585,65.6,7,Phi-3-mini-Q4,llama.cpp,finegrained_gpu_emc
2026-05-16T02:58:59.982900,GPU918_EMC665_CPU1036,1300,1036,665,918,665,p1024_o128,1024,128,decode,2,25.73928702622652,24.20745122862437,3100.556134013459,128,41.28291650514732,144.17,41.191,46.776,1.126328125,0.8878407435666228,31.251,0.399,9.541,65.6,7,Phi-3-mini-Q4,llama.cpp,finegrained_gpu_emc
2026-05-16T02:59:07.085855,GPU918_EMC665_CPU1036,1300,1036,665,918,665,p128_o256,128,256,decode,0,25.364616885781288,24.57009350661846,6291.66341596283,256,40.688762744442464,287.098,44.169,47.276,1.1214765625,0.8916815860786212,33.716,0.399,10.054,65.8,13,Phi-3-mini-Q4,llama.cpp,finegrained_gpu_emc
2026-05-16T02:59:14.225768,GPU918_EMC665_CPU1036,1300,1036,665,918,665,p128_o256,128,256,decode,1,28.82729796692729,24.701581662520766,6328.654362121597,256,40.45093717429362,283.45,43.608,46.776,1.1072265625,0.9031575233727289,33.225,0.399,9.983,65.9,13,Phi-3-mini-Q4,llama.cpp,finegrained_gpu_emc
2026-05-16T02:59:21.367304,GPU918_EMC665_CPU1036,1300,1036,665,918,665,p128_o256,128,256,decode,2,28.89786008745432,24.706796799585515,6330.062847118825,256,40.44193654673118,287.25,44.192,46.877,1.1220703125,0.8912097476066144,33.747,0.399,10.047,66.0,13,Phi-3-mini-Q4,llama.cpp,finegrained_gpu_emc
2026-05-16T02:59:29.545891,GPU918_EMC665_CPU1036,1300,1036,665,918,665,p1024_o512,1024,512,decode,0,29.012962942942977,25.03514896969834,7366.765618091449,293,39.77322140946697,332.689,44.359,46.776,1.1354573378839592,0.8807023977348214,33.906,0.399,10.053,66.1,15,Phi-3-mini-Q4,llama.cpp,finegrained_gpu_emc
2026-05-16T02:59:43.803700,GPU918_EMC665_CPU1036,1300,1036,665,918,665,p1024_o512,1024,512,decode,1,29.179265955463052,26.248222317203968,13443.973753135651,512,38.08397795187468,597.242,44.24,46.877,1.16648828125,0.8572739358584963,33.754,0.399,10.087,66.3,27,Phi-3-mini-Q4,llama.cpp,finegrained_gpu_emc
2026-05-16T02:59:58.026621,GPU918_EMC665_CPU1036,1300,1036,665,918,665,p1024_o512,1024,512,decode,2,29.014864936470985,26.180437843473864,13409.089569933712,512,38.18305466077449,580.556,44.658,46.877,1.1338984375,0.8819132004492245,34.096,0.399,10.163,66.4,26,Phi-3-mini-Q4,llama.cpp,finegrained_gpu_emc
2026-05-16T03:00:06.192295,GPU918_EMC2133_CPU1036,1300,1036,2133,918,2133,p128_o64,128,64,decode,0,25.311498902738094,24.08216028503837,1542.7409948315471,64,41.48460448928966,78.554,39.277,46.276,1.22740625,0.8147261756244112,29.641,0.399,9.237,65.5,4,Phi-3-mini-Q4,llama.cpp,finegrained_gpu_emc
2026-05-16T03:00:08.543025,GPU918_EMC2133_CPU1036,1300,1036,2133,918,2133,p128_o64,128,64,decode,1,25.32039489597082,24.044831431219503,1540.3998049441725,64,41.54765522209314,73.806,36.903,45.776,1.15321875,0.8671381730482617,27.644,0.399,8.861,65.4,4,Phi-3-mini-Q4,llama.cpp,finegrained_gpu_emc
2026-05-16T03:00:10.895306,GPU918_EMC2133_CPU1036,1300,1036,2133,918,2133,p128_o64,128,64,decode,2,25.328587973490357,24.068379538163306,1541.8882968369871,64,41.507546384059665,73.856,36.928,45.877,1.154,0.8665511265164645,27.644,0.399,8.886,65.4,4,Phi-3-mini-Q4,llama.cpp,finegrained_gpu_emc
2026-05-16T03:00:14.801174,GPU918_EMC2133_CPU1036,1300,1036,2133,918,2133,p512_o128,512,128,decode,0,25.340365013107657,24.16848565275803,3095.2094490639865,128,41.3542288838347,144.32,41.234,47.075,1.1275,0.8869179600886918,31.308,0.399,9.527,65.6,7,Phi-3-mini-Q4,llama.cpp,finegrained_gpu_emc
2026-05-16T03:00:18.714624,GPU918_EMC2133_CPU1036,1300,1036,2133,918,2133,p512_o128,512,128,decode,1,25.566085940226912,24.228649598905655,3103.0760549474508,128,41.24939180782265,144.814,41.375,47.276,1.131359375,0.8838924413385446,31.363,0.399,9.613,65.7,7,Phi-3-mini-Q4,llama.cpp,finegrained_gpu_emc
2026-05-16T03:00:22.620368,GPU918_EMC2133_CPU1036,1300,1036,2133,918,2133,p512_o128,512,128,decode,2,25.332560995593667,24.168110898087228,3095.164258033037,128,41.35483267739187,144.514,41.29,47.276,1.129015625,0.8857273343759081,31.306,0.399,9.585,65.8,7,Phi-3-mini-Q4,llama.cpp,finegrained_gpu_emc
2026-05-16T03:00:26.533349,GPU918_EMC2133_CPU1036,1300,1036,2133,918,2133,p1024_o128,1024,128,decode,0,25.77305701561272,24.220854370290134,3102.2948869504035,128,41.25977853956549,144.749,41.357,46.877,1.1308515625,0.8842893560577275,31.359,0.399,9.599,65.7,7,Phi-3-mini-Q4,llama.cpp,finegrained_gpu_emc
2026-05-16T03:00:30.440765,GPU918_EMC2133_CPU1036,1300,1036,2133,918,2133,p1024_o128,1024,128,decode,1,25.390513939782977,24.18162202367222,3096.9299010466784,128,41.331255175242894,144.463,41.275,46.776,1.1286171875,0.8860400240892132,31.306,0.399,9.57,65.7,7,Phi-3-mini-Q4,llama.cpp,finegrained_gpu_emc
2026-05-16T03:00:34.347130,GPU918_EMC2133_CPU1036,1300,1036,2133,918,2133,p1024_o128,1024,128,decode,2,25.433681905269623,24.173434275591116,3095.926408888772,128,41.34465200222357,145.021,41.435,47.276,1.1329765625,0.8826307914026246,31.422,0.399,9.613,65.8,7,Phi-3-mini-Q4,llama.cpp,finegrained_gpu_emc
2026-05-16T03:00:41.448566,GPU918_EMC2133_CPU1036,1300,1036,2133,918,2133,p128_o256,128,256,decode,0,25.65137203782797,24.561302117345964,6289.714672137052,256,40.70136935369424,286.506,44.078,46.877,1.1191640625,0.8935240448716607,33.656,0.399,10.023,65.9,13,Phi-3-mini-Q4,llama.cpp,finegrained_gpu_emc
2026-05-16T03:00:48.573373,GPU918_EMC2133_CPU1036,1300,1036,2133,918,2133,p128_o256,128,256,decode,1,28.82798993960023,24.640817972192284,6313.202264020219,256,40.54994427455272,286.693,44.107,46.877,1.11989453125,0.892941229817261,33.653,0.399,10.054,66.1,13,Phi-3-mini-Q4,llama.cpp,finegrained_gpu_emc
2026-05-16T03:00:55.707270,GPU918_EMC2133_CPU1036,1300,1036,2133,918,2133,p128_o256,128,256,decode,2,28.73580507002771,24.677322674360052,6322.393340058625,256,40.490995455468806,287.055,44.162,46.776,1.12130859375,0.8918151573740224,33.717,0.399,10.046,66.2,13,Phi-3-mini-Q4,llama.cpp,finegrained_gpu_emc
2026-05-16T03:01:09.949906,GPU918_EMC2133_CPU1036,1300,1036,2133,918,2133,p1024_o512,1024,512,decode,0,28.751776088029146,26.217515671027936,13427.78422893025,512,38.12989479655866,596.286,44.169,46.776,1.16462109375,0.858648366723351,33.679,0.399,10.091,66.3,27,Phi-3-mini-Q4,llama.cpp,finegrained_gpu_emc
2026-05-16T03:01:24.177213,GPU918_EMC2133_CPU1036,1300,1036,2133,918,2133,p1024_o512,1024,512,decode,1,29.106073081493378,26.18975983158031,13413.941886043176,512,38.16924244563199,581.04,44.695,46.877,1.13484375,0.8811785763458626,34.145,0.399,10.151,66.5,26,Phi-3-mini-Q4,llama.cpp,finegrained_gpu_emc
2026-05-16T03:01:38.414976,GPU918_EMC2133_CPU1036,1300,1036,2133,918,2133,p1024_o512,1024,512,decode,2,29.391925083473325,26.208712553984526,13423.949890071526,512,38.140785997620554,596.278,44.169,46.877,1.16460546875,0.8586598868313102,33.679,0.399,10.091,66.5,27,Phi-3-mini-Q4,llama.cpp,finegrained_gpu_emc
2026-05-16T03:01:46.576415,GPU918_EMC3199_CPU1036,1300,1036,3199,918,3199,p128_o64,128,64,decode,0,25.81245102919638,24.081546761509443,1543.1995841208845,64,41.47227659892024,78.804,39.402,46.276,1.2313125,0.8121415156591035,29.74,0.399,9.262,65.6,4,Phi-3-mini-Q4,llama.cpp,finegrained_gpu_emc
2026-05-16T03:01:48.927949,GPU918_EMC3199_CPU1036,1300,1036,3199,918,3199,p128_o64,128,64,decode,1,25.307926815003157,24.060224777915412,1541.3536939304322,64,41.521942855828776,73.849,36.924,45.863,1.153890625,0.866633265176238,27.64,0.399,8.886,65.6,4,Phi-3-mini-Q4,llama.cpp,finegrained_gpu_emc
2026-05-16T03:01:51.281923,GPU918_EMC3199_CPU1036,1300,1036,3199,918,3199,p128_o64,128,64,decode,2,25.597197003662586,24.099981349464212,1544.1489091608673,64,41.44677991890001,73.599,36.8,45.762,1.149984375,0.8695770322966344,27.54,0.399,8.86,65.6,4,Phi-3-mini-Q4,llama.cpp,finegrained_gpu_emc
2026-05-16T03:01:55.191491,GPU918_EMC3199_CPU1036,1300,1036,3199,918,3199,p512_o128,512,128,decode,0,25.63374093733728,24.196308929341164,3099.034813931212,128,41.30318234070705,144.155,41.187,46.776,1.1262109375,0.8879331275363325,31.247,0.399,9.541,65.8,7,Phi-3-mini-Q4,llama.cpp,finegrained_gpu_emc
2026-05-16T03:01:59.101341,GPU918_EMC3199_CPU1036,1300,1036,3199,918,3199,p512_o128,512,128,decode,1,25.342361070215702,24.201216999309388,3099.3704709690064,128,41.298709269815454,144.422,41.263,46.877,1.128296875,0.8862915622273615,31.251,0.399,9.613,65.8,7,Phi-3-mini-Q4,llama.cpp,finegrained_gpu_emc
2026-05-16T03:02:03.011565,GPU918_EMC3199_CPU1036,1300,1036,3199,918,3199,p512_o128,512,128,decode,2,25.437206029891968,24.202244638604675,3099.5920822024345,128,41.29575654001826,143.678,41.051,46.877,1.122484375,0.8908809977867176,31.081,0.399,9.57,65.9,7,Phi-3-mini-Q4,llama.cpp,finegrained_gpu_emc
2026-05-16T03:02:06.920756,GPU918_EMC3199_CPU1036,1300,1036,3199,918,3199,p1024_o128,1024,128,decode,0,25.392570067197084,24.195365275908994,3098.678663140163,128,41.30792957740457,144.812,41.375,47.175,1.13134375,0.8839046487860122,31.42,0.399,9.556,65.9,7,Phi-3-mini-Q4,llama.cpp,finegrained_gpu_emc
2026-05-16T03:02:10.828713,GPU918_EMC3199_CPU1036,1300,1036,3199,918,3199,p1024_o128,1024,128,decode,1,25.788365164771676,24.182868976600645,3097.4836840759963,128,41.32386577467426,144.856,41.388,46.877,1.1316875,0.883636162809963,31.361,0.399,9.628,65.9,7,Phi-3-mini-Q4,llama.cpp,finegrained_gpu_emc
2026-05-16T03:02:14.738380,GPU918_EMC3199_CPU1036,1300,1036,3199,918,3199,p1024_o128,1024,128,decode,2,25.598197942599654,24.196845772639502,3099.0742340218276,128,41.30265696600879,144.32,41.234,46.877,1.1275,0.8869179600886918,31.251,0.399,9.585,65.9,7,Phi-3-mini-Q4,llama.cpp,finegrained_gpu_emc
2026-05-16T03:02:21.839694,GPU918_EMC3199_CPU1036,1300,1036,3199,918,3199,p128_o256,128,256,decode,0,25.963978143408895,24.56011394878813,6289.717928972095,256,40.70134827840159,287.306,44.201,46.877,1.1222890625,0.8910360382310151,33.748,0.399,10.054,66.1,13,Phi-3-mini-Q4,llama.cpp,finegrained_gpu_emc
2026-05-16T03:02:28.970474,GPU918_EMC3199_CPU1036,1300,1036,3199,918,3199,p128_o256,128,256,decode,1,28.919680044054985,24.665418568560305,6319.535620976239,256,40.50930564427347,283.954,43.685,46.776,1.1091953125,0.9015544771336202,33.311,0.399,9.976,66.1,13,Phi-3-mini-Q4,llama.cpp,finegrained_gpu_emc
2026-05-16T03:02:36.100844,GPU918_EMC3199_CPU1036,1300,1036,3199,918,3199,p128_o256,128,256,decode,2,28.741481946781278,24.663785694386153,6318.958512041718,256,40.51300534924447,286.978,44.15,46.877,1.1210078125,0.8920544431977364,33.682,0.399,10.07,66.2,13,Phi-3-mini-Q4,llama.cpp,finegrained_gpu_emc
2026-05-16T03:02:50.359130,GPU918_EMC3199_CPU1036,1300,1036,3199,918,3199,p1024_o512,1024,512,decode,0,28.989731101319194,26.25013346949669,13444.700760999694,512,38.08191860135753,596.776,44.206,46.877,1.165578125,0.8579433489282412,33.738,0.399,10.069,66.4,27,Phi-3-mini-Q4,llama.cpp,finegrained_gpu_emc
2026-05-16T03:03:04.586717,GPU918_EMC3199_CPU1036,1300,1036,3199,918,3199,p1024_o512,1024,512,decode,1,28.870124835520983,26.189785657556264,13413.721855962649,512,38.16986854937703,597.091,44.229,47.276,1.166193359375,0.857490734243189,33.75,0.399,10.08,66.6,27,Phi-3-mini-Q4,llama.cpp,finegrained_gpu_emc
2026-05-16T03:03:18.828791,GPU918_EMC3199_CPU1036,1300,1036,3199,918,3199,p1024_o512,1024,512,decode,2,29.519482981413603,26.216500929471128,13428.062813123688,512,38.12910373785305,595.636,44.121,47.376,1.1633515625,0.8595853843622616,33.635,0.399,10.087,66.7,27,Phi-3-mini-Q4,llama.cpp,finegrained_gpu_emc
2026-05-16T03:03:27.564662,GPU1020_EMC204_CPU1036,1020,1036,204,1020,204,p128_o64,128,64,decode,0,25.166493840515614,24.117435905195418,1544.8163067921996,64,41.42887391763462,78.642,39.321,46.362,1.22878125,0.8138145011571425,29.634,0.399,9.287,65.6,4,Phi-3-mini-Q4,llama.cpp,finegrained_gpu_emc
2026-05-16T03:03:29.919037,GPU1020_EMC204_CPU1036,1020,1036,204,1020,204,p128_o64,128,64,decode,1,25.4826748277992,24.105360384084403,1544.3668339867145,64,41.44093138466775,73.195,36.598,45.863,1.143671875,0.8743766650727509,27.338,0.399,8.861,65.5,4,Phi-3-mini-Q4,llama.cpp,finegrained_gpu_emc
2026-05-16T03:03:32.270599,GPU1020_EMC204_CPU1036,1020,1036,204,1020,204,p128_o64,128,64,decode,2,25.438773911446333,24.063063637604788,1541.6599030140787,64,41.51369564381512,73.649,36.824,45.863,1.150765625,0.8689866800635446,27.54,0.399,8.886,65.6,4,Phi-3-mini-Q4,llama.cpp,finegrained_gpu_emc
2026-05-16T03:03:36.174696,GPU1020_EMC204_CPU1036,1020,1036,204,1020,204,p512_o128,512,128,decode,0,25.52737994119525,24.152876686407474,3093.412237940356,128,41.378254870170316,144.556,41.302,46.877,1.12934375,0.8854699908685907,31.304,0.399,9.599,65.7,7,Phi-3-mini-Q4,llama.cpp,finegrained_gpu_emc
2026-05-16T03:03:40.080902,GPU1020_EMC204_CPU1036,1020,1036,204,1020,204,p512_o128,512,128,decode,1,25.597458938136697,24.17046739536477,3095.7155690994114,128,41.347467860956314,144.642,41.326,46.862,1.130015625,0.884943515714661,31.3,0.399,9.628,65.9,7,Phi-3-mini-Q4,llama.cpp,finegrained_gpu_emc
2026-05-16T03:03:43.994778,GPU1020_EMC204_CPU1036,1020,1036,204,1020,204,p512_o128,512,128,decode,2,25.738574797287583,24.227742732715186,3103.13180484809,128,41.248650734081885,144.162,41.189,46.776,1.126265625,0.887890012624686,31.249,0.399,9.541,65.9,7,Phi-3-mini-Q4,llama.cpp,finegrained_gpu_emc
2026-05-16T03:03:47.908293,GPU1020_EMC204_CPU1036,1020,1036,204,1020,204,p1024_o128,1024,128,decode,0,25.51106410101056,24.225994779574354,3102.711487095803,128,41.25423860141454,144.398,41.256,46.776,1.128109375,0.8864388703444647,31.302,0.399,9.556,66.0,7,Phi-3-mini-Q4,llama.cpp,finegrained_gpu_emc
2026-05-16T03:03:51.820505,GPU1020_EMC204_CPU1036,1020,1036,204,1020,204,p1024_o128,1024,128,decode,1,25.411836802959442,24.2142800395707,3101.1312399059534,128,41.27526057358404,144.086,41.168,46.761,1.125671875,0.888358341546021,31.184,0.399,9.584,65.9,7,Phi-3-mini-Q4,llama.cpp,finegrained_gpu_emc
2026-05-16T03:03:55.728476,GPU1020_EMC204_CPU1036,1020,1036,204,1020,204,p1024_o128,1024,128,decode,2,25.679028825834394,24.18368773380896,3097.4858179688454,128,41.32383730619794,144.592,41.312,46.862,1.129625,0.8852495297111873,31.3,0.399,9.613,65.9,7,Phi-3-mini-Q4,llama.cpp,finegrained_gpu_emc
2026-05-16T03:04:02.825589,GPU1020_EMC204_CPU1036,1020,1036,204,1020,204,p128_o256,128,256,decode,0,25.53311502560973,24.545922690052905,6285.687016090378,256,40.727449417172686,286.328,44.05,46.977,1.11846875,0.8940795171970608,33.59,0.399,10.062,66.1,13,Phi-3-mini-Q4,llama.cpp,finegrained_gpu_emc
2026-05-16T03:04:09.953082,GPU1020_EMC204_CPU1036,1020,1036,204,1020,204,p128_o256,128,256,decode,1,28.903269907459617,24.65140983170154,6315.995045937598,256,40.53201405923479,286.576,44.089,46.776,1.1194375,0.8933057897381497,33.651,0.399,10.039,66.2,13,Phi-3-mini-Q4,llama.cpp,finegrained_gpu_emc
2026-05-16T03:04:17.075959,GPU1020_EMC204_CPU1036,1020,1036,204,1020,204,p128_o256,128,256,decode,2,28.970150044187903,24.632416435462588,6311.154645169154,256,40.56310047733565,286.877,44.135,46.862,1.12061328125,0.8923685063633543,33.682,0.399,10.054,66.3,13,Phi-3-mini-Q4,llama.cpp,finegrained_gpu_emc
2026-05-16T03:04:31.333174,GPU1020_EMC204_CPU1036,1020,1036,204,1020,204,p1024_o512,1024,512,decode,0,28.930729953572154,26.247251818025823,13443.150808103383,512,38.08630932648409,597.182,44.236,46.877,1.16637109375,0.8573600677850304,33.749,0.399,10.087,66.5,27,Phi-3-mini-Q4,llama.cpp,finegrained_gpu_emc
2026-05-16T03:04:45.566093,GPU1020_EMC204_CPU1036,1020,1036,204,1020,204,p1024_o512,1024,512,decode,1,28.90228689648211,26.200191714252306,13419.062844011933,512,38.15467636985341,596.392,44.177,46.877,1.164828125,0.8584957544702142,33.691,0.399,10.088,66.6,27,Phi-3-mini-Q4,llama.cpp,finegrained_gpu_emc
2026-05-16T03:04:59.802098,GPU1020_EMC204_CPU1036,1020,1036,204,1020,204,p1024_o512,1024,512,decode,2,28.78578403033316,26.207232088262465,13422.55926807411,512,38.144737510513714,597.795,44.281,47.276,1.167568359375,0.8564809006431972,33.754,0.399,10.128,66.8,27,Phi-3-mini-Q4,llama.cpp,finegrained_gpu_emc
2026-05-16T03:05:07.869801,GPU1020_EMC665_CPU1036,1300,1036,665,1020,665,p128_o64,128,64,decode,0,25.485903955996037,24.045319111633397,1540.5926150269806,64,41.54245540043638,78.846,39.423,46.362,1.23196875,0.8117089008954164,29.737,0.399,9.287,65.9,4,Phi-3-mini-Q4,llama.cpp,finegrained_gpu_emc
2026-05-16T03:05:10.222354,GPU1020_EMC665_CPU1036,1300,1036,665,1020,665,p128_o64,128,64,decode,1,25.697865057736635,24.074906985911113,1542.6698601804674,64,41.48651740205324,74.106,37.053,45.877,1.15790625,0.8636277764283594,27.743,0.399,8.911,65.9,4,Phi-3-mini-Q4,llama.cpp,finegrained_gpu_emc
2026-05-16T03:05:12.574356,GPU1020_EMC665_CPU1036,1300,1036,665,1020,665,p128_o64,128,64,decode,2,25.331958895549178,24.070305779339776,1542.0121909119189,64,41.5042114304891,74.156,37.078,45.877,1.1586875,0.8630454717082906,27.743,0.399,8.936,65.9,4,Phi-3-mini-Q4,llama.cpp,finegrained_gpu_emc
2026-05-16T03:05:16.484322,GPU1020_EMC665_CPU1036,1300,1036,665,1020,665,p512_o128,512,128,decode,0,25.349525967612863,24.200052283264284,3099.256725050509,128,41.300224975042674,144.57,41.306,46.776,1.129453125,0.8853842429273017,31.308,0.399,9.599,66.0,7,Phi-3-mini-Q4,llama.cpp,finegrained_gpu_emc
2026-05-16T03:05:20.395759,GPU1020_EMC665_CPU1036,1300,1036,665,1020,665,p512_o128,512,128,decode,1,25.971427094191313,24.20541166151896,3100.5343401338905,128,41.28320668574584,144.52,41.292,46.776,1.1290625,0.8856905618599501,31.308,0.399,9.584,66.1,7,Phi-3-mini-Q4,llama.cpp,finegrained_gpu_emc
2026-05-16T03:05:24.306309,GPU1020_EMC665_CPU1036,1300,1036,665,1020,665,p512_o128,512,128,decode,2,25.637165876105428,24.20018797586342,3099.5438389945775,128,41.29639929258762,144.013,41.147,46.776,1.1251015625,0.8888086492191677,31.192,0.399,9.556,66.1,7,Phi-3-mini-Q4,llama.cpp,finegrained_gpu_emc
2026-05-16T03:05:28.214818,GPU1020_EMC665_CPU1036,1300,1036,665,1020,665,p1024_o128,1024,128,decode,0,25.356121128425002,24.18863076320666,3097.784852143377,128,41.31984824944701,144.364,41.247,46.877,1.12784375,0.8866476406860436,31.249,0.399,9.599,66.0,7,Phi-3-mini-Q4,llama.cpp,finegrained_gpu_emc
2026-05-16T03:05:32.124293,GPU1020_EMC665_CPU1036,1300,1036,665,1020,665,p1024_o128,1024,128,decode,1,25.765708880499005,24.19353583570951,3098.821128020063,128,41.30603049095103,145.099,41.457,47.276,1.1335859375,0.8821563208567944,31.416,0.399,9.642,66.1,7,Phi-3-mini-Q4,llama.cpp,finegrained_gpu_emc
2026-05-16T03:05:36.034326,GPU1020_EMC665_CPU1036,1300,1036,665,1020,665,p1024_o128,1024,128,decode,2,25.956327095627785,24.197140039406776,3099.467399995774,128,41.297417743504745,144.012,41.146,46.776,1.12509375,0.8888148209871399,31.192,0.399,9.556,66.2,7,Phi-3-mini-Q4,llama.cpp,finegrained_gpu_emc
2026-05-16T03:05:43.128164,GPU1020_EMC665_CPU1036,1300,1036,665,1020,665,p128_o256,128,256,decode,0,25.911018019542098,24.52926958418068,6281.7885868716985,256,40.752724556030756,287.562,44.24,47.16,1.1232890625,0.8902427998136053,33.772,0.399,10.07,66.3,13,Phi-3-mini-Q4,llama.cpp,finegrained_gpu_emc
2026-05-16T03:05:50.255701,GPU1020_EMC665_CPU1036,1300,1036,665,1020,665,p128_o256,128,256,decode,1,28.79488910548389,24.650780897697103,6315.652403049171,256,40.534213041301044,287.326,44.204,46.776,1.1223671875,0.8909740155781237,33.743,0.399,10.062,66.4,13,Phi-3-mini-Q4,llama.cpp,finegrained_gpu_emc
2026-05-16T03:05:57.387364,GPU1020_EMC665_CPU1036,1300,1036,665,1020,665,p128_o256,128,256,decode,2,29.000387992709875,24.66743215370704,6320.120356045663,256,40.505557739120746,287.113,44.171,46.862,1.12153515625,0.8916350008533226,33.68,0.399,10.093,66.5,13,Phi-3-mini-Q4,llama.cpp,finegrained_gpu_emc
2026-05-16T03:06:11.633834,GPU1020_EMC665_CPU1036,1300,1036,665,1020,665,p1024_o512,1024,512,decode,0,28.767598094418645,26.22711295881646,13432.707536034286,512,38.115919566217016,598.396,44.326,46.877,1.1687421875,0.8556206926516889,33.81,0.399,10.117,66.6,27,Phi-3-mini-Q4,llama.cpp,finegrained_gpu_emc
2026-05-16T03:06:25.853620,GPU1020_EMC665_CPU1036,1300,1036,665,1020,665,p1024_o512,1024,512,decode,1,29.085318092256784,26.174164209022766,13406.002013012767,512,38.19184865875884,596.956,44.219,47.261,1.1659296875,0.857684653475298,33.733,0.399,10.087,66.8,27,Phi-3-mini-Q4,llama.cpp,finegrained_gpu_emc
2026-05-16T03:06:40.080676,GPU1020_EMC665_CPU1036,1300,1036,665,1020,665,p1024_o512,1024,512,decode,2,29.387392103672028,26.18726356540043,13413.039456121624,512,38.17181047404782,597.09,44.229,47.276,1.16619140625,0.8574921703595773,33.716,0.399,10.114,66.9,27,Phi-3-mini-Q4,llama.cpp,finegrained_gpu_emc
2026-05-16T03:06:48.251149,GPU1020_EMC2133_CPU1036,1300,1036,2133,1020,2133,p128_o64,128,64,decode,0,25.383659871295094,24.065085476086963,1541.738532949239,64,41.51157841114111,78.887,39.444,46.362,1.232609375,0.8112870308162308,29.732,0.399,9.312,66.0,4,Phi-3-mini-Q4,llama.cpp,finegrained_gpu_emc
2026-05-16T03:06:50.603606,GPU1020_EMC2133_CPU1036,1300,1036,2133,1020,2133,p128_o64,128,64,decode,1,25.45069786719978,24.069915255827325,1542.137908982113,64,41.500827926759904,73.9,36.95,45.863,1.1546875,0.8660351826792962,27.64,0.399,8.911,66.0,4,Phi-3-mini-Q4,llama.cpp,finegrained_gpu_emc
2026-05-16T03:06:52.957431,GPU1020_EMC2133_CPU1036,1300,1036,2133,1020,2133,p128_o64,128,64,decode,2,25.697122095152736,24.087507540123568,1543.4588890057057,64,41.465309154576005,73.395,36.698,45.863,1.146796875,0.8719940050412154,27.438,0.399,8.861,65.9,4,Phi-3-mini-Q4,llama.cpp,finegrained_gpu_emc
2026-05-16T03:06:56.865069,GPU1020_EMC2133_CPU1036,1300,1036,2133,1020,2133,p512_o128,512,128,decode,0,25.347309885546565,24.183317520252363,3097.1113389823586,128,41.32883386816114,144.587,41.311,46.862,1.1295859375,0.8852801427514231,31.298,0.399,9.613,66.1,7,Phi-3-mini-Q4,llama.cpp,finegrained_gpu_emc
2026-05-16T03:07:00.769841,GPU1020_EMC2133_CPU1036,1300,1036,2133,1020,2133,p512_o128,512,128,decode,1,25.63315792940557,24.16046022796842,3094.4856388960034,128,41.363901771302324,145.013,41.432,47.276,1.1329140625,0.8826794839083392,31.42,0.399,9.613,66.2,7,Phi-3-mini-Q4,llama.cpp,finegrained_gpu_emc
2026-05-16T03:07:04.676729,GPU1020_EMC2133_CPU1036,1300,1036,2133,1020,2133,p512_o128,512,128,decode,2,25.433740811422467,24.17350070199042,3095.9412418305874,128,41.34445391615875,144.786,41.367,47.261,1.131140625,0.884063376293288,31.355,0.399,9.613,66.1,7,Phi-3-mini-Q4,llama.cpp,finegrained_gpu_emc
2026-05-16T03:07:08.584609,GPU1020_EMC2133_CPU1036,1300,1036,2133,1020,2133,p1024_o128,1024,128,decode,0,25.542762130498886,24.182798298750456,3097.2326260525733,128,41.32721543849167,144.836,41.382,46.862,1.13153125,0.8837581816675412,31.355,0.399,9.628,66.2,7,Phi-3-mini-Q4,llama.cpp,finegrained_gpu_emc
2026-05-16T03:07:12.489512,GPU1020_EMC2133_CPU1036,1300,1036,2133,1020,2133,p1024_o128,1024,128,decode,1,25.526122888550162,24.160518481462137,3094.3798578809947,128,41.365315791466315,144.836,41.382,47.261,1.13153125,0.8837581816675412,31.355,0.399,9.628,66.2,7,Phi-3-mini-Q4,llama.cpp,finegrained_gpu_emc
2026-05-16T03:07:16.397004,GPU1020_EMC2133_CPU1036,1300,1036,2133,1020,2133,p1024_o128,1024,128,decode,2,25.41035204194486,24.183239740150885,3097.1558310557157,128,41.328240160382606,144.998,41.428,47.276,1.132796875,0.8827707968385772,31.416,0.399,9.613,66.3,7,Phi-3-mini-Q4,llama.cpp,finegrained_gpu_emc
2026-05-16T03:07:23.504823,GPU1020_EMC2133_CPU1036,1300,1036,2133,1020,2133,p128_o256,128,256,decode,0,25.573547929525375,24.586876051719575,6296.192028094083,256,40.65949686059585,287.332,44.205,47.261,1.122390625,0.8909554104659418,33.644,0.491,10.07,66.5,13,Phi-3-mini-Q4,llama.cpp,finegrained_gpu_emc
2026-05-16T03:07:30.639275,GPU1020_EMC2133_CPU1036,1300,1036,2133,1020,2133,p128_o256,128,256,decode,1,29.19349307194352,24.677014038624133,6322.765193879604,256,40.48861410317852,286.383,44.059,46.761,1.11868359375,0.8939078087735656,33.583,0.43,10.046,66.5,13,Phi-3-mini-Q4,llama.cpp,finegrained_gpu_emc
2026-05-16T03:07:37.777586,GPU1020_EMC2133_CPU1036,1300,1036,2133,1020,2133,p128_o256,128,256,decode,2,28.791779186576605,24.693719485738114,6326.662887120619,256,40.46367011606498,286.33,44.051,46.862,1.1184765625,0.8940732720986275,33.582,0.399,10.07,66.6,13,Phi-3-mini-Q4,llama.cpp,finegrained_gpu_emc
2026-05-16T03:07:52.031988,GPU1020_EMC2133_CPU1036,1300,1036,2133,1020,2133,p1024_o512,1024,512,decode,0,28.90624082647264,26.24237975934903,13440.664858790115,512,38.09335366807804,596.674,44.198,46.862,1.16537890625,0.8580900123015248,33.726,0.399,10.073,66.7,27,Phi-3-mini-Q4,llama.cpp,finegrained_gpu_emc
2026-05-16T03:08:06.295278,GPU1020_EMC2133_CPU1036,1300,1036,2133,1020,2133,p1024_o512,1024,512,decode,1,29.48129689320922,26.258501244723476,13449.528680881485,512,38.068248497645,600.77,44.502,47.261,1.17337890625,0.8522396258135393,33.759,0.576,10.166,66.9,27,Phi-3-mini-Q4,llama.cpp,finegrained_gpu_emc
2026-05-16T03:08:20.440133,GPU1020_EMC2133_CPU1036,1300,1036,2133,1020,2133,p1024_o512,1024,512,decode,2,29.182046186178923,26.340736650458965,13331.379360053688,505,37.88055131888215,588.144,45.242,47.76,1.164641584158416,0.8586332598819336,34.046,0.936,10.259,67.1,26,Phi-3-mini-Q4,llama.cpp,finegrained_gpu_emc
2026-05-16T03:08:28.596935,GPU1020_EMC3199_CPU1036,1300,1036,3199,1020,3199,p128_o64,128,64,decode,0,25.666166096925735,24.04602145820501,1540.817734086886,64,41.53638589701686,78.647,39.324,46.362,1.228859375,0.8137627627245794,29.637,0.399,9.287,66.0,4,Phi-3-mini-Q4,llama.cpp,finegrained_gpu_emc
2026-05-16T03:08:30.948901,GPU1020_EMC3199_CPU1036,1300,1036,3199,1020,3199,p128_o64,128,64,decode,1,25.940044783055782,24.05627576323847,1541.7349769268185,64,41.51167415788471,74.106,37.053,45.877,1.15790625,0.8636277764283594,27.743,0.399,8.911,66.0,4,Phi-3-mini-Q4,llama.cpp,finegrained_gpu_emc
2026-05-16T03:08:33.301610,GPU1020_EMC3199_CPU1036,1300,1036,3199,1020,3199,p128_o64,128,64,decode,2,25.592697085812688,24.078002410186897,1542.757143964991,64,41.48417024050567,73.849,36.924,45.863,1.153890625,0.866633265176238,27.64,0.399,8.886,65.9,4,Phi-3-mini-Q4,llama.cpp,finegrained_gpu_emc
2026-05-16T03:08:37.212785,GPU1020_EMC3199_CPU1036,1300,1036,3199,1020,3199,p512_o128,512,128,decode,0,25.369761046022177,24.21087637089017,3100.625829072669,128,41.28198855851048,144.786,41.367,47.261,1.131140625,0.884063376293288,31.355,0.399,9.613,66.2,7,Phi-3-mini-Q4,llama.cpp,finegrained_gpu_emc
2026-05-16T03:08:41.123941,GPU1020_EMC3199_CPU1036,1300,1036,3199,1020,3199,p512_o128,512,128,decode,1,25.97210998646915,24.196559882275466,3099.4043201208115,128,41.29825823918665,144.786,41.368,47.261,1.131140625,0.884063376293288,31.355,0.399,9.613,66.3,7,Phi-3-mini-Q4,llama.cpp,finegrained_gpu_emc
2026-05-16T03:08:45.030271,GPU1020_EMC3199_CPU1036,1300,1036,3199,1020,3199,p512_o128,512,128,decode,2,25.581659050658345,24.16996233803257,3095.6350839696825,128,41.34854287665567,144.786,41.368,47.261,1.131140625,0.884063376293288,31.355,0.399,9.613,66.3,7,Phi-3-mini-Q4,llama.cpp,finegrained_gpu_emc
2026-05-16T03:08:48.935377,GPU1020_EMC3199_CPU1036,1300,1036,3199,1020,3199,p1024_o128,1024,128,decode,0,25.828564073890448,24.159197968716814,3094.5242908783257,128,41.36338511780416,145.482,41.566,47.361,1.136578125,0.8798339313454585,31.468,0.399,9.699,66.3,7,Phi-3-mini-Q4,llama.cpp,finegrained_gpu_emc
2026-05-16T03:08:52.845137,GPU1020_EMC3199_CPU1036,1300,1036,3199,1020,3199,p1024_o128,1024,128,decode,1,25.4167050588876,24.199998024557754,3099.2894950322807,128,41.29978829185391,144.986,41.424,47.261,1.132703125,0.8828438607865587,31.412,0.399,9.613,66.3,7,Phi-3-mini-Q4,llama.cpp,finegrained_gpu_emc
2026-05-16T03:08:56.750330,GPU1020_EMC3199_CPU1036,1300,1036,3199,1020,3199,p1024_o128,1024,128,decode,2,25.36665997467935,24.164261109393646,3094.699773006141,128,41.361039644780426,144.692,41.34,47.261,1.13040625,0.8846377132115113,31.3,0.399,9.642,66.2,7,Phi-3-mini-Q4,llama.cpp,finegrained_gpu_emc
2026-05-16T03:09:03.846905,GPU1020_EMC3199_CPU1036,1300,1036,3199,1020,3199,p128_o256,128,256,decode,0,25.357445003464818,24.544101921549323,6285.022157011554,256,40.73175775751357,286.505,44.078,47.175,1.11916015625,0.8935271635748068,33.617,0.399,10.062,66.4,13,Phi-3-mini-Q4,llama.cpp,finegrained_gpu_emc
2026-05-16T03:09:10.983107,GPU1020_EMC3199_CPU1036,1300,1036,3199,1020,3199,p128_o256,128,256,decode,1,28.980528004467487,24.685376573025305,6324.671076145023,256,40.47641322654136,286.612,44.094,46.776,1.119578125,0.8931935857535622,33.649,0.399,10.046,66.5,13,Phi-3-mini-Q4,llama.cpp,finegrained_gpu_emc
2026-05-16T03:09:18.120531,GPU1020_EMC3199_CPU1036,1300,1036,3199,1020,3199,p128_o256,128,256,decode,2,29.029648983851075,24.689201631711104,6325.701795052737,256,40.469817941815535,287.02,44.157,46.877,1.121171875,0.8919239077416209,33.681,0.399,10.077,66.6,13,Phi-3-mini-Q4,llama.cpp,finegrained_gpu_emc
2026-05-16T03:09:32.367466,GPU1020_EMC3199_CPU1036,1300,1036,3199,1020,3199,p1024_o512,1024,512,decode,0,29.38301395624876,26.225323510882966,13432.4231070932,512,38.11672666338439,597.881,44.287,46.862,1.167736328125,0.8563577032887816,33.771,0.399,10.117,66.8,27,Phi-3-mini-Q4,llama.cpp,finegrained_gpu_emc
2026-05-16T03:09:46.592140,GPU1020_EMC3199_CPU1036,1300,1036,3199,1020,3199,p1024_o512,1024,512,decode,1,29.208909953013062,26.18333783161092,13410.782512975857,512,38.17823452916373,596.74,44.203,47.261,1.1655078125,0.8579951067466568,33.717,0.399,10.087,66.9,27,Phi-3-mini-Q4,llama.cpp,finegrained_gpu_emc
2026-05-16T03:10:00.821550,GPU1020_EMC3199_CPU1036,1300,1036,3199,1020,3199,p1024_o512,1024,512,decode,2,28.926457976922393,26.193933649837913,13415.900379884988,512,38.16367038381283,597.75,44.278,47.261,1.16748046875,0.8565453785027185,33.788,0.399,10.091,67.0,27,Phi-3-mini-Q4,llama.cpp,finegrained_gpu_emc
2026-05-16T03:10:09.172666,GPU1122_EMC204_CPU1036,1122,1036,204,1122,204,p128_o64,128,64,decode,0,27.567017124965787,26.163626998101197,1676.125270081684,64,38.18330356470375,70.182,35.091,39.289,1.09659375,0.9119147359721865,25.351,0.399,9.341,65.9,4,Phi-3-mini-Q4,llama.cpp,finegrained_gpu_emc
2026-05-16T03:10:11.665190,GPU1122_EMC204_CPU1036,1122,1036,204,1122,204,p128_o64,128,64,decode,1,27.73101208731532,26.261732651157274,1682.4712650850415,64,38.03928264817354,66.778,33.389,38.79,1.04340625,0.9583994728802898,23.85,0.499,9.04,65.8,4,Phi-3-mini-Q4,llama.cpp,finegrained_gpu_emc
2026-05-16T03:10:14.154853,GPU1122_EMC204_CPU1036,1122,1036,204,1122,204,p128_o64,128,64,decode,2,28.04280980490148,26.212528270358842,1679.6858429443091,64,38.10236317037409,66.423,33.212,38.878,1.037859375,0.9635216717101004,23.748,0.399,9.065,65.7,4,Phi-3-mini-Q4,llama.cpp,finegrained_gpu_emc
2026-05-16T03:10:18.341269,GPU1122_EMC204_CPU1036,1122,1036,204,1122,204,p512_o128,512,128,decode,0,27.805090881884098,26.356930567655624,3375.6057538557798,128,37.919120102752586,129.694,37.055,39.889,1.013234375,0.9869384859746789,26.684,0.57,9.802,65.8,7,Phi-3-mini-Q4,llama.cpp,finegrained_gpu_emc
2026-05-16T03:10:22.522519,GPU1122_EMC204_CPU1036,1122,1036,204,1122,204,p512_o128,512,128,decode,1,28.027419932186604,26.316423511763258,3370.700455037877,128,37.97430288078258,129.193,36.912,39.788,1.0093203125,0.9907657535624994,26.798,0.399,9.716,65.7,7,Phi-3-mini-Q4,llama.cpp,finegrained_gpu_emc
2026-05-16T03:10:26.703824,GPU1122_EMC204_CPU1036,1122,1036,204,1122,204,p512_o128,512,128,decode,2,27.762341080233455,26.317255338653922,3370.551705127582,128,37.97597877085673,129.14,36.897,39.788,1.00890625,0.9911723710701565,26.797,0.399,9.701,65.6,7,Phi-3-mini-Q4,llama.cpp,finegrained_gpu_emc
2026-05-16T03:10:30.885690,GPU1122_EMC204_CPU1036,1122,1036,204,1122,204,p1024_o128,1024,128,decode,0,27.665993198752403,26.321812157013166,3371.0072902031243,128,37.97084639122427,129.298,36.942,39.788,1.010140625,0.9899611749601696,26.856,0.399,9.687,65.6,7,Phi-3-mini-Q4,llama.cpp,finegrained_gpu_emc
2026-05-16T03:10:35.063762,GPU1122_EMC204_CPU1036,1122,1036,204,1122,204,p1024_o128,1024,128,decode,1,27.85350801423192,26.29368288229828,3367.6479221321642,128,38.00872388077883,129.399,36.971,39.788,1.0109296875,0.9891884790454331,26.856,0.399,9.716,65.5,7,Phi-3-mini-Q4,llama.cpp,finegrained_gpu_emc
2026-05-16T03:10:39.242453,GPU1122_EMC204_CPU1036,1122,1036,204,1122,204,p1024_o128,1024,128,decode,2,28.051742119714618,26.29600655045507,3368.1216139812022,128,38.0033783425952,128.948,36.842,39.688,1.00740625,0.992648199274126,26.799,0.399,9.644,65.4,7,Phi-3-mini-Q4,llama.cpp,finegrained_gpu_emc
2026-05-16T03:10:46.884546,GPU1122_EMC204_CPU1036,1122,1036,204,1122,204,p128_o256,128,256,decode,0,27.599052991718054,26.673542161234746,6830.284434137866,256,37.48013753578227,263.572,37.653,39.788,1.029578125,0.971271606999226,27.401,0.399,9.853,65.5,14,Phi-3-mini-Q4,llama.cpp,finegrained_gpu_emc
2026-05-16T03:10:54.565261,GPU1122_EMC204_CPU1036,1122,1036,204,1122,204,p128_o256,128,256,decode,1,31.031744088977575,26.81202917250202,6869.061039993539,256,37.268558032822604,263.067,37.581,39.788,1.02760546875,0.973136121216268,27.344,0.399,9.838,65.5,14,Phi-3-mini-Q4,llama.cpp,finegrained_gpu_emc
2026-05-16T03:11:02.245082,GPU1122_EMC204_CPU1036,1122,1036,204,1122,204,p128_o256,128,256,decode,2,31.311512924730778,26.806279462670872,6867.878217948601,256,37.274976619557165,263.81,37.687,39.688,1.0305078125,0.9703953602971835,27.457,0.399,9.831,65.5,14,Phi-3-mini-Q4,llama.cpp,finegrained_gpu_emc
2026-05-16T03:11:17.654717,GPU1122_EMC204_CPU1036,1122,1036,204,1122,204,p1024_o512,1024,512,decode,0,31.022563111037016,28.498493618406574,14595.64227820374,512,35.07896331253543,546.249,37.672,39.788,1.066892578125,0.9373014870507772,27.399,0.399,9.874,65.4,29,Phi-3-mini-Q4,llama.cpp,finegrained_gpu_emc
2026-05-16T03:11:33.025811,GPU1122_EMC204_CPU1036,1122,1036,204,1122,204,p1024_o512,1024,512,decode,1,31.26124618574977,28.42224272990457,14556.885174009949,512,35.17235960026197,546.795,37.71,39.788,1.067958984375,0.9363655483316418,27.472,0.399,9.839,65.3,29,Phi-3-mini-Q4,llama.cpp,finegrained_gpu_emc
2026-05-16T03:11:48.407843,GPU1122_EMC204_CPU1036,1122,1036,204,1122,204,p1024_o512,1024,512,decode,2,31.409019837155938,28.442791569704617,14567.560283932835,512,35.14658529092932,543.704,37.497,39.788,1.061921875,0.9416888601150627,27.276,0.399,9.821,65.3,29,Phi-3-mini-Q4,llama.cpp,finegrained_gpu_emc
2026-05-16T03:11:56.754066,GPU1122_EMC665_CPU1036,1122,1036,665,1122,665,p128_o64,128,64,decode,0,27.297601103782654,26.172968411138132,1676.4533868990839,64,38.17583029754263,70.427,35.214,39.289,1.100421875,0.9087423857327445,25.448,0.399,9.366,64.4,4,Phi-3-mini-Q4,llama.cpp,finegrained_gpu_emc
2026-05-16T03:11:59.240310,GPU1122_EMC665_CPU1036,1122,1036,665,1122,665,p128_o64,128,64,decode,1,27.424253057688475,26.16929849018417,1676.337633980438,64,38.17846637973102,66.333,33.166,38.79,1.036453125,0.964828968989794,23.753,0.399,9.015,64.4,4,Phi-3-mini-Q4,llama.cpp,finegrained_gpu_emc
2026-05-16T03:12:01.727214,GPU1122_EMC665_CPU1036,1122,1036,665,1122,665,p128_o64,128,64,decode,2,27.824560180306435,26.17062902861526,1676.8665960989892,64,38.16642310657725,66.17,33.085,38.689,1.03390625,0.9672056823333837,23.75,0.399,8.936,64.4,4,Phi-3-mini-Q4,llama.cpp,finegrained_gpu_emc
2026-05-16T03:12:05.907719,GPU1122_EMC665_CPU1036,1122,1036,665,1122,665,p512_o128,512,128,decode,0,27.541722171008587,26.311757825828327,3369.603750994429,128,37.98666236711808,128.941,36.84,39.788,1.0073515625,0.9927020885521285,26.798,0.399,9.644,64.5,7,Phi-3-mini-Q4,llama.cpp,finegrained_gpu_emc
2026-05-16T03:12:10.085091,GPU1122_EMC665_CPU1036,1122,1036,665,1122,665,p512_o128,512,128,decode,1,27.871663914993405,26.286416135244366,3366.717026103288,128,38.0192332790588,128.825,36.807,39.776,1.0064453125,0.9935959635163983,26.736,0.399,9.673,64.5,7,Phi-3-mini-Q4,llama.cpp,finegrained_gpu_emc
2026-05-16T03:12:14.258648,GPU1122_EMC665_CPU1036,1122,1036,665,1122,665,p512_o128,512,128,decode,2,27.542074909433722,26.260112448940127,3363.0371729377657,128,38.06083412636982,129.135,36.896,39.788,1.0088671875,0.9912107484415534,26.853,0.399,9.644,64.5,7,Phi-3-mini-Q4,llama.cpp,finegrained_gpu_emc
2026-05-16T03:12:18.446339,GPU1122_EMC665_CPU1036,1122,1036,665,1122,665,p1024_o128,1024,128,decode,0,27.64514391310513,26.365771590856703,3376.5890318900347,128,37.90807788306782,128.493,36.712,39.688,1.0038515625,0.9961632151167769,26.684,0.399,9.63,64.5,7,Phi-3-mini-Q4,llama.cpp,finegrained_gpu_emc
2026-05-16T03:12:22.626338,GPU1122_EMC665_CPU1036,1122,1036,665,1122,665,p1024_o128,1024,128,decode,1,27.478717966005206,26.308904834619657,3369.178065098822,128,37.991461871946385,128.588,36.739,39.788,1.00459375,0.9954272560425546,26.682,0.399,9.658,64.5,7,Phi-3-mini-Q4,llama.cpp,finegrained_gpu_emc
2026-05-16T03:12:26.810243,GPU1122_EMC665_CPU1036,1122,1036,665,1122,665,p1024_o128,1024,128,decode,2,27.490525972098112,26.34356753519318,3373.605283908546,128,37.941605264414186,128.525,36.721,39.776,1.0041015625,0.9959151915969655,26.679,0.399,9.644,64.5,7,Phi-3-mini-Q4,llama.cpp,finegrained_gpu_emc
2026-05-16T03:12:34.456073,GPU1122_EMC665_CPU1036,1122,1036,665,1122,665,p128_o256,128,256,decode,0,28.037420939654112,26.682603760969403,6833.021958824247,256,37.46512180740156,262.878,37.554,39.688,1.0268671875,0.9738357717268087,27.367,0.399,9.788,64.6,14,Phi-3-mini-Q4,llama.cpp,finegrained_gpu_emc
2026-05-16T03:12:42.139781,GPU1122_EMC665_CPU1036,1122,1036,665,1122,665,p128_o256,128,256,decode,1,31.44269110634923,26.820171324937952,6871.515501989052,256,37.25524593896316,263.55,37.65,39.576,1.0294921875,0.9713526845000948,27.427,0.399,9.824,64.7,14,Phi-3-mini-Q4,llama.cpp,finegrained_gpu_emc
2026-05-16T03:12:49.815975,GPU1122_EMC665_CPU1036,1122,1036,665,1122,665,p128_o256,128,256,decode,2,31.44301287829876,26.7917137921733,6864.26212801598,256,37.294613059014,260.305,37.186,39.788,1.01681640625,0.9834617083805536,27.0,0.399,9.787,64.6,14,Phi-3-mini-Q4,llama.cpp,finegrained_gpu_emc
2026-05-16T03:13:05.222263,GPU1122_EMC665_CPU1036,1122,1036,665,1122,665,p1024_o512,1024,512,decode,0,31.54713800176978,28.48994796102367,14591.798711102456,512,35.088203321392776,545.16,37.597,39.676,1.064765625,0.9391738205297527,27.404,0.399,9.794,64.8,29,Phi-3-mini-Q4,llama.cpp,finegrained_gpu_emc
2026-05-16T03:13:20.606058,GPU1122_EMC665_CPU1036,1122,1036,665,1122,665,p1024_o512,1024,512,decode,1,31.43242304213345,28.44735474367635,14569.903085939586,512,35.14093381266867,545.162,37.597,39.788,1.06476953125,0.9391703750444821,27.363,0.413,9.822,64.9,29,Phi-3-mini-Q4,llama.cpp,finegrained_gpu_emc
2026-05-16T03:13:29.606372,GPU1122_EMC665_CPU1036,1122,1036,665,1122,665,p1024_o512,1024,512,decode,2,31.31953300908208,27.82436183570846,8186.900289962068,293,35.788880971134624,328.214,41.027,43.584,1.120184300341297,0.8927102439262189,27.59,2.918,10.518,65.6,16,Phi-3-mini-Q4,llama.cpp,finegrained_gpu_emc
2026-05-16T03:13:38.075273,GPU1122_EMC2133_CPU1036,1122,1036,2133,1122,2133,p128_o64,128,64,decode,0,28.18328095600009,27.131643238669586,1737.7387159503996,64,36.82947235539797,79.522,39.761,42.774,1.24253125,0.804808732174744,25.845,3.592,10.324,65.4,4,Phi-3-mini-Q4,llama.cpp,finegrained_gpu_emc
2026-05-16T03:13:40.626434,GPU1122_EMC2133_CPU1036,1122,1036,2133,1122,2133,p128_o64,128,64,decode,1,28.13182701356709,26.98300152440511,1728.3235390204936,64,37.03010377112101,75.828,37.914,42.686,1.1848125,0.8440154032811098,24.35,3.592,9.972,65.3,4,Phi-3-mini-Q4,llama.cpp,finegrained_gpu_emc
2026-05-16T03:13:43.202093,GPU1122_EMC2133_CPU1036,1122,1036,2133,1122,2133,p128_o64,128,64,decode,2,28.215087950229645,27.3016163643213,1748.484174022451,64,36.60313370338702,76.38,38.19,42.786,1.1934375,0.8379156847342236,24.45,3.592,10.148,65.4,4,Phi-3-mini-Q4,llama.cpp,finegrained_gpu_emc
2026-05-16T03:13:47.496204,GPU1122_EMC2133_CPU1036,1122,1036,2133,1122,2133,p512_o128,512,128,decode,0,28.186802053824067,27.19246404700157,3482.122392160818,128,36.75919039725944,142.694,40.77,43.286,1.114796875,0.8970244018669321,26.685,3.592,10.492,65.4,7,Phi-3-mini-Q4,llama.cpp,finegrained_gpu_emc
2026-05-16T03:13:51.785245,GPU1122_EMC2133_CPU1036,1122,1036,2133,1122,2133,p512_o128,512,128,decode,1,28.272174997255206,27.151386079371093,3477.00705495663,128,36.81327014206953,142.244,40.641,43.586,1.11128125,0.8998622085993082,26.685,3.535,10.42,65.5,7,Phi-3-mini-Q4,llama.cpp,finegrained_gpu_emc
2026-05-16T03:13:56.102132,GPU1122_EMC2133_CPU1036,1122,1036,2133,1122,2133,p512_o128,512,128,decode,2,28.167475014925003,27.225468740395204,3486.3762280438095,128,36.71433936773377,142.242,40.641,43.185,1.111265625,0.8998748611521211,26.571,3.592,10.478,65.7,7,Phi-3-mini-Q4,llama.cpp,finegrained_gpu_emc
2026-05-16T03:14:00.407396,GPU1122_EMC2133_CPU1036,1122,1036,2133,1122,2133,p1024_o128,1024,128,decode,0,28.251599986106157,27.27045951315796,3492.0896070543677,128,36.654271339838274,143.382,40.966,43.788,1.120171875,0.892720146182924,26.623,3.592,10.751,65.7,7,Phi-3-mini-Q4,llama.cpp,finegrained_gpu_emc
2026-05-16T03:14:04.724177,GPU1122_EMC2133_CPU1036,1122,1036,2133,1122,2133,p1024_o128,1024,128,decode,1,28.158931992948055,27.165099818948804,3478.6366410553455,128,36.796024767095965,142.882,40.824,43.288,1.116265625,0.8958441231225767,26.739,3.592,10.492,65.7,7,Phi-3-mini-Q4,llama.cpp,finegrained_gpu_emc
2026-05-16T03:14:09.024959,GPU1122_EMC2133_CPU1036,1122,1036,2133,1122,2133,p1024_o128,1024,128,decode,2,28.12786097638309,27.16355799242678,3478.4496289212257,128,36.79800303438539,142.686,40.767,43.185,1.114734375,0.8970746954851913,26.741,3.592,10.435,65.7,7,Phi-3-mini-Q4,llama.cpp,finegrained_gpu_emc
2026-05-16T03:14:16.915752,GPU1122_EMC2133_CPU1036,1122,1036,2133,1122,2133,p128_o256,128,256,decode,0,28.25512201525271,27.634198627635545,7075.995196122676,256,36.17865655707008,291.712,41.673,43.185,1.1395,0.8775778850372971,27.481,3.592,10.6,65.9,14,Phi-3-mini-Q4,llama.cpp,finegrained_gpu_emc
2026-05-16T03:14:24.779022,GPU1122_EMC2133_CPU1036,1122,1036,2133,1122,2133,p128_o256,128,256,decode,1,31.704199966043234,27.51861759644075,7049.93652109988,256,36.31238369789757,290.172,41.453,43.085,1.133484375,0.8822353638531629,27.398,3.592,10.464,65.9,14,Phi-3-mini-Q4,llama.cpp,finegrained_gpu_emc
2026-05-16T03:14:32.553106,GPU1122_EMC2133_CPU1036,1122,1036,2133,1122,2133,p128_o256,128,256,decode,2,31.639178982004523,27.12770854944692,6950.165149057284,256,36.83365711600733,280.396,40.056,43.073,1.095296875,0.9129944792365083,27.506,2.337,10.213,65.6,14,Phi-3-mini-Q4,llama.cpp,finegrained_gpu_emc
2026-05-16T03:14:48.128849,GPU1122_EMC2133_CPU1036,1122,1036,2133,1122,2133,p1024_o512,1024,512,decode,0,31.11484390683472,28.822858864806022,14761.520175961778,512,34.68477459616661,557.03,38.416,40.175,1.08794921875,0.9191605479058579,27.265,1.197,9.954,65.3,29,Phi-3-mini-Q4,llama.cpp,finegrained_gpu_emc
2026-05-16T03:15:03.637558,GPU1122_EMC2133_CPU1036,1122,1036,2133,1122,2133,p1024_o512,1024,512,decode,1,31.50190506130457,28.690899992471017,14694.437119178474,512,34.843117558532555,560.646,38.665,41.074,1.09501171875,0.9132322356709939,27.335,1.307,10.023,65.3,29,Phi-3-mini-Q4,llama.cpp,finegrained_gpu_emc
2026-05-16T03:15:19.287309,GPU1122_EMC2133_CPU1036,1122,1036,2133,1122,2133,p1024_o512,1024,512,decode,2,31.793706119060516,28.963383594746546,14834.09347711131,512,34.51508518467981,578.606,39.904,42.485,1.13008984375,0.8848853969713415,27.444,2.243,10.217,65.8,29,Phi-3-mini-Q4,llama.cpp,finegrained_gpu_emc
2026-05-16T03:15:27.683145,GPU1122_EMC3199_CPU1036,1122,1036,3199,1122,3199,p128_o64,128,64,decode,0,27.877892833203077,26.482760621648694,1696.5501077938825,64,37.72361317593073,73.58,36.79,39.788,1.1496875,0.8698015765153575,25.548,1.596,9.646,64.9,4,Phi-3-mini-Q4,llama.cpp,finegrained_gpu_emc
2026-05-16T03:15:30.183943,GPU1122_EMC3199_CPU1036,1122,1036,3199,1122,3199,p128_o64,128,64,decode,1,27.88006910122931,26.38382496800096,1690.3165860567242,64,37.86272969686891,67.322,33.661,38.778,1.05190625,0.9506550607527999,23.748,0.798,9.115,64.7,4,Phi-3-mini-Q4,llama.cpp,finegrained_gpu_emc
2026-05-16T03:15:32.685369,GPU1122_EMC3199_CPU1036,1122,1036,3199,1122,3199,p128_o64,128,64,decode,2,27.922244044020772,26.39373976160728,1690.986274043098,64,37.84773477018113,67.372,33.686,38.778,1.0526875,0.9499495339310099,23.748,0.798,9.14,64.6,4,Phi-3-mini-Q4,llama.cpp,finegrained_gpu_emc
2026-05-16T03:15:36.894834,GPU1122_EMC3199_CPU1036,1122,1036,3199,1122,3199,p512_o128,512,128,decode,0,27.90986094623804,26.53722493637969,3398.6258609220386,128,37.662280356236074,129.78,37.08,40.087,1.01390625,0.9862844814301125,26.566,0.798,9.716,64.7,7,Phi-3-mini-Q4,llama.cpp,finegrained_gpu_emc
2026-05-16T03:15:41.080839,GPU1122_EMC3199_CPU1036,1122,1036,3199,1122,3199,p512_o128,512,128,decode,1,27.70391502417624,26.355384198186083,3375.3127970267087,128,37.92241125407825,130.484,37.281,40.187,1.01940625,0.9809631832255294,26.739,0.798,9.744,64.7,7,Phi-3-mini-Q4,llama.cpp,finegrained_gpu_emc
2026-05-16T03:15:45.262666,GPU1122_EMC3199_CPU1036,1122,1036,3199,1122,3199,p512_o128,512,128,decode,2,27.613678015768528,26.324985699185472,3371.3662719819695,128,37.96680327016232,130.634,37.324,40.187,1.020578125,0.9798367959336775,26.796,0.798,9.73,64.8,7,Phi-3-mini-Q4,llama.cpp,finegrained_gpu_emc
2026-05-16T03:15:49.445800,GPU1122_EMC3199_CPU1036,1122,1036,3199,1122,3199,p1024_o128,1024,128,decode,0,27.700682869181037,26.333896118751543,3372.58141185157,128,37.95312384460043,130.989,37.426,40.187,1.0233515625,0.9771812900319874,26.855,0.798,9.773,64.8,7,Phi-3-mini-Q4,llama.cpp,finegrained_gpu_emc
2026-05-16T03:15:53.626776,GPU1122_EMC3199_CPU1036,1122,1036,3199,1122,3199,p1024_o128,1024,128,decode,1,27.598318876698613,26.314430708784286,3370.0067489407957,128,37.98211978068911,130.945,37.413,40.187,1.0230078125,0.9775096414525183,26.856,0.798,9.758,64.7,7,Phi-3-mini-Q4,llama.cpp,finegrained_gpu_emc
2026-05-16T03:15:57.806607,GPU1122_EMC3199_CPU1036,1122,1036,3199,1122,3199,p1024_o128,1024,128,decode,2,27.58718398399651,26.306884803288565,3369.0335710998625,128,37.99309128232071,130.64,37.326,40.187,1.020625,0.9797917942437233,26.798,0.798,9.73,64.7,7,Phi-3-mini-Q4,llama.cpp,finegrained_gpu_emc
2026-05-16T03:16:05.577335,GPU1122_EMC3199_CPU1036,1122,1036,3199,1122,3199,p128_o256,128,256,decode,0,27.547186007723212,27.175663281962567,6958.30298983492,256,36.79057959591285,275.214,39.316,42.074,1.0750546875,0.9301852376695953,27.395,1.825,10.097,65.2,14,Phi-3-mini-Q4,llama.cpp,finegrained_gpu_emc
2026-05-16T03:16:13.413983,GPU1122_EMC3199_CPU1036,1122,1036,3199,1122,3199,p128_o256,128,256,decode,1,31.730769900605083,27.417163231282256,7024.169057840481,256,36.44559205394537,285.036,40.719,43.185,1.113421875,0.8981321657615179,27.541,2.822,10.356,65.5,14,Phi-3-mini-Q4,llama.cpp,finegrained_gpu_emc
2026-05-16T03:16:21.271986,GPU1122_EMC3199_CPU1036,1122,1036,3199,1122,3199,p128_o256,128,256,decode,2,31.64190915413201,27.502586026949917,7045.770757133141,256,36.33385314741123,285.904,40.844,43.286,1.1168125,0.8954054507806817,27.366,3.05,10.427,65.7,14,Phi-3-mini-Q4,llama.cpp,finegrained_gpu_emc
2026-05-16T03:16:36.695148,GPU1122_EMC3199_CPU1036,1122,1036,3199,1122,3199,p1024_o512,1024,512,decode,0,31.103845918551087,28.523481170302386,14608.493193984032,512,35.04810477037073,548.552,37.831,40.288,1.071390625,0.9333663900596479,27.417,0.537,9.878,65.1,29,Phi-3-mini-Q4,llama.cpp,finegrained_gpu_emc
2026-05-16T03:16:52.082783,GPU1122_EMC3199_CPU1036,1122,1036,3199,1122,3199,p1024_o512,1024,512,decode,1,31.44937288016081,28.453888859118674,14573.270170018077,512,35.13281466869044,545.188,37.599,39.788,1.0648203125,0.9391255860363764,27.389,0.399,9.812,65.0,29,Phi-3-mini-Q4,llama.cpp,finegrained_gpu_emc
2026-05-16T03:17:07.475933,GPU1122_EMC3199_CPU1036,1122,1036,3199,1122,3199,p1024_o512,1024,512,decode,2,31.552666798233986,28.46501926424933,14579.080843832344,512,35.11881204888172,546.175,37.667,39.788,1.066748046875,0.9374284798828215,27.405,0.399,9.863,65.1,29,Phi-3-mini-Q4,llama.cpp,finegrained_gpu_emc
2026-05-16T03:17:15.585610,GPU1224_EMC204_CPU1036,1224,1036,204,1224,204,p128_o64,128,64,decode,0,25.35221795551479,24.070624746234408,1542.053408920765,64,41.503102051952666,78.992,39.496,46.262,1.23425,0.8102086287218958,29.834,0.399,9.262,64.6,4,Phi-3-mini-Q4,llama.cpp,finegrained_gpu_emc
2026-05-16T03:17:17.938206,GPU1224_EMC204_CPU1036,1224,1036,204,1224,204,p128_o64,128,64,decode,1,25.56961984373629,24.083211685397796,1543.0603639688343,64,41.476018368710186,73.994,36.997,45.762,1.15615625,0.8649349947293024,27.738,0.399,8.861,64.6,4,Phi-3-mini-Q4,llama.cpp,finegrained_gpu_emc
2026-05-16T03:17:20.293107,GPU1224_EMC204_CPU1036,1224,1036,204,1224,204,p128_o64,128,64,decode,2,25.449111126363277,24.115608554215186,1544.982842169702,64,41.42440825434759,73.794,36.897,45.762,1.15303125,0.8672791825893704,27.638,0.399,8.86,64.6,4,Phi-3-mini-Q4,llama.cpp,finegrained_gpu_emc
2026-05-16T03:17:24.204776,GPU1224_EMC204_CPU1036,1224,1036,204,1224,204,p512_o128,512,128,decode,0,25.316891027614474,24.2166841332984,3101.328337099403,128,41.27263742726295,144.148,41.185,46.776,1.12615625,0.8879762466354025,31.245,0.399,9.541,64.8,7,Phi-3-mini-Q4,llama.cpp,finegrained_gpu_emc
2026-05-16T03:17:28.112203,GPU1224_EMC204_CPU1036,1224,1036,204,1224,204,p512_o128,512,128,decode,1,25.680560851469636,24.17916336324154,3096.9340689480305,128,41.331199551005994,144.408,41.259,46.776,1.1281875,0.8863774860118554,31.305,0.399,9.556,65.0,7,Phi-3-mini-Q4,llama.cpp,finegrained_gpu_emc
2026-05-16T03:17:32.024397,GPU1224_EMC204_CPU1036,1224,1036,204,1224,204,p512_o128,512,128,decode,2,25.95370402559638,24.21340759014931,3101.5297018457204,128,41.269957828818214,143.2,40.914,46.776,1.11875,0.893854748603352,31.017,0.399,9.498,65.0,7,Phi-3-mini-Q4,llama.cpp,finegrained_gpu_emc
2026-05-16T03:17:35.932041,GPU1224_EMC204_CPU1036,1224,1036,204,1224,204,p1024_o128,1024,128,decode,0,25.630193995311856,24.17703576415308,3096.5853061061352,128,41.335854609785066,144.486,41.282,46.862,1.128796875,0.8858989798319561,31.298,0.399,9.585,65.1,7,Phi-3-mini-Q4,llama.cpp,finegrained_gpu_emc
2026-05-16T03:17:39.840577,GPU1224_EMC204_CPU1036,1224,1036,204,1224,204,p1024_o128,1024,128,decode,1,25.81047685816884,24.186722873746763,3097.99767495133,128,41.317009704344244,144.382,41.252,46.761,1.127984375,0.8865371029629732,31.297,0.399,9.556,65.2,7,Phi-3-mini-Q4,llama.cpp,finegrained_gpu_emc
2026-05-16T03:17:43.749113,GPU1224_EMC204_CPU1036,1224,1036,204,1224,204,p1024_o128,1024,128,decode,2,25.783054064959288,24.185570378560485,3097.847181139514,128,41.319016889954014,144.936,41.41,47.261,1.1323125,0.8831484241320307,31.412,0.399,9.599,65.1,7,Phi-3-mini-Q4,llama.cpp,finegrained_gpu_emc
2026-05-16T03:17:50.847084,GPU1224_EMC204_CPU1036,1224,1036,204,1224,204,p128_o256,128,256,decode,0,25.67876991815865,24.54874242345492,6286.526043899357,256,40.72201375009501,287.194,44.184,46.862,1.1218515625,0.8913835247254469,33.707,0.399,10.077,65.4,13,Phi-3-mini-Q4,llama.cpp,finegrained_gpu_emc
2026-05-16T03:17:57.982496,GPU1224_EMC204_CPU1036,1224,1036,204,1224,204,p128_o256,128,256,decode,1,28.939503012225032,24.682095081673243,6323.80674383603,256,40.48194550687835,284.632,43.79,46.776,1.11184375,0.8994069535400095,33.43,0.399,9.96,65.5,13,Phi-3-mini-Q4,llama.cpp,finegrained_gpu_emc
2026-05-16T03:18:05.107963,GPU1224_EMC204_CPU1036,1224,1036,204,1224,204,p128_o256,128,256,decode,2,29.029004042968154,24.64391278815182,6314.153420040384,256,40.5438358826515,287.142,44.176,46.676,1.1216484375,0.8915449498854225,33.8,0.399,9.977,65.7,13,Phi-3-mini-Q4,llama.cpp,finegrained_gpu_emc
2026-05-16T03:18:19.380070,GPU1224_EMC204_CPU1036,1224,1036,204,1224,204,p1024_o512,1024,512,decode,0,28.754966100677848,26.277025914140438,13458.21414818056,512,38.04368056286415,596.426,44.18,46.776,1.16489453125,0.8584468148605191,33.734,0.399,10.047,65.9,27,Phi-3-mini-Q4,llama.cpp,finegrained_gpu_emc
2026-05-16T03:18:33.602889,GPU1224_EMC204_CPU1036,1224,1036,204,1224,204,p1024_o512,1024,512,decode,1,29.159663943573833,26.179792125273767,13408.913807943463,512,38.183555158411885,596.225,44.165,46.862,1.164501953125,0.8587362153549415,33.671,0.399,10.095,66.1,27,Phi-3-mini-Q4,llama.cpp,finegrained_gpu_emc
2026-05-16T03:18:47.833350,GPU1224_EMC204_CPU1036,1224,1036,204,1224,204,p1024_o512,1024,512,decode,2,29.11228802986443,26.195276491234623,13416.766772978008,512,38.16120594949834,597.115,44.231,47.276,1.166240234375,0.8574562688929268,33.729,0.399,10.102,66.3,27,Phi-3-mini-Q4,llama.cpp,finegrained_gpu_emc
2026-05-16T03:18:56.000914,GPU1224_EMC665_CPU1036,1300,1036,665,1224,665,p128_o64,128,64,decode,0,25.237067136913538,24.06922964719198,1541.8515340425074,64,41.50853606001963,78.648,39.324,46.376,1.228875,0.8137524158274845,29.638,0.399,9.287,65.4,4,Phi-3-mini-Q4,llama.cpp,finegrained_gpu_emc
2026-05-16T03:18:58.354261,GPU1224_EMC665_CPU1036,1300,1036,665,1224,665,p128_o64,128,64,decode,1,25.377065176144242,24.08765150707156,1543.1505090091377,64,41.473595495940714,73.794,36.897,45.762,1.15303125,0.8672791825893704,27.638,0.399,8.861,65.3,4,Phi-3-mini-Q4,llama.cpp,finegrained_gpu_emc
2026-05-16T03:19:00.709967,GPU1224_EMC665_CPU1036,1300,1036,665,1224,665,p128_o64,128,64,decode,2,25.645249988883734,24.117023824521947,1545.268477872014,64,41.41675114484589,73.844,36.922,45.863,1.1538125,0.8666919451817345,27.638,0.399,8.886,65.3,4,Phi-3-mini-Q4,llama.cpp,finegrained_gpu_emc
2026-05-16T03:19:04.617363,GPU1224_EMC665_CPU1036,1300,1036,665,1224,665,p512_o128,512,128,decode,0,25.530104059726,24.179206361744818,3096.7685210052878,128,41.333409046165336,144.581,41.309,47.16,1.1295390625,0.8853168811946245,31.354,0.399,9.556,65.5,7,Phi-3-mini-Q4,llama.cpp,finegrained_gpu_emc
2026-05-16T03:19:08.531761,GPU1224_EMC665_CPU1036,1300,1036,665,1224,665,p512_o128,512,128,decode,1,25.652179960161448,24.232698377133822,3103.6800500005484,128,41.24136442478257,144.337,41.239,46.862,1.1276328125,0.8868134989642296,31.241,0.399,9.599,65.6,7,Phi-3-mini-Q4,llama.cpp,finegrained_gpu_emc
2026-05-16T03:19:12.443704,GPU1224_EMC665_CPU1036,1300,1036,665,1224,665,p512_o128,512,128,decode,2,25.679063983261585,24.213289526679855,3101.252218009904,128,41.27365044889465,144.784,41.367,47.16,1.131125,0.8840755884628136,31.412,0.399,9.556,65.7,7,Phi-3-mini-Q4,llama.cpp,finegrained_gpu_emc
2026-05-16T03:19:16.353639,GPU1224_EMC665_CPU1036,1300,1036,665,1224,665,p1024_o128,1024,128,decode,0,25.450965855270624,24.20046251985853,3099.381583975628,128,41.298561190975484,144.506,41.287,46.776,1.128953125,0.8857763691473018,31.304,0.399,9.584,65.6,7,Phi-3-mini-Q4,llama.cpp,finegrained_gpu_emc
2026-05-16T03:19:20.264391,GPU1224_EMC665_CPU1036,1300,1036,665,1224,665,p1024_o128,1024,128,decode,1,25.411410024389625,24.206161213026743,3100.0696341507137,128,41.289395112270284,144.462,41.275,46.776,1.128609375,0.8860461574670156,31.306,0.399,9.57,65.7,7,Phi-3-mini-Q4,llama.cpp,finegrained_gpu_emc
2026-05-16T03:19:24.176003,GPU1224_EMC665_CPU1036,1300,1036,665,1224,665,p1024_o128,1024,128,decode,2,25.603535119444132,24.209987463825566,3100.7433079648763,128,41.28042449409035,144.464,41.275,46.977,1.128625,0.886033890796323,31.249,0.399,9.628,65.7,7,Phi-3-mini-Q4,llama.cpp,finegrained_gpu_emc
2026-05-16T03:19:31.285454,GPU1224_EMC665_CPU1036,1300,1036,665,1224,665,p128_o256,128,256,decode,0,25.636308826506138,24.593442717713177,6297.9391580447555,256,40.648217389174846,286.548,44.084,46.776,1.119328125,0.8933930789954911,33.654,0.399,10.031,65.9,13,Phi-3-mini-Q4,llama.cpp,finegrained_gpu_emc
2026-05-16T03:19:38.420033,GPU1224_EMC665_CPU1036,1300,1036,665,1224,665,p128_o256,128,256,decode,1,28.771138982847333,24.677966447437512,6322.593581164256,256,40.489713076395404,286.542,44.083,46.877,1.1193046875,0.8934117860557964,33.623,0.399,10.062,66.0,13,Phi-3-mini-Q4,llama.cpp,finegrained_gpu_emc
2026-05-16T03:19:45.549706,GPU1224_EMC665_CPU1036,1300,1036,665,1224,665,p128_o256,128,256,decode,2,28.820686042308807,24.659618823880365,6317.978498991579,256,40.519289522884655,287.054,44.162,46.776,1.1213046875,0.8918182641593568,33.709,0.399,10.054,66.1,13,Phi-3-mini-Q4,llama.cpp,finegrained_gpu_emc
2026-05-16T03:19:59.806750,GPU1224_EMC665_CPU1036,1300,1036,665,1224,665,p1024_o512,1024,512,decode,0,29.145505977794528,26.24683307051848,13443.158803973347,512,38.08628667308981,596.156,44.16,46.776,1.1643671875,0.8588356067874853,33.699,0.399,10.061,66.2,27,Phi-3-mini-Q4,llama.cpp,finegrained_gpu_emc
2026-05-16T03:20:14.054158,GPU1224_EMC665_CPU1036,1300,1036,665,1224,665,p1024_o512,1024,512,decode,1,29.317246982827783,26.22825648898073,13433.847857872024,512,38.11268412571578,597.71,44.275,47.261,1.16740234375,0.8566027003061685,33.744,0.429,10.102,66.4,27,Phi-3-mini-Q4,llama.cpp,finegrained_gpu_emc
2026-05-16T03:20:26.064656,GPU1224_EMC665_CPU1036,1300,1036,665,1224,665,p1024_o512,1024,512,decode,2,28.91816897317767,25.848306484818632,11197.44559400715,432,38.58022763970432,492.515,44.774,47.261,1.1400810185185184,0.8771306457671341,34.192,0.417,10.166,66.5,22,Phi-3-mini-Q4,llama.cpp,finegrained_gpu_emc
2026-05-16T03:20:34.290914,GPU1224_EMC2133_CPU1036,1300,1036,2133,1224,2133,p128_o64,128,64,decode,0,25.97669791430235,24.21779349254119,1551.9499438814819,64,41.23844345129697,78.944,39.472,46.262,1.2335,0.8107012565869477,29.632,0.499,9.341,65.6,4,Phi-3-mini-Q4,llama.cpp,finegrained_gpu_emc
2026-05-16T03:20:36.650046,GPU1224_EMC2133_CPU1036,1300,1036,2133,1224,2133,p128_o64,128,64,decode,1,26.257775956764817,24.165600079983946,1548.9457808434963,64,41.31842495167782,73.756,36.878,45.776,1.1524375,0.8677260155106026,27.644,0.399,8.836,65.6,4,Phi-3-mini-Q4,llama.cpp,finegrained_gpu_emc
2026-05-16T03:20:39.015319,GPU1224_EMC2133_CPU1036,1300,1036,2133,1224,2133,p128_o64,128,64,decode,2,25.48284991644323,24.276206269860268,1555.1459260750562,64,41.15369427840508,73.794,36.897,45.363,1.15303125,0.8672791825893704,27.638,0.399,8.861,65.7,4,Phi-3-mini-Q4,llama.cpp,finegrained_gpu_emc
2026-05-16T03:20:42.942506,GPU1224_EMC2133_CPU1036,1300,1036,2133,1224,2133,p512_o128,512,128,decode,0,25.586491217836738,24.336807290458772,3116.8333631940186,128,41.06732220962567,144.641,41.326,46.761,1.1300078125,0.8849496339212257,31.357,0.399,9.57,65.7,7,Phi-3-mini-Q4,llama.cpp,finegrained_gpu_emc
2026-05-16T03:20:46.877402,GPU1224_EMC2133_CPU1036,1300,1036,2133,1224,2133,p512_o128,512,128,decode,1,25.805404176935554,24.39248307762066,3124.1232610773295,128,40.971494817352436,143.294,40.941,46.362,1.119484375,0.8932683852778204,30.958,0.399,9.584,65.8,7,Phi-3-mini-Q4,llama.cpp,finegrained_gpu_emc
2026-05-16T03:20:50.817426,GPU1224_EMC2133_CPU1036,1300,1036,2133,1224,2133,p512_o128,512,128,decode,2,25.849000085145235,24.432926550580877,3129.3005209881812,128,40.903709676173804,143.102,40.886,46.477,1.117984375,0.8944668837612332,30.903,0.399,9.584,65.8,7,Phi-3-mini-Q4,llama.cpp,finegrained_gpu_emc
2026-05-16T03:20:54.751458,GPU1224_EMC2133_CPU1036,1300,1036,2133,1224,2133,p1024_o128,1024,128,decode,0,25.954618118703365,24.386348802317666,3123.4987010248005,128,40.97968728400751,142.46,40.703,46.876,1.11296875,0.8984978239505825,30.677,0.456,9.57,65.9,7,Phi-3-mini-Q4,llama.cpp,finegrained_gpu_emc
2026-05-16T03:20:58.695109,GPU1224_EMC2133_CPU1036,1300,1036,2133,1224,2133,p1024_o128,1024,128,decode,1,25.58702789247036,24.46479450427289,3133.1045320257545,128,40.85404706150667,143.702,41.058,46.463,1.122671875,0.8907322097117646,30.903,0.513,9.642,65.8,7,Phi-3-mini-Q4,llama.cpp,finegrained_gpu_emc
2026-05-16T03:21:02.638943,GPU1224_EMC2133_CPU1036,1300,1036,2133,1224,2133,p1024_o128,1024,128,decode,2,25.99991695024073,24.46138323651348,3133.0797420814633,128,40.85437031199312,143.452,40.986,46.362,1.12071875,0.8922845272286201,30.903,0.456,9.627,65.9,7,Phi-3-mini-Q4,llama.cpp,finegrained_gpu_emc
2026-05-16T03:21:09.793573,GPU1224_EMC2133_CPU1036,1300,1036,2133,1224,2133,p128_o256,128,256,decode,0,25.885547045618296,24.76924270135807,6343.0303279310465,256,40.35925839306233,285.924,43.988,46.876,1.116890625,0.8953428183713156,33.404,0.491,10.093,66.0,13,Phi-3-mini-Q4,llama.cpp,finegrained_gpu_emc
2026-05-16T03:21:15.712840,GPU1224_EMC2133_CPU1036,1300,1036,2133,1224,2133,p128_o256,128,256,decode,1,29.135284945368767,24.532017170324995,5107.501789927483,207,40.52862015794595,236.074,42.923,47.16,1.1404541062801934,0.8768437015512085,32.544,0.544,9.835,66.1,11,Phi-3-mini-Q4,llama.cpp,finegrained_gpu_emc
2026-05-16T03:21:23.054004,GPU1224_EMC2133_CPU1036,1300,1036,2133,1224,2133,p128_o256,128,256,decode,2,25.8932679425925,25.495795184271593,6528.357574949041,256,39.213538330427355,306.184,47.105,49.974,1.19603125,0.8360985551171843,33.738,2.671,10.696,66.9,13,Phi-3-mini-Q4,llama.cpp,finegrained_gpu_emc
2026-05-16T03:21:32.277023,GPU1224_EMC2133_CPU1036,1300,1036,2133,1224,2133,p1024_o512,1024,512,decode,0,29.502243967726827,26.233755006695038,8400.287655880675,319,37.97489003566229,406.188,47.787,50.56,1.2733166144200627,0.7853506258185865,33.332,3.592,10.863,67.3,17,Phi-3-mini-Q4,llama.cpp,finegrained_gpu_emc
2026-05-16T03:21:47.102008,GPU1224_EMC2133_CPU1036,1300,1036,2133,1224,2133,p1024_o512,1024,512,decode,1,29.563756892457604,27.334849906031867,14000.048636924475,512,36.57130152031214,666.818,47.63,50.359,1.30237890625,0.7678257035652907,33.208,3.592,10.83,67.5,28,Phi-3-mini-Q4,llama.cpp,finegrained_gpu_emc
2026-05-16T03:22:01.915731,GPU1224_EMC2133_CPU1036,1300,1036,2133,1224,2133,p1024_o512,1024,512,decode,2,29.929935932159424,27.299069700609536,13981.781997950748,512,36.619080463065565,669.338,47.81,50.859,1.30730078125,0.7649349058323299,33.252,3.592,10.966,67.8,28,Phi-3-mini-Q4,llama.cpp,finegrained_gpu_emc
2026-05-16T03:22:10.097657,GPU1224_EMC3199_CPU1036,1300,1036,3199,1224,3199,p128_o64,128,64,decode,0,25.91421501711011,24.915710952694692,1595.8740490023047,64,40.103415454378116,87.398,43.699,49.86,1.36559375,0.7322822032540791,29.832,3.593,10.274,67.1,4,Phi-3-mini-Q4,llama.cpp,finegrained_gpu_emc
2026-05-16T03:22:12.545743,GPU1224_EMC3199_CPU1036,1300,1036,3199,1224,3199,p128_o64,128,64,decode,1,25.870003970339894,25.007803303500015,1601.6266951337457,64,39.95937392555486,82.952,41.476,49.159,1.296125,0.771530523676343,28.037,3.592,9.846,67.1,4,Phi-3-mini-Q4,llama.cpp,finegrained_gpu_emc
2026-05-16T03:22:14.992664,GPU1224_EMC3199_CPU1036,1300,1036,3199,1224,3199,p128_o64,128,64,decode,2,26.05449198745191,24.920196320477224,1596.2914631236345,64,40.09292881562139,82.905,41.452,49.26,1.295390625,0.7719679150835294,27.938,3.592,9.922,67.1,4,Phi-3-mini-Q4,llama.cpp,finegrained_gpu_emc
2026-05-16T03:22:19.014120,GPU1224_EMC3199_CPU1036,1300,1036,3199,1224,3199,p512_o128,512,128,decode,0,25.96461004577577,24.986218079909918,3199.705620063469,128,40.00368008775164,160.194,45.77,50.658,1.251515625,0.7990311747006755,31.699,3.592,10.478,67.2,7,Phi-3-mini-Q4,llama.cpp,finegrained_gpu_emc
2026-05-16T03:22:23.034164,GPU1224_EMC3199_CPU1036,1300,1036,3199,1224,3199,p512_o128,512,128,decode,1,25.982895167544484,24.98644554261558,3199.751832988113,128,40.003102328240935,160.6,45.886,50.758,1.2546875,0.7970112079701122,31.7,3.593,10.593,67.4,7,Phi-3-mini-Q4,llama.cpp,finegrained_gpu_emc
2026-05-16T03:22:27.061153,GPU1224_EMC3199_CPU1036,1300,1036,3199,1224,3199,p512_o128,512,128,decode,2,25.98719298839569,25.04079414927584,3206.671715946868,128,39.91677706310017,160.292,45.798,50.56,1.25228125,0.7985426596461458,31.641,3.592,10.564,67.5,7,Phi-3-mini-Q4,llama.cpp,finegrained_gpu_emc
2026-05-16T03:22:31.075990,GPU1224_EMC3199_CPU1036,1300,1036,3199,1224,3199,p1024_o128,1024,128,decode,0,25.964960921555758,25.000788355759514,3201.5671480912715,128,39.980420237730065,160.642,45.898,50.658,1.255015625,0.7968028286500417,31.755,3.593,10.55,67.5,7,Phi-3-mini-Q4,llama.cpp,finegrained_gpu_emc
2026-05-16T03:22:35.093868,GPU1224_EMC3199_CPU1036,1300,1036,3199,1224,3199,p1024_o128,1024,128,decode,1,26.102008996531367,24.969771645567196,3197.7628329768777,128,40.027984151920855,160.906,45.973,50.673,1.257078125,0.7954955066933489,31.759,3.593,10.622,67.5,7,Phi-3-mini-Q4,llama.cpp,finegrained_gpu_emc
2026-05-16T03:22:39.103345,GPU1224_EMC3199_CPU1036,1300,1036,3199,1224,3199,p1024_o128,1024,128,decode,2,25.94315609894693,24.9712905428541,3197.7897752076387,128,40.02764690549075,160.352,45.815,50.673,1.25275,0.7982438635002993,31.759,3.592,10.464,67.5,7,Phi-3-mini-Q4,llama.cpp,finegrained_gpu_emc
2026-05-16T03:22:46.403302,GPU1224_EMC3199_CPU1036,1300,1036,3199,1224,3199,p128_o256,128,256,decode,0,25.986081920564175,25.333784552583214,6487.099798861891,256,39.462935354395675,314.896,48.445,50.462,1.2300625,0.8129668207916264,33.955,3.592,10.898,67.7,13,Phi-3-mini-Q4,llama.cpp,finegrained_gpu_emc
2026-05-16T03:22:53.787715,GPU1224_EMC3199_CPU1036,1300,1036,3199,1224,3199,p128_o256,128,256,decode,1,30.418727081269026,25.5958326745267,6558.465474983677,256,39.03352102354967,315.208,48.494,50.758,1.23128125,0.8121621278647749,33.981,3.592,10.921,67.8,13,Phi-3-mini-Q4,llama.cpp,finegrained_gpu_emc
2026-05-16T03:23:00.311719,GPU1224_EMC3199_CPU1036,1300,1036,3199,1224,3199,p128_o256,128,256,decode,2,30.547010945156217,25.306417992037844,5699.576911982149,224,39.30116278088776,283.296,47.216,50.658,1.2647142857142857,0.7906924206483678,32.856,3.592,10.768,67.9,12,Phi-3-mini-Q4,llama.cpp,finegrained_gpu_emc
2026-05-16T03:23:15.072423,GPU1224_EMC3199_CPU1036,1300,1036,3199,1224,3199,p1024_o512,1024,512,decode,0,26.170375058427453,27.231564929384426,13943.552111973986,512,36.719481226044365,669.043,47.789,50.859,1.306724609375,0.7652721872884104,33.335,3.592,10.862,68.1,28,Phi-3-mini-Q4,llama.cpp,finegrained_gpu_emc
2026-05-16T03:23:29.861802,GPU1224_EMC3199_CPU1036,1300,1036,3199,1224,3199,p1024_o512,1024,512,decode,1,29.938033083453774,27.241448794333028,13953.139031073079,512,36.69425201453212,650.586,48.192,50.359,1.27067578125,0.7869828124183428,33.703,3.592,10.896,68.3,27,Phi-3-mini-Q4,llama.cpp,finegrained_gpu_emc
2026-05-16T03:23:44.639887,GPU1224_EMC3199_CPU1036,1300,1036,3199,1224,3199,p1024_o512,1024,512,decode,2,29.837843030691147,27.231623849206386,13947.19149498269,512,36.709899637083566,650.858,48.212,50.859,1.27120703125,0.7866539245119519,33.713,3.592,10.907,68.5,27,Phi-3-mini-Q4,llama.cpp,finegrained_gpu_emc
2026-05-16T03:24:03.160619,GPU1300_EMC204_CPU1036,1300,1036,204,1300,204,p128_o64,128,64,decode,0,25.940032908692956,24.838108794822816,1591.0131328273565,64,40.225940741461336,0.0,0.0,0.0,0.0,0.0,0.0,0.0,0.0,0.0,0,Phi-3-mini-Q4,llama.cpp,finegrained_gpu_emc
2026-05-16T03:24:05.681904,GPU1300_EMC204_CPU1036,1300,1036,204,1300,204,p128_o64,128,64,decode,1,132.74802290834486,25.017580826811137,1709.1338138561696,64,37.44586847509756,80.111,40.056,48.462,1.251734375,0.7988915379910374,26.642,3.592,9.821,66.0,4,Phi-3-mini-Q4,llama.cpp,finegrained_gpu_emc
2026-05-16T03:24:11.126817,GPU1300_EMC204_CPU1036,1300,1036,204,1300,204,p128_o64,128,64,decode,2,26.17918304167688,24.901574314941488,1595.2406900469214,64,40.11933772709718,83.504,41.752,49.36,1.30475,0.7664303506418854,28.137,3.592,10.022,66.5,4,Phi-3-mini-Q4,llama.cpp,finegrained_gpu_emc
2026-05-16T03:24:15.260461,GPU1300_EMC204_CPU1036,1300,1036,204,1300,204,p512_o128,512,128,decode,0,133.68164305575192,25.080824250678027,3319.4453069008887,128,38.560659437255126,158.29,45.226,50.661,1.236640625,0.8086423652789185,31.07,3.592,10.564,66.3,7,Phi-3-mini-Q4,llama.cpp,finegrained_gpu_emc
2026-05-16T03:24:19.298890,GPU1300_EMC204_CPU1036,1300,1036,204,1300,204,p512_o128,512,128,decode,1,26.2244560290128,25.060473968766217,3209.410097915679,128,39.88271866008285,25.18,50.359,50.359,0.19671875,5.083399523431295,35.514,3.592,11.253,66.7,1,Phi-3-mini-Q4,llama.cpp,finegrained_gpu_emc
2026-05-16T03:24:23.316721,GPU1300_EMC204_CPU1036,1300,1036,204,1300,204,p512_o128,512,128,decode,2,26.137934997677803,25.03397996082726,3205.9951599221677,128,39.92520063664334,160.654,45.901,50.373,1.255109375,0.7967433117133716,31.702,3.592,10.607,66.9,7,Phi-3-mini-Q4,llama.cpp,finegrained_gpu_emc
2026-05-16T03:24:33.065172,GPU1300_EMC204_CPU1036,1300,1036,204,1300,204,p1024_o128,1024,128,decode,0,26.086617959663272,25.027733873649257,3205.1094989292324,128,39.93623308119814,115.409,46.164,50.46,0.9016328125,1.1090989437565528,31.841,3.591,10.731,67.0,5,Phi-3-mini-Q4,llama.cpp,finegrained_gpu_emc
2026-05-16T03:24:37.190037,GPU1300_EMC204_CPU1036,1300,1036,204,1300,204,p1024_o128,1024,128,decode,1,127.56439903751016,24.99919388934559,3302.9578051064163,128,38.75314416736124,158.09,45.169,50.557,1.235078125,0.8096653804794737,31.127,3.535,10.507,65.9,7,Phi-3-mini-Q4,llama.cpp,finegrained_gpu_emc
2026-05-16T03:24:41.205635,GPU1300_EMC204_CPU1036,1300,1036,204,1300,204,p1024_o128,1024,128,decode,2,26.98419406078756,25.01165006295081,3203.960206126794,128,39.95055861031955,159.948,45.699,50.359,1.24959375,0.8002600845274714,31.7,3.478,10.521,66.4,7,Phi-3-mini-Q4,llama.cpp,finegrained_gpu_emc
2026-05-16T03:24:48.534832,GPU1300_EMC204_CPU1036,1300,1036,204,1300,204,p128_o256,128,256,decode,0,25.686927139759064,25.44824892161962,6516.046641161665,256,39.28762547260726,313.178,48.181,50.56,1.2233515625,0.817426511440778,33.952,3.285,10.944,66.8,13,Phi-3-mini-Q4,llama.cpp,finegrained_gpu_emc
2026-05-16T03:24:55.913630,GPU1300_EMC204_CPU1036,1300,1036,204,1300,204,p128_o256,128,256,decode,1,29.724638909101486,25.582232521664277,6554.229110945016,256,39.05875056648559,315.282,48.505,50.474,1.2315703125,0.8119715048750008,33.923,3.592,10.99,67.1,13,Phi-3-mini-Q4,llama.cpp,finegrained_gpu_emc
2026-05-16T03:25:03.294663,GPU1300_EMC204_CPU1036,1300,1036,204,1300,204,p128_o256,128,256,decode,2,29.522218042984605,25.603096051068576,6559.305381961167,256,39.028522853049196,315.476,48.535,50.474,1.232328125,0.8114721880586796,33.922,3.592,11.021,67.4,13,Phi-3-mini-Q4,llama.cpp,finegrained_gpu_emc
2026-05-16T03:25:17.954632,GPU1300_EMC204_CPU1036,1300,1036,204,1300,204,p1024_o512,1024,512,decode,0,29.857537942007184,27.00765083549424,13832.676879828796,512,37.013804663261745,643.627,47.676,50.359,1.257083984375,0.7954917988213671,33.862,3.045,10.769,67.4,27,Phi-3-mini-Q4,llama.cpp,finegrained_gpu_emc
2026-05-16T03:25:31.254683,GPU1300_EMC204_CPU1036,1300,1036,204,1300,204,p1024_o512,1024,512,decode,1,29.492805944755673,26.275173350912667,12485.886725131422,474,37.96286242497614,567.973,45.438,48.26,1.1982552742616033,0.8345467126078177,33.825,1.293,10.32,67.1,25,Phi-3-mini-Q4,llama.cpp,finegrained_gpu_emc
2026-05-16T03:25:40.545867,GPU1300_EMC204_CPU1036,1300,1036,204,1300,204,p1024_o512,1024,512,decode,2,29.1216520126909,25.444476438258576,8478.830465115607,332,39.15634371579256,383.021,45.061,47.861,1.1536777108433736,0.8667932045501421,33.78,0.986,10.296,67.0,17,Phi-3-mini-Q4,llama.cpp,finegrained_gpu_emc
2026-05-16T03:25:48.624182,GPU1300_EMC665_CPU1036,1300,1036,665,1300,665,p128_o64,128,64,decode,0,25.471301982179284,24.18541168380115,1549.404894001782,64,41.306181649330966,80.2,40.1,46.761,1.253125,0.798004987531172,29.832,0.798,9.47,66.0,4,Phi-3-mini-Q4,llama.cpp,finegrained_gpu_emc
2026-05-16T03:25:50.992238,GPU1300_EMC665_CPU1036,1300,1036,665,1300,665,p128_o64,128,64,decode,1,25.52429004572332,24.31627503034496,1557.7033939771354,64,41.08612733814164,74.956,37.478,45.963,1.1711875,0.8538342494263301,27.54,0.798,9.14,66.0,4,Phi-3-mini-Q4,llama.cpp,finegrained_gpu_emc
2026-05-16T03:25:53.356928,GPU1300_EMC665_CPU1036,1300,1036,665,1300,665,p128_o64,128,64,decode,2,25.795753113925457,24.261497031335555,1554.5240021310747,64,41.170158783179495,75.452,37.726,46.362,1.1789375,0.848221385781689,27.738,0.798,9.19,66.0,4,Phi-3-mini-Q4,llama.cpp,finegrained_gpu_emc
2026-05-16T03:25:57.294402,GPU1300_EMC665_CPU1036,1300,1036,665,1300,665,p512_o128,512,128,decode,0,25.59963706880808,24.417042369242964,3127.0481781102717,128,40.93317170359447,146.598,41.885,47.261,1.145296875,0.873136059154968,31.357,0.798,9.73,66.2,7,Phi-3-mini-Q4,llama.cpp,finegrained_gpu_emc
2026-05-16T03:26:01.226502,GPU1300_EMC665_CPU1036,1300,1036,665,1300,665,p512_o128,512,128,decode,1,25.848471093922853,24.372017841536817,3121.573999989778,128,41.00495455190848,146.442,41.841,47.361,1.144078125,0.874066183198809,31.299,0.798,9.744,66.2,7,Phi-3-mini-Q4,llama.cpp,finegrained_gpu_emc
2026-05-16T03:26:05.163852,GPU1300_EMC665_CPU1036,1300,1036,665,1300,665,p512_o128,512,128,decode,2,25.825544027611613,24.407024992131223,3125.9903558529913,128,40.94702332025351,146.598,41.885,47.361,1.145296875,0.873136059154968,31.3,0.798,9.787,66.3,7,Phi-3-mini-Q4,llama.cpp,finegrained_gpu_emc
2026-05-16T03:26:09.100329,GPU1300_EMC665_CPU1036,1300,1036,665,1300,665,p1024_o128,1024,128,decode,0,25.649070041254163,24.40498344871531,3125.61022490263,128,40.952003221702896,146.643,41.898,47.261,1.1456484375,0.8728681219014887,31.356,0.798,9.744,66.5,7,Phi-3-mini-Q4,llama.cpp,finegrained_gpu_emc
2026-05-16T03:26:13.035718,GPU1300_EMC665_CPU1036,1300,1036,665,1300,665,p1024_o128,1024,128,decode,1,25.9464499540627,24.396285590693708,3124.7449899092317,128,40.96334274104018,146.347,41.813,47.261,1.1433359375,0.8746335763630275,31.3,0.798,9.716,66.4,7,Phi-3-mini-Q4,llama.cpp,finegrained_gpu_emc
2026-05-16T03:26:16.967584,GPU1300_EMC665_CPU1036,1300,1036,665,1300,665,p1024_o128,1024,128,decode,2,25.599790969863534,24.37049022868393,3121.1300319992006,128,41.01078733910077,146.598,41.885,47.361,1.145296875,0.873136059154968,31.3,0.798,9.787,66.3,7,Phi-3-mini-Q4,llama.cpp,finegrained_gpu_emc
2026-05-16T03:26:24.110172,GPU1300_EMC665_CPU1036,1300,1036,665,1300,665,p128_o256,128,256,decode,0,25.734985945746303,24.72201327464598,6330.788139952347,256,40.43730327736524,290.838,44.744,47.261,1.1360859375,0.8802151025656895,33.799,0.798,10.147,66.5,13,Phi-3-mini-Q4,llama.cpp,finegrained_gpu_emc
2026-05-16T03:26:31.271044,GPU1300_EMC665_CPU1036,1300,1036,665,1300,665,p128_o256,128,256,decode,1,29.039160814136267,24.781143227957337,6349.163634935394,256,40.320271254531136,290.03,44.62,47.16,1.1329296875,0.8826673102782472,33.706,0.798,10.116,66.6,13,Phi-3-mini-Q4,llama.cpp,finegrained_gpu_emc
2026-05-16T03:26:38.433882,GPU1300_EMC665_CPU1036,1300,1036,665,1300,665,p128_o256,128,256,decode,2,28.8594129960984,24.78849468204905,6350.853899959475,256,40.309540107926836,290.896,44.753,47.361,1.1363125,0.8800396017820802,33.77,0.798,10.185,66.7,13,Phi-3-mini-Q4,llama.cpp,finegrained_gpu_emc
2026-05-16T03:26:51.474241,GPU1300_EMC665_CPU1036,1300,1036,665,1300,665,p1024_o512,1024,512,decode,0,29.26616300828755,26.17007653148825,12226.637141080573,466,38.113505342714014,541.598,45.133,47.276,1.1622274678111586,0.8604167666793453,34.092,0.798,10.244,66.9,24,Phi-3-mini-Q4,llama.cpp,finegrained_gpu_emc
2026-05-16T03:27:05.792107,GPU1300_EMC665_CPU1036,1300,1036,665,1300,665,p1024_o512,1024,512,decode,1,29.05970299616456,26.365698007648035,13503.886437043548,512,37.9150107924111,604.996,44.815,47.261,1.1816328125,0.8462865870187571,33.832,0.798,10.185,67.0,27,Phi-3-mini-Q4,llama.cpp,finegrained_gpu_emc
2026-05-16T03:27:20.094465,GPU1300_EMC665_CPU1036,1300,1036,665,1300,665,p1024_o512,1024,512,decode,2,29.217578005045652,26.335802315160223,13488.688565092161,512,37.95773010320828,603.656,44.715,47.276,1.179015625,0.8481651801688379,33.744,0.798,10.173,67.2,27,Phi-3-mini-Q4,llama.cpp,finegrained_gpu_emc
2026-05-16T03:27:28.267744,GPU1300_EMC2133_CPU1036,1300,1036,2133,1300,2133,p128_o64,128,64,decode,0,25.75908717699349,24.961431189218448,1598.5907060094178,64,40.035263410084504,87.346,43.673,49.659,1.36478125,0.7327181553820438,29.932,3.593,10.148,67.1,4,Phi-3-mini-Q4,llama.cpp,finegrained_gpu_emc
2026-05-16T03:27:30.670127,GPU1300_EMC2133_CPU1036,1300,1036,2133,1300,2133,p128_o64,128,64,decode,1,25.98450006917119,24.83275072974345,1590.7158420886844,64,40.23345861443424,83.362,41.681,49.475,1.30253125,0.7677358988507954,28.041,3.592,10.048,67.1,4,Phi-3-mini-Q4,llama.cpp,finegrained_gpu_emc
2026-05-16T03:27:33.088100,GPU1300_EMC2133_CPU1036,1300,1036,2133,1300,2133,p128_o64,128,64,decode,2,26.199097046628594,24.939681902261718,1597.6713278796524,64,40.058301656409846,83.154,41.577,49.26,1.29928125,0.7696563003583713,28.037,3.593,9.947,67.2,4,Phi-3-mini-Q4,llama.cpp,finegrained_gpu_emc
2026-05-16T03:27:37.118111,GPU1300_EMC2133_CPU1036,1300,1036,2133,1300,2133,p512_o128,512,128,decode,0,25.980773149058223,25.04887935470819,3207.689149072394,128,39.90411603225808,160.696,45.913,50.758,1.2554375,0.7965350724349082,31.756,3.593,10.564,67.4,7,Phi-3-mini-Q4,llama.cpp,finegrained_gpu_emc
2026-05-16T03:27:41.161554,GPU1300_EMC2133_CPU1036,1300,1036,2133,1300,2133,p512_o128,512,128,decode,1,26.139169931411743,25.1681092671874,3222.999120829627,128,39.71456249328784,160.798,45.942,50.359,1.256234375,0.7960298013656886,31.7,3.592,10.65,67.5,7,Phi-3-mini-Q4,llama.cpp,finegrained_gpu_emc
2026-05-16T03:27:45.206251,GPU1300_EMC2133_CPU1036,1300,1036,2133,1300,2133,p512_o128,512,128,decode,2,29.239540919661522,25.134742274645745,3221.8498189467937,128,39.72872951658639,161.494,46.141,50.46,1.261671875,0.7925991058491337,31.812,3.593,10.737,67.6,7,Phi-3-mini-Q4,llama.cpp,finegrained_gpu_emc
2026-05-16T03:27:49.223216,GPU1300_EMC2133_CPU1036,1300,1036,2133,1300,2133,p1024_o128,1024,128,decode,0,26.230158982798457,24.944621968765077,3194.7014301549643,128,40.06634197230479,159.988,45.711,50.557,1.24990625,0.8000600045003375,31.698,3.592,10.421,67.5,7,Phi-3-mini-Q4,llama.cpp,finegrained_gpu_emc
2026-05-16T03:27:53.203556,GPU1300_EMC2133_CPU1036,1300,1036,2133,1300,2133,p1024_o128,1024,128,decode,1,25.86030401289463,24.742327795517962,3168.620469979942,128,40.396128603186824,156.342,44.669,49.659,1.221421875,0.8187179388775888,31.641,2.794,10.234,67.3,7,Phi-3-mini-Q4,llama.cpp,finegrained_gpu_emc
2026-05-16T03:27:57.160606,GPU1300_EMC2133_CPU1036,1300,1036,2133,1300,2133,p1024_o128,1024,128,decode,2,25.90093482285738,24.561525173998607,3145.7560979761183,128,40.689740721587164,151.2,43.2,48.26,1.18125,0.8465608465608466,31.528,1.71,9.961,67.1,7,Phi-3-mini-Q4,llama.cpp,finegrained_gpu_emc
2026-05-16T03:28:04.381297,GPU1300_EMC2133_CPU1036,1300,1036,2133,1300,2133,p128_o256,128,256,decode,0,25.605804985389113,25.021085631577115,6407.002402935177,256,39.95628281374161,301.524,46.388,50.262,1.177828125,0.849020310157732,34.074,1.75,10.564,67.3,13,Phi-3-mini-Q4,llama.cpp,finegrained_gpu_emc
2026-05-16T03:28:11.756401,GPU1300_EMC2133_CPU1036,1300,1036,2133,1300,2133,p128_o256,128,256,decode,1,29.39419401809573,25.573064117491537,6551.511575002223,256,39.074951951056136,315.116,48.479,50.359,1.230921875,0.8123992434532046,33.951,3.592,10.936,68.0,13,Phi-3-mini-Q4,llama.cpp,finegrained_gpu_emc
2026-05-16T03:28:19.130625,GPU1300_EMC2133_CPU1036,1300,1036,2133,1300,2133,p128_o256,128,256,decode,2,29.523071134462953,25.572143246730167,6551.400637021288,256,39.075613625790254,314.896,48.445,50.259,1.2300625,0.8129668207916264,33.917,3.592,10.936,68.1,13,Phi-3-mini-Q4,llama.cpp,finegrained_gpu_emc
2026-05-16T03:28:33.999561,GPU1300_EMC2133_CPU1036,1300,1036,2133,1300,2133,p1024_o512,1024,512,decode,0,29.714802047237754,27.414560399096597,14040.53928796202,512,36.465835784454164,666.937,47.638,50.46,1.302611328125,0.7676887022312452,33.224,3.592,10.823,68.3,28,Phi-3-mini-Q4,llama.cpp,finegrained_gpu_emc
2026-05-16T03:28:48.501653,GPU1300_EMC2133_CPU1036,1300,1036,2133,1300,2133,p1024_o512,1024,512,decode,1,30.09416605345905,26.7194576302649,13685.647466918454,512,37.411456143206145,632.677,46.865,50.158,1.235697265625,0.8092597012377564,33.862,2.483,10.52,67.9,27,Phi-3-mini-Q4,llama.cpp,finegrained_gpu_emc
2026-05-16T03:29:02.242962,GPU1300_EMC2133_CPU1036,1300,1036,2133,1300,2133,p1024_o512,1024,512,decode,2,29.215556802228093,26.318663186517472,12927.260307827964,490,37.90439647163953,581.908,44.762,47.276,1.1875673469387755,0.8420575073722993,33.647,0.859,10.256,67.6,26,Phi-3-mini-Q4,llama.cpp,finegrained_gpu_emc
2026-05-16T03:29:10.415047,GPU1300_EMC3199_CPU1036,1300,1036,3199,1300,3199,p128_o64,128,64,decode,0,25.47982311807573,24.19261312452219,1549.872093135491,64,41.29373016228964,78.644,39.322,46.262,1.2288125,0.8137938049946595,29.632,0.399,9.291,66.5,4,Phi-3-mini-Q4,llama.cpp,finegrained_gpu_emc
2026-05-16T03:29:12.775907,GPU1300_EMC3199_CPU1036,1300,1036,3199,1300,3199,p128_o64,128,64,decode,1,25.689938105642796,24.206021759984274,1550.920776091516,64,41.265808664506224,73.849,36.924,45.363,1.153890625,0.866633265176238,27.64,0.399,8.886,66.4,4,Phi-3-mini-Q4,llama.cpp,finegrained_gpu_emc
2026-05-16T03:29:15.136741,GPU1300_EMC3199_CPU1036,1300,1036,3199,1300,3199,p128_o64,128,64,decode,2,25.54061310365796,24.204189142596626,1550.6609240546823,64,41.27272378325767,73.899,36.95,45.762,1.154671875,0.8660469018525284,27.64,0.399,8.911,66.5,4,Phi-3-mini-Q4,llama.cpp,finegrained_gpu_emc
2026-05-16T03:29:19.062526,GPU1300_EMC3199_CPU1036,1300,1036,3199,1300,3199,p512_o128,512,128,decode,0,25.537471985444427,24.324165526997504,3115.1801459491253,128,41.08911652074018,144.544,41.298,46.862,1.12925,0.8855435023245516,31.3,0.399,9.599,66.6,7,Phi-3-mini-Q4,llama.cpp,finegrained_gpu_emc
2026-05-16T03:29:22.985498,GPU1300_EMC3199_CPU1036,1300,1036,3199,1300,3199,p512_o128,512,128,decode,1,25.716383010149002,24.30255549563843,3112.6188391353935,128,41.12292786724736,144.657,41.331,46.877,1.1301328125,0.8848517527668899,31.304,0.399,9.628,66.6,7,Phi-3-mini-Q4,llama.cpp,finegrained_gpu_emc
2026-05-16T03:29:26.909492,GPU1300_EMC3199_CPU1036,1300,1036,3199,1300,3199,p512_o128,512,128,decode,2,25.483690900728106,24.311720993091154,3113.5438920464367,128,41.11070999415702,145.04,41.44,46.862,1.133125,0.882515168229454,31.414,0.399,9.627,66.7,7,Phi-3-mini-Q4,llama.cpp,finegrained_gpu_emc
2026-05-16T03:29:30.832466,GPU1300_EMC3199_CPU1036,1300,1036,3199,1300,3199,p1024_o128,1024,128,decode,0,25.587077951058745,24.301394724881085,3112.350946990773,128,41.12646747750567,145.166,41.476,46.977,1.134109375,0.8817491699158205,31.363,0.399,9.714,66.7,7,Phi-3-mini-Q4,llama.cpp,finegrained_gpu_emc
2026-05-16T03:29:34.756143,GPU1300_EMC3199_CPU1036,1300,1036,3199,1300,3199,p1024_o128,1024,128,decode,1,26.10564883798361,24.304022748521934,3113.195852842182,128,41.11530595903333,144.842,41.384,46.962,1.131578125,0.883721572472073,31.3,0.399,9.685,66.6,7,Phi-3-mini-Q4,llama.cpp,finegrained_gpu_emc
2026-05-16T03:29:38.681676,GPU1300_EMC3199_CPU1036,1300,1036,3199,1300,3199,p1024_o128,1024,128,decode,2,25.50443192012608,24.323156182324205,3115.020710043609,128,41.09121958235971,144.688,41.339,46.862,1.130375,0.8846621696339712,31.298,0.399,9.642,66.6,7,Phi-3-mini-Q4,llama.cpp,finegrained_gpu_emc
2026-05-16T03:29:45.810793,GPU1300_EMC3199_CPU1036,1300,1036,3199,1300,3199,p128_o256,128,256,decode,0,25.715345051139593,24.66931145035607,6317.323816940188,256,40.52348865092596,287.434,44.221,46.862,1.1227890625,0.8906392423999944,33.737,0.399,10.085,66.8,13,Phi-3-mini-Q4,llama.cpp,finegrained_gpu_emc
2026-05-16T03:29:52.940961,GPU1300_EMC3199_CPU1036,1300,1036,3199,1300,3199,p128_o256,128,256,decode,1,29.002591036260128,24.660836807543447,6318.479886045679,256,40.516074216739106,287.442,44.222,46.862,1.1228203125,0.8906144543942778,33.738,0.399,10.085,66.8,13,Phi-3-mini-Q4,llama.cpp,finegrained_gpu_emc
2026-05-16T03:30:00.073323,GPU1300_EMC3199_CPU1036,1300,1036,3199,1300,3199,p128_o256,128,256,decode,2,28.881224105134606,24.670390740913504,6320.798099040985,256,40.50121456004761,287.732,44.266,46.761,1.123953125,0.8897168198184421,33.798,0.399,10.069,66.9,13,Phi-3-mini-Q4,llama.cpp,finegrained_gpu_emc
2026-05-16T03:30:14.336843,GPU1300_EMC3199_CPU1036,1300,1036,3199,1300,3199,p1024_o512,1024,512,decode,0,29.231810942292213,26.25921936824174,13449.628690024838,512,38.06796542864667,597.818,44.283,46.862,1.16761328125,0.856447949041347,33.771,0.414,10.098,67.0,27,Phi-3-mini-Q4,llama.cpp,finegrained_gpu_emc
2026-05-16T03:30:28.577372,GPU1300_EMC3199_CPU1036,1300,1036,3199,1300,3199,p1024_o512,1024,512,decode,1,29.373766155913472,26.214374671280094,13426.818425999954,512,38.13263751363117,597.819,44.283,46.977,1.167615234375,0.8564465164205219,33.763,0.399,10.121,67.1,27,Phi-3-mini-Q4,llama.cpp,finegrained_gpu_emc
2026-05-16T03:30:42.808461,GPU1300_EMC3199_CPU1036,1300,1036,3199,1300,3199,p1024_o512,1024,512,decode,2,28.90616306103766,26.19605178082701,13417.00632008724,512,38.1605246196732,596.205,44.163,46.962,1.164462890625,0.8587650220981038,33.64,0.399,10.125,67.2,27,Phi-3-mini-Q4,llama.cpp,finegrained_gpu_emc
