timestamp,config_name,gpu_freq_mhz,cpu_freq_mhz,emc_freq_mhz,target_gpu_mhz,target_emc_mhz,workload,prompt_length,output_length,phase,repeat,ttft_ms,tpot_ms,total_time_ms,output_tokens,tokens_per_second,total_energy_j,avg_power_w,max_power_w,energy_per_token_j,tokens_per_joule,avg_gpu_soc_w,avg_cpu_cv_w,avg_sys_5v0_w,avg_temp_cpu_c,power_samples,model,runtime,experiment
2026-05-22T07:15:23.168373,GPU306_EMC204_CPU1036,306,1036,3199,306,204,p128_o64,128,64,decode,0,182.06308997469023,179.52332838109533,11492.30392096797,64,5.56894426392871,340.37,29.597,30.283,5.31828125,0.18803067250345212,20.498,0.52,8.579,54.4,23,Qwen2.5-14B-Instruct-Q4_K_M,llama.cpp,finegrained_gpu_emc
2026-05-22T07:15:35.474471,GPU306_EMC204_CPU1036,306,1036,3199,306,204,p128_o64,128,64,decode,1,182.15047096600756,179.53448938131925,11493.091563985217,64,5.56856261378362,338.718,29.454,30.682,5.29246875,0.18894773823652714,20.376,0.503,8.574,54.9,23,Qwen2.5-14B-Instruct-Q4_K_M,llama.cpp,finegrained_gpu_emc
2026-05-22T07:15:47.784604,GPU306_EMC204_CPU1036,306,1036,3199,306,204,p128_o64,128,64,decode,2,182.21017700852826,179.59656733243415,11497.1064379788,64,5.566618030827872,340.566,29.614,30.682,5.32134375,0.18792245849556327,20.463,0.555,8.596,55.3,23,Qwen2.5-14B-Instruct-Q4_K_M,llama.cpp,finegrained_gpu_emc
2026-05-22T07:16:11.600637,GPU306_EMC204_CPU1036,306,1036,3199,306,204,p512_o128,512,128,decode,0,182.08167096599936,179.660301015705,22999.434533994645,128,5.565354218200789,673.99,29.955,30.792,5.265546875,0.18991379694060742,20.778,0.505,8.671,56.0,45,Qwen2.5-14B-Instruct-Q4_K_M,llama.cpp,finegrained_gpu_emc
2026-05-22T07:16:35.418791,GPU306_EMC204_CPU1036,306,1036,3199,306,204,p512_o128,512,128,decode,1,182.11840896401554,182.5524246399291,23001.672072976362,126,5.477862635387789,676.776,30.079,30.682,5.371238095238095,0.186176814780666,20.873,0.532,8.674,56.7,45,Qwen2.5-14B-Instruct-Q4_K_M,llama.cpp,finegrained_gpu_emc
2026-05-22T07:16:59.231631,GPU306_EMC204_CPU1036,306,1036,3199,306,204,p512_o128,512,128,decode,2,182.24937899503857,179.63651103136226,22996.584974986035,128,5.566043833866151,677.18,30.097,30.783,5.29046875,0.18901916772497712,20.9,0.514,8.682,57.3,45,Qwen2.5-14B-Instruct-Q4_K_M,llama.cpp,finegrained_gpu_emc
2026-05-22T07:17:23.043149,GPU306_EMC204_CPU1036,306,1036,3199,306,204,p1024_o128,1024,128,decode,0,182.07414902281016,186.9873721228882,22995.02318596933,123,5.348983517226885,677.67,30.119,30.783,5.509512195121951,0.181504271990792,20.9,0.532,8.687,57.7,45,Qwen2.5-14B-Instruct-Q4_K_M,llama.cpp,finegrained_gpu_emc
2026-05-22T07:17:46.853925,GPU306_EMC204_CPU1036,306,1036,3199,306,204,p1024_o128,1024,128,decode,1,182.0934099960141,179.62082625984573,22994.437197980005,128,5.566563725736433,677.52,30.112,30.783,5.293125,0.18892431219742592,20.891,0.532,8.689,58.1,45,Qwen2.5-14B-Instruct-Q4_K_M,llama.cpp,finegrained_gpu_emc
2026-05-22T07:18:10.663560,GPU306_EMC204_CPU1036,306,1036,3199,306,204,p1024_o128,1024,128,decode,2,182.0674450136721,179.6126864643357,22993.371909018606,128,5.566821626096303,677.823,30.125,30.792,5.2954921875,0.18883985937331724,20.9,0.541,8.685,58.5,45,Qwen2.5-14B-Instruct-Q4_K_M,llama.cpp,finegrained_gpu_emc
2026-05-22T07:18:57.623215,GPU306_EMC204_CPU1036,306,1036,3199,306,204,p128_o256,128,256,decode,0,181.96950503624976,180.20845168229084,46136.15265401313,256,5.548793847632026,1361.276,30.251,30.792,5.317484375,0.18805885066658046,21.012,0.51,8.728,59.0,90,Qwen2.5-14B-Instruct-Q4_K_M,llama.cpp,finegrained_gpu_emc
2026-05-22T07:19:44.674231,GPU306_EMC204_CPU1036,306,1036,3199,306,204,p128_o256,128,256,decode,1,191.45585800288245,180.52829198046203,46227.13162301807,256,5.537873344331165,1373.53,30.187,31.682,5.3653515625,0.186381076496327,20.934,0.544,8.71,59.3,91,Qwen2.5-14B-Instruct-Q4_K_M,llama.cpp,finegrained_gpu_emc
2026-05-22T07:20:31.715842,GPU306_EMC204_CPU1036,306,1036,3199,306,204,p128_o256,128,256,decode,2,190.35703601548448,180.49752698827754,46218.18759699818,256,5.538945019484644,1373.254,30.181,30.783,5.3642734375,0.18641853582804058,20.929,0.548,8.704,59.7,91,Qwen2.5-14B-Instruct-Q4_K_M,llama.cpp,finegrained_gpu_emc
2026-05-22T07:22:06.821178,GPU306_EMC204_CPU1036,306,1036,3199,306,204,p1024_o512,1024,512,decode,0,190.1468010037206,184.1021084325541,94268.32370599732,512,5.431304810264986,2776.145,30.175,30.792,5.422158203125,0.18442840701764499,20.943,0.542,8.69,60.1,184,Qwen2.5-14B-Instruct-Q4_K_M,llama.cpp,finegrained_gpu_emc
2026-05-22T07:23:41.922071,GPU306_EMC204_CPU1036,306,1036,3199,306,204,p1024_o512,1024,512,decode,1,190.73410698911175,184.0922481174455,94263.91285902355,512,5.431558954758454,2783.136,30.251,30.792,5.4358125,0.18396513860623412,20.989,0.557,8.705,60.7,184,Qwen2.5-14B-Instruct-Q4_K_M,llama.cpp,finegrained_gpu_emc
2026-05-22T07:25:17.054604,GPU306_EMC204_CPU1036,306,1036,3199,306,204,p1024_o512,1024,512,decode,2,190.78668201109394,184.87724384477303,94295.28794699581,510,5.408541732081834,2788.142,30.306,31.192,5.466945098039215,0.18291751280960583,21.007,0.585,8.713,61.1,184,Qwen2.5-14B-Instruct-Q4_K_M,llama.cpp,finegrained_gpu_emc
2026-05-22T07:25:29.582771,GPU306_EMC204_CPU1036,306,1036,3199,306,204,p128_o64,128,64,mixed,0,360.98830797709525,180.2150239837208,11714.807548967656,64,5.463171267003859,347.442,30.212,30.792,5.42878125,0.18420340661175102,20.726,0.798,8.688,61.1,23,Qwen2.5-14B-Instruct-Q4_K_M,llama.cpp,finegrained_gpu_emc
2026-05-22T07:25:41.906863,GPU306_EMC204_CPU1036,306,1036,3199,306,204,p128_o64,128,64,mixed,1,181.87278002733365,179.8228709524246,11510.983404004946,64,5.559907242827999,343.436,29.864,30.792,5.3661875,0.1863520423019136,20.638,0.555,8.671,61.0,23,Qwen2.5-14B-Instruct-Q4_K_M,llama.cpp,finegrained_gpu_emc
2026-05-22T07:25:54.230654,GPU306_EMC204_CPU1036,306,1036,3199,306,204,p128_o64,128,64,mixed,2,181.85511702904478,179.81667138103927,11510.580159025267,64,5.560102020558763,343.324,29.854,30.783,5.3644375,0.18641283452365695,20.637,0.555,8.662,60.9,23,Qwen2.5-14B-Instruct-Q4_K_M,llama.cpp,finegrained_gpu_emc
2026-05-22T07:26:19.699489,GPU306_EMC204_CPU1036,306,1036,3199,306,204,p512_o128,512,128,mixed,0,979.2645800043829,186.39287384232418,24651.670681952965,128,5.192345851581834,739.393,30.179,31.874,5.7765078125,0.1731149740395162,20.995,0.586,8.598,61.0,49,Qwen2.5-14B-Instruct-Q4_K_M,llama.cpp,finegrained_gpu_emc
2026-05-22T07:26:44.360381,GPU306_EMC204_CPU1036,306,1036,3199,306,204,p512_o128,512,128,mixed,1,191.13336998270825,186.24158062207638,23844.345327001065,128,5.3681490619519865,707.452,30.104,30.691,5.52696875,0.18093100309278934,20.904,0.56,8.64,61.0,47,Qwen2.5-14B-Instruct-Q4_K_M,llama.cpp,finegrained_gpu_emc
2026-05-22T07:27:09.021237,GPU306_EMC204_CPU1036,306,1036,3199,306,204,p512_o128,512,128,mixed,2,191.08421000419185,186.24127882681273,23844.232846982777,128,5.368174385035708,707.927,30.125,30.691,5.5306796875,0.1808096032500526,20.903,0.56,8.661,61.1,47,Qwen2.5-14B-Instruct-Q4_K_M,llama.cpp,finegrained_gpu_emc
2026-05-22T07:27:34.244763,GPU306_EMC204_CPU1036,306,1036,3199,306,204,p1024_o128,1024,128,mixed,0,1331.7076899693348,181.6874538661956,24406.55789995799,128,5.2444920961271775,730.732,30.447,34.082,5.70884375,0.17516681902530615,21.208,0.532,8.707,61.1,48,Qwen2.5-14B-Instruct-Q4_K_M,llama.cpp,finegrained_gpu_emc
2026-05-22T07:27:58.329445,GPU306_EMC204_CPU1036,306,1036,3199,306,204,p1024_o128,1024,128,mixed,1,196.68520096456632,181.65930437829755,23267.929354973603,128,5.501134116716731,692.82,30.123,30.792,5.41265625,0.18475217228140065,20.847,0.555,8.721,61.1,46,Qwen2.5-14B-Instruct-Q4_K_M,llama.cpp,finegrained_gpu_emc
2026-05-22T07:28:22.409601,GPU306_EMC204_CPU1036,306,1036,3199,306,204,p1024_o128,1024,128,mixed,2,196.7271610046737,181.62602533065663,23263.744266994763,128,5.50212375664733,693.26,30.142,30.792,5.41609375,0.18463491330813836,20.848,0.546,8.747,61.1,46,Qwen2.5-14B-Instruct-Q4_K_M,llama.cpp,finegrained_gpu_emc
2026-05-22T07:29:09.903518,GPU306_EMC204_CPU1036,306,1036,3199,306,204,p128_o256,128,256,mixed,0,192.15623603668064,182.26502077635743,46670.75167101575,256,5.485234131315382,1379.298,30.314,30.792,5.3878828125,0.18560166113486715,21.021,0.566,8.727,61.1,91,Qwen2.5-14B-Instruct-Q4_K_M,llama.cpp,finegrained_gpu_emc
2026-05-22T07:29:57.406294,GPU306_EMC204_CPU1036,306,1036,3199,306,204,p128_o256,128,256,mixed,1,192.04228196758777,182.3002389371943,46679.58052497124,256,5.484196668456624,1389.783,30.213,31.283,5.42883984375,0.1842014184948298,20.94,0.564,8.709,61.2,92,Qwen2.5-14B-Instruct-Q4_K_M,llama.cpp,finegrained_gpu_emc
2026-05-22T07:30:44.909485,GPU306_EMC204_CPU1036,306,1036,3199,306,204,p128_o256,128,256,mixed,2,191.99580902932212,182.30165517637872,46679.88664802397,256,5.484160703522979,1390.529,30.229,30.783,5.43175390625,0.1841025969253428,20.936,0.577,8.716,61.3,92,Qwen2.5-14B-Instruct-Q4_K_M,llama.cpp,finegrained_gpu_emc
2026-05-22T07:32:22.256904,GPU306_EMC204_CPU1036,306,1036,3199,306,204,p1024_o512,1024,512,mixed,0,2255.750098032877,184.44632271037267,96509.79111104971,512,5.305161208056739,2872.742,30.399,34.683,5.61082421875,0.17822693440622234,21.104,0.57,8.725,61.4,189,Qwen2.5-14B-Instruct-Q4_K_M,llama.cpp,finegrained_gpu_emc
2026-05-22T07:33:57.570759,GPU306_EMC204_CPU1036,306,1036,3199,306,204,p1024_o512,1024,512,mixed,1,197.17781600775197,184.49647456554263,94476.85835999437,512,5.419316527747743,2808.45,30.362,30.783,5.48525390625,0.18230696647617015,20.993,0.619,8.75,61.3,185,Qwen2.5-14B-Instruct-Q4_K_M,llama.cpp,finegrained_gpu_emc
2026-05-22T07:35:32.878900,GPU306_EMC204_CPU1036,306,1036,3199,306,204,p1024_o512,1024,512,mixed,2,197.3515379941091,184.4845116184022,94470.93024401693,512,5.41965659359458,2811.058,30.39,31.283,5.49034765625,0.1821378285328869,20.993,0.634,8.763,61.5,185,Qwen2.5-14B-Instruct-Q4_K_M,llama.cpp,finegrained_gpu_emc
2026-05-22T07:36:00.840931,GPU306_EMC665_CPU1036,306,1036,3199,306,665,p128_o64,128,64,decode,0,182.45189095614478,179.82885642864164,11511.937642993871,64,5.559446375124365,347.016,30.175,30.783,5.422125,0.1844295363902529,20.845,0.572,8.758,61.2,23,Qwen2.5-14B-Instruct-Q4_K_M,llama.cpp,finegrained_gpu_emc
2026-05-22T07:36:13.165457,GPU306_EMC665_CPU1036,306,1036,3199,306,665,p128_o64,128,64,decode,1,182.38360801478848,179.82307328502574,11511.50649500778,64,5.559654596707652,343.964,29.91,30.783,5.3744375,0.18606598364945168,20.636,0.59,8.684,61.2,23,Qwen2.5-14B-Instruct-Q4_K_M,llama.cpp,finegrained_gpu_emc
2026-05-22T07:36:25.494832,GPU306_EMC665_CPU1036,306,1036,3199,306,665,p128_o64,128,64,decode,2,182.47276201145723,179.89702668273821,11516.250841028523,64,5.557364187656416,345.866,30.075,30.783,5.40415625,0.18504276222583313,20.636,0.729,8.71,61.2,23,Qwen2.5-14B-Instruct-Q4_K_M,llama.cpp,finegrained_gpu_emc
2026-05-22T07:36:49.346676,GPU306_EMC665_CPU1036,306,1036,3199,306,665,p512_o128,512,128,decode,0,182.45120195206255,179.93530548841318,23034.729156002868,128,5.55682678676702,679.278,30.19,30.783,5.306859375,0.188435368140879,20.909,0.55,8.732,61.2,45,Qwen2.5-14B-Instruct-Q4_K_M,llama.cpp,finegrained_gpu_emc
2026-05-22T07:37:13.198895,GPU306_EMC665_CPU1036,306,1036,3199,306,665,p512_o128,512,128,decode,1,182.44084902107716,179.9442690864066,23035.86412302684,128,5.556553004323816,680.227,30.232,30.783,5.3142734375,0.1881724777169974,20.909,0.585,8.739,61.1,45,Qwen2.5-14B-Instruct-Q4_K_M,llama.cpp,finegrained_gpu_emc
2026-05-22T07:37:37.051212,GPU306_EMC665_CPU1036,306,1036,3199,306,665,p512_o128,512,128,decode,2,182.44537798454985,179.94551004715424,23036.014318990055,128,5.55651677532087,680.128,30.228,30.783,5.3135,0.18819986826009222,20.909,0.576,8.743,61.2,45,Qwen2.5-14B-Instruct-Q4_K_M,llama.cpp,finegrained_gpu_emc
2026-05-22T07:38:00.908171,GPU306_EMC665_CPU1036,306,1036,3199,306,665,p1024_o128,1024,128,decode,0,182.52756900619715,179.98249870110817,23040.801653056405,128,5.555362262450645,682.972,30.354,31.182,5.33571875,0.18741617518726977,20.909,0.7,8.745,61.1,45,Qwen2.5-14B-Instruct-Q4_K_M,llama.cpp,finegrained_gpu_emc
2026-05-22T07:38:24.764542,GPU306_EMC665_CPU1036,306,1036,3199,306,665,p1024_o128,1024,128,decode,1,182.38961102906615,179.9771055825766,23039.969616977032,128,5.555562881718517,681.581,30.292,31.283,5.3248515625,0.18779866222796704,20.917,0.612,8.763,61.1,45,Qwen2.5-14B-Instruct-Q4_K_M,llama.cpp,finegrained_gpu_emc
2026-05-22T07:38:48.619950,GPU306_EMC665_CPU1036,306,1036,3199,306,665,p1024_o128,1024,128,decode,2,182.4210250051692,179.9695598425373,23039.092479040846,128,5.555774391567043,682.228,30.321,30.783,5.32990625,0.18762056086821416,20.909,0.656,8.757,61.2,45,Qwen2.5-14B-Instruct-Q4_K_M,llama.cpp,finegrained_gpu_emc
2026-05-22T07:39:35.665336,GPU306_EMC665_CPU1036,306,1036,3199,306,665,p128_o256,128,256,decode,0,182.5372059829533,180.54209618039394,46221.73639800167,256,5.5385197517388765,1379.494,30.319,30.783,5.3886484375,0.18557529065004996,20.946,0.627,8.745,61.2,91,Qwen2.5-14B-Instruct-Q4_K_M,llama.cpp,finegrained_gpu_emc
2026-05-22T07:40:22.723540,GPU306_EMC665_CPU1036,306,1036,3199,306,665,p128_o256,128,256,decode,1,191.40737201087177,180.54661729404995,46231.757207016926,256,5.537319268521013,1377.092,30.266,30.783,5.379265625,0.18589898133167573,20.938,0.596,8.732,61.3,91,Qwen2.5-14B-Instruct-Q4_K_M,llama.cpp,finegrained_gpu_emc
2026-05-22T07:41:09.769710,GPU306_EMC665_CPU1036,306,1036,3199,306,665,p128_o256,128,256,decode,2,190.52228197688237,180.5148380039278,46222.75905398419,256,5.538397214692747,1377.839,30.282,30.783,5.38218359375,0.18579819558018026,20.946,0.601,8.735,61.2,91,Qwen2.5-14B-Instruct-Q4_K_M,llama.cpp,finegrained_gpu_emc
2026-05-22T07:43:04.435843,GPU306_EMC665_CPU1036,306,1036,3199,306,665,p1024_o512,1024,512,decode,0,190.29368500923738,222.36639684931433,113821.47455401719,512,4.498272421844403,3286.076,29.604,31.182,6.4181171875,0.15580893442513197,20.328,0.642,8.634,61.1,222,Qwen2.5-14B-Instruct-Q4_K_M,llama.cpp,finegrained_gpu_emc
2026-05-22T07:47:06.306997,GPU306_EMC665_CPU1036,306,1036,3199,306,665,p1024_o512,1024,512,decode,1,493.0182169773616,470.6502574285922,240997.33695702162,512,2.1245048035170107,6043.297,27.345,29.884,11.803314453125,0.08472196550988641,18.428,0.569,8.348,60.2,442,Qwen2.5-14B-Instruct-Q4_K_M,llama.cpp,finegrained_gpu_emc
2026-05-22T07:51:09.693178,GPU306_EMC665_CPU1036,306,1036,3199,306,665,p1024_o512,1024,512,decode,2,494.44306100485846,473.6047529119045,242508.51132598473,512,2.111266104436885,6394.616,27.327,29.784,12.489484375,0.08006735666379342,18.42,0.564,8.344,59.7,468,Qwen2.5-14B-Instruct-Q4_K_M,llama.cpp,finegrained_gpu_emc
2026-05-22T07:51:41.684601,GPU306_EMC665_CPU1036,306,1036,3199,306,665,p128_o64,128,64,mixed,0,923.9664790220559,480.1258305401822,31172.172427002806,64,2.0531132422634806,833.817,27.338,29.583,13.028390625,0.07675545113616057,18.428,0.556,8.354,59.6,61,Qwen2.5-14B-Instruct-Q4_K_M,llama.cpp,finegrained_gpu_emc
2026-05-22T07:52:13.204120,GPU306_EMC665_CPU1036,306,1036,3199,306,665,p128_o64,128,64,mixed,1,481.4624859718606,479.67099131728037,30701.007962983567,64,2.084622110035126,819.676,27.323,28.486,12.8074375,0.07807963146413949,18.396,0.565,8.361,59.6,60,Qwen2.5-14B-Instruct-Q4_K_M,llama.cpp,finegrained_gpu_emc
2026-05-22T07:52:44.715680,GPU306_EMC665_CPU1036,306,1036,3199,306,665,p128_o64,128,64,mixed,2,479.8396209953353,479.5722468730269,30693.159909977112,64,2.0851551351412394,819.626,27.321,28.885,12.80665625,0.07808439458972752,18.403,0.559,8.359,59.6,60,Qwen2.5-14B-Instruct-Q4_K_M,llama.cpp,finegrained_gpu_emc
2026-05-22T07:53:48.784667,GPU306_EMC665_CPU1036,306,1036,3199,306,665,p512_o128,512,128,mixed,0,2482.185739034321,478.40514672437945,63240.17479404574,128,2.024029826243485,1702.344,27.457,30.183,13.2995625,0.07519044329465725,18.54,0.598,8.319,59.6,124,Qwen2.5-14B-Instruct-Q4_K_M,llama.cpp,finegrained_gpu_emc
2026-05-22T07:54:52.063871,GPU306_EMC665_CPU1036,306,1036,3199,306,665,p512_o128,512,128,mixed,1,498.27282899059355,487.8136978272026,62451.13395201042,128,2.049602495582539,1664.307,27.284,28.885,13.0023984375,0.07690888760306842,18.385,0.569,8.329,59.5,122,Qwen2.5-14B-Instruct-Q4_K_M,llama.cpp,finegrained_gpu_emc
2026-05-22T07:55:53.915883,GPU306_EMC665_CPU1036,306,1036,3199,306,665,p512_o128,512,128,mixed,2,397.20237004803494,477.3771824250108,61024.61400302127,128,2.097514291424487,1625.351,27.317,29.684,12.6980546875,0.0787522202896482,18.427,0.557,8.334,59.5,119,Qwen2.5-14B-Instruct-Q4_K_M,llama.cpp,finegrained_gpu_emc
2026-05-22T07:56:58.047771,GPU306_EMC665_CPU1036,306,1036,3199,306,665,p1024_o128,1024,128,mixed,0,3409.93039496243,471.6034763782307,63304.08894299762,128,2.0219862908896458,1702.249,27.456,29.681,13.2988203125,0.07519463956213221,18.553,0.57,8.333,59.4,124,Qwen2.5-14B-Instruct-Q4_K_M,llama.cpp,finegrained_gpu_emc
2026-05-22T07:58:00.611608,GPU306_EMC665_CPU1036,306,1036,3199,306,665,p1024_o128,1024,128,mixed,1,503.66392894648015,482.14520432291494,61736.69670795789,128,2.0733211659427955,1651.812,27.303,28.885,12.90478125,0.07749065874324682,18.404,0.547,8.351,59.4,121,Qwen2.5-14B-Instruct-Q4_K_M,llama.cpp,finegrained_gpu_emc
2026-05-22T07:59:03.252167,GPU306_EMC665_CPU1036,306,1036,3199,306,665,p1024_o128,1024,128,mixed,2,502.92602699482813,482.7544024332397,61813.25211800868,128,2.070753367831758,1651.296,27.294,28.486,12.90075,0.07751487316628877,18.396,0.551,8.347,59.4,121,Qwen2.5-14B-Instruct-Q4_K_M,llama.cpp,finegrained_gpu_emc
2026-05-22T08:01:07.677514,GPU306_EMC665_CPU1036,306,1036,3199,306,665,p128_o256,128,256,mixed,0,492.608216998633,482.6938443919918,123580.52363496972,256,2.071523832963914,3287.945,27.286,29.784,12.84353515625,0.07786018318432941,18.408,0.555,8.324,59.4,241,Qwen2.5-14B-Instruct-Q4_K_M,llama.cpp,finegrained_gpu_emc
2026-05-22T08:03:12.342707,GPU306_EMC665_CPU1036,306,1036,3199,306,665,p128_o256,128,256,mixed,1,494.1355229821056,483.6279863724485,123820.24754397571,256,2.067513230492288,3299.348,27.267,28.985,12.888078125,0.07759108769368979,18.379,0.551,8.337,59.4,242,Qwen2.5-14B-Instruct-Q4_K_M,llama.cpp,finegrained_gpu_emc
2026-05-22T08:05:16.963557,GPU306_EMC665_CPU1036,306,1036,3199,306,665,p128_o256,128,256,mixed,2,497.88314098259434,483.4396024549599,123775.95226897392,256,2.068253124352409,3304.782,27.312,29.784,12.9093046875,0.07746350591355193,18.426,0.562,8.324,59.3,242,Qwen2.5-14B-Instruct-Q4_K_M,llama.cpp,finegrained_gpu_emc
2026-05-22T08:09:31.779216,GPU306_EMC665_CPU1036,306,1036,3199,306,665,p1024_o512,1024,512,mixed,0,5861.791491042823,485.45709920743184,253932.38250300055,512,2.016284787915736,6765.128,27.334,29.684,13.213140625,0.07568223395034063,18.454,0.555,8.324,59.3,495,Qwen2.5-14B-Instruct-Q4_K_M,llama.cpp,finegrained_gpu_emc
2026-05-22T08:10:53.194766,GPU306_EMC665_CPU1036,306,1036,3199,306,665,p1024_o512,1024,512,mixed,1,502.9721119790338,463.7273697617063,80582.42276398232,173,2.1468701742400986,2166.844,27.428,32.466,12.525109826589595,0.0798396192803912,18.52,0.548,8.361,59.3,158,Qwen2.5-14B-Instruct-Q4_K_M,llama.cpp,finegrained_gpu_emc
2026-05-22T08:15:00.757307,GPU306_EMC665_CPU1036,306,1036,3199,306,665,p1024_o512,1024,512,mixed,2,497.31583800166845,481.7698495440894,246683.71554801706,512,2.075532220935512,6556.618,27.376,31.577,12.80589453125,0.07808903919673221,18.5,0.547,8.329,59.3,479,Qwen2.5-14B-Instruct-Q4_K_M,llama.cpp,finegrained_gpu_emc
2026-05-22T08:16:06.594739,GPU306_EMC2133_CPU1036,306,1036,3199,306,2133,p128_o64,128,64,decode,0,479.01730897137895,470.4304053023132,30116.394274984486,64,2.1250883958960576,806.382,27.335,28.886,12.59971875,0.07936685094657371,18.431,0.548,8.357,59.5,59,Qwen2.5-14B-Instruct-Q4_K_M,llama.cpp,finegrained_gpu_emc
2026-05-22T08:16:38.173226,GPU306_EMC2133_CPU1036,306,1036,3199,306,2133,p128_o64,128,64,decode,1,480.64148804405704,480.61826385720263,30759.85789502738,64,2.0806337993631043,831.573,27.265,29.385,12.993328125,0.07696257574500374,18.376,0.53,8.359,59.5,61,Qwen2.5-14B-Instruct-Q4_K_M,llama.cpp,finegrained_gpu_emc
2026-05-22T08:17:08.397832,GPU306_EMC2133_CPU1036,306,1036,3199,306,2133,p128_o64,128,64,decode,2,480.89825501665473,459.12801098385233,29406.262137985323,64,2.1764071781611602,794.634,27.401,29.385,12.41615625,0.08054022354945799,18.514,0.523,8.364,59.7,58,Qwen2.5-14B-Instruct-Q4_K_M,llama.cpp,finegrained_gpu_emc
2026-05-22T08:18:10.661126,GPU306_EMC2133_CPU1036,306,1036,3199,306,2133,p512_o128,512,128,decode,0,479.24184100702405,479.9708064726195,61436.029351025354,128,2.0834679804687557,1634.964,27.249,28.494,12.77315625,0.07828918557228172,18.383,0.519,8.348,59.7,120,Qwen2.5-14B-Instruct-Q4_K_M,llama.cpp,finegrained_gpu_emc
2026-05-22T08:19:11.957283,GPU306_EMC2133_CPU1036,306,1036,3199,306,2133,p512_o128,512,128,decode,1,479.6402599895373,472.35612059837047,60469.36109603848,128,2.1167744735504677,1597.57,27.309,30.283,12.481015625,0.08012168480880337,18.435,0.535,8.339,59.8,117,Qwen2.5-14B-Instruct-Q4_K_M,llama.cpp,finegrained_gpu_emc
2026-05-22T08:20:14.239652,GPU306_EMC2133_CPU1036,306,1036,3199,306,2133,p512_o128,512,128,decode,2,480.6323049706407,480.1098825827087,61455.0874090055,128,2.082821868726903,1636.752,27.279,28.486,12.787125,0.07820366188646784,18.386,0.542,8.351,59.9,120,Qwen2.5-14B-Instruct-Q4_K_M,llama.cpp,finegrained_gpu_emc
2026-05-22T08:21:15.541977,GPU306_EMC2133_CPU1036,306,1036,3199,306,2133,p1024_o128,1024,128,decode,0,480.85401399293914,472.39186874807143,60475.11633700924,128,2.116573026279029,1614.154,27.359,29.385,12.610578125,0.07929850559488129,18.447,0.561,8.35,60.0,118,Qwen2.5-14B-Instruct-Q4_K_M,llama.cpp,finegrained_gpu_emc
2026-05-22T08:22:17.811143,GPU306_EMC2133_CPU1036,306,1036,3199,306,2133,p1024_o128,1024,128,decode,1,480.5136069771834,480.00649075614155,61441.8836759869,128,2.083269462814757,1637.354,27.289,28.885,12.791828125,0.07817490903005703,18.386,0.555,8.348,60.2,120,Qwen2.5-14B-Instruct-Q4_K_M,llama.cpp,finegrained_gpu_emc
2026-05-22T08:23:19.201077,GPU306_EMC2133_CPU1036,306,1036,3199,306,2133,p1024_o128,1024,128,decode,2,478.30939502455294,473.1030870787249,60562.8966059885,128,2.1135052511233963,1636.724,27.508,29.784,12.78690625,0.07820499974338985,18.625,0.573,8.31,60.2,119,Qwen2.5-14B-Instruct-Q4_K_M,llama.cpp,finegrained_gpu_emc
2026-05-22T08:25:23.618050,GPU306_EMC2133_CPU1036,306,1036,3199,306,2133,p128_o256,128,256,decode,0,480.48274498432875,482.70876250599565,123572.18073599506,256,2.071663690607916,3297.23,27.363,29.285,12.8798046875,0.07764092890092593,18.446,0.556,8.361,60.3,241,Qwen2.5-14B-Instruct-Q4_K_M,llama.cpp,finegrained_gpu_emc
2026-05-22T08:27:27.042710,GPU306_EMC2133_CPU1036,306,1036,3199,306,2133,p128_o256,128,256,decode,1,492.5409469869919,478.77190343524313,122580.34070697613,256,2.0884262396688777,3269.804,27.362,30.183,12.772671875,0.07829215451446019,18.444,0.563,8.355,60.3,239,Qwen2.5-14B-Instruct-Q4_K_M,llama.cpp,finegrained_gpu_emc
2026-05-22T08:29:31.390411,GPU306_EMC2133_CPU1036,306,1036,3199,306,2133,p128_o256,128,256,decode,2,492.09142103791237,482.3909202704717,123502.73289100733,256,2.072828624982114,3296.369,27.356,28.885,12.87644140625,0.0776612084387397,18.447,0.558,8.35,60.0,241,Qwen2.5-14B-Instruct-Q4_K_M,llama.cpp,finegrained_gpu_emc
2026-05-22T08:33:40.326533,GPU306_EMC2133_CPU1036,306,1036,3199,306,2133,p1024_o512,1024,512,decode,0,497.3569510038942,484.45657777694305,248056.62441800814,512,2.064044857504843,6537.578,27.354,29.684,12.76870703125,0.0783164652108166,18.457,0.558,8.339,59.9,478,Qwen2.5-14B-Instruct-Q4_K_M,llama.cpp,finegrained_gpu_emc
2026-05-22T08:37:07.271208,GPU306_EMC2133_CPU1036,306,1036,3199,306,2133,p1024_o512,1024,512,decode,1,493.1067420402542,402.3119915244188,206076.53037598357,512,2.4845138797021846,5879.419,29.251,34.094,11.483240234375,0.08708343460467778,20.065,0.56,8.626,60.1,402,Qwen2.5-14B-Instruct-Q4_K_M,llama.cpp,finegrained_gpu_emc
2026-05-22T08:40:02.701265,GPU306_EMC2133_CPU1036,306,1036,3199,306,2133,p1024_o512,1024,512,decode,2,359.9157240241766,340.91742845981634,174570.71910402738,512,2.932908809838248,5459.328,32.02,34.594,10.66275,0.09378443647276734,22.39,0.576,9.054,61.5,341,Qwen2.5-14B-Instruct-Q4_K_M,llama.cpp,finegrained_gpu_emc
2026-05-22T08:40:24.843025,GPU306_EMC2133_CPU1036,306,1036,3199,306,2133,p128_o64,128,64,mixed,0,683.8724249973893,327.64208761952995,21325.598943978548,64,3.0010880429724534,675.082,32.147,34.204,10.54815625,0.09480329796972813,22.46,0.598,9.088,62.0,42,Qwen2.5-14B-Instruct-Q4_K_M,llama.cpp,finegrained_gpu_emc
2026-05-22T08:40:47.894617,GPU306_EMC2133_CPU1036,306,1036,3199,306,2133,p128_o64,128,64,mixed,1,348.13469200162217,347.4151398570809,22235.557902022265,64,2.8782727324408337,701.182,31.872,33.295,10.95596875,0.09127444800351406,22.237,0.526,9.109,62.0,44,Qwen2.5-14B-Instruct-Q4_K_M,llama.cpp,finegrained_gpu_emc
2026-05-22T08:41:09.678641,GPU306_EMC2133_CPU1036,306,1036,3199,306,2133,p128_o64,128,64,mixed,2,345.7966559799388,327.3379366192597,20968.358301965054,64,3.0522179694917853,653.798,31.893,34.195,10.21559375,0.09788956221952345,22.131,0.633,9.129,62.1,41,Qwen2.5-14B-Instruct-Q4_K_M,llama.cpp,finegrained_gpu_emc
2026-05-22T08:41:56.336403,GPU306_EMC2133_CPU1036,306,1036,3199,306,2133,p512_o128,512,128,mixed,0,2007.1167810237966,345.0948509917499,45834.67247203225,128,2.7926456784021747,1428.009,31.734,34.094,11.1563203125,0.08963528941344207,22.12,0.581,9.033,62.0,90,Qwen2.5-14B-Instruct-Q4_K_M,llama.cpp,finegrained_gpu_emc
2026-05-22T08:42:42.306950,GPU306_EMC2133_CPU1036,306,1036,3199,306,2133,p512_o128,512,128,mixed,1,359.02449704008177,352.66219591309397,45147.631201019976,128,2.835143208955517,1407.187,31.622,33.195,10.9936484375,0.09096161348847026,21.997,0.574,9.052,61.9,89,Qwen2.5-14B-Instruct-Q4_K_M,llama.cpp,finegrained_gpu_emc
2026-05-22T08:43:27.284726,GPU306_EMC2133_CPU1036,306,1036,3199,306,2133,p512_o128,512,128,mixed,2,361.1994289676659,344.8317809292577,44155.33904597396,128,2.898856690166688,1360.018,31.628,33.595,10.625140625,0.09411640140056969,22.021,0.557,9.051,61.9,86,Qwen2.5-14B-Instruct-Q4_K_M,llama.cpp,finegrained_gpu_emc
2026-05-22T08:44:15.296087,GPU306_EMC2133_CPU1036,306,1036,3199,306,2133,p1024_o128,1024,128,mixed,0,2774.5623649680056,349.7082575986998,47188.023414986674,128,2.7125526931765456,1475.992,31.742,33.793,11.5311875,0.0867213372430203,22.085,0.583,9.074,61.9,93,Qwen2.5-14B-Instruct-Q4_K_M,llama.cpp,finegrained_gpu_emc
2026-05-22T08:44:59.541787,GPU306_EMC2133_CPU1036,306,1036,3199,306,2133,p1024_o128,1024,128,mixed,1,365.05011102417484,339.0389129209633,43423.56380901765,128,2.947708312541095,1347.417,31.704,34.594,10.5266953125,0.0949965749281774,22.031,0.563,9.109,61.9,85,Qwen2.5-14B-Instruct-Q4_K_M,llama.cpp,finegrained_gpu_emc
2026-05-22T08:45:45.099632,GPU306_EMC2133_CPU1036,306,1036,3199,306,2133,p1024_o128,1024,128,mixed,2,364.5755010074936,349.3725107322762,44735.396891017444,128,2.8612689032764904,1394.582,31.695,33.195,10.895171875,0.09178377463641435,21.996,0.589,9.109,61.9,88,Qwen2.5-14B-Instruct-Q4_K_M,llama.cpp,finegrained_gpu_emc
2026-05-22T08:47:14.019734,GPU306_EMC2133_CPU1036,306,1036,3199,306,2133,p128_o256,128,256,mixed,0,361.23420199146494,344.01266254123993,88085.44759696815,256,2.906268935265209,2720.558,31.634,34.195,10.6271796875,0.0940983430605045,21.991,0.571,9.073,61.9,172,Qwen2.5-14B-Instruct-Q4_K_M,llama.cpp,finegrained_gpu_emc
2026-05-22T08:48:45.418416,GPU306_EMC2133_CPU1036,306,1036,3199,306,2133,p128_o256,128,256,mixed,1,347.6417260244489,353.78198910974805,90563.04497900419,256,2.8267600770198276,2793.93,31.57,32.796,10.9137890625,0.09162720612184272,21.967,0.573,9.03,61.8,177,Qwen2.5-14B-Instruct-Q4_K_M,llama.cpp,finegrained_gpu_emc
2026-05-22T08:50:14.319223,GPU306_EMC2133_CPU1036,306,1036,3199,306,2133,p128_o256,128,256,mixed,2,357.6060619670898,343.9498180824825,88065.84275799105,256,2.9069159163502207,2740.358,31.865,34.195,10.7045234375,0.09341845116586957,22.232,0.571,9.062,61.7,172,Qwen2.5-14B-Instruct-Q4_K_M,llama.cpp,finegrained_gpu_emc
2026-05-22T08:53:18.823536,GPU306_EMC2133_CPU1036,306,1036,3199,306,2133,p1024_o512,1024,512,mixed,0,4683.489923016168,350.2107970333392,183643.17088504322,512,2.7880154624453817,5731.157,32.018,34.195,11.193666015625,0.08933623699368208,22.4,0.565,9.053,61.8,358,Qwen2.5-14B-Instruct-Q4_K_M,llama.cpp,finegrained_gpu_emc
2026-05-22T08:56:15.778512,GPU306_EMC2133_CPU1036,306,1036,3199,306,2133,p1024_o512,1024,512,mixed,1,365.3887059772387,343.88967714085175,176094.9737309711,512,2.9075219420073135,5514.778,32.063,34.594,10.77105078125,0.09284145254804455,22.418,0.58,9.065,61.8,344,Qwen2.5-14B-Instruct-Q4_K_M,llama.cpp,finegrained_gpu_emc
2026-05-22T08:59:14.447187,GPU306_EMC2133_CPU1036,306,1036,3199,306,2133,p1024_o512,1024,512,mixed,2,366.02520901942626,347.2416563346388,177808.48832096672,512,2.8795025751288965,5564.434,32.072,34.594,10.86803515625,0.09201295226073307,22.417,0.591,9.064,61.9,347,Qwen2.5-14B-Instruct-Q4_K_M,llama.cpp,finegrained_gpu_emc
2026-05-22T09:00:19.487533,GPU306_EMC3199_CPU1036,306,1036,3199,306,3199,p128_o64,128,64,decode,0,479.31046097073704,458.06096003220847,29337.417971983086,64,2.1815144080204774,798.178,27.523,29.884,12.47153125,0.08018261590772985,18.556,0.571,8.397,61.1,58,Qwen2.5-14B-Instruct-Q4_K_M,llama.cpp,finegrained_gpu_emc
2026-05-22T09:00:51.051734,GPU306_EMC3199_CPU1036,306,1036,3199,306,3199,p128_o64,128,64,decode,1,479.9836470047012,480.4050745719689,30745.771269022953,64,2.0815870722515073,823.18,27.439,28.486,12.8621875,0.07774727277144731,18.456,0.585,8.398,60.8,60,Qwen2.5-14B-Instruct-Q4_K_M,llama.cpp,finegrained_gpu_emc
2026-05-22T09:01:21.204166,GPU306_EMC3199_CPU1036,306,1036,3199,306,3199,p128_o64,128,64,decode,2,479.6493879985064,458.00644663506233,29334.31759197265,64,2.181744974954305,796.454,27.464,29.485,12.44459375,0.08035617876236419,18.536,0.543,8.385,60.5,58,Qwen2.5-14B-Instruct-Q4_K_M,llama.cpp,finegrained_gpu_emc
2026-05-22T09:02:23.485598,GPU306_EMC3199_CPU1036,306,1036,3199,306,3199,p512_o128,512,128,decode,0,479.68863300047815,487.7946398961358,61454.51477798633,126,2.0502968814446576,1637.66,27.294,28.486,12.997301587301587,0.07693904717706972,18.39,0.555,8.349,60.2,120,Qwen2.5-14B-Instruct-Q4_K_M,llama.cpp,finegrained_gpu_emc
2026-05-22T09:03:24.769432,GPU306_EMC3199_CPU1036,306,1036,3199,306,3199,p512_o128,512,128,decode,1,479.6369969844818,472.2590547799331,60457.033268001396,128,2.1172061062372314,1610.965,27.304,29.784,12.5856640625,0.07945548165230157,18.424,0.538,8.343,60.2,118,Qwen2.5-14B-Instruct-Q4_K_M,llama.cpp,finegrained_gpu_emc
2026-05-22T09:04:27.047767,GPU306_EMC3199_CPU1036,306,1036,3199,306,3199,p512_o128,512,128,decode,2,480.91082996688783,480.0910509528783,61452.96705997316,128,2.0828937335943807,1460.035,27.29,28.486,11.4065234375,0.08766913121945706,18.393,0.544,8.353,60.1,107,Qwen2.5-14B-Instruct-Q4_K_M,llama.cpp,finegrained_gpu_emc
2026-05-22T09:05:28.358154,GPU306_EMC3199_CPU1036,306,1036,3199,306,3199,p1024_o128,1024,128,decode,0,480.6129109929316,472.4753997247395,60485.48456700519,128,2.1162102100414346,1436.09,27.354,29.884,11.219453125,0.08913090405197446,18.454,0.555,8.345,60.0,105,Qwen2.5-14B-Instruct-Q4_K_M,llama.cpp,finegrained_gpu_emc
2026-05-22T09:06:30.636602,GPU306_EMC3199_CPU1036,306,1036,3199,306,3199,p1024_o128,1024,128,decode,1,480.8608469902538,480.083731897762,61451.98774203891,128,2.08292692723487,1556.492,27.307,28.885,12.16009375,0.08223620808844505,18.391,0.567,8.349,60.0,114,Qwen2.5-14B-Instruct-Q4_K_M,llama.cpp,finegrained_gpu_emc
2026-05-22T09:07:32.048103,GPU306_EMC3199_CPU1036,306,1036,3199,306,3199,p1024_o128,1024,128,decode,2,480.19149899482727,473.2574399053779,60584.379276959226,128,2.112755821345512,1621.931,27.49,30.083,12.6713359375,0.07891827704137845,18.61,0.575,8.306,60.0,118,Qwen2.5-14B-Instruct-Q4_K_M,llama.cpp,finegrained_gpu_emc
2026-05-22T09:09:36.469777,GPU306_EMC3199_CPU1036,306,1036,3199,306,3199,p128_o256,128,256,decode,0,478.69923402322456,482.7336397567563,123576.73745503416,256,2.0715873009121206,3266.005,27.331,28.985,12.75783203125,0.07838322354068655,18.405,0.571,8.355,59.9,239,Qwen2.5-14B-Instruct-Q4_K_M,llama.cpp,finegrained_gpu_emc
2026-05-22T09:11:39.872190,GPU306_EMC3199_CPU1036,306,1036,3199,306,3199,p128_o256,128,256,decode,1,498.41063702479005,478.6595855999336,122557.6877000276,256,2.088812254899799,3264.062,27.314,29.884,12.7502421875,0.07842988276570727,18.411,0.549,8.354,59.8,239,Qwen2.5-14B-Instruct-Q4_K_M,llama.cpp,finegrained_gpu_emc
2026-05-22T09:13:42.542528,GPU306_EMC3199_CPU1036,306,1036,3199,306,3199,p128_o256,128,256,decode,2,493.4998090029694,475.8088976119681,121825.73926803889,256,2.101362171394283,3253.021,27.336,29.884,12.70711328125,0.07869607973634353,18.423,0.555,8.358,59.7,238,Qwen2.5-14B-Instruct-Q4_K_M,llama.cpp,finegrained_gpu_emc
2026-05-22T09:17:30.794702,GPU306_EMC3199_CPU1036,306,1036,3199,306,3199,p1024_o512,1024,512,decode,0,493.585582007654,443.99637325633586,227377.78348696884,512,2.25175913032569,6211.787,28.044,37.391,12.132396484375,0.08242394660344922,19.048,0.547,8.45,59.7,443,Qwen2.5-14B-Instruct-Q4_K_M,llama.cpp,finegrained_gpu_emc
2026-05-22T09:19:49.050131,GPU306_EMC3199_CPU1036,306,1036,3199,306,3199,p1024_o512,1024,512,decode,1,288.02551596891135,268.3290273327938,137406.13912098343,512,3.726179945636883,4810.757,35.901,38.379,9.396009765625,0.10642815673292166,25.684,0.567,9.65,62.3,268,Qwen2.5-14B-Instruct-Q4_K_M,llama.cpp,finegrained_gpu_emc
2026-05-22T09:22:08.331226,GPU306_EMC3199_CPU1036,306,1036,3199,306,3199,p1024_o512,1024,512,decode,2,287.06544399028644,270.8676213451077,138431.57437100308,511,3.6913543916685954,4865.64,36.042,38.391,9.521800391389434,0.10502215535880172,25.726,0.621,9.695,63.7,270,Qwen2.5-14B-Instruct-Q4_K_M,llama.cpp,finegrained_gpu_emc
2026-05-22T09:22:27.121551,GPU306_EMC3199_CPU1036,306,1036,3199,306,3199,p128_o64,128,64,mixed,0,578.794750967063,276.1285108891094,17975.165975978598,64,3.560467819074796,651.312,36.184,37.589,10.17675,0.09826319797577812,25.823,0.632,9.729,64.1,36,Qwen2.5-14B-Instruct-Q4_K_M,llama.cpp,finegrained_gpu_emc
2026-05-22T09:22:45.590856,GPU306_EMC3199_CPU1036,306,1036,3199,306,3199,p128_o64,128,64,mixed,1,275.58767196023837,275.85070574608085,17654.45032500429,64,3.625148266970155,632.878,36.164,37.89,9.88871875,0.10112533537269426,25.786,0.616,9.763,64.2,35,Qwen2.5-14B-Instruct-Q4_K_M,llama.cpp,finegrained_gpu_emc
2026-05-22T09:23:04.058390,GPU306_EMC3199_CPU1036,306,1036,3199,306,3199,p128_o64,128,64,mixed,2,275.64901497680694,275.8211515084397,17652.682167012244,64,3.625511375240046,632.957,36.169,37.79,9.889953125,0.10111271381784229,25.798,0.604,9.766,64.2,35,Qwen2.5-14B-Instruct-Q4_K_M,llama.cpp,finegrained_gpu_emc
2026-05-22T09:23:41.310907,GPU306_EMC3199_CPU1036,306,1036,3199,306,3199,p512_o128,512,128,mixed,0,1774.4921930134296,272.8910308581498,36432.158229989,128,3.513379558574635,1299.677,36.102,38.79,10.1537265625,0.09848600844671407,25.826,0.621,9.656,64.3,72,Qwen2.5-14B-Instruct-Q4_K_M,llama.cpp,finegrained_gpu_emc
2026-05-22T09:24:18.255505,GPU306_EMC3199_CPU1036,306,1036,3199,306,3199,p512_o128,512,128,mixed,1,287.67914802301675,282.17456988187314,36124.35544101754,128,3.5433158166377106,1259.462,35.985,37.89,9.839546875,0.10163069628142811,25.663,0.61,9.712,64.4,70,Qwen2.5-14B-Instruct-Q4_K_M,llama.cpp,finegrained_gpu_emc
2026-05-22T09:24:54.401286,GPU306_EMC3199_CPU1036,306,1036,3199,306,3199,p512_o128,512,128,mixed,2,122.90318502346054,277.18521462199755,35325.9363520192,128,3.6234000629026113,1238.253,35.891,37.89,9.6738515625,0.10337144347722155,25.601,0.601,9.689,64.5,69,Qwen2.5-14B-Instruct-Q4_K_M,llama.cpp,finegrained_gpu_emc
2026-05-22T09:25:31.803143,GPU306_EMC3199_CPU1036,306,1036,3199,306,3199,p1024_o128,1024,128,mixed,0,2461.954810016323,268.653731204672,36581.512589997146,128,3.499035193941115,1309.74,36.382,38.79,10.23234375,0.09772932032311757,25.993,0.671,9.718,64.6,72,Qwen2.5-14B-Instruct-Q4_K_M,llama.cpp,finegrained_gpu_emc
2026-05-22T09:26:08.171109,GPU306_EMC3199_CPU1036,306,1036,3199,306,3199,p1024_o128,1024,128,mixed,1,293.04196196608245,277.59324230701026,35547.90296399733,128,3.6007749916960647,1268.959,36.256,37.89,9.9137421875,0.10087008327298203,25.838,0.644,9.773,64.7,70,Qwen2.5-14B-Instruct-Q4_K_M,llama.cpp,finegrained_gpu_emc
2026-05-22T09:26:12.866119,GPU306_EMC3199_CPU1036,306,1036,3199,306,3199,p1024_o128,1024,128,mixed,2,291.47893498884514,276.39173125013866,3884.2850939836353,13,3.3468192178106815,146.014,36.504,37.79,11.231846153846154,0.08903255852178557,25.996,0.698,9.809,64.8,8,Qwen2.5-14B-Instruct-Q4_K_M,llama.cpp,finegrained_gpu_emc
2026-05-22T09:27:25.679794,GPU306_EMC3199_CPU1036,306,1036,3199,306,3199,p128_o256,128,256,mixed,0,288.46982098184526,281.15218277249085,71983.26266097138,256,3.556382282999805,2544.102,36.087,37.491,9.9378984375,0.10062489632884217,25.712,0.654,9.721,64.9,141,Qwen2.5-14B-Instruct-Q4_K_M,llama.cpp,finegrained_gpu_emc
2026-05-22T09:28:36.690452,GPU306_EMC3199_CPU1036,306,1036,3199,306,3199,p128_o256,128,256,mixed,1,275.71258699754253,274.13179444322617,70180.33347500023,256,3.647745562383126,2474.559,36.125,38.39,9.66624609375,0.10345277683821642,25.748,0.638,9.74,65.0,137,Qwen2.5-14B-Instruct-Q4_K_M,llama.cpp,finegrained_gpu_emc
2026-05-22T09:29:49.554796,GPU306_EMC3199_CPU1036,306,1036,3199,306,3199,p128_o256,128,256,mixed,2,287.85006602993235,281.3535752117305,72033.98610604927,256,3.5538780211761964,2522.675,36.038,37.491,9.85419921875,0.10147958020751781,25.674,0.65,9.715,65.2,140,Qwen2.5-14B-Instruct-Q4_K_M,llama.cpp,finegrained_gpu_emc
2026-05-22T09:32:16.860149,GPU306_EMC3199_CPU1036,306,1036,3199,306,3199,p1024_o512,1024,512,mixed,0,4105.027568002697,278.5636426849289,146453.14179401612,512,3.4959987455927672,5192.432,36.311,38.89,10.14146875,0.09860504672954792,25.867,0.684,9.76,65.4,286,Qwen2.5-14B-Instruct-Q4_K_M,llama.cpp,finegrained_gpu_emc
2026-05-22T09:34:36.379884,GPU306_EMC3199_CPU1036,306,1036,3199,306,3199,p1024_o512,1024,512,mixed,1,288.5757389594801,270.8017281330657,138670.25597195607,512,3.69221212156372,4926.756,36.36,39.377,9.6225703125,0.10392233753812853,25.919,0.66,9.781,65.6,271,Qwen2.5-14B-Instruct-Q4_K_M,llama.cpp,finegrained_gpu_emc
2026-05-22T09:36:42.863971,GPU306_EMC3199_CPU1036,306,1036,3199,306,3199,p1024_o512,1024,512,mixed,2,293.2504490017891,272.46130487796887,125638.19885300472,460,3.661306865264718,4468.394,36.477,39.389,9.7139,0.10294526400312953,25.979,0.689,9.809,65.8,245,Qwen2.5-14B-Instruct-Q4_K_M,llama.cpp,finegrained_gpu_emc
2026-05-22T09:37:31.052546,GPU408_EMC204_CPU1036,408,1036,3199,408,204,p128_o64,128,64,decode,0,347.0323460060172,328.0527845555399,21014.62112297304,64,3.045498637614534,680.698,32.414,35.194,10.63590625,0.09402113712689034,22.524,0.627,9.263,65.2,42,Qwen2.5-14B-Instruct-Q4_K_M,llama.cpp,finegrained_gpu_emc
2026-05-22T09:37:54.074400,GPU408_EMC204_CPU1036,408,1036,3199,408,204,p128_o64,128,64,decode,1,348.729279008694,352.5299900812247,22205.856718006544,63,2.837089367910486,709.538,32.252,33.396,11.262507936507937,0.08879017050531472,22.409,0.589,9.253,64.9,44,Qwen2.5-14B-Instruct-Q4_K_M,llama.cpp,finegrained_gpu_emc
2026-05-22T09:38:17.128890,GPU408_EMC204_CPU1036,408,1036,3199,408,204,p128_o64,128,64,decode,2,344.279594020918,347.5229070320474,22238.488615024835,64,2.877893417485221,704.242,32.011,33.795,11.00378125,0.09087785164758705,22.128,0.689,9.193,64.6,44,Qwen2.5-14B-Instruct-Q4_K_M,llama.cpp,finegrained_gpu_emc
2026-05-22T09:39:01.296164,GPU408_EMC204_CPU1036,408,1036,3199,408,204,p512_o128,512,128,decode,0,340.89071600465104,338.6138196613852,43345.33939603716,128,2.9530279790980796,1355.185,31.887,34.295,10.5873828125,0.09445204898224228,22.092,0.629,9.166,64.3,85,Qwen2.5-14B-Instruct-Q4_K_M,llama.cpp,finegrained_gpu_emc
2026-05-22T09:39:46.474833,GPU408_EMC204_CPU1036,408,1036,3199,408,204,p512_o128,512,128,decode,1,348.1377759599127,346.5202382520963,44356.69870499987,128,2.8856971717232844,1380.368,32.102,32.896,10.784125,0.09272889548294368,22.29,0.631,9.181,64.1,86,Qwen2.5-14B-Instruct-Q4_K_M,llama.cpp,finegrained_gpu_emc
2026-05-22T09:40:30.621546,GPU408_EMC204_CPU1036,408,1036,3199,408,204,p512_o128,512,128,decode,2,345.6034890259616,338.4144061256941,43324.767257028725,128,2.954430181716305,1368.442,32.199,34.195,10.690953125,0.09353702970239147,22.416,0.624,9.158,64.0,85,Qwen2.5-14B-Instruct-Q4_K_M,llama.cpp,finegrained_gpu_emc
2026-05-22T09:41:15.818447,GPU408_EMC204_CPU1036,408,1036,3199,408,204,p1024_o128,1024,128,decode,0,344.96627002954483,346.6857081809902,44374.54274605261,128,2.8845367654269833,1397.848,32.134,33.295,10.9206875,0.09156932656483395,22.373,0.592,9.17,63.9,87,Qwen2.5-14B-Instruct-Q4_K_M,llama.cpp,finegrained_gpu_emc
2026-05-22T09:42:00.083697,GPU408_EMC204_CPU1036,408,1036,3199,408,204,p1024_o128,1024,128,decode,1,346.258593024686,339.34160952747794,43443.138156028,128,2.9463801519190946,1372.616,32.297,35.083,10.7235625,0.09325259213064688,22.575,0.62,9.102,63.9,85,Qwen2.5-14B-Instruct-Q4_K_M,llama.cpp,finegrained_gpu_emc
2026-05-22T09:42:45.479746,GPU408_EMC204_CPU1036,408,1036,3199,408,204,p1024_o128,1024,128,decode,2,349.23210699344054,348.2208481891719,44573.7738290336,128,2.8716437717603767,1400.234,32.189,33.694,10.939328125,0.09141329234970727,22.373,0.637,9.179,63.8,87,Qwen2.5-14B-Instruct-Q4_K_M,llama.cpp,finegrained_gpu_emc
2026-05-22T09:44:15.677438,GPU408_EMC204_CPU1036,408,1036,3199,408,204,p128_o256,128,256,decode,0,345.8170859958045,349.0765485058849,89361.29212903325,256,2.864775048578626,2793.809,32.113,33.295,10.91331640625,0.09163117450047586,22.364,0.589,9.159,63.7,174,Qwen2.5-14B-Instruct-Q4_K_M,llama.cpp,finegrained_gpu_emc
2026-05-22T09:45:44.410273,GPU408_EMC204_CPU1036,408,1036,3199,408,204,p128_o256,128,256,decode,1,358.66832797182724,343.286465129395,87897.69006200368,256,2.9124769925058978,2732.957,32.152,34.694,10.67561328125,0.09367143354249628,22.388,0.606,9.159,63.6,170,Qwen2.5-14B-Instruct-Q4_K_M,llama.cpp,finegrained_gpu_emc
2026-05-22T09:47:14.746024,GPU408_EMC204_CPU1036,408,1036,3199,408,204,p128_o256,128,256,decode,2,360.93548603821546,349.56308515678506,89500.49916800344,256,2.8603192426832895,2776.86,32.102,33.694,10.847109375,0.0921904597278941,22.362,0.586,9.155,63.6,173,Qwen2.5-14B-Instruct-Q4_K_M,llama.cpp,finegrained_gpu_emc
2026-05-22T09:50:14.660296,GPU408_EMC204_CPU1036,408,1036,3199,408,204,p1024_o512,1024,512,decode,0,357.4718430172652,349.6957208159099,179053.96363005275,512,2.859473142174357,5553.312,32.1,34.594,10.8463125,0.09219723293054667,22.373,0.596,9.131,63.5,346,Qwen2.5-14B-Instruct-Q4_K_M,llama.cpp,finegrained_gpu_emc
2026-05-22T09:52:01.803409,GPU408_EMC204_CPU1036,408,1036,3199,408,204,p1024_o512,1024,512,decode,1,356.7441910272464,237.5387312404895,106302.40368505474,446,4.195577753080516,3945.676,37.939,42.086,8.846807174887893,0.1130351301019141,27.337,0.643,9.96,64.5,208,Qwen2.5-14B-Instruct-Q4_K_M,llama.cpp,finegrained_gpu_emc
2026-05-22T09:54:00.800172,GPU408_EMC204_CPU1036,408,1036,3199,408,204,p1024_o512,1024,512,decode,2,245.11849705595523,238.6764716213241,118153.28746696468,495,4.189472934795831,4558.867,39.642,42.485,9.209832323232323,0.10857960980217234,28.741,0.678,10.223,66.0,230,Qwen2.5-14B-Instruct-Q4_K_M,llama.cpp,finegrained_gpu_emc
2026-05-22T09:54:17.031031,GPU408_EMC204_CPU1036,408,1036,3199,408,204,p128_o64,128,64,mixed,0,528.3557380316779,236.3109047458108,15416.220810962841,64,4.15147141344058,610.796,39.406,40.886,9.5436875,0.10478130177669794,28.534,0.682,10.19,66.4,31,Qwen2.5-14B-Instruct-Q4_K_M,llama.cpp,finegrained_gpu_emc
2026-05-22T09:54:32.814702,GPU408_EMC204_CPU1036,408,1036,3199,408,204,p128_o64,128,64,mixed,1,102.26947499904782,235.98329506311862,14969.48624192737,64,4.275363827834334,585.228,39.015,40.376,9.1441875,0.10935908739841567,28.269,0.598,10.147,66.3,30,Qwen2.5-14B-Instruct-Q4_K_M,llama.cpp,finegrained_gpu_emc
2026-05-22T09:54:47.760325,GPU408_EMC204_CPU1036,408,1036,3199,408,204,p128_o64,128,64,mixed,2,236.71297496184707,220.5541636185011,14131.895452970639,64,4.528762628692295,558.216,39.873,42.186,8.722125,0.1146509594852172,28.879,0.684,10.309,66.5,28,Qwen2.5-14B-Instruct-Q4_K_M,llama.cpp,finegrained_gpu_emc
2026-05-22T09:55:20.987416,GPU408_EMC204_CPU1036,408,1036,3199,408,204,p512_o128,512,128,mixed,0,1651.3041889993474,242.17589277917094,32408.14979292918,128,3.9496238081424533,1263.889,39.497,40.685,9.8741328125,0.10127471637145351,28.652,0.667,10.178,66.5,64,Qwen2.5-14B-Instruct-Q4_K_M,llama.cpp,finegrained_gpu_emc
2026-05-22T09:55:51.779198,GPU408_EMC204_CPU1036,408,1036,3199,408,204,p512_o128,512,128,mixed,1,248.06751206051558,234.05384138505173,29973.411565995775,128,4.2704514872512345,1170.858,39.69,41.586,9.147328125,0.10932154027217647,28.729,0.717,10.245,66.7,59,Qwen2.5-14B-Instruct-Q4_K_M,llama.cpp,finegrained_gpu_emc
2026-05-22T09:56:23.589557,GPU408_EMC204_CPU1036,408,1036,3199,408,204,p512_o128,512,128,mixed,2,248.0441549560055,242.07179537079642,30991.670188028365,128,4.130142042149266,1208.186,39.613,40.788,9.438953125,0.10594395233846444,28.683,0.7,10.23,66.7,61,Qwen2.5-14B-Instruct-Q4_K_M,llama.cpp,finegrained_gpu_emc
2026-05-22T09:56:55.647880,GPU408_EMC204_CPU1036,408,1036,3199,408,204,p1024_o128,1024,128,mixed,0,2267.4212070414796,228.12316090502873,31239.583046990447,128,4.0973658261527675,1215.138,39.841,42.074,9.493265625,0.10533782994194898,28.847,0.746,10.248,66.9,61,Qwen2.5-14B-Instruct-Q4_K_M,llama.cpp,finegrained_gpu_emc
2026-05-22T09:57:26.752823,GPU408_EMC204_CPU1036,408,1036,3199,408,204,p1024_o128,1024,128,mixed,1,249.45724697317928,236.50923326765516,30286.64637298789,128,4.226285024219812,1195.166,39.839,41.187,9.337234375,0.10709809348659517,28.789,0.725,10.325,67.0,60,Qwen2.5-14B-Instruct-Q4_K_M,llama.cpp,finegrained_gpu_emc
2026-05-22T09:57:56.746389,GPU408_EMC204_CPU1036,408,1036,3199,408,204,p1024_o128,1024,128,mixed,2,247.9207640280947,227.7722879767594,29175.511854002252,128,4.387240938240511,1136.466,39.876,41.687,8.878640625,0.11262985430272442,28.839,0.693,10.344,67.1,57,Qwen2.5-14B-Instruct-Q4_K_M,llama.cpp,finegrained_gpu_emc
2026-05-22T09:58:58.873334,GPU408_EMC204_CPU1036,408,1036,3199,408,204,p128_o256,128,256,mixed,0,244.61525806691498,239.42851391347017,61299.86430204008,256,4.17619195270356,2362.075,39.699,41.187,9.22685546875,0.10837928516241017,28.695,0.734,10.269,67.2,119,Qwen2.5-14B-Instruct-Q4_K_M,llama.cpp,finegrained_gpu_emc
2026-05-22T10:00:00.495654,GPU408_EMC204_CPU1036,408,1036,3199,408,204,p128_o256,128,256,mixed,1,242.91316396556795,237.45454687068204,60794.85798696987,256,4.210882440993091,2359.048,39.648,41.586,9.21503125,0.10851835147059323,28.69,0.714,10.244,67.3,119,Qwen2.5-14B-Instruct-Q4_K_M,llama.cpp,finegrained_gpu_emc
2026-05-22T10:01:02.641641,GPU408_EMC204_CPU1036,408,1036,3199,408,204,p128_o256,128,256,mixed,2,244.02160104364157,239.50521282705606,61318.82729998324,256,4.17490045508535,2375.014,39.584,41.087,9.2773984375,0.10778883829737425,28.592,0.722,10.27,67.4,120,Qwen2.5-14B-Instruct-Q4_K_M,llama.cpp,finegrained_gpu_emc
2026-05-22T10:03:09.879593,GPU408_EMC204_CPU1036,408,1036,3199,408,204,p1024_o512,1024,512,mixed,0,3741.2876778980717,237.93909534649768,125330.20145597402,512,4.08520846573326,4567.62,39.718,42.086,8.9211328125,0.11209338780371397,28.702,0.751,10.265,67.5,230,Qwen2.5-14B-Instruct-Q4_K_M,llama.cpp,finegrained_gpu_emc
2026-05-22T10:05:09.540137,GPU408_EMC204_CPU1036,408,1036,3199,408,204,p1024_o512,1024,512,mixed,1,246.15001596976072,232.03473128952496,118817.86605296656,512,4.3091162718892875,4441.678,39.836,42.585,8.67515234375,0.11527175090134854,28.819,0.728,10.288,67.7,223,Qwen2.5-14B-Instruct-Q4_K_M,llama.cpp,finegrained_gpu_emc
2026-05-22T10:07:09.380949,GPU408_EMC204_CPU1036,408,1036,3199,408,204,p1024_o512,1024,512,mixed,2,249.89092396572232,232.37673770075887,118996.44766002893,512,4.302649449358155,4635.958,39.965,42.686,9.05460546875,0.11044103505683184,28.916,0.758,10.291,67.8,232,Qwen2.5-14B-Instruct-Q4_K_M,llama.cpp,finegrained_gpu_emc
2026-05-22T10:07:56.238612,GPU408_EMC665_CPU1036,408,1036,3199,408,665,p128_o64,128,64,decode,0,345.18727904651314,346.46607596715467,22172.81527700834,64,2.8864174080033727,713.882,32.449,33.786,11.15440625,0.08965067055899996,22.409,0.716,9.324,66.6,44,Qwen2.5-14B-Instruct-Q4_K_M,llama.cpp,finegrained_gpu_emc
2026-05-22T10:08:19.256030,GPU408_EMC665_CPU1036,408,1036,3199,408,665,p128_o64,128,64,decode,1,344.79432099033147,346.92466138152497,22201.31070399657,64,2.8827126854487486,711.985,32.363,33.795,11.124765625,0.08988953418962478,22.409,0.653,9.301,66.2,44,Qwen2.5-14B-Instruct-Q4_K_M,llama.cpp,finegrained_gpu_emc
2026-05-22T10:08:42.579010,GPU408_EMC665_CPU1036,408,1036,3199,408,665,p128_o64,128,64,decode,2,347.8786440100521,351.72521711016697,22506.838068948127,64,2.843580240100385,710.984,32.317,33.295,11.109125,0.09001609037615474,22.391,0.698,9.228,65.9,44,Qwen2.5-14B-Instruct-Q4_K_M,llama.cpp,finegrained_gpu_emc
2026-05-22T10:09:26.504294,GPU408_EMC665_CPU1036,408,1036,3199,408,665,p512_o128,512,128,decode,0,345.43820295948535,336.6714203702726,43103.20608492475,128,2.9696166857705677,1375.778,32.371,35.194,10.748265625,0.09303826634820443,22.444,0.667,9.26,65.6,85,Qwen2.5-14B-Instruct-Q4_K_M,llama.cpp,finegrained_gpu_emc
2026-05-22T10:10:12.064623,GPU408_EMC665_CPU1036,408,1036,3199,408,665,p512_o128,512,128,decode,1,348.16428809426725,349.52039261418213,44737.75382107124,128,2.8611181623453055,1418.916,32.248,33.795,11.08528125,0.09020970938378312,22.382,0.653,9.213,65.2,88,Qwen2.5-14B-Instruct-Q4_K_M,llama.cpp,finegrained_gpu_emc
2026-05-22T10:10:56.034358,GPU408_EMC665_CPU1036,408,1036,3199,408,665,p512_o128,512,128,decode,2,347.59849798865616,337.00149388265186,43147.28594000917,128,2.96658288491118,1373.23,32.311,34.694,10.728359375,0.09321089693641997,22.435,0.629,9.247,64.9,85,Qwen2.5-14B-Instruct-Q4_K_M,llama.cpp,finegrained_gpu_emc
2026-05-22T10:11:41.568325,GPU408_EMC665_CPU1036,408,1036,3199,408,665,p1024_o128,1024,128,decode,0,346.0090149892494,349.32807392869734,44711.17045893334,128,2.862819261633207,1416.802,32.2,33.795,11.068765625,0.0903443106376191,22.382,0.644,9.174,64.7,88,Qwen2.5-14B-Instruct-Q4_K_M,llama.cpp,finegrained_gpu_emc
2026-05-22T10:12:26.196063,GPU408_EMC665_CPU1036,408,1036,3199,408,665,p1024_o128,1024,128,decode,1,139.6694170543924,343.8201291811117,43805.32664607745,128,2.922019073939762,1386.234,32.238,33.391,10.829953125,0.09233650307235287,22.438,0.673,9.127,64.4,86,Qwen2.5-14B-Instruct-Q4_K_M,llama.cpp,finegrained_gpu_emc
2026-05-22T10:13:11.618239,GPU408_EMC665_CPU1036,408,1036,3199,408,665,p1024_o128,1024,128,decode,2,348.28681591898203,348.4318206933745,44599.66403490398,128,2.8699767760543304,1401.118,32.21,33.795,10.946234375,0.09135561744264224,22.387,0.619,9.203,64.3,87,Qwen2.5-14B-Instruct-Q4_K_M,llama.cpp,finegrained_gpu_emc
2026-05-22T10:14:41.944424,GPU408_EMC665_CPU1036,408,1036,3199,408,665,p128_o256,128,256,decode,0,346.3718369603157,349.57860798447155,89489.92565390654,256,2.8606571983315168,2814.716,32.168,33.594,10.994984375,0.09095056126444018,22.366,0.616,9.186,64.1,175,Qwen2.5-14B-Instruct-Q4_K_M,llama.cpp,finegrained_gpu_emc
2026-05-22T10:16:10.712426,GPU408_EMC665_CPU1036,408,1036,3199,408,665,p128_o256,128,256,decode,1,357.5820530531928,343.4281602392302,87932.7296159463,256,2.9113164247044514,2769.188,32.2,35.093,10.817140625,0.09244587221958206,22.394,0.603,9.202,64.1,172,Qwen2.5-14B-Instruct-Q4_K_M,llama.cpp,finegrained_gpu_emc
2026-05-22T10:17:41.170107,GPU408_EMC665_CPU1036,408,1036,3199,408,665,p128_o256,128,256,decode,2,361.2374330405146,350.0390715289897,89622.18135898001,256,2.8564357184589904,2814.501,32.166,33.694,10.99414453125,0.0909575089864953,22.364,0.613,9.189,64.1,175,Qwen2.5-14B-Instruct-Q4_K_M,llama.cpp,finegrained_gpu_emc
2026-05-22T10:20:32.761387,GPU408_EMC665_CPU1036,408,1036,3199,408,665,p1024_o512,1024,512,decode,0,147.34030095860362,333.8226671075474,170732.66805300955,512,2.9988402678802677,5363.412,32.407,43.871,10.4754140625,0.09546162032676214,22.586,0.623,9.198,64.1,331,Qwen2.5-14B-Instruct-Q4_K_M,llama.cpp,finegrained_gpu_emc
2026-05-22T10:22:18.116665,GPU408_EMC665_CPU1036,408,1036,3199,408,665,p1024_o512,1024,512,decode,1,212.07366394810379,207.3567968906157,104514.56236699596,504,4.822294506962938,4300.682,42.164,44.37,8.533099206349206,0.11719071533305649,30.915,0.688,10.56,66.0,204,Qwen2.5-14B-Instruct-Q4_K_M,llama.cpp,finegrained_gpu_emc
2026-05-22T10:24:03.725836,GPU408_EMC665_CPU1036,408,1036,3199,408,665,p1024_o512,1024,512,decode,2,216.9691550079733,204.59896291983395,104768.99152295664,512,4.886942143447207,4340.81,42.557,44.883,8.47814453125,0.11795033645794217,31.192,0.755,10.61,67.4,204,Qwen2.5-14B-Instruct-Q4_K_M,llama.cpp,finegrained_gpu_emc
2026-05-22T10:24:17.198506,GPU408_EMC665_CPU1036,408,1036,3199,408,665,p128_o64,128,64,mixed,0,493.6762109864503,193.0999514916616,12659.24524597358,64,5.055593659531633,535.042,42.803,44.883,8.36003125,0.11961677774828891,31.375,0.766,10.662,67.9,25,Qwen2.5-14B-Instruct-Q4_K_M,llama.cpp,finegrained_gpu_emc
2026-05-22T10:24:31.451423,GPU408_EMC665_CPU1036,408,1036,3199,408,665,p128_o64,128,64,mixed,1,211.55770006589592,209.95737299958748,13439.143522060476,64,4.76220823856397,575.95,42.663,44.085,8.99921875,0.11112075701015713,31.226,0.754,10.684,68.0,27,Qwen2.5-14B-Instruct-Q4_K_M,llama.cpp,finegrained_gpu_emc
2026-05-22T10:24:45.705884,GPU408_EMC665_CPU1036,408,1036,3199,408,665,p128_o64,128,64,mixed,2,211.08932397328317,209.9908298742588,13440.779056982137,64,4.7616287514787805,576.55,42.707,43.884,9.00859375,0.11100511664209523,31.226,0.798,10.684,68.0,27,Qwen2.5-14B-Instruct-Q4_K_M,llama.cpp,finegrained_gpu_emc
2026-05-22T10:25:14.474850,GPU408_EMC665_CPU1036,408,1036,3199,408,665,p512_o128,512,128,mixed,0,1555.8317919494584,207.83435810984324,27951.312189921737,128,4.579391447896042,1168.43,42.488,44.27,9.128359375,0.10954871066302645,31.208,0.754,10.526,68.1,55,Qwen2.5-14B-Instruct-Q4_K_M,llama.cpp,finegrained_gpu_emc
2026-05-22T10:25:42.781179,GPU408_EMC665_CPU1036,408,1036,3199,408,665,p512_o128,512,128,mixed,1,215.1238729711622,214.74859605480984,27488.74260194134,128,4.656451619251593,1148.217,42.527,44.383,8.9704453125,0.11147718593262422,31.165,0.761,10.6,68.2,54,Qwen2.5-14B-Instruct-Q4_K_M,llama.cpp,finegrained_gpu_emc
2026-05-22T10:26:10.180358,GPU408_EMC665_CPU1036,408,1036,3199,408,665,p512_o128,512,128,mixed,2,221.86678694561124,207.54993300037972,26581.21156494599,128,4.815431369155505,1106.075,42.541,44.283,8.6412109375,0.11572452139321474,31.205,0.744,10.592,68.2,52,Qwen2.5-14B-Instruct-Q4_K_M,llama.cpp,finegrained_gpu_emc
2026-05-22T10:26:39.994887,GPU408_EMC665_CPU1036,408,1036,3199,408,665,p1024_o128,1024,128,mixed,0,2160.677903913893,211.30076473245148,28996.392070897855,128,4.4143422977256135,1214.884,42.628,43.482,9.49128125,0.10535985328640429,31.248,0.784,10.596,68.3,57,Qwen2.5-14B-Instruct-Q4_K_M,llama.cpp,finegrained_gpu_emc
2026-05-22T10:27:06.752090,GPU408_EMC665_CPU1036,408,1036,3199,408,665,p1024_o128,1024,128,mixed,1,222.6909319870174,202.49468046442172,25940.031469915994,128,4.934458161642875,1089.634,42.731,45.369,8.512765625,0.11747063692946438,31.227,0.782,10.721,68.4,51,Qwen2.5-14B-Instruct-Q4_K_M,llama.cpp,finegrained_gpu_emc
2026-05-22T10:27:34.593511,GPU408_EMC665_CPU1036,408,1036,3199,408,665,p1024_o128,1024,128,mixed,2,217.55189006216824,211.07284645696618,27024.315957096405,128,4.736475113864558,1134.008,42.793,43.971,8.8594375,0.11287398325232273,31.312,0.768,10.713,68.5,53,Qwen2.5-14B-Instruct-Q4_K_M,llama.cpp,finegrained_gpu_emc
2026-05-22T10:28:30.598121,GPU408_EMC665_CPU1036,408,1036,3199,408,665,p128_o256,128,256,mixed,0,221.85584192629904,215.5143251140401,55178.97947994061,256,4.639447891439611,2291.226,42.43,43.884,8.9501015625,0.11173057568306224,31.097,0.761,10.572,68.5,108,Qwen2.5-14B-Instruct-Q4_K_M,llama.cpp,finegrained_gpu_emc
2026-05-22T10:29:24.541339,GPU408_EMC665_CPU1036,408,1036,3199,408,665,p128_o256,128,256,mixed,1,215.5911570880562,207.4558720978744,53117.8439630894,256,4.819472721405817,2216.62,42.627,44.883,8.658671875,0.11549115319721018,31.207,0.752,10.669,68.6,104,Qwen2.5-14B-Instruct-Q4_K_M,llama.cpp,finegrained_gpu_emc
2026-05-22T10:30:19.371656,GPU408_EMC665_CPU1036,408,1036,3199,408,665,p128_o256,128,256,mixed,2,209.84950195997953,210.95670762371418,54004.778151982464,256,4.740321296748119,2254.586,42.539,44.27,8.8069765625,0.11354634509395517,31.161,0.775,10.603,68.7,106,Qwen2.5-14B-Instruct-Q4_K_M,llama.cpp,finegrained_gpu_emc
2026-05-22T10:32:12.155274,GPU408_EMC665_CPU1036,408,1036,3199,408,665,p1024_o512,1024,512,mixed,0,3539.9365019984543,212.13159821731622,111941.21182605159,512,4.573829348887257,4669.594,42.645,44.87,9.12030078125,0.10964550665432583,31.246,0.783,10.615,68.8,219,Qwen2.5-14B-Instruct-Q4_K_M,llama.cpp,finegrained_gpu_emc
2026-05-22T10:33:57.671750,GPU408_EMC665_CPU1036,408,1036,3199,408,665,p1024_o512,1024,512,mixed,1,221.88531002029777,204.40846493143275,104676.60781391896,512,4.891255178140372,4361.378,42.759,45.382,8.51831640625,0.11739408966615598,31.34,0.773,10.646,69.0,204,Qwen2.5-14B-Instruct-Q4_K_M,llama.cpp,finegrained_gpu_emc
2026-05-22T10:35:32.006052,GPU408_EMC665_CPU1036,408,1036,3199,408,665,p1024_o512,1024,512,mixed,2,215.42046894319355,205.9020224314253,93497.58296692744,453,4.845045033519615,3936.094,43.017,45.269,8.688949227373069,0.1150887148528465,31.538,0.77,10.71,69.1,183,Qwen2.5-14B-Instruct-Q4_K_M,llama.cpp,finegrained_gpu_emc
2026-05-22T10:36:21.329990,GPU408_EMC2133_CPU1036,408,1036,3199,408,2133,p128_o64,128,64,decode,0,348.95198489539325,346.24982730204624,22162.958811968565,64,2.8877010756090185,713.638,32.438,33.396,11.15059375,0.08968132302371791,22.4,0.689,9.349,67.6,44,Qwen2.5-14B-Instruct-Q4_K_M,llama.cpp,finegrained_gpu_emc
2026-05-22T10:36:44.552946,GPU408_EMC2133_CPU1036,408,1036,3199,408,2133,p128_o64,128,64,decode,1,343.9790209522471,350.1953496357485,22406.550202984363,64,2.8563076163092584,713.335,32.424,33.396,11.145859375,0.08971941654341929,22.391,0.753,9.28,67.1,44,Qwen2.5-14B-Instruct-Q4_K_M,llama.cpp,finegrained_gpu_emc
2026-05-22T10:37:06.294681,GPU408_EMC2133_CPU1036,408,1036,3199,408,2133,p128_o64,128,64,decode,2,348.5889519797638,326.6222123962103,20926.054536015727,64,3.058388282886768,667.038,32.538,35.194,10.42246875,0.0959465577673236,22.52,0.72,9.298,66.7,41,Qwen2.5-14B-Instruct-Q4_K_M,llama.cpp,finegrained_gpu_emc
2026-05-22T10:37:51.479792,GPU408_EMC2133_CPU1036,408,1036,3199,408,2133,p512_o128,512,128,decode,0,345.1429030392319,346.5916045508751,44362.77187196538,128,2.8853021260578253,1406.433,32.332,33.496,10.9877578125,0.09101037873826909,22.378,0.656,9.298,66.2,87,Qwen2.5-14B-Instruct-Q4_K_M,llama.cpp,finegrained_gpu_emc
2026-05-22T10:38:35.780356,GPU408_EMC2133_CPU1036,408,1036,3199,408,2133,p512_o128,512,128,decode,1,344.9913540389389,339.62920892114687,43478.39808696881,128,2.943990708764491,1374.778,32.348,34.694,10.740453125,0.09310594146836798,22.416,0.681,9.251,65.8,85,Qwen2.5-14B-Instruct-Q4_K_M,llama.cpp,finegrained_gpu_emc
2026-05-22T10:39:20.965946,GPU408_EMC2133_CPU1036,408,1036,3199,408,2133,p512_o128,512,128,decode,2,347.25445695221424,346.5786018980828,44363.28574398067,128,2.885268704817866,1404.184,32.28,33.795,10.9701875,0.09115614477874695,22.378,0.651,9.251,65.5,87,Qwen2.5-14B-Instruct-Q4_K_M,llama.cpp,finegrained_gpu_emc
2026-05-22T10:40:05.429976,GPU408_EMC2133_CPU1036,408,1036,3199,408,2133,p1024_o128,1024,128,decode,0,348.36294199340045,340.8887245670313,43641.78345899563,128,2.9329690460579947,1394.434,32.429,35.194,10.894015625,0.09179351622235259,22.587,0.687,9.155,65.3,86,Qwen2.5-14B-Instruct-Q4_K_M,llama.cpp,finegrained_gpu_emc
2026-05-22T10:40:50.767972,GPU408_EMC2133_CPU1036,408,1036,3199,408,2133,p1024_o128,1024,128,decode,1,348.38592098094523,356.18329433078367,44515.609929920174,125,2.8080037586092703,1405.18,32.303,33.796,11.24144,0.08895657495836833,22.378,0.679,9.246,65.1,87,Qwen2.5-14B-Instruct-Q4_K_M,llama.cpp,finegrained_gpu_emc
2026-05-22T10:41:36.116540,GPU408_EMC2133_CPU1036,408,1036,3199,408,2133,p1024_o128,1024,128,decode,2,348.76653796527535,347.84936340155417,44526.14057902247,128,2.8747158036936273,1402.69,32.246,33.295,10.958515625,0.09125323485588405,22.373,0.656,9.217,64.8,87,Qwen2.5-14B-Instruct-Q4_K_M,llama.cpp,finegrained_gpu_emc
2026-05-22T10:43:05.258148,GPU408_EMC2133_CPU1036,408,1036,3199,408,2133,p128_o256,128,256,decode,0,349.63494702242315,344.9220946980823,88305.73408503551,256,2.899018989565054,2787.888,32.23,34.694,10.8901875,0.09182578353219355,22.376,0.643,9.211,64.6,173,Qwen2.5-14B-Instruct-Q4_K_M,llama.cpp,finegrained_gpu_emc
2026-05-22T10:44:35.400961,GPU408_EMC2133_CPU1036,408,1036,3199,408,2133,p128_o256,128,256,decode,1,360.2278250036761,348.8087008040691,89307.40877508651,256,2.866503501906715,2800.545,32.006,33.694,10.93962890625,0.09141077897337839,22.202,0.627,9.177,64.3,175,Qwen2.5-14B-Instruct-Q4_K_M,llama.cpp,finegrained_gpu_emc
2026-05-22T10:46:04.524313,GPU408_EMC2133_CPU1036,408,1036,3199,408,2133,p128_o256,128,256,decode,2,353.426368907094,346.19577545681824,88288.13868691213,255,2.888270200193962,2746.834,31.94,34.295,10.771898039215685,0.09283415015250285,22.111,0.645,9.184,64.3,172,Qwen2.5-14B-Instruct-Q4_K_M,llama.cpp,finegrained_gpu_emc
2026-05-22T10:48:55.630061,GPU408_EMC2133_CPU1036,408,1036,3199,408,2133,p1024_o512,1024,512,decode,0,348.6747549613938,332.47825299018774,170247.0605300041,512,3.007394068397239,5390.19,32.471,44.782,10.52771484375,0.09498737521311866,22.601,0.656,9.213,64.3,332,Qwen2.5-14B-Instruct-Q4_K_M,llama.cpp,finegrained_gpu_emc
2026-05-22T10:50:32.687786,GPU408_EMC2133_CPU1036,408,1036,3199,408,2133,p1024_o512,1024,512,decode,1,201.34180400054902,187.89896026227274,96219.66138808057,512,5.321157782243299,4188.274,44.556,47.066,8.18022265625,0.12224606126533268,33.009,0.717,10.829,66.7,188,Qwen2.5-14B-Instruct-Q4_K_M,llama.cpp,finegrained_gpu_emc
2026-05-22T10:52:10.226041,GPU408_EMC2133_CPU1036,408,1036,3199,408,2133,p1024_o512,1024,512,decode,2,92.57462795358151,189.05316188465804,96700.77137101907,512,5.294683721141906,4220.926,44.666,47.08,8.24399609375,0.12130039711665164,33.009,0.771,10.887,68.2,189,Qwen2.5-14B-Instruct-Q4_K_M,llama.cpp,finegrained_gpu_emc
2026-05-22T10:52:22.708595,GPU408_EMC2133_CPU1036,408,1036,3199,408,2133,p128_o64,128,64,mixed,0,470.53095302544534,177.75428112751493,11669.353050994687,64,5.484451427626031,517.441,44.995,46.781,8.085015625,0.12368559893784992,33.298,0.798,10.899,68.7,23,Qwen2.5-14B-Instruct-Q4_K_M,llama.cpp,finegrained_gpu_emc
2026-05-22T10:52:35.938199,GPU408_EMC2133_CPU1036,408,1036,3199,408,2133,p128_o64,128,64,mixed,1,194.33102698531002,193.99733660328718,12416.431894991547,64,5.15445987553122,562.24,44.979,46.58,8.785,0.11383039271485486,33.225,0.782,10.972,68.8,25,Qwen2.5-14B-Instruct-Q4_K_M,llama.cpp,finegrained_gpu_emc
2026-05-22T10:52:49.169800,GPU408_EMC2133_CPU1036,408,1036,3199,408,2133,p128_o64,128,64,mixed,2,193.79575503990054,194.03518931681498,12418.279136065394,64,5.1536931404714545,561.573,44.926,46.167,8.774578125,0.11396559307516566,33.22,0.766,10.94,68.9,25,Qwen2.5-14B-Instruct-Q4_K_M,llama.cpp,finegrained_gpu_emc
2026-05-22T10:53:15.851419,GPU408_EMC2133_CPU1036,408,1036,3199,408,2133,p512_o128,512,128,mixed,0,1499.4869061047211,191.8455162828084,25864.372222102247,128,4.948892588648193,1137.922,44.624,46.566,8.890015625,0.11248574155346323,33.056,0.782,10.786,69.0,51,Qwen2.5-14B-Instruct-Q4_K_M,llama.cpp,finegrained_gpu_emc
2026-05-22T10:53:37.547297,GPU408_EMC2133_CPU1036,408,1036,3199,408,2133,p512_o128,512,128,mixed,1,206.38556499034166,198.7851054760293,20879.884306923486,104,4.980870510164418,915.158,44.642,46.181,8.799596153846155,0.11364157883119635,33.059,0.759,10.824,69.1,41,Qwen2.5-14B-Instruct-Q4_K_M,llama.cpp,finegrained_gpu_emc
2026-05-22T10:54:02.885458,GPU408_EMC2133_CPU1036,408,1036,3199,408,2133,p512_o128,512,128,mixed,2,206.4602579921484,191.45064415798822,24521.196878980845,128,5.219973585780368,1073.8,44.742,46.466,8.3890625,0.11920283106723785,33.084,0.798,10.859,69.2,48,Qwen2.5-14B-Instruct-Q4_K_M,llama.cpp,finegrained_gpu_emc
2026-05-22T10:54:30.576764,GPU408_EMC2133_CPU1036,408,1036,3199,408,2133,p1024_o128,1024,128,mixed,0,2074.46209306363,195.2648604569194,26873.62066307105,128,4.763035156475729,1187.144,44.798,45.382,9.2745625,0.10782179752414198,33.135,0.806,10.857,69.4,53,Qwen2.5-14B-Instruct-Q4_K_M,llama.cpp,finegrained_gpu_emc
2026-05-22T10:54:55.304788,GPU408_EMC2133_CPU1036,408,1036,3199,408,2133,p1024_o128,1024,128,mixed,1,207.2488230187446,186.64216887440503,23911.323258071207,128,5.35311235679079,1061.394,45.166,47.964,8.292140625,0.12059612170409857,33.373,0.798,10.995,69.5,47,Qwen2.5-14B-Instruct-Q4_K_M,llama.cpp,finegrained_gpu_emc
2026-05-22T10:55:21.043293,GPU408_EMC2133_CPU1036,408,1036,3199,408,2133,p1024_o128,1024,128,mixed,2,207.1964490460232,194.59686776362798,24921.522572054528,128,5.136122788241332,1103.476,45.04,46.181,8.62090625,0.11599708557322497,33.276,0.782,10.983,69.7,49,Qwen2.5-14B-Instruct-Q4_K_M,llama.cpp,finegrained_gpu_emc
2026-05-22T10:56:12.881275,GPU408_EMC2133_CPU1036,408,1036,3199,408,2133,p128_o256,128,256,mixed,0,203.45998695120215,199.25080807833913,51013.40493990574,256,5.01828882627165,2233.819,44.676,46.181,8.72585546875,0.1146019440250083,33.037,0.794,10.845,69.7,100,Qwen2.5-14B-Instruct-Q4_K_M,llama.cpp,finegrained_gpu_emc
2026-05-22T10:57:02.829871,GPU408_EMC2133_CPU1036,408,1036,3199,408,2133,p128_o256,128,256,mixed,1,199.61132400203496,191.85721859582426,49124.180175946094,256,5.211282897406026,2155.5,44.906,47.267,8.419921875,0.11876594757596845,33.179,0.798,10.93,69.7,96,Qwen2.5-14B-Instruct-Q4_K_M,llama.cpp,finegrained_gpu_emc
2026-05-22T10:57:54.680480,GPU408_EMC2133_CPU1036,408,1036,3199,408,2133,p128_o256,128,256,mixed,2,201.65493607055396,199.30691122323933,51025.947501999326,256,5.017055293093171,2230.191,44.604,46.295,8.71168359375,0.11478837462800272,32.966,0.79,10.848,69.6,100,Qwen2.5-14B-Instruct-Q4_K_M,llama.cpp,finegrained_gpu_emc
2026-05-22T10:59:38.771434,GPU408_EMC2133_CPU1036,408,1036,3199,408,2133,p1024_o512,1024,512,mixed,0,3366.8145739939064,195.46497756762906,103251.414044993,512,4.958769860303222,4534.42,44.895,47.78,8.8562890625,0.11291411029415008,33.211,0.798,10.886,69.6,202,Qwen2.5-14B-Instruct-Q4_K_M,llama.cpp,finegrained_gpu_emc
2026-05-22T11:01:15.708200,GPU408_EMC2133_CPU1036,408,1036,3199,408,2133,p1024_o512,1024,512,mixed,1,204.12090804893523,187.65658227186432,96098.60878600739,512,5.327860688806878,4229.496,44.995,47.267,8.260734375,0.12105461265361168,33.304,0.792,10.899,69.7,188,Qwen2.5-14B-Instruct-Q4_K_M,llama.cpp,finegrained_gpu_emc
2026-05-22T11:01:56.506084,GPU408_EMC2133_CPU1036,408,1036,3199,408,2133,p1024_o512,1024,512,mixed,2,97.0425580162555,191.71400166145898,39976.473108981736,208,5.203060295813526,1741.658,44.658,47.565,8.373355769230768,0.11942643159564048,33.054,0.788,10.817,69.7,78,Qwen2.5-14B-Instruct-Q4_K_M,llama.cpp,finegrained_gpu_emc
2026-05-22T11:02:44.600278,GPU408_EMC3199_CPU1036,408,1036,3199,408,3199,p128_o64,128,64,decode,0,344.72443105187267,346.6743410783007,22185.49933307804,64,2.8847671643151864,715.934,32.542,33.396,11.18646875,0.08939371506312034,22.428,0.762,9.353,68.0,44,Qwen2.5-14B-Instruct-Q4_K_M,llama.cpp,finegrained_gpu_emc
2026-05-22T11:03:06.349645,GPU408_EMC3199_CPU1036,408,1036,3199,408,3199,p128_o64,128,64,decode,1,347.9247159557417,326.75436181053226,20933.713470003568,64,3.057269322602852,669.582,32.663,35.294,10.46221875,0.09558201982729524,22.549,0.74,9.373,67.5,41,Qwen2.5-14B-Instruct-Q4_K_M,llama.cpp,finegrained_gpu_emc
2026-05-22T11:03:29.371343,GPU408_EMC3199_CPU1036,408,1036,3199,408,3199,p128_o64,128,64,decode,2,348.83940196596086,346.9271336364308,22205.515341018327,64,2.8821668408558994,714.727,32.488,34.295,11.167609375,0.08954467929713024,22.436,0.707,9.344,67.1,44,Qwen2.5-14B-Instruct-Q4_K_M,llama.cpp,finegrained_gpu_emc
2026-05-22T11:04:13.352567,GPU408_EMC3199_CPU1036,408,1036,3199,408,3199,p512_o128,512,128,decode,0,344.0628730459139,337.12129232264675,43158.9674949646,128,2.965779939358695,1376.934,32.398,34.694,10.757296875,0.09296015640546315,22.407,0.671,9.321,66.6,85,Qwen2.5-14B-Instruct-Q4_K_M,llama.cpp,finegrained_gpu_emc
2026-05-22T11:04:58.822921,GPU408_EMC3199_CPU1036,408,1036,3199,408,3199,p512_o128,512,128,decode,1,347.5234820507467,348.81398084987774,44647.40284299478,128,2.866908080860146,1413.098,32.116,33.795,11.039828125,0.0905811203469257,22.187,0.676,9.253,66.0,88,Qwen2.5-14B-Instruct-Q4_K_M,llama.cpp,finegrained_gpu_emc
2026-05-22T11:05:42.816713,GPU408_EMC3199_CPU1036,408,1036,3199,408,3199,p512_o128,512,128,decode,2,344.5967920124531,337.21703072408525,43171.658142935485,128,2.9649081250530016,1360.509,32.012,33.997,10.6289765625,0.09408243532383835,22.087,0.662,9.263,65.7,85,Qwen2.5-14B-Instruct-Q4_K_M,llama.cpp,finegrained_gpu_emc
2026-05-22T11:06:28.360546,GPU408_EMC3199_CPU1036,408,1036,3199,408,3199,p1024_o128,1024,128,decode,0,347.9231490055099,349.3910111728909,44721.07972903177,128,2.8621849198534823,1417.376,32.213,33.795,11.07325,0.09030772356805816,22.282,0.707,9.223,65.5,88,Qwen2.5-14B-Instruct-Q4_K_M,llama.cpp,finegrained_gpu_emc
2026-05-22T11:07:12.371303,GPU408_EMC3199_CPU1036,408,1036,3199,408,3199,p1024_o128,1024,128,decode,1,348.3190620318055,337.3209846932001,43188.58275900129,128,2.963746245489439,1374.48,32.341,35.093,10.738125,0.0931261276992026,22.435,0.648,9.258,65.3,85,Qwen2.5-14B-Instruct-Q4_K_M,llama.cpp,finegrained_gpu_emc
2026-05-22T11:07:57.898049,GPU408_EMC3199_CPU1036,408,1036,3199,408,3199,p1024_o128,1024,128,decode,2,347.62933396268636,349.2600974483841,44704.190269927494,128,2.8632662671468987,1417.916,32.225,33.795,11.07746875,0.09027333071916814,22.382,0.635,9.208,65.1,88,Qwen2.5-14B-Instruct-Q4_K_M,llama.cpp,finegrained_gpu_emc
2026-05-22T11:09:26.820292,GPU408_EMC3199_CPU1036,408,1036,3199,408,3199,p128_o256,128,256,decode,0,140.89512603823096,344.8921545212358,88089.41049897112,256,2.9061381901629377,2456.548,32.323,34.594,9.595890625,0.10421127533433094,22.455,0.672,9.196,65.0,152,Qwen2.5-14B-Instruct-Q4_K_M,llama.cpp,finegrained_gpu_emc
2026-05-22T11:10:57.257107,GPU408_EMC3199_CPU1036,408,1036,3199,408,3199,p128_o256,128,256,decode,1,360.1762689650059,349.9661399571992,89602.51136997249,256,2.8570627774367323,2707.054,32.227,33.795,10.5744296875,0.09456774781736899,22.364,0.646,9.216,64.9,168,Qwen2.5-14B-Instruct-Q4_K_M,llama.cpp,finegrained_gpu_emc
2026-05-22T11:12:25.872234,GPU408_EMC3199_CPU1036,408,1036,3199,408,3199,p128_o256,128,256,decode,2,356.75865097437054,342.83218839224065,87779.94791103993,256,2.916383594342545,2776.89,32.289,34.694,10.8472265625,0.09218946375261534,22.394,0.663,9.232,64.8,172,Qwen2.5-14B-Instruct-Q4_K_M,llama.cpp,finegrained_gpu_emc
2026-05-22T11:15:25.900315,GPU408_EMC3199_CPU1036,408,1036,3199,408,3199,p1024_o512,1024,512,decode,0,359.45527092553675,349.9135862721072,179167.35538793728,512,2.8576634336729803,5632.108,32.183,34.594,11.0002109375,0.09090734765739578,22.373,0.636,9.174,64.6,350,Qwen2.5-14B-Instruct-Q4_K_M,llama.cpp,finegrained_gpu_emc
2026-05-22T11:17:32.476028,GPU408_EMC3199_CPU1036,408,1036,3199,408,3199,p1024_o512,1024,512,decode,1,360.08167394902557,247.76183088147172,125729.57394400146,507,4.032464153786221,4607.467,37.612,47.364,9.087706114398422,0.11003876967539866,27.042,0.689,9.881,65.2,245,Qwen2.5-14B-Instruct-Q4_K_M,llama.cpp,finegrained_gpu_emc
2026-05-22T11:19:05.175747,GPU408_EMC3199_CPU1036,408,1036,3199,408,3199,p1024_o512,1024,512,decode,2,88.71597098186612,179.59363004119808,91863.10484004207,512,5.573510724371087,4130.291,46.149,48.564,8.066974609375,0.12396220992661292,34.352,0.76,11.037,68.0,179,Qwen2.5-14B-Instruct-Q4_K_M,llama.cpp,finegrained_gpu_emc
2026-05-22T11:19:17.056005,GPU408_EMC3199_CPU1036,408,1036,3199,408,3199,p128_o64,128,64,mixed,0,459.72357294522226,168.36874688872032,11067.224959959276,64,5.782840796274507,512.09,46.554,48.963,8.00140625,0.12497803120545216,34.649,0.798,11.107,68.9,22,Qwen2.5-14B-Instruct-Q4_K_M,llama.cpp,finegrained_gpu_emc
2026-05-22T11:19:29.667556,GPU408_EMC3199_CPU1036,408,1036,3199,408,3199,p128_o64,128,64,mixed,1,185.70433906279504,184.32510318973706,11798.45268605277,64,5.424440111172876,557.733,46.478,47.579,8.714578125,0.11475024787846516,34.585,0.765,11.128,69.0,24,Qwen2.5-14B-Instruct-Q4_K_M,llama.cpp,finegrained_gpu_emc
2026-05-22T11:19:41.245608,GPU408_EMC3199_CPU1036,408,1036,3199,408,3199,p128_o64,128,64,mixed,2,184.88915194757283,167.93842147666192,10765.281382016838,64,5.945037359349526,514.658,46.787,48.963,8.04153125,0.12435442565742687,34.846,0.798,11.144,69.2,22,Qwen2.5-14B-Instruct-Q4_K_M,llama.cpp,finegrained_gpu_emc
2026-05-22T11:20:06.595723,GPU408_EMC3199_CPU1036,408,1036,3199,408,3199,p512_o128,512,128,mixed,0,1469.6819300297648,181.60041583441637,24533.434191020206,128,5.217369855495034,1106.134,46.089,47.864,8.641671875,0.115718348771487,34.364,0.798,10.927,69.3,48,Qwen2.5-14B-Instruct-Q4_K_M,llama.cpp,finegrained_gpu_emc
2026-05-22T11:20:31.567994,GPU408_EMC3199_CPU1036,408,1036,3199,408,3199,p512_o128,512,128,mixed,1,183.194063953124,188.75368023621226,24155.41503194254,128,5.299018867228565,1109.712,46.238,47.565,8.669625,0.11534524272964516,34.398,0.798,11.042,69.4,48,Qwen2.5-14B-Instruct-Q4_K_M,llama.cpp,finegrained_gpu_emc
2026-05-22T11:20:55.660731,GPU408_EMC3199_CPU1036,408,1036,3199,408,3199,p512_o128,512,128,mixed,2,189.98355302028358,181.77924584964012,23276.44953096751,128,5.499120466362618,1064.158,46.268,48.263,8.313734375,0.12028289032267765,34.437,0.798,11.032,69.6,46,Qwen2.5-14B-Instruct-Q4_K_M,llama.cpp,finegrained_gpu_emc
2026-05-22T11:21:21.993729,GPU408_EMC3199_CPU1036,408,1036,3199,408,3199,p1024_o128,1024,128,mixed,0,2030.4992710007355,184.92204611882656,25516.110258060507,128,5.0164385835245,1160.612,46.424,46.767,9.06728125,0.11028664187514862,34.582,0.798,11.044,69.8,50,Qwen2.5-14B-Instruct-Q4_K_M,llama.cpp,finegrained_gpu_emc
2026-05-22T11:21:45.479270,GPU408_EMC3199_CPU1036,408,1036,3199,408,3199,p1024_o128,1024,128,mixed,1,188.09003103524446,177.01259392907653,22669.207917060703,128,5.6464257802174025,1045.986,46.488,49.049,8.171765625,0.12237257477633542,34.513,0.789,11.186,69.9,45,Qwen2.5-14B-Instruct-Q4_K_M,llama.cpp,finegrained_gpu_emc
2026-05-22T11:22:10.034641,GPU408_EMC3199_CPU1036,408,1036,3199,408,3199,p1024_o128,1024,128,mixed,2,185.2531189797446,185.4550642837719,23738.562435959466,128,5.392070406340362,1086.277,46.225,47.267,8.4865390625,0.11783366489394509,34.269,0.773,11.183,70.0,47,Qwen2.5-14B-Instruct-Q4_K_M,llama.cpp,finegrained_gpu_emc
2026-05-22T11:22:57.446025,GPU408_EMC3199_CPU1036,408,1036,3199,408,3199,p128_o256,128,256,mixed,0,195.7220199983567,181.92694256465663,46588.05223403033,256,5.494971086449593,2105.696,46.279,48.065,8.225375,0.12157500417914077,34.369,0.807,11.103,70.0,91,Qwen2.5-14B-Instruct-Q4_K_M,llama.cpp,finegrained_gpu_emc
2026-05-22T11:23:46.805273,GPU408_EMC3199_CPU1036,408,1036,3199,408,3199,p128_o256,128,256,mixed,1,182.07158206496388,189.61718570961452,48535.41645198129,256,5.274498885845033,2189.527,46.095,47.565,8.55283984375,0.11692022980305791,34.287,0.785,11.023,70.1,95,Qwen2.5-14B-Instruct-Q4_K_M,llama.cpp,finegrained_gpu_emc
2026-05-22T11:24:34.128547,GPU408_EMC3199_CPU1036,408,1036,3199,408,3199,p128_o256,128,256,mixed,2,192.1160960337147,181.59706867802157,46500.34686597064,256,5.505335277129793,2109.541,46.364,48.963,8.24039453125,0.1213534128988249,34.448,0.789,11.126,70.2,91,Qwen2.5-14B-Instruct-Q4_K_M,llama.cpp,finegrained_gpu_emc
2026-05-22T11:26:13.240418,GPU408_EMC3199_CPU1036,408,1036,3199,408,3199,p1024_o512,1024,512,mixed,0,3311.011148034595,185.83329035417557,98273.80687103141,512,5.209933514348516,4460.928,46.468,48.948,8.71275,0.1147743249835012,34.596,0.802,11.07,70.3,192,Qwen2.5-14B-Instruct-Q4_K_M,llama.cpp,finegrained_gpu_emc
2026-05-22T11:27:46.554046,GPU408_EMC3199_CPU1036,408,1036,3199,408,3199,p1024_o512,1024,512,mixed,1,196.68141810689121,180.58357516225288,92476.86038806569,512,5.536520139756762,4198.226,46.389,48.564,8.19966015625,0.12195627391188565,34.496,0.8,11.093,70.5,181,Qwen2.5-14B-Instruct-Q4_K_M,llama.cpp,finegrained_gpu_emc
2026-05-22T11:29:20.381762,GPU408_EMC3199_CPU1036,408,1036,3199,408,3199,p1024_o512,1024,512,mixed,2,196.5810729889199,181.58971514678586,92990.92470901087,512,5.505913631917965,4211.84,46.284,48.963,8.22625,0.12156207263333839,34.416,0.805,11.064,70.6,182,Qwen2.5-14B-Instruct-Q4_K_M,llama.cpp,finegrained_gpu_emc
2026-05-22T11:29:59.476568,GPU510_EMC204_CPU1036,510,1036,3199,510,204,p128_o64,128,64,decode,0,275.1006430480629,257.50128687211566,16497.947151074186,64,3.8792705185646654,607.958,36.846,38.978,9.49934375,0.10527042986522096,26.119,0.738,9.99,69.4,33,Qwen2.5-14B-Instruct-Q4_K_M,llama.cpp,finegrained_gpu_emc
2026-05-22T11:30:17.980555,GPU510_EMC204_CPU1036,510,1036,3199,510,204,p128_o64,128,64,decode,1,276.27338597085327,276.3915355705346,17689.205370028503,64,3.618025720275578,642.792,36.731,38.091,10.043625,0.09956564487423614,26.006,0.775,9.95,69.0,35,Qwen2.5-14B-Instruct-Q4_K_M,llama.cpp,finegrained_gpu_emc
2026-05-22T11:30:35.292624,GPU510_EMC204_CPU1036,510,1036,3199,510,204,p128_o64,128,64,decode,2,279.33639800176024,257.4300361919172,16497.692642034963,64,3.87933036386752,606.414,36.752,38.978,9.47521875,0.10553846052366865,26.022,0.774,9.956,68.7,33,Qwen2.5-14B-Instruct-Q4_K_M,llama.cpp,finegrained_gpu_emc
2026-05-22T11:31:11.430719,GPU510_EMC204_CPU1036,510,1036,3199,510,204,p512_o128,512,128,decode,0,275.76875092927366,275.9219351257601,35318.3529349044,128,3.6241780650393878,1261.108,36.554,38.091,9.85240625,0.10149804774848784,25.9,0.746,9.908,68.3,69,Qwen2.5-14B-Instruct-Q4_K_M,llama.cpp,finegrained_gpu_emc
2026-05-22T11:31:46.676955,GPU510_EMC204_CPU1036,510,1036,3199,510,204,p512_o128,512,128,decode,1,275.24975303094834,268.9040596065236,34426.560544990934,128,3.71805948586473,1243.611,36.577,39.377,9.7157109375,0.1029260757584164,25.963,0.739,9.875,67.9,68,Qwen2.5-14B-Instruct-Q4_K_M,llama.cpp,finegrained_gpu_emc
2026-05-22T11:32:22.818691,GPU510_EMC204_CPU1036,510,1036,3199,510,204,p512_o128,512,128,decode,2,275.4659770289436,275.9523114957663,35321.90363900736,128,3.6238137476442405,1258.644,36.482,37.991,9.83315625,0.10169674665751396,25.858,0.752,9.873,67.6,69,Qwen2.5-14B-Instruct-Q4_K_M,llama.cpp,finegrained_gpu_emc
2026-05-22T11:32:57.946355,GPU510_EMC204_CPU1036,510,1036,3199,510,204,p1024_o128,1024,128,decode,0,267.60507898870856,268.03339237812907,34308.349068975076,128,3.730870282993301,1221.112,36.451,38.978,9.5399375,0.10482248966515766,25.845,0.727,9.88,67.5,67,Qwen2.5-14B-Instruct-Q4_K_M,llama.cpp,finegrained_gpu_emc
2026-05-22T11:33:34.104515,GPU510_EMC204_CPU1036,510,1036,3199,510,204,p1024_o128,1024,128,decode,1,275.5707330070436,276.0821336066336,35338.50485901348,128,3.6221113629642474,1257.092,36.437,37.98,9.82103125,0.10182230099308562,25.852,0.717,9.869,67.3,69,Qwen2.5-14B-Instruct-Q4_K_M,llama.cpp,finegrained_gpu_emc
2026-05-22T11:34:09.379712,GPU510_EMC204_CPU1036,510,1036,3199,510,204,p1024_o128,1024,128,decode,2,275.5458840401843,269.127455141256,34455.263299983926,128,3.714962178218493,1240.91,36.497,38.89,9.694609375,0.10315010758233877,26.028,0.71,9.76,67.1,68,Qwen2.5-14B-Instruct-Q4_K_M,llama.cpp,finegrained_gpu_emc
2026-05-22T11:35:21.402212,GPU510_EMC204_CPU1036,510,1036,3199,510,204,p128_o256,128,256,decode,0,276.4503030339256,278.0935463920126,71191.28461403307,256,3.5959457872956806,2535.744,36.486,37.98,9.90525,0.10095656343858055,25.916,0.692,9.878,67.0,139,Qwen2.5-14B-Instruct-Q4_K_M,llama.cpp,finegrained_gpu_emc
2026-05-22T11:36:32.326370,GPU510_EMC204_CPU1036,510,1036,3199,510,204,p128_o256,128,256,decode,1,285.5315430788323,273.755679148998,70094.20404303819,256,3.6522277910854757,2501.825,36.523,38.99,9.77275390625,0.10232530252915373,25.907,0.74,9.876,66.8,137,Qwen2.5-14B-Instruct-Q4_K_M,llama.cpp,finegrained_gpu_emc
2026-05-22T11:37:44.407758,GPU510_EMC204_CPU1036,510,1036,3199,510,204,p128_o256,128,256,decode,2,287.0202721096575,278.28721021137693,71251.24512705952,256,3.592919668189452,2533.221,36.449,37.991,9.89539453125,0.10105711266407472,25.873,0.712,9.864,66.6,139,Qwen2.5-14B-Instruct-Q4_K_M,llama.cpp,finegrained_gpu_emc
2026-05-22T11:39:53.405181,GPU510_EMC204_CPU1036,510,1036,3199,510,204,p1024_o512,1024,512,decode,0,284.40935001708567,250.2232917375797,128150.52607399411,512,3.995301585452495,4702.142,37.617,47.565,9.18387109375,0.10888654574872474,26.933,0.696,9.989,66.5,250,Qwen2.5-14B-Instruct-Q4_K_M,llama.cpp,finegrained_gpu_emc
2026-05-22T11:41:22.027803,GPU510_EMC204_CPU1036,510,1036,3199,510,204,p1024_o512,1024,512,decode,1,188.05989797692746,171.75833297455137,87786.87565599103,511,5.820915668561292,4070.878,47.336,49.761,7.966493150684932,0.12552574653428572,35.39,0.772,11.173,68.4,172,Qwen2.5-14B-Instruct-Q4_K_M,llama.cpp,finegrained_gpu_emc
2026-05-22T11:42:51.632315,GPU510_EMC204_CPU1036,510,1036,3199,510,204,p1024_o512,1024,512,decode,2,186.6844369797036,173.34620223686812,88768.60202499665,512,5.767805150922892,4103.614,47.441,49.862,8.01487109375,0.12476807029121162,35.436,0.796,11.209,69.8,173,Qwen2.5-14B-Instruct-Q4_K_M,llama.cpp,finegrained_gpu_emc
2026-05-22T11:43:04.152761,GPU510_EMC204_CPU1036,510,1036,3199,510,204,p128_o64,128,64,mixed,0,451.9794099032879,178.6461362545009,11706.998850917444,64,5.466815262819002,546.802,47.548,47.979,8.54378125,0.11704419515656489,35.558,0.781,11.209,70.2,23,Qwen2.5-14B-Instruct-Q4_K_M,llama.cpp,finegrained_gpu_emc
2026-05-22T11:43:16.391292,GPU510_EMC204_CPU1036,510,1036,3199,510,204,p128_o64,128,64,mixed,1,178.01735608372837,178.52787503100458,11425.546277081594,64,5.6014827167062515,547.438,47.603,48.978,8.55371875,0.11690821609022392,35.552,0.763,11.288,70.2,23,Qwen2.5-14B-Instruct-Q4_K_M,llama.cpp,finegrained_gpu_emc
2026-05-22T11:43:28.629235,GPU510_EMC204_CPU1036,510,1036,3199,510,204,p128_o64,128,64,mixed,2,179.26634894683957,178.49980069819603,11425.024155993015,64,5.601738703233174,548.618,47.706,48.878,8.57215625,0.11665676299355834,35.624,0.763,11.319,70.3,23,Qwen2.5-14B-Instruct-Q4_K_M,llama.cpp,finegrained_gpu_emc
2026-05-22T11:43:53.174252,GPU510_EMC204_CPU1036,510,1036,3199,510,204,p512_o128,512,128,mixed,0,1438.6610080255195,175.5048066614137,23728.275922941975,128,5.394407938262452,1109.362,47.207,49.161,8.666890625,0.11538163376787738,35.363,0.773,11.072,70.4,47,Qwen2.5-14B-Instruct-Q4_K_M,llama.cpp,finegrained_gpu_emc
2026-05-22T11:44:17.474597,GPU510_EMC204_CPU1036,510,1036,3199,510,204,p512_o128,512,128,mixed,1,189.97830396983773,183.41205533828557,23483.819848974235,128,5.450561315117183,1088.664,47.333,48.863,8.5051875,0.11757530330754025,35.378,0.798,11.157,70.5,46,Qwen2.5-14B-Instruct-Q4_K_M,llama.cpp,finegrained_gpu_emc
2026-05-22T11:44:41.215317,GPU510_EMC204_CPU1036,510,1036,3199,510,204,p512_o128,512,128,mixed,2,87.10890100337565,179.81690572442736,22924.365613027476,128,5.583578719720823,1049.32,46.636,47.465,8.1978125,0.12198376091182862,34.744,0.798,11.095,70.5,45,Qwen2.5-14B-Instruct-Q4_K_M,llama.cpp,finegrained_gpu_emc
2026-05-22T11:45:05.848270,GPU510_EMC204_CPU1036,510,1036,3199,510,204,p1024_o128,1024,128,mixed,0,2006.8681619595736,171.72348543297588,23816.291183931753,128,5.374472415182694,1106.542,47.087,49.862,8.644859375,0.11567568153761901,35.123,0.798,11.166,70.6,47,Qwen2.5-14B-Instruct-Q4_K_M,llama.cpp,finegrained_gpu_emc
2026-05-22T11:45:29.647783,GPU510_EMC204_CPU1036,510,1036,3199,510,204,p1024_o128,1024,128,mixed,1,191.34667294565588,179.45735375616906,22982.957659987733,128,5.569344115480928,1064.4,47.307,48.564,8.315625,0.12025554302893648,35.197,0.798,11.311,70.7,45,Qwen2.5-14B-Instruct-Q4_K_M,llama.cpp,finegrained_gpu_emc
2026-05-22T11:45:53.540552,GPU510_EMC204_CPU1036,510,1036,3199,510,204,p1024_o128,1024,128,mixed,2,190.82235905807465,180.1962857950464,23076.262676040642,128,5.546825402230248,1086.262,47.229,48.464,8.486421875,0.11783529203820073,35.173,0.781,11.275,70.8,46,Qwen2.5-14B-Instruct-Q4_K_M,llama.cpp,finegrained_gpu_emc
2026-05-22T11:46:40.460261,GPU510_EMC204_CPU1036,510,1036,3199,510,204,p128_o256,128,256,mixed,0,186.26302701886743,180.03640127066961,46096.523505984806,256,5.553564141702855,2106.062,46.801,48.363,8.2268046875,0.121553876381607,34.842,0.794,11.166,70.8,90,Qwen2.5-14B-Instruct-Q4_K_M,llama.cpp,finegrained_gpu_emc
2026-05-22T11:47:27.645284,GPU510_EMC204_CPU1036,510,1036,3199,510,204,p128_o256,128,256,mixed,1,188.60786396544427,181.06575018826726,46361.345773912035,256,5.521841433344535,2136.516,46.956,48.065,8.345765625,0.1198212416850611,34.949,0.789,11.218,70.9,91,Qwen2.5-14B-Instruct-Q4_K_M,llama.cpp,finegrained_gpu_emc
2026-05-22T11:48:14.500196,GPU510_EMC204_CPU1036,510,1036,3199,510,204,p128_o256,128,256,mixed,2,187.08946311380714,179.77869810545636,46031.630908022635,256,5.561393219187091,2119.146,47.092,49.262,8.2779140625,0.12080338022958304,35.139,0.794,11.16,71.0,90,Qwen2.5-14B-Instruct-Q4_K_M,llama.cpp,finegrained_gpu_emc
2026-05-22T11:49:50.758764,GPU510_EMC204_CPU1036,510,1036,3199,510,204,p1024_o512,1024,512,mixed,0,3247.625192045234,180.37451143238016,95421.00960307289,512,5.365694642404117,4403.203,47.346,49.064,8.600005859375,0.11627899054392904,35.341,0.807,11.199,71.2,186,Qwen2.5-14B-Instruct-Q4_K_M,llama.cpp,finegrained_gpu_emc
2026-05-22T11:51:20.292301,GPU510_EMC204_CPU1036,510,1036,3199,510,204,p1024_o512,1024,512,mixed,1,190.50127395894378,173.2004193678852,88697.99306697678,512,5.772396672080094,4103.58,47.44,49.962,8.0148046875,0.12476910405060947,35.438,0.798,11.204,71.4,173,Qwen2.5-14B-Instruct-Q4_K_M,llama.cpp,finegrained_gpu_emc
2026-05-22T11:52:50.010944,GPU510_EMC204_CPU1036,510,1036,3199,510,204,p1024_o512,1024,512,mixed,2,190.0066820671782,173.56389119752743,88883.16029799171,512,5.760371236615093,4134.298,47.795,50.063,8.07480078125,0.1238420646020195,35.691,0.8,11.304,71.6,173,Qwen2.5-14B-Instruct-Q4_K_M,llama.cpp,finegrained_gpu_emc
2026-05-22T11:53:30.382851,GPU510_EMC665_CPU1036,510,1036,3199,510,665,p128_o64,128,64,decode,0,276.9613539567217,277.63578352437077,17768.284623976797,64,3.601923390715917,635.969,36.341,37.193,9.937015625,0.10063383592596493,25.667,0.752,9.921,70.1,35,Qwen2.5-14B-Instruct-Q4_K_M,llama.cpp,finegrained_gpu_emc
2026-05-22T11:53:47.747146,GPU510_EMC665_CPU1036,510,1036,3199,510,665,p128_o64,128,64,decode,1,275.91482107527554,258.3089467925241,16549.644720042124,64,3.8671525028264835,604.973,36.665,38.978,9.452703125,0.1057898451666438,25.95,0.774,9.941,69.6,33,Qwen2.5-14B-Instruct-Q4_K_M,llama.cpp,finegrained_gpu_emc
2026-05-22T11:54:06.220145,GPU510_EMC665_CPU1036,510,1036,3199,510,665,p128_o64,128,64,decode,2,275.5253280047327,275.9107670151732,17658.172108931467,64,3.624384200425192,642.191,36.697,38.08,10.034234375,0.09965882424387759,25.983,0.764,9.95,69.3,35,Qwen2.5-14B-Instruct-Q4_K_M,llama.cpp,finegrained_gpu_emc
2026-05-22T11:54:42.515999,GPU510_EMC665_CPU1036,510,1036,3199,510,665,p512_o128,512,128,decode,0,275.87703499011695,277.15807614892014,35475.50014988519,128,3.6081239012613113,1281.728,36.621,37.581,10.0135,0.0998651820042942,25.931,0.77,9.92,68.8,70,Qwen2.5-14B-Instruct-Q4_K_M,llama.cpp,finegrained_gpu_emc
2026-05-22T11:55:17.483537,GPU510_EMC665_CPU1036,510,1036,3199,510,665,p512_o128,512,128,decode,1,276.5198739944026,266.7008843236258,34148.031240096316,128,3.748385934756424,1227.025,36.628,38.978,9.5861328125,0.10431735294716896,25.962,0.762,9.904,68.3,67,Qwen2.5-14B-Instruct-Q4_K_M,llama.cpp,finegrained_gpu_emc
2026-05-22T11:55:53.799632,GPU510_EMC665_CPU1036,510,1036,3199,510,665,p512_o128,512,128,decode,2,272.61062001343817,277.3411284882839,35495.42905704584,128,3.6060981202477396,1276.844,36.481,37.592,9.97534375,0.10024717193329803,25.853,0.752,9.876,68.0,70,Qwen2.5-14B-Instruct-Q4_K_M,llama.cpp,finegrained_gpu_emc
2026-05-22T11:56:28.923168,GPU510_EMC665_CPU1036,510,1036,3199,510,665,p1024_o128,1024,128,decode,0,276.19577397126704,267.93172934613244,34304.06752799172,128,3.7313359383855427,1228.89,36.683,38.99,9.600703125,0.10415903783088803,26.086,0.768,9.829,67.8,67,Qwen2.5-14B-Instruct-Q4_K_M,llama.cpp,finegrained_gpu_emc
2026-05-22T11:57:05.281781,GPU510_EMC665_CPU1036,510,1036,3199,510,665,p1024_o128,1024,128,decode,1,276.66699001565576,277.6502191884751,35538.7398150051,128,3.601703399341022,1282.892,36.654,38.39,10.02259375,0.09977457182677887,25.977,0.764,9.913,67.7,70,Qwen2.5-14B-Instruct-Q4_K_M,llama.cpp,finegrained_gpu_emc
2026-05-22T11:57:41.656652,GPU510_EMC665_CPU1036,510,1036,3199,510,665,p1024_o128,1024,128,decode,2,276.267938897945,277.78080633133794,35554.91768196225,128,3.600064585860005,1281.376,36.611,37.879,10.01075,0.09989261543840372,25.967,0.73,9.914,67.5,70,Qwen2.5-14B-Instruct-Q4_K_M,llama.cpp,finegrained_gpu_emc
2026-05-22T11:58:52.579320,GPU510_EMC665_CPU1036,510,1036,3199,510,665,p128_o256,128,256,decode,0,276.3180520851165,273.77984672921764,70091.19038004428,256,3.6523848234269103,2500.854,36.509,38.878,9.7689609375,0.10236503210503292,25.886,0.731,9.892,67.3,137,Qwen2.5-14B-Instruct-Q4_K_M,llama.cpp,finegrained_gpu_emc
2026-05-22T12:00:04.596217,GPU510_EMC665_CPU1036,510,1036,3199,510,665,p128_o256,128,256,decode,1,288.1280790315941,278.0309442549433,71186.99113407638,256,3.5961626685111545,2480.682,36.214,37.592,9.6901640625,0.10319742715914415,25.602,0.725,9.887,67.1,137,Qwen2.5-14B-Instruct-Q4_K_M,llama.cpp,finegrained_gpu_emc
2026-05-22T12:01:15.451881,GPU510_EMC665_CPU1036,510,1036,3199,510,665,p128_o256,128,256,decode,2,284.95769400615245,273.48991489795714,70025.84747702349,256,3.6557929567935235,2491.403,36.371,38.479,9.73204296875,0.10275334821383775,25.748,0.74,9.883,66.8,137,Qwen2.5-14B-Instruct-Q4_K_M,llama.cpp,finegrained_gpu_emc
2026-05-22T12:03:25.523603,GPU510_EMC665_CPU1036,510,1036,3199,510,665,p1024_o512,1024,512,decode,0,287.2822060016915,253.31070678206143,129224.49565399438,510,3.94662016221408,4743.322,37.645,48.479,9.30063137254902,0.10751958226744884,26.953,0.706,9.987,66.7,252,Qwen2.5-14B-Instruct-Q4_K_M,llama.cpp,finegrained_gpu_emc
2026-05-22T12:04:52.547646,GPU510_EMC665_CPU1036,510,1036,3199,510,665,p1024_o512,1024,512,decode,1,182.89425200782716,168.30527472014515,86188.93009296153,512,5.940438052169435,4039.988,48.095,50.261,7.8906015625,0.12673304970212784,36.043,0.777,11.275,68.8,168,Qwen2.5-14B-Instruct-Q4_K_M,llama.cpp,finegrained_gpu_emc
2026-05-22T12:06:20.473867,GPU510_EMC665_CPU1036,510,1036,3199,510,665,p1024_o512,1024,512,decode,2,184.52622194308788,170.0676303229763,87091.05524397455,512,5.8789045392284764,4096.092,48.189,50.261,8.0001796875,0.1249971924458728,36.104,0.789,11.296,70.1,170,Qwen2.5-14B-Instruct-Q4_K_M,llama.cpp,finegrained_gpu_emc
2026-05-22T12:06:32.782758,GPU510_EMC665_CPU1036,510,1036,3199,510,665,p128_o64,128,64,mixed,0,444.4079619133845,175.4112939538789,11495.597401983105,64,5.567348765098486,555.271,48.284,48.564,8.676109375,0.11525903567807431,36.189,0.798,11.297,70.5,23,Qwen2.5-14B-Instruct-Q4_K_M,llama.cpp,finegrained_gpu_emc
2026-05-22T12:06:44.839921,GPU510_EMC665_CPU1036,510,1036,3199,510,665,p128_o64,128,64,mixed,1,174.0889180218801,175.7083845247204,11243.986488087103,64,5.691931421992315,556.202,48.365,49.463,8.69065625,0.11506610907547977,36.192,0.798,11.376,70.6,23,Qwen2.5-14B-Instruct-Q4_K_M,llama.cpp,finegrained_gpu_emc
2026-05-22T12:06:56.903193,GPU510_EMC665_CPU1036,510,1036,3199,510,665,p128_o64,128,64,mixed,2,174.98925991822034,175.79248292179452,11250.189251964912,64,5.688793189752077,556.818,48.419,49.761,8.70028125,0.11493881304124508,36.245,0.798,11.376,70.7,23,Qwen2.5-14B-Instruct-Q4_K_M,llama.cpp,finegrained_gpu_emc
2026-05-22T12:07:20.991078,GPU510_EMC665_CPU1036,510,1036,3199,510,665,p512_o128,512,128,mixed,0,1435.5564259458333,171.93061713400613,23271.25225891359,128,5.5003486093436225,1102.346,47.928,49.46,8.612078125,0.11611599261937722,35.958,0.789,11.181,70.8,46,Qwen2.5-14B-Instruct-Q4_K_M,llama.cpp,finegrained_gpu_emc
2026-05-22T12:07:44.819469,GPU510_EMC665_CPU1036,510,1036,3199,510,665,p512_o128,512,128,mixed,1,188.7042619055137,179.7069389213566,23011.995841981843,128,5.56231631879942,1082.723,48.121,49.362,8.4587734375,0.11822044973645153,36.068,0.798,11.255,70.9,45,Qwen2.5-14B-Instruct-Q4_K_M,llama.cpp,finegrained_gpu_emc
2026-05-22T12:08:08.488873,GPU510_EMC665_CPU1036,510,1036,3199,510,665,p512_o128,512,128,mixed,2,85.78415506053716,179.26652916509101,22853.145488072187,128,5.600979526726745,1041.335,47.333,48.479,8.1354296875,0.12291913745336515,35.376,0.78,11.178,70.9,44,Qwen2.5-14B-Instruct-Q4_K_M,llama.cpp,finegrained_gpu_emc
2026-05-22T12:08:32.608792,GPU510_EMC665_CPU1036,510,1036,3199,510,665,p1024_o128,1024,128,mixed,0,1977.422034018673,167.92304017287717,23304.166791960597,128,5.492579981197056,980.835,47.846,49.962,7.6627734375,0.13050105267450693,35.792,0.798,11.256,71.1,41,Qwen2.5-14B-Instruct-Q4_K_M,llama.cpp,finegrained_gpu_emc
2026-05-22T12:08:55.939127,GPU510_EMC665_CPU1036,510,1036,3199,510,665,p1024_o128,1024,128,mixed,1,188.48897493444383,175.78847880299224,22514.141047024168,128,5.685315719247417,1058.019,48.092,49.377,8.2657734375,0.12098081414416943,35.91,0.789,11.392,71.2,44,Qwen2.5-14B-Instruct-Q4_K_M,llama.cpp,finegrained_gpu_emc
2026-05-22T12:09:19.358787,GPU510_EMC665_CPU1036,510,1036,3199,510,665,p1024_o128,1024,128,mixed,2,187.26007000077516,176.5013692046215,22603.450919035822,128,5.662852121938733,1055.824,47.992,49.064,8.248625,0.12123232659988785,35.804,0.825,11.363,71.3,44,Qwen2.5-14B-Instruct-Q4_K_M,llama.cpp,finegrained_gpu_emc
2026-05-22T12:10:05.304761,GPU510_EMC665_CPU1036,510,1036,3199,510,665,p128_o256,128,256,mixed,0,179.88134699407965,176.24392594512113,45123.15951799974,256,5.673361589360359,2094.288,47.597,49.362,8.1808125,0.12223724721719267,35.56,0.798,11.239,71.3,88,Qwen2.5-14B-Instruct-Q4_K_M,llama.cpp,finegrained_gpu_emc
2026-05-22T12:10:51.711531,GPU510_EMC665_CPU1036,510,1036,3199,510,665,p128_o256,128,256,mixed,1,183.51638899184763,178.036998219642,45583.917940966785,256,5.616015725798986,2101.334,47.758,49.362,8.2083359375,0.12182737251669655,35.649,0.798,11.31,71.5,88,Qwen2.5-14B-Instruct-Q4_K_M,llama.cpp,finegrained_gpu_emc
2026-05-22T12:11:37.596377,GPU510_EMC665_CPU1036,510,1036,3199,510,665,p128_o256,128,256,mixed,2,181.92248104605824,175.99700730951395,45062.13239894714,256,5.68104495662929,2076.03,47.725,49.262,8.1094921875,0.12331228354118196,35.652,0.798,11.275,71.6,87,Qwen2.5-14B-Instruct-Q4_K_M,llama.cpp,finegrained_gpu_emc
2026-05-22T12:13:12.025072,GPU510_EMC665_CPU1036,510,1036,3199,510,665,p1024_o512,1024,512,mixed,0,3236.283709993586,176.82102129934992,93593.78469199874,512,5.470448723544038,3952.27,47.906,49.862,7.71927734375,0.12954580532200483,35.809,0.81,11.287,71.7,165,Qwen2.5-14B-Instruct-Q4_K_M,llama.cpp,finegrained_gpu_emc
2026-05-22T12:14:40.079598,GPU510_EMC665_CPU1036,510,1036,3199,510,665,p1024_o512,1024,512,mixed,1,89.55553302075714,170.5071806359522,87220.70348600391,512,5.870165907136479,3899.554,47.847,50.246,7.61631640625,0.13129706627988738,35.758,0.796,11.293,71.6,163,Qwen2.5-14B-Instruct-Q4_K_M,llama.cpp,finegrained_gpu_emc
2026-05-22T12:16:07.621564,GPU510_EMC665_CPU1036,510,1036,3199,510,665,p1024_o512,1024,512,mixed,2,187.96708097215742,169.31573914089688,86710.29553294647,512,5.904719812717745,3582.554,48.742,51.159,6.99717578125,0.14291480323813682,36.543,0.798,11.401,71.7,147,Qwen2.5-14B-Instruct-Q4_K_M,llama.cpp,finegrained_gpu_emc
2026-05-22T12:16:48.027544,GPU510_EMC2133_CPU1036,510,1036,3199,510,2133,p128_o64,128,64,decode,0,276.8715029815212,278.1623248103267,17801.362348953262,64,3.5952304517728817,641.989,36.685,37.581,10.031078125,0.09969018160747302,25.991,0.775,9.918,70.2,35,Qwen2.5-14B-Instruct-Q4_K_M,llama.cpp,finegrained_gpu_emc
2026-05-22T12:17:05.371249,GPU510_EMC2133_CPU1036,510,1036,3199,510,2133,p128_o64,128,64,decode,1,275.99441702477634,257.98235650706505,16529.14719597902,64,3.8719480951545413,609.318,36.928,38.99,9.52059375,0.10503546588152657,26.198,0.786,9.944,69.8,33,Qwen2.5-14B-Instruct-Q4_K_M,llama.cpp,finegrained_gpu_emc
2026-05-22T12:17:23.841159,GPU510_EMC2133_CPU1036,510,1036,3199,510,2133,p128_o64,128,64,decode,2,275.66322102211416,275.86348471416545,17655.328485067002,64,3.624967955375718,643.428,36.767,38.091,10.0535625,0.09946722865650857,26.045,0.787,9.936,69.4,35,Qwen2.5-14B-Instruct-Q4_K_M,llama.cpp,finegrained_gpu_emc
2026-05-22T12:18:00.155925,GPU510_EMC2133_CPU1036,510,1036,3199,510,2133,p512_o128,512,128,decode,0,276.3980970485136,277.30943573231804,35495.195441064425,128,3.606121854224718,1244.67,36.608,38.39,9.723984375,0.10283850337840551,25.947,0.751,9.91,69.0,68,Qwen2.5-14B-Instruct-Q4_K_M,llama.cpp,finegrained_gpu_emc
2026-05-22T12:18:35.128757,GPU510_EMC2133_CPU1036,510,1036,3199,510,2133,p512_o128,512,128,decode,1,274.907935061492,266.7569199450475,34153.52943702601,128,3.747782501835215,1209.63,36.655,38.978,9.450234375,0.10581748137860336,26.006,0.732,9.918,68.5,66,Qwen2.5-14B-Instruct-Q4_K_M,llama.cpp,finegrained_gpu_emc
2026-05-22T12:19:11.449824,GPU510_EMC2133_CPU1036,510,1036,3199,510,2133,p512_o128,512,128,decode,2,276.3522589812055,277.35687683494103,35501.17769406643,128,3.6055141917557734,1259.44,36.506,38.091,9.839375,0.1016324715746681,25.892,0.723,9.89,68.2,69,Qwen2.5-14B-Instruct-Q4_K_M,llama.cpp,finegrained_gpu_emc
2026-05-22T12:19:46.578576,GPU510_EMC2133_CPU1036,510,1036,3199,510,2133,p1024_o128,1024,128,decode,0,276.2725930660963,267.9706909996274,34309.04871504754,128,3.730794201351923,1228.198,36.663,38.978,9.595296875,0.10421772385234301,26.116,0.738,9.808,68.0,67,Qwen2.5-14B-Instruct-Q4_K_M,llama.cpp,finegrained_gpu_emc
2026-05-22T12:20:22.919855,GPU510_EMC2133_CPU1036,510,1036,3199,510,2133,p1024_o128,1024,128,decode,1,277.0056939916685,277.5142747005008,35521.81774599012,128,3.603419197612692,1189.912,36.613,37.581,9.2961875,0.10757098003886001,25.967,0.724,9.921,67.8,65,Qwen2.5-14B-Instruct-Q4_K_M,llama.cpp,finegrained_gpu_emc
2026-05-22T12:20:59.276792,GPU510_EMC2133_CPU1036,510,1036,3199,510,2133,p1024_o128,1024,128,decode,2,277.0405618939549,277.6365053783149,35537.37530193757,128,3.6018416923722887,1245.11,36.621,37.98,9.727421875,0.10280216205797078,26.001,0.739,9.881,67.7,68,Qwen2.5-14B-Instruct-Q4_K_M,llama.cpp,finegrained_gpu_emc
2026-05-22T12:22:10.204289,GPU510_EMC2133_CPU1036,510,1036,3199,510,2133,p128_o256,128,256,decode,0,276.7038970487192,273.7974994195004,70096.05375805404,256,3.652131415038262,2432.985,36.586,38.59,9.50384765625,0.10522054184468872,25.976,0.726,9.885,67.5,133,Qwen2.5-14B-Instruct-Q4_K_M,llama.cpp,finegrained_gpu_emc
2026-05-22T12:23:22.201428,GPU510_EMC2133_CPU1036,510,1036,3199,510,2133,p128_o256,128,256,decode,1,287.92722907382995,277.95806403144024,71168.2198070921,256,3.5971111922415817,2361.574,36.614,37.991,9.2248984375,0.1084022774640981,25.998,0.733,9.883,67.3,129,Qwen2.5-14B-Instruct-Q4_K_M,llama.cpp,finegrained_gpu_emc
2026-05-22T12:24:33.075481,GPU510_EMC2133_CPU1036,510,1036,3199,510,2133,p128_o256,128,256,decode,2,284.67358893249184,273.5637526393083,70044.39921595622,256,3.6548246949869307,2455.483,36.378,38.99,9.59173046875,0.1042564741845087,25.759,0.721,9.897,67.1,135,Qwen2.5-14B-Instruct-Q4_K_M,llama.cpp,finegrained_gpu_emc
2026-05-22T12:26:42.719285,GPU510_EMC2133_CPU1036,510,1036,3199,510,2133,p1024_o512,1024,512,decode,0,288.43703703023493,251.48057736594907,128796.97847599164,512,3.9752485350068922,4704.386,37.485,48.579,9.18825390625,0.10883460668406035,26.745,0.738,10.003,67.0,251,Qwen2.5-14B-Instruct-Q4_K_M,llama.cpp,finegrained_gpu_emc
2026-05-22T12:28:08.411809,GPU510_EMC2133_CPU1036,510,1036,3199,510,2133,p1024_o512,1024,512,decode,1,180.79115508589894,165.70474265563374,84857.88898007013,512,6.033616981919609,4000.617,48.2,50.361,7.813705078125,0.1279802590450423,36.079,0.784,11.338,69.0,166,Qwen2.5-14B-Instruct-Q4_K_M,llama.cpp,finegrained_gpu_emc
2026-05-22T12:29:35.001187,GPU510_EMC2133_CPU1036,510,1036,3199,510,2133,p1024_o512,1024,512,decode,2,176.3560619438067,167.46824272222992,85754.57834301051,512,5.970526704149213,4035.329,48.327,50.76,7.881501953125,0.12687936968708127,36.159,0.793,11.375,70.3,167,Qwen2.5-14B-Instruct-Q4_K_M,llama.cpp,finegrained_gpu_emc
2026-05-22T12:29:47.130713,GPU510_EMC2133_CPU1036,510,1036,3199,510,2133,p128_o64,128,64,mixed,0,441.95787399075925,172.6046802387351,11316.325442981906,64,5.655546080083014,556.951,48.431,49.463,8.702359375,0.11491136563180603,36.244,0.798,11.389,70.7,23,Qwen2.5-14B-Instruct-Q4_K_M,llama.cpp,finegrained_gpu_emc
2026-05-22T12:29:58.978916,GPU510_EMC2133_CPU1036,510,1036,3199,510,2133,p128_o64,128,64,mixed,1,172.62640607077628,172.41949353936232,11035.320876981132,64,5.79955949749493,534.604,48.6,49.463,8.3531875,0.1197147795377513,36.348,0.798,11.454,70.8,22,Qwen2.5-14B-Instruct-Q4_K_M,llama.cpp,finegrained_gpu_emc
2026-05-22T12:30:10.830351,GPU510_EMC2133_CPU1036,510,1036,3199,510,2133,p128_o64,128,64,mixed,2,173.47123206127435,172.4579815072791,11038.595469086431,64,5.797839061974134,533.904,48.537,49.463,8.34225,0.11987173724115197,36.312,0.798,11.427,70.9,22,Qwen2.5-14B-Instruct-Q4_K_M,llama.cpp,finegrained_gpu_emc
2026-05-22T12:30:34.627024,GPU510_EMC2133_CPU1036,510,1036,3199,510,2133,p512_o128,512,128,mixed,0,1412.618800997734,169.82043544050512,22980.344871990383,128,5.569977331193708,1080.295,48.013,49.661,8.4398046875,0.11848615424490531,35.98,0.807,11.227,70.9,45,Qwen2.5-14B-Instruct-Q4_K_M,llama.cpp,finegrained_gpu_emc
2026-05-22T12:30:58.139401,GPU510_EMC2133_CPU1036,510,1036,3199,510,2133,p512_o128,512,128,mixed,1,184.18513610959053,177.25315562992057,22695.84235001821,128,5.639799485120115,1084.248,48.189,49.478,8.4706875,0.11805417210822616,36.037,0.825,11.327,71.1,45,Qwen2.5-14B-Instruct-Q4_K_M,llama.cpp,finegrained_gpu_emc
2026-05-22T12:31:21.307890,GPU510_EMC2133_CPU1036,510,1036,3199,510,2133,p512_o128,512,128,mixed,2,85.20666393451393,175.32812878782823,22352.41999698337,128,5.726449306932966,1047.107,47.596,48.363,8.1805234375,0.12224156652567503,35.558,0.798,11.24,71.1,44,Qwen2.5-14B-Instruct-Q4_K_M,llama.cpp,finegrained_gpu_emc
2026-05-22T12:31:45.088428,GPU510_EMC2133_CPU1036,510,1036,3199,510,2133,p1024_o128,1024,128,mixed,0,1950.9506650501862,165.45579123574743,22964.350247988477,128,5.573856809260778,1088.715,48.387,50.361,8.5055859375,0.11756979558470308,36.262,0.798,11.327,71.2,45,Qwen2.5-14B-Instruct-Q4_K_M,llama.cpp,finegrained_gpu_emc
2026-05-22T12:32:08.059131,GPU510_EMC2133_CPU1036,510,1036,3199,510,2133,p1024_o128,1024,128,mixed,1,183.43155807815492,172.99611477170316,22154.527398990467,128,5.7776001128253665,1070.716,48.669,49.877,8.36496875,0.11954617284135104,36.412,0.789,11.468,71.4,44,Qwen2.5-14B-Instruct-Q4_K_M,llama.cpp,finegrained_gpu_emc
2026-05-22T12:32:31.129005,GPU510_EMC2133_CPU1036,510,1036,3199,510,2133,p1024_o128,1024,128,mixed,2,183.30938799772412,175.15855438874237,22253.80469497759,127,5.706889304580908,1068.732,48.579,49.463,8.415212598425196,0.11883241074469558,36.365,0.798,11.415,71.5,44,Qwen2.5-14B-Instruct-Q4_K_M,llama.cpp,finegrained_gpu_emc
2026-05-22T12:33:16.516057,GPU510_EMC2133_CPU1036,510,1036,3199,510,2133,p128_o256,128,256,mixed,0,184.32997993659228,174.03529501958366,44564.3073549727,256,5.744507548627574,2098.372,48.238,49.761,8.196765625,0.12199934044106575,36.124,0.803,11.312,71.6,87,Qwen2.5-14B-Instruct-Q4_K_M,llama.cpp,finegrained_gpu_emc
2026-05-22T12:34:02.156320,GPU510_EMC2133_CPU1036,510,1036,3199,510,2133,p128_o256,128,256,mixed,1,181.06612598057836,175.0389941999981,44817.00483895838,256,5.712117552698772,2130.459,48.42,49.563,8.32210546875,0.12016189938412333,36.245,0.798,11.376,71.7,88,Qwen2.5-14B-Instruct-Q4_K_M,llama.cpp,finegrained_gpu_emc
2026-05-22T12:34:47.409877,GPU510_EMC2133_CPU1036,510,1036,3199,510,2133,p128_o256,128,256,mixed,2,179.64971298351884,173.5272364512853,44430.07413309533,256,5.761862994716663,2099.407,48.262,49.761,8.20080859375,0.1219391952108381,36.125,0.798,11.339,71.6,87,Qwen2.5-14B-Instruct-Q4_K_M,llama.cpp,finegrained_gpu_emc
2026-05-22T12:36:20.488705,GPU510_EMC2133_CPU1036,510,1036,3199,510,2133,p1024_o512,1024,512,mixed,0,3187.473213998601,174.2716449763491,92242.29404295329,512,5.550599161828993,4361.498,48.461,50.361,8.51855078125,0.11739085974589465,36.32,0.798,11.343,71.6,180,Qwen2.5-14B-Instruct-Q4_K_M,llama.cpp,finegrained_gpu_emc
2026-05-22T12:37:47.157285,GPU510_EMC2133_CPU1036,510,1036,3199,510,2133,p1024_o512,1024,512,mixed,1,88.81104493048042,167.79352172410913,85833.30669591669,512,5.965050394876108,4084.686,48.627,51.26,7.97790234375,0.1253462322440452,36.495,0.798,11.335,71.7,168,Qwen2.5-14B-Instruct-Q4_K_M,llama.cpp,finegrained_gpu_emc
2026-05-22T12:39:13.385182,GPU510_EMC2133_CPU1036,510,1036,3199,510,2133,p1024_o512,1024,512,mixed,2,183.96102800033987,166.74591861063809,85393.08415504638,512,5.9958017100116985,4121.382,49.358,51.558,8.04957421875,0.12423017327682803,37.091,0.808,11.459,71.9,167,Qwen2.5-14B-Instruct-Q4_K_M,llama.cpp,finegrained_gpu_emc
2026-05-22T12:39:53.829014,GPU510_EMC3199_CPU1036,510,1036,3199,510,3199,p128_o64,128,64,decode,0,275.29060503002256,278.91954355540554,17847.488509025425,64,3.58593871443791,643.354,36.763,37.692,10.05240625,0.09947866959714247,26.058,0.775,9.93,70.3,35,Qwen2.5-14B-Instruct-Q4_K_M,llama.cpp,finegrained_gpu_emc
2026-05-22T12:40:11.180256,GPU510_EMC3199_CPU1036,510,1036,3199,510,3199,p128_o64,128,64,decode,1,276.61803702358156,258.09694442801947,16536.9892839808,64,3.8701119593755853,608.341,36.869,38.978,9.505328125,0.10520415359148898,26.148,0.774,9.947,69.9,33,Qwen2.5-14B-Instruct-Q4_K_M,llama.cpp,finegrained_gpu_emc
2026-05-22T12:40:29.655810,GPU510_EMC3199_CPU1036,510,1036,3199,510,3199,p128_o64,128,64,decode,2,276.82837995234877,275.934230730248,17660.94991203863,64,3.6238141390330445,643.41,36.766,38.091,10.05328125,0.09947001134579818,26.035,0.787,9.944,69.5,35,Qwen2.5-14B-Instruct-Q4_K_M,llama.cpp,finegrained_gpu_emc
2026-05-22T12:41:05.960325,GPU510_EMC3199_CPU1036,510,1036,3199,510,3199,p512_o128,512,128,decode,0,276.2693939730525,277.2273257325264,35484.634712920524,128,3.607195086987697,1282.213,36.635,38.091,10.0172890625,0.09982740777078379,25.985,0.741,9.908,69.1,70,Qwen2.5-14B-Instruct-Q4_K_M,llama.cpp,finegrained_gpu_emc
2026-05-22T12:41:40.928019,GPU510_EMC3199_CPU1036,510,1036,3199,510,3199,p512_o128,512,128,decode,1,276.422975002788,266.70358037873075,34148.27285706997,128,3.7483594129563484,1228.47,36.671,38.59,9.597421875,0.10419464862796812,26.006,0.727,9.938,68.6,67,Qwen2.5-14B-Instruct-Q4_K_M,llama.cpp,finegrained_gpu_emc
2026-05-22T12:42:19.955381,GPU510_EMC3199_CPU1036,510,1036,3199,510,3199,p512_o128,512,128,decode,2,277.00211596675217,277.2825791740673,35492.38580407109,128,3.6064073208997405,1006.446,36.598,37.581,7.862859375,0.12718019645365972,25.911,0.783,9.903,68.2,55,Qwen2.5-14B-Instruct-Q4_K_M,llama.cpp,finegrained_gpu_emc
2026-05-22T12:42:56.071735,GPU510_EMC3199_CPU1036,510,1036,3199,510,3199,p1024_o128,1024,128,decode,0,115.9690230851993,277.03004444886994,35299.27907302044,128,3.6261363790239995,891.98,36.407,37.581,6.96859375,0.1435009753581919,25.837,0.831,9.74,67.9,49,Qwen2.5-14B-Instruct-Q4_K_M,llama.cpp,finegrained_gpu_emc
2026-05-22T12:43:32.491583,GPU510_EMC3199_CPU1036,510,1036,3199,510,3199,p1024_o128,1024,128,decode,1,276.55923808924854,278.14267673181354,35601.17426002398,128,3.595387024740059,1136.174,36.651,37.98,8.876359375,0.11265880050062754,25.996,0.747,9.908,67.7,62,Qwen2.5-14B-Instruct-Q4_K_M,llama.cpp,finegrained_gpu_emc
2026-05-22T12:44:08.855514,GPU510_EMC3199_CPU1036,510,1036,3199,510,3199,p1024_o128,1024,128,decode,2,279.0053349453956,277.6720473628975,35543.87957893778,128,3.601182580976583,1280.446,36.584,37.89,10.003484375,0.09996516838664028,25.945,0.741,9.898,67.6,70,Qwen2.5-14B-Instruct-Q4_K_M,llama.cpp,finegrained_gpu_emc
2026-05-22T12:45:19.636926,GPU510_EMC3199_CPU1036,510,1036,3199,510,3199,p128_o256,128,256,decode,0,275.0568479532376,273.2355818590697,69951.09183096793,256,3.6596998459810557,2474.779,36.394,38.49,9.66710546875,0.10344358021463734,25.754,0.736,9.903,67.4,136,Qwen2.5-14B-Instruct-Q4_K_M,llama.cpp,finegrained_gpu_emc
2026-05-22T12:46:31.641844,GPU510_EMC3199_CPU1036,510,1036,3199,510,3199,p128_o256,128,256,decode,1,288.3804269367829,277.9809745530799,71174.53057901002,256,3.596792250225203,2499.907,36.231,37.692,9.76526171875,0.10240380942171048,25.614,0.72,9.896,67.2,138,Qwen2.5-14B-Instruct-Q4_K_M,llama.cpp,finegrained_gpu_emc
2026-05-22T12:47:42.534328,GPU510_EMC3199_CPU1036,510,1036,3199,510,3199,p128_o256,128,256,decode,2,285.0783709436655,273.6325378278636,70062.4272050336,256,3.653884260258797,2478.797,36.187,39.079,9.68280078125,0.10327590359355768,25.605,0.714,9.868,67.0,137,Qwen2.5-14B-Instruct-Q4_K_M,llama.cpp,finegrained_gpu_emc
2026-05-22T12:49:49.934470,GPU510_EMC3199_CPU1036,510,1036,3199,510,3199,p1024_o512,1024,512,decode,0,288.4730090154335,247.08944366339944,126553.28228801955,512,4.045726754322749,4669.384,37.962,49.46,9.119890625,0.10965043783077168,27.199,0.725,10.039,66.9,246,Qwen2.5-14B-Instruct-Q4_K_M,llama.cpp,finegrained_gpu_emc
2026-05-22T12:50:14.064852,GPU510_EMC3199_CPU1036,510,1036,3199,510,3199,p1024_o512,1024,512,decode,1,179.12505904678255,157.28337913018026,23313.43484809622,147,6.305377176628438,1131.75,49.206,51.26,7.698979591836735,0.12988734261100066,37.022,0.746,11.439,68.5,46,Qwen2.5-14B-Instruct-Q4_K_M,llama.cpp,finegrained_gpu_emc
2026-05-22T12:51:39.847375,GPU510_EMC3199_CPU1036,510,1036,3199,510,3199,p1024_o512,1024,512,decode,2,171.53538204729557,165.89918859492542,84948.01171007566,512,6.027215819334731,4051.578,48.814,50.76,7.91323828125,0.12637051538931252,36.648,0.767,11.399,69.7,166,Qwen2.5-14B-Instruct-Q4_K_M,llama.cpp,finegrained_gpu_emc
2026-05-22T12:51:50.887767,GPU510_EMC3199_CPU1036,510,1036,3199,510,3199,p128_o64,128,64,mixed,0,437.22849898040295,155.39728990563796,10227.535204961896,64,6.257617179254524,513.549,48.909,50.861,8.024203125,0.12462296684444912,36.672,0.798,11.44,70.3,21,Qwen2.5-14B-Instruct-Q4_K_M,llama.cpp,finegrained_gpu_emc
2026-05-22T12:52:02.652584,GPU510_EMC3199_CPU1036,510,1036,3199,510,3199,p128_o64,128,64,mixed,1,171.4345240034163,171.115764634802,10952.000978053547,64,5.843680997495167,537.405,48.855,49.962,8.396953125,0.11909081605120905,36.598,0.798,11.459,70.4,22,Qwen2.5-14B-Instruct-Q4_K_M,llama.cpp,finegrained_gpu_emc
2026-05-22T12:52:13.414743,GPU510_EMC3199_CPU1036,510,1036,3199,510,3199,p128_o64,128,64,mixed,2,172.28159098885953,155.1889927303862,9949.460902949795,64,6.432509321286484,490.492,49.049,50.846,7.6639375,0.13048123109041534,36.802,0.778,11.469,70.5,20,Qwen2.5-14B-Instruct-Q4_K_M,llama.cpp,finegrained_gpu_emc
2026-05-22T12:52:37.054781,GPU510_EMC3199_CPU1036,510,1036,3199,510,3199,p512_o128,512,128,mixed,0,1402.16486598365,168.670901063441,22823.87820002623,128,5.6081617189778425,1088.132,48.361,50.145,8.50103125,0.11763278719861192,36.315,0.807,11.24,70.6,45,Qwen2.5-14B-Instruct-Q4_K_M,llama.cpp,finegrained_gpu_emc
2026-05-22T12:53:00.319018,GPU510_EMC3199_CPU1036,510,1036,3199,510,3199,p512_o128,512,128,mixed,1,183.3110370207578,175.30949252719924,22448.12878302764,128,5.702034287008233,1075.665,48.894,49.862,8.4036328125,0.11899615586637104,36.742,0.78,11.372,70.9,44,Qwen2.5-14B-Instruct-Q4_K_M,llama.cpp,finegrained_gpu_emc
2026-05-22T12:53:22.684234,GPU510_EMC3199_CPU1036,510,1036,3199,510,3199,p512_o128,512,128,mixed,2,182.78768693562597,168.23712658269082,21549.41140592564,128,5.93983740849658,1028.966,48.998,50.544,8.038796875,0.12439672447874858,36.849,0.788,11.361,71.0,42,Qwen2.5-14B-Instruct-Q4_K_M,llama.cpp,finegrained_gpu_emc
2026-05-22T12:53:47.148286,GPU510_EMC3199_CPU1036,510,1036,3199,510,3199,p1024_o128,1024,128,mixed,0,1932.2203970514238,170.97915343272933,23647.16696704272,128,5.412910568881033,1158.3,49.289,50.346,9.04921875,0.11050677717344384,37.08,0.806,11.403,71.2,47,Qwen2.5-14B-Instruct-Q4_K_M,llama.cpp,finegrained_gpu_emc
2026-05-22T12:54:08.858833,GPU510_EMC3199_CPU1036,510,1036,3199,510,3199,p1024_o128,1024,128,mixed,1,183.28269594348967,163.07759618085964,20894.65533394832,128,6.12596848113755,1016.87,49.603,51.659,7.944296875,0.125876464051452,37.305,0.798,11.501,71.4,41,Qwen2.5-14B-Instruct-Q4_K_M,llama.cpp,finegrained_gpu_emc
2026-05-22T12:54:31.556916,GPU510_EMC3199_CPU1036,510,1036,3199,510,3199,p1024_o128,1024,128,mixed,2,172.5236119236797,170.93713674785965,21882.058540941216,128,5.849541063995998,1068.688,49.706,50.66,8.349125,0.11977303010794543,37.361,0.798,11.548,71.6,43,Qwen2.5-14B-Instruct-Q4_K_M,llama.cpp,finegrained_gpu_emc
2026-05-22T12:55:15.467380,GPU510_EMC3199_CPU1036,510,1036,3199,510,3199,p128_o256,128,256,mixed,0,180.05221500061452,168.26154055283862,43087.72828197107,256,5.941366839409738,2098.436,49.375,51.659,8.197015625,0.12199561959478392,37.118,0.798,11.459,71.8,85,Qwen2.5-14B-Instruct-Q4_K_M,llama.cpp,finegrained_gpu_emc
2026-05-22T12:56:01.259958,GPU510_EMC3199_CPU1036,510,1036,3199,510,3199,p128_o256,128,256,mixed,1,179.27312303800136,175.64400452937858,44969.47350492701,256,5.69275066055536,2159.868,49.088,50.361,8.436984375,0.11852576175951493,36.91,0.798,11.38,71.8,88,Qwen2.5-14B-Instruct-Q4_K_M,llama.cpp,finegrained_gpu_emc
2026-05-22T12:56:45.180591,GPU510_EMC3199_CPU1036,510,1036,3199,510,3199,p128_o256,128,256,mixed,2,176.59367993474007,168.3162395687153,43098.212332930416,256,5.939921545293328,2097.658,49.357,51.558,8.1939765625,0.12204086652829013,37.085,0.798,11.473,71.8,85,Qwen2.5-14B-Instruct-Q4_K_M,llama.cpp,finegrained_gpu_emc
2026-05-22T12:58:17.003937,GPU510_EMC3199_CPU1036,510,1036,3199,510,3199,p1024_o512,1024,512,mixed,0,3152.5417499942705,171.8823239646958,90986.40896892175,512,5.627214061991214,4394.095,49.372,52.058,8.582216796875,0.11652001151545426,37.161,0.802,11.408,72.0,178,Qwen2.5-14B-Instruct-Q4_K_M,llama.cpp,finegrained_gpu_emc
2026-05-22T12:59:43.204506,GPU510_EMC3199_CPU1036,510,1036,3199,510,3199,p1024_o512,1024,512,mixed,1,182.37054906785488,166.6952872406436,85365.68462802097,512,5.997726161642449,4109.034,49.506,51.26,8.02545703125,0.12460349561478441,37.248,0.798,11.461,72.1,166,Qwen2.5-14B-Instruct-Q4_K_M,llama.cpp,finegrained_gpu_emc
2026-05-22T13:01:10.966378,GPU510_EMC3199_CPU1036,510,1036,3199,510,3199,p1024_o512,1024,512,mixed,2,183.10607108287513,169.7489294344687,86926.80539307185,512,5.890012841088566,4161.956,48.964,51.26,8.1288203125,0.12301908045159535,36.771,0.798,11.395,72.2,170,Qwen2.5-14B-Instruct-Q4_K_M,llama.cpp,finegrained_gpu_emc
2026-05-22T13:01:45.061413,GPU612_EMC204_CPU1036,612,1036,3199,612,204,p128_o64,128,64,decode,0,236.77851702086627,218.9869390161235,14033.24658703059,64,4.560598262354221,561.226,40.088,42.174,8.76915625,0.11403605677570176,28.858,0.798,10.431,71.0,28,Qwen2.5-14B-Instruct-Q4_K_M,llama.cpp,finegrained_gpu_emc
2026-05-22T13:02:00.996254,GPU612_EMC204_CPU1036,612,1036,3199,612,204,p128_o64,128,64,decode,1,237.314895959571,236.23583315952962,15120.436768978834,64,4.232681964009315,599.557,39.97,41.376,9.368078125,0.10674548041303829,28.73,0.798,10.442,70.7,30,Qwen2.5-14B-Instruct-Q4_K_M,llama.cpp,finegrained_gpu_emc
2026-05-22T13:02:15.848182,GPU612_EMC204_CPU1036,612,1036,3199,612,204,p128_o64,128,64,decode,2,234.5849749399349,219.10056914387656,14038.18323102314,64,4.558994490011049,560.928,40.066,41.775,8.7645,0.11409663985395631,28.83,0.784,10.453,70.4,28,Qwen2.5-14B-Instruct-Q4_K_M,llama.cpp,finegrained_gpu_emc
2026-05-22T13:02:46.905876,GPU612_EMC204_CPU1036,612,1036,3199,612,204,p512_o128,512,128,decode,0,236.49306199513376,240.01596644800156,30238.987652002834,126,4.166806159321097,1188.436,39.615,41.376,9.432031746031745,0.10602169574129361,28.444,0.771,10.399,70.1,60,Qwen2.5-14B-Instruct-Q4_K_M,llama.cpp,finegrained_gpu_emc
2026-05-22T13:03:17.186122,GPU612_EMC204_CPU1036,612,1036,3199,612,204,p512_o128,512,128,decode,1,237.3781680362299,230.1046416295443,29461.166471010074,128,4.3447023771428945,1148.108,39.59,41.775,8.96959375,0.11148776944329279,28.455,0.798,10.337,69.7,58,Qwen2.5-14B-Instruct-Q4_K_M,llama.cpp,finegrained_gpu_emc
2026-05-22T13:03:48.244564,GPU612_EMC204_CPU1036,612,1036,3199,612,204,p512_o128,512,128,decode,2,236.35584698058665,236.24502687428998,30239.972308045253,128,4.232808108952732,1166.303,39.536,40.876,9.1117421875,0.10974849588828973,28.392,0.778,10.366,69.5,59,Qwen2.5-14B-Instruct-Q4_K_M,llama.cpp,finegrained_gpu_emc
2026-05-22T13:04:18.496083,GPU612_EMC204_CPU1036,612,1036,3199,612,204,p1024_o128,1024,128,decode,0,229.55592605285347,229.94637663025173,29433.24639799539,128,4.348823716867253,1147.491,39.569,42.174,8.9647734375,0.1115477158426515,28.469,0.777,10.323,69.2,58,Qwen2.5-14B-Instruct-Q4_K_M,llama.cpp,finegrained_gpu_emc
2026-05-22T13:04:49.552979,GPU612_EMC204_CPU1036,612,1036,3199,612,204,p1024_o128,1024,128,decode,1,236.2404449377209,236.2373539688447,30238.879311014898,128,4.232961105584835,1186.234,39.541,41.276,9.267453125,0.10790451125157431,28.399,0.771,10.371,69.1,60,Qwen2.5-14B-Instruct-Q4_K_M,llama.cpp,finegrained_gpu_emc
2026-05-22T13:05:19.972463,GPU612_EMC204_CPU1036,612,1036,3199,612,204,p1024_o128,1024,128,decode,2,229.0534769417718,231.2721862131363,29601.118661928922,128,4.324160902899439,1145.272,39.492,42.174,8.9474375,0.11176384299974156,28.515,0.77,10.207,68.9,58,Qwen2.5-14B-Instruct-Q4_K_M,llama.cpp,finegrained_gpu_emc
2026-05-22T13:06:21.566718,GPU612_EMC204_CPU1036,612,1036,3199,612,204,p128_o256,128,256,decode,0,238.83677797857672,237.35649828598196,60765.72918496095,256,4.212900979444809,2368.863,39.813,41.276,9.25337109375,0.10806872326512762,28.707,0.748,10.358,68.7,119,Qwen2.5-14B-Instruct-Q4_K_M,llama.cpp,finegrained_gpu_emc
2026-05-22T13:07:22.150953,GPU612_EMC204_CPU1036,612,1036,3199,612,204,p128_o256,128,256,decode,1,242.7885279757902,244.90899397558513,59756.71988900285,244,4.083222781525259,2336.312,39.937,42.275,9.575049180327868,0.10443810586942155,28.834,0.743,10.359,68.6,117,Qwen2.5-14B-Instruct-Q4_K_M,llama.cpp,finegrained_gpu_emc
2026-05-22T13:08:23.749890,GPU612_EMC204_CPU1036,612,1036,3199,612,204,p128_o256,128,256,decode,2,244.6549260057509,237.35504483521058,60771.180192008615,256,4.2125230938605975,2375.432,39.923,41.276,9.27903125,0.1077698709119015,28.791,0.758,10.374,68.4,119,Qwen2.5-14B-Instruct-Q4_K_M,llama.cpp,finegrained_gpu_emc
2026-05-22T13:09:31.343634,GPU612_EMC204_CPU1036,612,1036,3199,612,204,p1024_o512,1024,512,decode,0,243.43338003382087,234.20374500713322,66764.43538302556,284,4.2537617276428765,2614.484,39.916,42.174,9.205929577464788,0.10862564085303257,28.825,0.749,10.341,68.3,131,Qwen2.5-14B-Instruct-Q4_K_M,llama.cpp,finegrained_gpu_emc
2026-05-22T13:11:23.951545,GPU612_EMC204_CPU1036,612,1036,3199,612,204,p1024_o512,1024,512,decode,1,244.30914502590895,218.23707521335385,111765.49867796712,512,4.5810201364129295,4385.422,40.233,51.059,8.56527734375,0.11675045183793031,29.121,0.765,10.347,68.2,218,Qwen2.5-14B-Instruct-Q4_K_M,llama.cpp,finegrained_gpu_emc
2026-05-22T13:12:05.570330,GPU612_EMC204_CPU1036,612,1036,3199,612,204,p1024_o512,1024,512,decode,2,84.5023519359529,79.66747793752641,40796.56956496183,512,12.550074809224443,2022.471,50.562,51.659,3.950138671875,0.2531556694756068,38.297,0.798,11.467,69.4,80,Qwen2.5-14B-Instruct-Q4_K_M,llama.cpp,finegrained_gpu_emc
2026-05-22T13:12:11.432056,GPU612_EMC204_CPU1036,612,1036,3199,612,204,p128_o64,128,64,mixed,0,208.8954340433702,76.84149923882195,5050.182398990728,64,12.672809602439372,242.993,48.599,52.058,3.796765625,0.2633820727346055,36.589,0.838,11.172,69.7,10,Qwen2.5-14B-Instruct-Q4_K_M,llama.cpp,finegrained_gpu_emc
2026-05-22T13:12:17.151829,GPU612_EMC204_CPU1036,612,1036,3199,612,204,p128_o64,128,64,mixed,1,78.67806509602815,76.66604142702583,4908.907667035237,64,13.037523689797402,245.263,49.053,52.043,3.832234375,0.26094437399852405,36.941,0.798,11.314,69.7,10,Qwen2.5-14B-Instruct-Q4_K_M,llama.cpp,finegrained_gpu_emc
2026-05-22T13:12:22.869375,GPU612_EMC204_CPU1036,612,1036,3199,612,204,p128_o64,128,64,mixed,2,78.45281797926873,76.64511487301853,4907.366830972023,64,13.041617267344826,245.028,49.006,51.759,3.8285625,0.2611946389800349,36.904,0.798,11.304,69.8,10,Qwen2.5-14B-Instruct-Q4_K_M,llama.cpp,finegrained_gpu_emc
2026-05-22T13:12:34.647722,GPU612_EMC204_CPU1036,612,1036,3199,612,204,p512_o128,512,128,mixed,0,677.8533130418509,81.00260655931014,10965.696795028634,128,11.67276484044585,540.582,49.144,51.458,4.223296875,0.23678183883296153,37.253,0.816,11.075,69.9,22,Qwen2.5-14B-Instruct-Q4_K_M,llama.cpp,finegrained_gpu_emc
2026-05-22T13:12:45.814056,GPU612_EMC204_CPU1036,612,1036,3199,612,204,p512_o128,512,128,mixed,1,84.41692602355033,80.85471080289787,10353.476111078635,128,12.362997569776093,515.838,49.127,51.059,4.029984375,0.2481399198973321,37.129,0.798,11.201,70.1,21,Qwen2.5-14B-Instruct-Q4_K_M,llama.cpp,finegrained_gpu_emc
2026-05-22T13:12:56.985928,GPU612_EMC204_CPU1036,612,1036,3199,612,204,p512_o128,512,128,mixed,2,84.32560006622225,80.90046392918718,10359.19696802739,128,12.35617011579749,516.555,49.196,51.458,4.0355859375,0.24779549128360004,37.169,0.836,11.191,70.2,21,Qwen2.5-14B-Instruct-Q4_K_M,llama.cpp,finegrained_gpu_emc
2026-05-22T13:13:08.521300,GPU612_EMC204_CPU1036,612,1036,3199,612,204,p1024_o128,1024,128,mixed,0,932.4352249968797,77.08197503211343,10722.360903047957,128,11.93766943282188,527.618,50.249,52.558,4.122015625,0.24259975967461306,38.165,0.798,11.287,70.3,21,Qwen2.5-14B-Instruct-Q4_K_M,llama.cpp,finegrained_gpu_emc
2026-05-22T13:13:19.205585,GPU612_EMC204_CPU1036,612,1036,3199,612,204,p1024_o128,1024,128,mixed,1,87.68090407829732,77.03450522807199,9871.585661079735,128,12.966508562515944,503.064,50.306,52.941,3.9301875,0.25444078685813337,37.979,0.838,11.489,70.5,20,Qwen2.5-14B-Instruct-Q4_K_M,llama.cpp,finegrained_gpu_emc
2026-05-22T13:13:29.886264,GPU612_EMC204_CPU1036,612,1036,3199,612,204,p1024_o128,1024,128,mixed,2,87.64823502860963,77.00695755147177,9868.041669018567,128,12.97116533282032,502.703,50.27,52.558,3.9273671875,0.254623505330185,37.983,0.798,11.489,70.6,20,Qwen2.5-14B-Instruct-Q4_K_M,llama.cpp,finegrained_gpu_emc
2026-05-22T13:13:50.751087,GPU612_EMC204_CPU1036,612,1036,3199,612,204,p128_o256,128,256,mixed,0,84.19165504164994,78.29021994873662,20049.18059206102,256,12.768601630600788,1008.348,50.417,52.158,3.938859375,0.25388060471186535,38.105,0.808,11.505,70.9,40,Qwen2.5-14B-Instruct-Q4_K_M,llama.cpp,finegrained_gpu_emc
2026-05-22T13:14:11.621213,GPU612_EMC204_CPU1036,612,1036,3199,612,204,p128_o256,128,256,mixed,1,82.93261600192636,78.3153394629777,20054.33518800419,256,12.765319697714556,1007.996,50.4,52.058,3.937484375,0.25396926178278484,38.107,0.818,11.474,71.2,40,Qwen2.5-14B-Instruct-Q4_K_M,llama.cpp,finegrained_gpu_emc
2026-05-22T13:14:32.488677,GPU612_EMC204_CPU1036,612,1036,3199,612,204,p128_o256,128,256,mixed,2,84.01370805222541,78.31113112168204,20054.362962022424,256,12.765302018558017,1007.44,50.372,52.058,3.9353125,0.2541094258715159,38.097,0.798,11.477,71.3,40,Qwen2.5-14B-Instruct-Q4_K_M,llama.cpp,finegrained_gpu_emc
2026-05-22T13:15:15.007929,GPU612_EMC204_CPU1036,612,1036,3199,612,204,p1024_o512,1024,512,mixed,0,1508.0584560055286,78.64449928385258,41697.37749698106,512,12.278949678239822,2099.364,51.204,52.558,4.1003203125,0.2438833856348875,38.829,0.817,11.557,71.7,82,Qwen2.5-14B-Instruct-Q4_K_M,llama.cpp,finegrained_gpu_emc
2026-05-22T13:15:56.087813,GPU612_EMC204_CPU1036,612,1036,3199,612,204,p1024_o512,1024,512,mixed,1,88.31689297221601,78.6065646203931,40258.3038660232,512,12.717873105233146,2035.436,51.53,52.659,3.9754609375,0.2515431583208708,39.034,0.803,11.693,72.0,79,Qwen2.5-14B-Instruct-Q4_K_M,llama.cpp,finegrained_gpu_emc
2026-05-22T13:16:37.188069,GPU612_EMC204_CPU1036,612,1036,3199,612,204,p1024_o512,1024,512,mixed,2,88.0403540795669,78.6464655479788,40278.38546899147,512,12.711532352610456,2036.019,51.545,52.659,3.976599609375,0.25147113067215976,39.039,0.808,11.697,72.2,79,Qwen2.5-14B-Instruct-Q4_K_M,llama.cpp,finegrained_gpu_emc
2026-05-22T13:16:54.963808,GPU612_EMC665_CPU1036,612,1036,3199,612,665,p128_o64,128,64,decode,0,101.74121905583888,100.252665015721,6417.929228045978,64,9.97206384269925,274.13,42.174,43.173,4.28328125,0.23346587385547005,30.757,0.798,10.619,71.1,13,Qwen2.5-14B-Instruct-Q4_K_M,llama.cpp,finegrained_gpu_emc
2026-05-22T13:17:02.195160,GPU612_EMC665_CPU1036,612,1036,3199,612,665,p128_o64,128,64,decode,1,101.59270698204637,100.28708785668843,6419.948330032639,64,9.96892758476058,269.582,41.474,43.173,4.21221875,0.2374045744893947,30.173,0.798,10.504,70.9,13,Qwen2.5-14B-Instruct-Q4_K_M,llama.cpp,finegrained_gpu_emc
2026-05-22T13:17:09.426721,GPU612_EMC665_CPU1036,612,1036,3199,612,665,p128_o64,128,64,decode,2,101.78163601085544,100.28786946176773,6420.124996104278,64,9.968653264357798,269.932,41.528,43.073,4.2176875,0.23709675029266628,30.203,0.829,10.496,70.8,13,Qwen2.5-14B-Instruct-Q4_K_M,llama.cpp,finegrained_gpu_emc
2026-05-22T13:17:23.092870,GPU612_EMC665_CPU1036,612,1036,3199,612,665,p512_o128,512,128,decode,0,101.79958899971098,100.39598514109586,12852.592743001878,128,9.959080051742466,543.427,41.802,43.572,4.2455234375,0.23554221634184536,30.404,0.813,10.584,70.7,26,Qwen2.5-14B-Instruct-Q4_K_M,llama.cpp,finegrained_gpu_emc
2026-05-22T13:17:36.757891,GPU612_EMC665_CPU1036,612,1036,3199,612,665,p512_o128,512,128,decode,1,101.63735097739846,100.3904316297505,12851.717529003508,128,9.959758274419903,542.968,41.767,43.173,4.2419375,0.23574133282256046,30.419,0.798,10.55,70.5,26,Qwen2.5-14B-Instruct-Q4_K_M,llama.cpp,finegrained_gpu_emc
2026-05-22T13:17:50.425099,GPU612_EMC665_CPU1036,612,1036,3199,612,665,p512_o128,512,128,decode,2,101.69101692736149,100.40476221286904,12853.640074958093,128,9.958268572446963,543.618,41.817,43.173,4.247015625,0.2354594586639883,30.45,0.798,10.569,70.4,26,Qwen2.5-14B-Instruct-Q4_K_M,llama.cpp,finegrained_gpu_emc
2026-05-22T13:18:04.091717,GPU612_EMC665_CPU1036,612,1036,3199,612,665,p1024_o128,1024,128,decode,0,101.65303503163159,100.401889315557,12853.194899042137,128,9.958613481348438,543.413,41.801,43.173,4.2454140625,0.23554828463801933,30.449,0.783,10.569,70.3,26,Qwen2.5-14B-Instruct-Q4_K_M,llama.cpp,finegrained_gpu_emc
2026-05-22T13:18:17.759564,GPU612_EMC665_CPU1036,612,1036,3199,612,665,p1024_o128,1024,128,decode,1,101.6868919832632,100.41012796830005,12854.265816975385,128,9.957783806754858,542.413,41.724,43.173,4.2376015625,0.2359825446661492,30.403,0.783,10.538,70.2,26,Qwen2.5-14B-Instruct-Q4_K_M,llama.cpp,finegrained_gpu_emc
2026-05-22T13:18:31.426930,GPU612_EMC665_CPU1036,612,1036,3199,612,665,p1024_o128,1024,128,decode,2,101.65047703776509,100.40590141745885,12853.69710996747,128,9.95822438516477,543.31,41.793,43.472,4.244609375,0.23559293957409216,30.449,0.829,10.515,70.1,26,Qwen2.5-14B-Instruct-Q4_K_M,llama.cpp,finegrained_gpu_emc
2026-05-22T13:18:58.073182,GPU612_EMC665_CPU1036,612,1036,3199,612,665,p128_o256,128,256,decode,0,101.79911903105676,100.88650522771857,25828.862113994546,256,9.911392877864897,1083.681,42.497,43.572,4.23312890625,0.23623188004588067,31.031,0.798,10.668,70.1,51,Qwen2.5-14B-Instruct-Q4_K_M,llama.cpp,finegrained_gpu_emc
2026-05-22T13:19:24.753339,GPU612_EMC665_CPU1036,612,1036,3199,612,665,p128_o256,128,256,decode,1,108.52761496789753,100.99269067092489,25862.669561989605,256,9.898436794639464,1075.248,42.167,43.972,4.2001875,0.23808460931803638,30.663,0.837,10.666,69.9,51,Qwen2.5-14B-Instruct-Q4_K_M,llama.cpp,finegrained_gpu_emc
2026-05-22T13:19:51.439423,GPU612_EMC665_CPU1036,612,1036,3199,612,665,p128_o256,128,256,decode,2,108.44329895917326,101.01646275314339,25868.617271073163,256,9.896160947352397,1074.396,42.133,42.774,4.196859375,0.2382734112934151,30.687,0.798,10.648,69.8,51,Qwen2.5-14B-Instruct-Q4_K_M,llama.cpp,finegrained_gpu_emc
2026-05-22T13:20:45.276818,GPU612_EMC665_CPU1036,612,1036,3199,612,665,p1024_o512,1024,512,decode,0,108.44502900727093,103.52335034627212,53010.8464040095,512,9.658400775152963,2196.022,42.231,43.073,4.28910546875,0.23314884823558235,30.849,0.798,10.584,69.7,104,Qwen2.5-14B-Instruct-Q4_K_M,llama.cpp,finegrained_gpu_emc
2026-05-22T13:21:39.119717,GPU612_EMC665_CPU1036,612,1036,3199,612,665,p1024_o512,1024,512,decode,1,108.85607497766614,103.53502676113274,53017.23597000819,512,9.657236757677033,2204.831,42.401,43.173,4.306310546875,0.23221734454931012,31.0,0.802,10.599,69.6,104,Qwen2.5-14B-Instruct-Q4_K_M,llama.cpp,finegrained_gpu_emc
2026-05-22T13:22:32.948660,GPU612_EMC665_CPU1036,612,1036,3199,612,665,p1024_o512,1024,512,decode,2,108.60401508398354,103.5084498004164,53003.36468301248,512,9.659764112373331,2205.676,42.417,43.572,4.3079609375,0.232128381502995,31.014,0.81,10.593,69.6,104,Qwen2.5-14B-Instruct-Q4_K_M,llama.cpp,finegrained_gpu_emc
2026-05-22T13:22:40.329791,GPU612_EMC665_CPU1036,612,1036,3199,612,665,p128_o64,128,64,mixed,0,236.3595690112561,100.53137831744694,6570.109555963427,64,9.74108566300995,268.323,41.28,43.173,4.192546875,0.23851850195473367,30.111,0.798,10.371,69.4,13,Qwen2.5-14B-Instruct-Q4_K_M,llama.cpp,finegrained_gpu_emc
2026-05-22T13:22:47.562453,GPU612_EMC665_CPU1036,612,1036,3199,612,665,p128_o64,128,64,mixed,1,102.50138200353831,100.29487234968988,6421.350692980923,64,9.966750464190874,268.932,41.374,43.073,4.2020625,0.2379783737152886,30.142,0.767,10.465,69.3,13,Qwen2.5-14B-Instruct-Q4_K_M,llama.cpp,finegrained_gpu_emc
2026-05-22T13:22:54.793520,GPU612_EMC665_CPU1036,612,1036,3199,612,665,p128_o64,128,64,mixed,2,102.28608595207334,100.2949063503553,6421.18067399133,64,9.967014362207372,269.332,41.436,43.073,4.2083125,0.2376249387373205,30.173,0.798,10.465,69.2,13,Qwen2.5-14B-Instruct-Q4_K_M,llama.cpp,finegrained_gpu_emc
2026-05-22T13:23:09.670811,GPU612_EMC665_CPU1036,612,1036,3199,612,665,p512_o128,512,128,mixed,0,741.9419260695577,104.90807858259072,14065.771362977102,128,9.100105262404043,585.275,41.805,43.371,4.5724609375,0.21870061082397166,30.684,0.826,10.295,69.2,28,Qwen2.5-14B-Instruct-Q4_K_M,llama.cpp,finegrained_gpu_emc
2026-05-22T13:23:23.908908,GPU612_EMC665_CPU1036,612,1036,3199,612,665,p512_o128,512,128,mixed,1,108.46501297783107,104.84863142574602,13424.745270051062,128,9.534631564708501,560.802,41.541,42.972,4.381265625,0.22824454976979397,30.342,0.798,10.401,69.2,27,Qwen2.5-14B-Instruct-Q4_K_M,llama.cpp,finegrained_gpu_emc
2026-05-22T13:23:38.149312,GPU612_EMC665_CPU1036,612,1036,3199,612,665,p512_o128,512,128,mixed,2,108.43240597750992,104.86387594430671,13426.696715992875,128,9.533245794368469,560.159,41.493,42.972,4.3762421875,0.22850654903339945,30.328,0.783,10.382,69.1,27,Qwen2.5-14B-Instruct-Q4_K_M,llama.cpp,finegrained_gpu_emc
2026-05-22T13:23:52.822998,GPU612_EMC665_CPU1036,612,1036,3199,612,665,p1024_o128,1024,128,mixed,0,1021.3962140260264,101.08487484206658,13859.701432054862,128,9.235408181590424,586.322,41.88,43.572,4.580640625,0.21831007535108696,30.683,0.798,10.399,69.2,28,Qwen2.5-14B-Instruct-Q4_K_M,llama.cpp,finegrained_gpu_emc
2026-05-22T13:24:06.577427,GPU612_EMC665_CPU1036,612,1036,3199,612,665,p1024_o128,1024,128,mixed,1,110.79798091668636,101.0193220948375,12940.772431902587,128,9.891217906316362,547.622,42.125,43.673,4.278296875,0.2337378702827863,30.727,0.798,10.6,69.2,26,Qwen2.5-14B-Instruct-Q4_K_M,llama.cpp,finegrained_gpu_emc
2026-05-22T13:24:20.332733,GPU612_EMC665_CPU1036,612,1036,3199,612,665,p1024_o128,1024,128,mixed,2,112.65430599451065,101.0140702990067,12941.957522998564,128,9.890312170514933,547.975,42.152,43.572,4.2810546875,0.2335872986906337,30.758,0.798,10.596,69.3,26,Qwen2.5-14B-Instruct-Q4_K_M,llama.cpp,finegrained_gpu_emc
2026-05-22T13:24:47.312810,GPU612_EMC665_CPU1036,612,1036,3199,612,665,p128_o256,128,256,mixed,0,109.26597903016955,102.1660150115506,26162.591682048514,256,9.784963321338482,1096.382,42.169,43.173,4.2827421875,0.2334952598638066,30.803,0.798,10.567,69.4,52,Qwen2.5-14B-Instruct-Q4_K_M,llama.cpp,finegrained_gpu_emc
2026-05-22T13:25:14.283325,GPU612_EMC665_CPU1036,612,1036,3199,612,665,p128_o256,128,256,mixed,1,108.91701991204172,102.12977688631737,26152.991088922136,256,9.788555317805935,1096.026,42.155,43.173,4.2813515625,0.23357110141547735,30.803,0.79,10.562,69.5,52,Qwen2.5-14B-Instruct-Q4_K_M,llama.cpp,finegrained_gpu_emc
2026-05-22T13:25:41.255184,GPU612_EMC665_CPU1036,612,1036,3199,612,665,p128_o256,128,256,mixed,2,108.98313298821449,102.13533380004924,26154.473925940692,256,9.788000352249199,1095.828,42.147,43.185,4.280578125,0.23361330427767862,30.795,0.798,10.554,69.5,52,Qwen2.5-14B-Instruct-Q4_K_M,llama.cpp,finegrained_gpu_emc
2026-05-22T13:25:58.839320,GPU612_EMC665_CPU1036,612,1036,3199,612,665,p1024_o512,1024,512,mixed,0,1681.0303340898827,101.25864578357495,16769.596102065407,149,8.885127530391063,698.69,42.345,43.572,4.689194630872484,0.2132562366714852,31.076,0.81,10.458,69.5,33,Qwen2.5-14B-Instruct-Q4_K_M,llama.cpp,finegrained_gpu_emc
2026-05-22T13:26:52.388546,GPU612_EMC665_CPU1036,612,1036,3199,612,665,p1024_o512,1024,512,mixed,1,112.86269698757678,102.95320261468466,52723.92107802443,512,9.710962112288797,2201.966,42.757,43.572,4.30071484375,0.23251948486034754,31.237,0.806,10.714,69.7,103,Qwen2.5-14B-Instruct-Q4_K_M,llama.cpp,finegrained_gpu_emc
2026-05-22T13:27:45.964384,GPU612_EMC665_CPU1036,612,1036,3199,612,665,p1024_o512,1024,512,mixed,2,113.38647699449211,103.00438369281677,52750.599924940616,512,9.706050750674498,2205.316,42.822,43.572,4.3072578125,0.2321662745837785,31.307,0.802,10.713,69.8,103,Qwen2.5-14B-Instruct-Q4_K_M,llama.cpp,finegrained_gpu_emc
2026-05-22T13:28:03.735628,GPU612_EMC2133_CPU1036,612,1036,3199,612,2133,p128_o64,128,64,decode,0,101.67941101826727,100.27062796824981,6418.994702049531,64,9.970408603011519,273.526,42.081,43.073,4.27384375,0.23398141310149675,30.694,0.798,10.589,69.3,13,Qwen2.5-14B-Instruct-Q4_K_M,llama.cpp,finegrained_gpu_emc
2026-05-22T13:28:10.965614,GPU612_EMC2133_CPU1036,612,1036,3199,612,2133,p128_o64,128,64,decode,1,101.75470798276365,100.26797933304417,6418.905565980822,64,9.970547056992054,269.282,41.428,43.073,4.20753125,0.23766906068730922,30.173,0.798,10.457,69.3,13,Qwen2.5-14B-Instruct-Q4_K_M,llama.cpp,finegrained_gpu_emc
2026-05-22T13:28:18.197313,GPU612_EMC2133_CPU1036,612,1036,3199,612,2133,p128_o64,128,64,decode,2,101.69262706767768,100.29115779362323,6420.299984049052,64,9.968381564569434,269.432,41.451,43.073,4.209875,0.2375367439650821,30.173,0.798,10.48,69.3,13,Qwen2.5-14B-Instruct-Q4_K_M,llama.cpp,finegrained_gpu_emc
2026-05-22T13:28:31.869361,GPU612_EMC2133_CPU1036,612,1036,3199,612,2133,p512_o128,512,128,decode,0,101.80821199901402,100.44201880264441,12858.476152992807,128,9.954523263645672,543.222,41.786,43.173,4.243921875,0.23563110477852517,30.45,0.798,10.538,69.3,26,Qwen2.5-14B-Instruct-Q4_K_M,llama.cpp,finegrained_gpu_emc
2026-05-22T13:28:45.540782,GPU612_EMC2133_CPU1036,612,1036,3199,612,2133,p512_o128,512,128,decode,1,101.74808499868959,100.43676670156712,12857.711153104901,128,9.955115531514359,543.078,41.775,43.173,4.242796875,0.23569358361045745,30.435,0.798,10.542,69.3,26,Qwen2.5-14B-Instruct-Q4_K_M,llama.cpp,finegrained_gpu_emc
2026-05-22T13:28:59.209147,GPU612_EMC2133_CPU1036,612,1036,3199,612,2133,p512_o128,512,128,decode,2,101.74571699462831,100.41443940149401,12854.831169941463,128,9.95734586536642,542.668,41.744,43.173,4.23959375,0.2358716563349967,30.419,0.798,10.527,69.4,26,Qwen2.5-14B-Instruct-Q4_K_M,llama.cpp,finegrained_gpu_emc
2026-05-22T13:29:12.879032,GPU612_EMC2133_CPU1036,612,1036,3199,612,2133,p1024_o128,1024,128,decode,0,101.71214898582548,100.42871110229277,12856.520475936122,128,9.956037501716025,542.826,41.756,43.173,4.240828125,0.23580300133007628,30.435,0.798,10.523,69.4,26,Qwen2.5-14B-Instruct-Q4_K_M,llama.cpp,finegrained_gpu_emc
2026-05-22T13:29:26.547786,GPU612_EMC2133_CPU1036,612,1036,3199,612,2133,p1024_o128,1024,128,decode,1,101.792374975048,100.41676514954342,12855.22410995327,128,9.957041503531228,542.928,41.764,43.173,4.241625,0.23575870096955767,30.435,0.798,10.531,69.5,26,Qwen2.5-14B-Instruct-Q4_K_M,llama.cpp,finegrained_gpu_emc
2026-05-22T13:29:40.219324,GPU612_EMC2133_CPU1036,612,1036,3199,612,2133,p1024_o128,1024,128,decode,2,101.74037399701774,100.4389461494733,12857.986599905416,128,9.954902270697776,542.627,41.741,43.173,4.2392734375,0.23588947840781976,30.42,0.798,10.523,69.5,26,Qwen2.5-14B-Instruct-Q4_K_M,llama.cpp,finegrained_gpu_emc
2026-05-22T13:30:06.862158,GPU612_EMC2133_CPU1036,612,1036,3199,612,2133,p128_o256,128,256,decode,0,101.65995801799,100.8731207061632,25825.317069073208,256,9.91275341616501,1083.851,42.504,43.173,4.23379296875,0.23619482751780455,31.048,0.798,10.658,69.5,51,Qwen2.5-14B-Instruct-Q4_K_M,llama.cpp,finegrained_gpu_emc
2026-05-22T13:30:33.521578,GPU612_EMC2133_CPU1036,612,1036,3199,612,2133,p128_o256,128,256,decode,1,108.32615196704865,100.91245191345247,25842.025648918934,256,9.906344165040693,1085.086,42.552,44.87,4.2386171875,0.23592600033545727,31.047,0.845,10.66,69.7,51,Qwen2.5-14B-Instruct-Q4_K_M,llama.cpp,finegrained_gpu_emc
2026-05-22T13:31:00.177046,GPU612_EMC2133_CPU1036,612,1036,3199,612,2133,p128_o256,128,256,decode,2,108.31111297011375,100.89688287070935,25838.027799967676,256,9.907876947184036,1084.057,42.512,43.572,4.23459765625,0.23614994414500345,31.04,0.806,10.666,69.7,51,Qwen2.5-14B-Instruct-Q4_K_M,llama.cpp,finegrained_gpu_emc
2026-05-22T13:31:54.012365,GPU612_EMC2133_CPU1036,612,1036,3199,612,2133,p1024_o512,1024,512,decode,0,108.28637704253197,103.52057793338048,53009.27860208321,512,9.658686431923616,2205.728,42.418,43.572,4.3080625,0.23212290908035804,31.014,0.806,10.598,69.8,104,Qwen2.5-14B-Instruct-Q4_K_M,llama.cpp,finegrained_gpu_emc
2026-05-22T13:32:47.815736,GPU612_EMC2133_CPU1036,612,1036,3199,612,2133,p1024_o512,1024,512,decode,1,108.4667940158397,103.45726058300797,52977.07562893629,512,9.66455762085032,2204.638,42.397,43.173,4.30593359375,0.23223767348653157,31.003,0.81,10.585,69.6,104,Qwen2.5-14B-Instruct-Q4_K_M,llama.cpp,finegrained_gpu_emc
2026-05-22T13:33:41.650287,GPU612_EMC2133_CPU1036,612,1036,3199,612,2133,p1024_o512,1024,512,decode,2,108.906892943196,103.51865768884609,53008.91886500176,512,9.658751979151178,2203.972,42.384,43.073,4.3046328125,0.23230785146090782,31.01,0.798,10.576,69.6,104,Qwen2.5-14B-Instruct-Q4_K_M,llama.cpp,finegrained_gpu_emc
2026-05-22T13:33:49.033765,GPU612_EMC2133_CPU1036,612,1036,3199,612,2133,p128_o64,128,64,mixed,0,235.67127296701074,100.57069687357557,6571.9021370168775,64,9.738428641460404,268.724,41.342,43.173,4.1988125,0.2381625757282565,30.142,0.798,10.402,69.4,13,Qwen2.5-14B-Instruct-Q4_K_M,llama.cpp,finegrained_gpu_emc
2026-05-22T13:33:56.265986,GPU612_EMC2133_CPU1036,612,1036,3199,612,2133,p128_o64,128,64,mixed,1,102.25414193700999,100.3002379207857,6421.4341240003705,64,9.96662097035262,269.282,41.428,43.173,4.20753125,0.23766906068730922,30.173,0.767,10.488,69.3,13,Qwen2.5-14B-Instruct-Q4_K_M,llama.cpp,finegrained_gpu_emc
2026-05-22T13:34:03.500171,GPU612_EMC2133_CPU1036,612,1036,3199,612,2133,p128_o64,128,64,mixed,2,102.28386998642236,100.32496039777817,6423.027736018412,64,9.964148160392833,269.082,41.397,43.073,4.20440625,0.237845712459399,30.173,0.767,10.457,69.3,13,Qwen2.5-14B-Instruct-Q4_K_M,llama.cpp,finegrained_gpu_emc
2026-05-22T13:34:18.381551,GPU612_EMC2133_CPU1036,612,1036,3199,612,2133,p512_o128,512,128,mixed,0,742.1090130228549,104.92178682681525,14067.709124996327,128,9.098851764894835,585.076,41.791,42.972,4.57090625,0.21877499675255863,30.712,0.77,10.309,69.2,28,Qwen2.5-14B-Instruct-Q4_K_M,llama.cpp,finegrained_gpu_emc
2026-05-22T13:34:32.622000,GPU612_EMC2133_CPU1036,612,1036,3199,612,2133,p512_o128,512,128,mixed,1,107.62804304249585,104.87270877901905,13426.973836030811,128,9.533049037193809,560.858,41.545,42.972,4.381703125,0.22822176023164512,30.342,0.798,10.405,69.2,27,Qwen2.5-14B-Instruct-Q4_K_M,llama.cpp,finegrained_gpu_emc
2026-05-22T13:34:46.862937,GPU612_EMC2133_CPU1036,612,1036,3199,612,2133,p512_o128,512,128,mixed,2,108.4468619665131,104.88222210987024,13428.999246913008,128,9.531611227800463,560.259,41.501,43.371,4.3770234375,0.22846576315596892,30.298,0.813,10.39,69.2,27,Qwen2.5-14B-Instruct-Q4_K_M,llama.cpp,finegrained_gpu_emc
2026-05-22T13:35:01.529565,GPU612_EMC2133_CPU1036,612,1036,3199,612,2133,p1024_o128,1024,128,mixed,0,1021.3085300056264,101.0307098902014,13852.757678949274,128,9.240037468821786,587.179,41.941,43.572,4.5873359375,0.21799144724181213,30.698,0.841,10.403,69.2,28,Qwen2.5-14B-Instruct-Q4_K_M,llama.cpp,finegrained_gpu_emc
2026-05-22T13:35:15.279831,GPU612_EMC2133_CPU1036,612,1036,3199,612,2133,p1024_o128,1024,128,mixed,1,112.67394502647221,100.97230970034538,12936.67628604453,128,9.894349767264432,547.876,42.144,43.585,4.28028125,0.23362950740678548,30.758,0.798,10.588,69.2,26,Qwen2.5-14B-Instruct-Q4_K_M,llama.cpp,finegrained_gpu_emc
2026-05-22T13:35:29.035851,GPU612_EMC2133_CPU1036,612,1036,3199,612,2133,p1024_o128,1024,128,mixed,2,112.74898599367589,101.01742925962037,12942.479592049494,128,9.88991321868723,547.622,42.125,43.572,4.278296875,0.2337378702827863,30.727,0.798,10.6,69.1,26,Qwen2.5-14B-Instruct-Q4_K_M,llama.cpp,finegrained_gpu_emc
2026-05-22T13:35:56.011404,GPU612_EMC2133_CPU1036,612,1036,3199,612,2133,p128_o256,128,256,mixed,0,109.2260010773316,102.15420067839909,26159.34912802186,256,9.786176205958165,1096.019,42.155,43.073,4.28132421875,0.23357259317584822,30.787,0.79,10.577,69.2,52,Qwen2.5-14B-Instruct-Q4_K_M,llama.cpp,finegrained_gpu_emc
2026-05-22T13:36:22.991000,GPU612_EMC2133_CPU1036,612,1036,3199,612,2133,p128_o256,128,256,mixed,1,108.9531050529331,102.1693950701578,26162.864753976464,256,9.784861191895695,1097.375,42.207,43.472,4.28662109375,0.23328397311766716,30.803,0.821,10.583,69.2,52,Qwen2.5-14B-Instruct-Q4_K_M,llama.cpp,finegrained_gpu_emc
2026-05-22T13:36:49.975484,GPU612_EMC2133_CPU1036,612,1036,3199,612,2133,p128_o256,128,256,mixed,2,109.12548995111138,102.18530348639058,26167.34300099779,256,9.78318662273959,1096.225,42.162,43.173,4.28212890625,0.23352870076854662,30.803,0.798,10.562,69.2,52,Qwen2.5-14B-Instruct-Q4_K_M,llama.cpp,finegrained_gpu_emc
2026-05-22T13:37:45.128315,GPU612_EMC2133_CPU1036,612,1036,3199,612,2133,p1024_o512,1024,512,mixed,0,1681.0403149574995,103.02264442660075,54327.65674195252,512,9.424297507104276,2265.8,42.751,43.673,4.425390625,0.2259687527584076,31.317,0.813,10.621,69.3,106,Qwen2.5-14B-Instruct-Q4_K_M,llama.cpp,finegrained_gpu_emc
2026-05-22T13:38:38.699120,GPU612_EMC2133_CPU1036,612,1036,3199,612,2133,p1024_o512,1024,512,mixed,1,113.43394999857992,102.99817061255852,52747.51725001261,512,9.706617992525091,2207.564,42.865,44.472,4.3116484375,0.23192985571426245,31.307,0.844,10.714,69.3,103,Qwen2.5-14B-Instruct-Q4_K_M,llama.cpp,finegrained_gpu_emc
2026-05-22T13:39:32.230952,GPU612_EMC2133_CPU1036,612,1036,3199,612,2133,p1024_o512,1024,512,mixed,2,113.3981419261545,102.92120408034408,52707.58206991013,512,9.71397244747245,2203.86,42.793,43.572,4.3044140625,0.23231965732850543,31.276,0.802,10.716,69.4,103,Qwen2.5-14B-Instruct-Q4_K_M,llama.cpp,finegrained_gpu_emc
2026-05-22T13:39:50.001881,GPU612_EMC3199_CPU1036,612,1036,3199,612,3199,p128_o64,128,64,decode,0,101.68230498675257,100.2692576675188,6418.917731032707,64,9.970528160937087,273.925,42.142,43.472,4.280078125,0.23364059505339052,30.725,0.829,10.589,69.0,13,Qwen2.5-14B-Instruct-Q4_K_M,llama.cpp,finegrained_gpu_emc
2026-05-22T13:39:57.233267,GPU612_EMC3199_CPU1036,612,1036,3199,612,3199,p128_o64,128,64,decode,1,101.63216001819819,100.28985969810968,6420.159818022512,64,9.968599195979639,270.058,41.547,44.458,4.21965625,0.2369861289056425,30.169,0.89,10.488,68.9,13,Qwen2.5-14B-Instruct-Q4_K_M,llama.cpp,finegrained_gpu_emc
2026-05-22T13:40:04.462615,GPU612_EMC3199_CPU1036,612,1036,3199,612,3199,p128_o64,128,64,decode,2,101.49683302734047,100.25559934890933,6417.868104064837,64,9.972158816954309,269.326,41.435,43.073,4.20821875,0.23763023250633059,30.141,0.829,10.465,68.8,13,Qwen2.5-14B-Instruct-Q4_K_M,llama.cpp,finegrained_gpu_emc
2026-05-22T13:40:18.129662,GPU612_EMC3199_CPU1036,612,1036,3199,612,3199,p512_o128,512,128,decode,0,101.82963393162936,100.40017892973219,12853.692585020326,128,9.958227890806336,542.917,41.763,43.173,4.2415390625,0.23576347765864764,30.434,0.783,10.546,69.0,26,Qwen2.5-14B-Instruct-Q4_K_M,llama.cpp,finegrained_gpu_emc
2026-05-22T13:40:31.803192,GPU612_EMC3199_CPU1036,612,1036,3199,612,3199,p512_o128,512,128,decode,1,101.66582593228668,100.45513074009085,12859.970663907006,128,9.953366406911549,540.334,41.564,43.173,4.221359375,0.23689051586611246,30.251,0.783,10.531,69.0,26,Qwen2.5-14B-Instruct-Q4_K_M,llama.cpp,finegrained_gpu_emc
2026-05-22T13:40:45.481569,GPU612_EMC3199_CPU1036,612,1036,3199,612,3199,p512_o128,512,128,decode,2,101.82755393907428,100.49534084249699,12865.115585969761,128,9.949385930087738,538.19,41.399,42.774,4.204609375,0.23783422211486646,30.051,0.798,10.55,69.1,26,Qwen2.5-14B-Instruct-Q4_K_M,llama.cpp,finegrained_gpu_emc
2026-05-22T13:40:59.154038,GPU612_EMC3199_CPU1036,612,1036,3199,612,3199,p1024_o128,1024,128,decode,0,101.73744196072221,100.44677566927601,12858.970080967993,128,9.954140898845957,537.739,41.365,43.073,4.2010859375,0.2380336929253783,30.036,0.813,10.515,69.1,26,Qwen2.5-14B-Instruct-Q4_K_M,llama.cpp,finegrained_gpu_emc
2026-05-22T13:41:12.836763,GPU612_EMC3199_CPU1036,612,1036,3199,612,3199,p1024_o128,1024,128,decode,1,101.78605001419783,100.5274149603907,12869.259111932479,128,9.946182518099848,539.036,41.464,43.073,4.21121875,0.2374609488049036,30.082,0.859,10.523,69.1,26,Qwen2.5-14B-Instruct-Q4_K_M,llama.cpp,finegrained_gpu_emc
2026-05-22T13:41:26.519729,GPU612_EMC3199_CPU1036,612,1036,3199,612,3199,p1024_o128,1024,128,decode,2,101.80224210489541,100.52916574783212,12869.505525100976,128,9.945992077966467,539.435,41.495,43.073,4.2143359375,0.23728530777572834,30.189,0.783,10.523,69.1,26,Qwen2.5-14B-Instruct-Q4_K_M,llama.cpp,finegrained_gpu_emc
2026-05-22T13:41:53.174451,GPU612_EMC3199_CPU1036,612,1036,3199,612,3199,p128_o256,128,256,decode,0,101.79152199998498,100.91981441969527,25837.323112995364,256,9.908147174551532,1083.539,42.492,43.472,4.23257421875,0.23626283871646522,31.047,0.798,10.647,69.3,51,Qwen2.5-14B-Instruct-Q4_K_M,llama.cpp,finegrained_gpu_emc
2026-05-22T13:42:19.831653,GPU612_EMC3199_CPU1036,612,1036,3199,612,3199,p128_o256,128,256,decode,1,107.81624203082174,100.90639200792009,25839.91619106382,256,9.907152875694392,1083.386,42.486,43.173,4.2319765625,0.2362962046768188,31.039,0.798,10.648,69.3,51,Qwen2.5-14B-Instruct-Q4_K_M,llama.cpp,finegrained_gpu_emc
2026-05-22T13:42:46.489482,GPU612_EMC3199_CPU1036,612,1036,3199,612,3199,p128_o256,128,256,decode,2,108.3397640613839,100.90613906664372,25840.407053008676,256,9.906964680349072,1083.486,42.49,43.472,4.2323671875,0.23627439579283901,31.039,0.798,10.652,69.5,51,Qwen2.5-14B-Instruct-Q4_K_M,llama.cpp,finegrained_gpu_emc
2026-05-22T13:43:04.102420,GPU612_EMC3199_CPU1036,612,1036,3199,612,3199,p1024_o512,1024,512,decode,0,108.25659497641027,100.54035232134277,16798.31370501779,166,9.881944278157782,700.255,42.44,43.971,4.218403614457832,0.23705650084612034,30.955,0.846,10.638,69.4,33,Qwen2.5-14B-Instruct-Q4_K_M,llama.cpp,finegrained_gpu_emc
2026-05-22T13:43:57.916163,GPU612_EMC3199_CPU1036,612,1036,3199,612,3199,p1024_o512,1024,512,decode,1,101.84230701997876,103.49210714666198,52988.28669602517,512,9.662512829243955,2205.102,42.406,43.572,4.30683984375,0.2321888057785989,31.01,0.806,10.591,69.6,104,Qwen2.5-14B-Instruct-Q4_K_M,llama.cpp,finegrained_gpu_emc
2026-05-22T13:44:51.774961,GPU612_EMC3199_CPU1036,612,1036,3199,612,3199,p1024_o512,1024,512,decode,2,108.84174902457744,103.56459025828507,53032.374576083384,512,9.65448000570773,2205.27,42.409,43.572,4.30716796875,0.23217111736884827,31.01,0.802,10.597,69.7,104,Qwen2.5-14B-Instruct-Q4_K_M,llama.cpp,finegrained_gpu_emc
2026-05-22T13:44:59.155649,GPU612_EMC3199_CPU1036,612,1036,3199,612,3199,p128_o64,128,64,mixed,0,235.10098305996507,100.53551358555163,6569.114148034714,64,9.742561714983582,269.225,41.419,43.073,4.206640625,0.23771937970099358,30.172,0.829,10.419,69.6,13,Qwen2.5-14B-Instruct-Q4_K_M,llama.cpp,finegrained_gpu_emc
2026-05-22T13:45:06.389578,GPU612_EMC3199_CPU1036,612,1036,3199,612,3199,p128_o64,128,64,mixed,1,102.18998801428825,100.31915547525776,6422.564303968102,64,9.96486714200096,269.377,41.443,43.472,4.209015625,0.23758524298659497,30.141,0.829,10.473,69.5,13,Qwen2.5-14B-Instruct-Q4_K_M,llama.cpp,finegrained_gpu_emc
2026-05-22T13:45:13.622565,GPU612_EMC3199_CPU1036,612,1036,3199,612,3199,p128_o64,128,64,mixed,2,102.17190801631659,100.30331090462231,6421.553551102988,64,9.966435612610773,269.632,41.482,43.173,4.213,0.23736055067647757,30.173,0.798,10.511,69.5,13,Qwen2.5-14B-Instruct-Q4_K_M,llama.cpp,finegrained_gpu_emc
2026-05-22T13:45:28.505437,GPU612_EMC3199_CPU1036,612,1036,3199,612,3199,p512_o128,512,128,mixed,0,741.4479699218646,104.93774759110181,14069.088315940462,128,9.097959805609744,586.922,41.923,43.371,4.585328125,0.218086900814759,30.798,0.812,10.313,69.5,28,Qwen2.5-14B-Instruct-Q4_K_M,llama.cpp,finegrained_gpu_emc
2026-05-22T13:45:42.748097,GPU612_EMC3199_CPU1036,612,1036,3199,612,3199,p512_o128,512,128,mixed,1,108.3976209629327,104.88559785079006,13429.376421961933,128,9.53134352468319,561.152,41.567,42.972,4.384,0.22810218978102187,30.386,0.813,10.368,69.5,27,Qwen2.5-14B-Instruct-Q4_K_M,llama.cpp,finegrained_gpu_emc
2026-05-22T13:45:56.986709,GPU612_EMC3199_CPU1036,612,1036,3199,612,3199,p512_o128,512,128,mixed,2,108.39115700218827,104.85079165412421,13424.948578001931,128,9.53448717187195,561.711,41.608,43.77,4.3883671875,0.2278751884866061,30.343,0.872,10.394,69.5,27,Qwen2.5-14B-Instruct-Q4_K_M,llama.cpp,finegrained_gpu_emc
2026-05-22T13:46:11.650657,GPU612_EMC3199_CPU1036,612,1036,3199,612,3199,p1024_o128,1024,128,mixed,0,1017.8336360258982,101.03806943309999,13850.186886964366,128,9.241752551402184,587.822,41.987,43.971,4.592359375,0.2177529932530596,30.74,0.841,10.406,69.5,28,Qwen2.5-14B-Instruct-Q4_K_M,llama.cpp,finegrained_gpu_emc
2026-05-22T13:46:25.404065,GPU612_EMC3199_CPU1036,612,1036,3199,612,3199,p1024_o128,1024,128,mixed,1,112.88361600600183,100.99813464559674,12940.166268963367,128,9.891681245781553,548.474,42.19,43.572,4.284953125,0.23337478166695227,30.804,0.798,10.588,69.5,26,Qwen2.5-14B-Instruct-Q4_K_M,llama.cpp,finegrained_gpu_emc
2026-05-22T13:46:39.157090,GPU612_EMC3199_CPU1036,612,1036,3199,612,3199,p1024_o128,1024,128,mixed,2,112.8503680229187,100.99604940885223,12939.905636012554,128,9.89188048201589,547.946,42.15,43.585,4.280828125,0.23359966128049114,30.729,0.813,10.608,69.6,26,Qwen2.5-14B-Instruct-Q4_K_M,llama.cpp,finegrained_gpu_emc
2026-05-22T13:47:06.131553,GPU612_EMC3199_CPU1036,612,1036,3199,612,3199,p128_o256,128,256,mixed,0,109.12664700299501,102.15802584710877,26160.407208953984,256,9.785780395359376,1092.492,42.019,43.572,4.267546875,0.23432665868491487,30.642,0.806,10.571,69.6,52,Qwen2.5-14B-Instruct-Q4_K_M,llama.cpp,finegrained_gpu_emc
2026-05-22T13:47:33.120868,GPU612_EMC3199_CPU1036,612,1036,3199,612,3199,p128_o256,128,256,mixed,1,108.88978198636323,102.20546939629403,26172.30508895591,256,9.781331798245999,1086.688,41.796,42.786,4.244875,0.23557819723784562,30.421,0.798,10.577,69.6,52,Qwen2.5-14B-Instruct-Q4_K_M,llama.cpp,finegrained_gpu_emc
2026-05-22T13:48:00.095005,GPU612_EMC3199_CPU1036,612,1036,3199,612,3199,p128_o256,128,256,mixed,2,109.04021398164332,102.15109131782881,26158.583062002435,256,9.786462798585667,1095.202,42.123,43.173,4.2781328125,0.23374683391739606,30.752,0.798,10.573,69.7,52,Qwen2.5-14B-Instruct-Q4_K_M,llama.cpp,finegrained_gpu_emc
2026-05-22T13:48:55.252441,GPU612_EMC3199_CPU1036,612,1036,3199,612,3199,p1024_o512,1024,512,mixed,0,1681.5863449592143,104.04735526277982,54331.54033694882,507,9.331596285614758,2268.846,42.808,43.572,4.475041420118343,0.22346161881414606,31.355,0.806,10.647,69.8,106,Qwen2.5-14B-Instruct-Q4_K_M,llama.cpp,finegrained_gpu_emc
2026-05-22T13:49:48.828743,GPU612_EMC3199_CPU1036,612,1036,3199,612,3199,p1024_o512,1024,512,mixed,1,113.28403395600617,103.00487700786894,52750.75842998922,512,9.706021586012382,2205.9,42.833,43.572,4.3083984375,0.23210480982818804,31.305,0.813,10.715,69.8,103,Qwen2.5-14B-Instruct-Q4_K_M,llama.cpp,finegrained_gpu_emc
2026-05-22T13:50:42.382855,GPU612_EMC3199_CPU1036,612,1036,3199,612,3199,p1024_o512,1024,512,mixed,2,113.32717002369463,102.96142072992768,52728.65147306584,512,9.710090922039475,2206.258,42.84,43.585,4.30909765625,0.23206714717861648,31.327,0.806,10.707,69.7,103,Qwen2.5-14B-Instruct-Q4_K_M,llama.cpp,finegrained_gpu_emc
2026-05-22T13:50:58.965803,GPU714_EMC204_CPU1036,714,1036,3199,714,204,p128_o64,128,64,decode,0,92.22590003628284,90.97772019006135,5824.091745074838,64,10.988837882597197,265.387,44.231,45.869,4.146671875,0.24115725336960742,32.59,0.798,10.843,69.4,12,Qwen2.5-14B-Instruct-Q4_K_M,llama.cpp,finegrained_gpu_emc
2026-05-22T13:51:05.603645,GPU714_EMC204_CPU1036,714,1036,3199,714,204,p128_o64,128,64,decode,1,92.40996500011533,91.01371571517713,5826.536615961231,64,10.984226860375031,260.984,43.497,46.268,4.077875,0.2452257609661895,31.991,0.831,10.675,69.4,12,Qwen2.5-14B-Instruct-Q4_K_M,llama.cpp,finegrained_gpu_emc
2026-05-22T13:51:12.239956,GPU714_EMC204_CPU1036,714,1036,3199,714,204,p128_o64,128,64,decode,2,92.32481196522713,90.9918358102293,5825.077733024955,64,10.986977845317934,260.735,43.456,45.768,4.073984375,0.24545994975741653,31.991,0.798,10.667,69.5,12,Qwen2.5-14B-Instruct-Q4_K_M,llama.cpp,finegrained_gpu_emc
2026-05-22T13:51:24.717950,GPU714_EMC204_CPU1036,714,1036,3199,714,204,p512_o128,512,128,decode,0,92.3061560606584,91.12257692929886,11665.376884047873,128,10.972641627638877,515.395,44.817,46.268,4.0265234375,0.2483532048234849,33.085,0.815,10.917,69.6,23,Qwen2.5-14B-Instruct-Q4_K_M,llama.cpp,finegrained_gpu_emc
2026-05-22T13:51:37.196991,GPU714_EMC204_CPU1036,714,1036,3199,714,204,p512_o128,512,128,decode,1,92.42254099808633,91.12711844041826,11666.074521024711,128,10.97198545828909,515.044,44.786,45.869,4.02378125,0.2485224563338278,33.085,0.798,10.904,69.7,23,Qwen2.5-14B-Instruct-Q4_K_M,llama.cpp,finegrained_gpu_emc
2026-05-22T13:51:49.672374,GPU714_EMC204_CPU1036,714,1036,3199,714,204,p512_o128,512,128,decode,2,92.38775703124702,91.09823423617439,11662.357938010246,128,10.975482032052819,515.345,44.813,45.969,4.0261328125,0.2483773006432584,33.085,0.798,10.93,69.8,23,Qwen2.5-14B-Instruct-Q4_K_M,llama.cpp,finegrained_gpu_emc
2026-05-22T13:52:02.153893,GPU714_EMC204_CPU1036,714,1036,3199,714,204,p1024_o128,1024,128,decode,0,92.21054101362824,91.1475816607754,11668.45574893523,128,10.96974636182515,516.647,44.926,47.566,4.0363046875,0.2477513660197388,33.085,0.885,10.956,69.8,23,Qwen2.5-14B-Instruct-Q4_K_M,llama.cpp,finegrained_gpu_emc
2026-05-22T13:52:14.633310,GPU714_EMC204_CPU1036,714,1036,3199,714,204,p1024_o128,1024,128,decode,1,92.5504449987784,91.1283461096528,11666.34819493629,128,10.971728073019253,515.396,44.817,45.969,4.02653125,0.24835272295477653,33.085,0.798,10.934,69.9,23,Qwen2.5-14B-Instruct-Q4_K_M,llama.cpp,finegrained_gpu_emc
2026-05-22T13:52:27.102398,GPU714_EMC204_CPU1036,714,1036,3199,714,204,p1024_o128,1024,128,decode,2,92.40743692498654,91.04807682676373,11656.01117897313,128,10.981458239410896,514.644,44.752,45.869,4.02065625,0.24871561700903927,33.085,0.763,10.904,69.8,23,Qwen2.5-14B-Instruct-Q4_K_M,llama.cpp,finegrained_gpu_emc
2026-05-22T13:52:51.367018,GPU714_EMC204_CPU1036,714,1036,3199,714,204,p128_o256,128,256,decode,0,92.31130906846374,91.58928569808018,23448.30550008919,256,10.91763325921467,1040.528,45.24,45.969,4.0645625,0.24602893915396798,33.467,0.798,10.976,70.0,46,Qwen2.5-14B-Instruct-Q4_K_M,llama.cpp,finegrained_gpu_emc
2026-05-22T13:53:15.636844,GPU714_EMC204_CPU1036,714,1036,3199,714,204,p128_o256,128,256,decode,1,98.7327970797196,91.58330272937961,23453.440563054755,256,10.91524287499491,1040.428,45.236,46.268,4.064171875,0.2460525860511251,33.458,0.807,10.971,70.1,46,Qwen2.5-14B-Instruct-Q4_K_M,llama.cpp,finegrained_gpu_emc
2026-05-22T13:53:39.910529,GPU714_EMC204_CPU1036,714,1036,3199,714,204,p128_o256,128,256,decode,2,98.63430098630488,91.59804640027384,23457.109927083366,256,10.913535418292291,1040.781,45.251,45.969,4.06555078125,0.24596913279546803,33.458,0.798,10.995,70.1,46,Qwen2.5-14B-Instruct-Q4_K_M,llama.cpp,finegrained_gpu_emc
2026-05-22T13:54:28.920074,GPU714_EMC204_CPU1036,714,1036,3199,714,204,p1024_o512,1024,512,decode,0,98.54370902758092,94.10048045018422,48185.92413701117,512,10.625509610320774,2121.573,45.14,46.268,4.143697265625,0.24133037138010335,33.413,0.811,10.916,70.3,94,Qwen2.5-14B-Instruct-Q4_K_M,llama.cpp,finegrained_gpu_emc
2026-05-22T13:55:17.924622,GPU714_EMC204_CPU1036,714,1036,3199,714,204,p1024_o512,1024,512,decode,1,99.18454301077873,94.08875484130694,48180.55635201745,512,10.626693395967006,2121.77,45.144,46.268,4.14408203125,0.2413079645767449,33.413,0.811,10.921,70.4,94,Qwen2.5-14B-Instruct-Q4_K_M,llama.cpp,finegrained_gpu_emc
2026-05-22T13:56:06.911628,GPU714_EMC204_CPU1036,714,1036,3199,714,204,p1024_o512,1024,512,decode,2,99.0634229965508,94.05462183955868,48162.9650760442,512,10.630574741227132,2123.478,45.18,46.268,4.14741796875,0.24111387073470975,33.434,0.811,10.936,70.5,94,Qwen2.5-14B-Instruct-Q4_K_M,llama.cpp,finegrained_gpu_emc
2026-05-22T13:56:13.691872,GPU714_EMC204_CPU1036,714,1036,3199,714,204,p128_o64,128,64,mixed,0,225.83718807436526,91.1776937769785,5970.307833049446,64,10.719715262539621,262.314,43.719,45.869,4.09865625,0.24398240276920025,32.221,0.798,10.7,70.3,12,Qwen2.5-14B-Instruct-Q4_K_M,llama.cpp,finegrained_gpu_emc
2026-05-22T13:56:20.324855,GPU714_EMC204_CPU1036,714,1036,3199,714,204,p128_o64,128,64,mixed,1,92.8100619930774,90.95686731771345,5823.369088000618,64,10.990201553921016,260.938,43.49,45.869,4.07715625,0.24526899110133443,31.958,0.798,10.734,70.2,12,Qwen2.5-14B-Instruct-Q4_K_M,llama.cpp,finegrained_gpu_emc
2026-05-22T13:56:26.967295,GPU714_EMC204_CPU1036,714,1036,3199,714,204,p128_o64,128,64,mixed,2,92.8342230618,91.08327931746663,5831.348597072065,64,10.975162766316966,261.576,43.596,45.869,4.087125,0.24467076490197875,32.022,0.831,10.742,70.2,12,Qwen2.5-14B-Instruct-Q4_K_M,llama.cpp,finegrained_gpu_emc
2026-05-22T13:56:40.623970,GPU714_EMC204_CPU1036,714,1036,3199,714,204,p512_o128,512,128,mixed,0,716.7310870718211,95.48027577945655,12843.238784000278,128,9.966333426694407,568.396,43.723,45.668,4.44059375,0.22519511045116433,32.367,0.829,10.527,70.2,26,Qwen2.5-14B-Instruct-Q4_K_M,llama.cpp,finegrained_gpu_emc
2026-05-22T13:56:53.650727,GPU714_EMC204_CPU1036,714,1036,3199,714,204,p512_o128,512,128,mixed,1,98.94166199956089,95.38011125189905,12212.723311968148,128,10.480872834854399,530.778,44.232,45.269,4.146703125,0.24115543598265188,32.721,0.798,10.713,70.2,24,Qwen2.5-14B-Instruct-Q4_K_M,llama.cpp,finegrained_gpu_emc
2026-05-22T13:57:06.675786,GPU714_EMC204_CPU1036,714,1036,3199,714,204,p512_o128,512,128,mixed,2,99.02521397452801,95.37235817387993,12211.823952035047,128,10.48164471603518,532.522,44.377,45.668,4.160328125,0.24036565625457726,32.803,0.798,10.776,70.2,24,Qwen2.5-14B-Instruct-Q4_K_M,llama.cpp,finegrained_gpu_emc
2026-05-22T13:57:20.109025,GPU714_EMC204_CPU1036,714,1036,3199,714,204,p1024_o128,1024,128,mixed,0,985.2811850141734,91.60755103908656,12620.009833015501,128,10.142622842110331,561.648,44.932,46.667,4.387875,0.22790074922371306,33.327,0.846,10.759,70.3,25,Qwen2.5-14B-Instruct-Q4_K_M,llama.cpp,finegrained_gpu_emc
2026-05-22T13:57:32.652140,GPU714_EMC204_CPU1036,714,1036,3199,714,204,p1024_o128,1024,128,mixed,1,101.11110797151923,91.56284240939779,11730.107326991856,128,10.912091120041365,519.692,45.191,46.667,4.06009375,0.24629973137935546,33.38,0.815,10.995,70.2,23,Qwen2.5-14B-Instruct-Q4_K_M,llama.cpp,finegrained_gpu_emc
2026-05-22T13:57:45.191648,GPU714_EMC204_CPU1036,714,1036,3199,714,204,p1024_o128,1024,128,mixed,2,102.91520808823407,91.53622515704923,11728.534525027499,128,10.913554436563325,519.593,45.182,46.368,4.0593203125,0.2463466597894891,33.397,0.781,11.004,70.3,23,Qwen2.5-14B-Instruct-Q4_K_M,llama.cpp,finegrained_gpu_emc
2026-05-22T13:58:09.757706,GPU714_EMC204_CPU1036,714,1036,3199,714,204,p128_o256,128,256,mixed,0,99.5818879455328,92.7408024198467,23749.451532028615,256,10.779196296586356,1056.04,44.938,46.268,4.12515625,0.24241506003560473,33.222,0.798,10.918,70.3,47,Qwen2.5-14B-Instruct-Q4_K_M,llama.cpp,finegrained_gpu_emc
2026-05-22T13:58:34.322132,GPU714_EMC204_CPU1036,714,1036,3199,714,204,p128_o256,128,256,mixed,1,99.32719892822206,92.73566950578243,23747.90567799937,256,10.779897961156404,1053.89,44.846,46.268,4.1167578125,0.24290960157132147,33.129,0.815,10.903,70.3,47,Qwen2.5-14B-Instruct-Q4_K_M,llama.cpp,finegrained_gpu_emc
2026-05-22T13:58:58.884518,GPU714_EMC204_CPU1036,714,1036,3199,714,204,p128_o256,128,256,mixed,2,99.28598301485181,92.7273138704728,23745.90497498866,256,10.780806217730694,1014.35,45.082,45.869,3.9623046875,0.25237837038497557,33.341,0.798,10.943,70.4,45,Qwen2.5-14B-Instruct-Q4_K_M,llama.cpp,finegrained_gpu_emc
2026-05-22T13:59:37.791756,GPU714_EMC204_CPU1036,714,1036,3199,714,204,p1024_o512,1024,512,mixed,0,1615.889173001051,92.79578026533792,38086.601680959575,393,10.31858928481063,1663.078,45.564,46.667,4.231750636132316,0.23630882015155033,33.781,0.82,10.963,70.5,73,Qwen2.5-14B-Instruct-Q4_K_M,llama.cpp,finegrained_gpu_emc
2026-05-22T14:00:26.436038,GPU714_EMC204_CPU1036,714,1036,3199,714,204,p1024_o512,1024,512,mixed,1,103.11943292617798,93.37601338744659,47820.2860559104,512,10.706753184231921,2137.395,45.476,46.667,4.174599609375,0.23954393081297562,33.651,0.802,11.023,70.7,94,Qwen2.5-14B-Instruct-Q4_K_M,llama.cpp,finegrained_gpu_emc
2026-05-22T14:01:08.224213,GPU714_EMC204_CPU1036,714,1036,3199,714,204,p1024_o512,1024,512,mixed,2,103.5643620416522,93.07533439719778,40966.09211398754,439,10.71617958526503,1825.706,45.643,46.767,4.158783599088838,0.2404549253822905,33.784,0.798,11.061,70.8,80,Qwen2.5-14B-Instruct-Q4_K_M,llama.cpp,finegrained_gpu_emc
2026-05-22T14:01:24.806050,GPU714_EMC665_CPU1036,714,1036,3199,714,665,p128_o64,128,64,decode,0,92.45790098793805,90.9848529217203,5824.761523981579,64,10.98757429578887,265.634,44.272,45.869,4.15053125,0.24093301309320342,32.657,0.798,10.818,70.2,12,Qwen2.5-14B-Instruct-Q4_K_M,llama.cpp,finegrained_gpu_emc
2026-05-22T14:01:31.443162,GPU714_EMC665_CPU1036,714,1036,3199,714,665,p128_o64,128,64,decode,1,92.3886219970882,91.00508966690137,5825.972952065058,64,10.985289586233788,260.79,43.465,45.768,4.07484375,0.24540818282909618,31.992,0.798,10.675,70.2,12,Qwen2.5-14B-Instruct-Q4_K_M,llama.cpp,finegrained_gpu_emc
2026-05-22T14:01:38.080348,GPU714_EMC665_CPU1036,714,1036,3199,714,665,p128_o64,128,64,decode,2,92.47105394024402,91.00346325431019,5825.95218392089,64,10.9853287461978,260.74,43.457,45.768,4.0740625,0.24545524277057604,31.992,0.798,10.667,70.1,12,Qwen2.5-14B-Instruct-Q4_K_M,llama.cpp,finegrained_gpu_emc
2026-05-22T14:01:50.556392,GPU714_EMC665_CPU1036,714,1036,3199,714,665,p512_o128,512,128,decode,0,92.39166101906449,91.10530065354253,11663.266316987574,128,10.974627220298288,515.798,44.852,46.268,4.029671875,0.2481591630832225,33.085,0.815,10.952,70.2,23,Qwen2.5-14B-Instruct-Q4_K_M,llama.cpp,finegrained_gpu_emc
2026-05-22T14:02:03.032803,GPU714_EMC665_CPU1036,714,1036,3199,714,665,p512_o128,512,128,decode,1,92.32842898927629,91.10739099239476,11663.501966977492,128,10.974405488368964,515.296,44.808,45.869,4.02575,0.2484009190834006,33.085,0.798,10.926,70.2,23,Qwen2.5-14B-Instruct-Q4_K_M,llama.cpp,finegrained_gpu_emc
2026-05-22T14:02:15.511700,GPU714_EMC665_CPU1036,714,1036,3199,714,665,p512_o128,512,128,decode,2,92.33898902311921,91.12524402357168,11665.737300994806,128,10.97230262412001,515.397,44.817,45.869,4.0265390625,0.24835224108793802,33.085,0.798,10.934,70.2,23,Qwen2.5-14B-Instruct-Q4_K_M,llama.cpp,finegrained_gpu_emc
2026-05-22T14:02:27.988232,GPU714_EMC665_CPU1036,714,1036,3199,714,665,p1024_o128,1024,128,decode,0,92.35364606138319,91.1072178974777,11663.466993020847,128,10.974438396112603,515.552,44.831,45.869,4.02775,0.2482775743280988,33.068,0.798,10.965,70.2,23,Qwen2.5-14B-Instruct-Q4_K_M,llama.cpp,finegrained_gpu_emc
2026-05-22T14:02:40.468234,GPU714_EMC665_CPU1036,714,1036,3199,714,665,p1024_o128,1024,128,decode,1,92.38366107456386,91.13580884969258,11667.138363001868,128,10.970985002278361,515.4,44.817,45.869,4.0265625,0.24835079549864184,33.068,0.798,10.952,70.3,23,Qwen2.5-14B-Instruct-Q4_K_M,llama.cpp,finegrained_gpu_emc
2026-05-22T14:02:52.939020,GPU714_EMC665_CPU1036,714,1036,3199,714,665,p1024_o128,1024,128,decode,2,92.40481397137046,91.0625835985136,11657.879011938348,128,10.97969878302224,516.398,44.904,46.767,4.034359375,0.24787082831459453,33.085,0.85,10.969,70.3,23,Qwen2.5-14B-Instruct-Q4_K_M,llama.cpp,finegrained_gpu_emc
2026-05-22T14:03:17.202579,GPU714_EMC665_CPU1036,714,1036,3199,714,665,p128_o256,128,256,decode,0,92.48442994430661,91.58178564325414,23446.824858896434,256,10.918322695742996,1041.496,45.282,46.268,4.06834375,0.2458002719165508,33.458,0.807,11.017,70.4,46,Qwen2.5-14B-Instruct-Q4_K_M,llama.cpp,finegrained_gpu_emc
2026-05-22T14:03:41.473323,GPU714_EMC665_CPU1036,714,1036,3199,714,665,p128_o256,128,256,decode,1,98.67298998869956,91.5862850351807,23454.14060202893,256,10.91491708623314,1041.638,45.289,46.268,4.0688984375,0.2457667635013316,33.458,0.807,11.024,70.4,46,Qwen2.5-14B-Instruct-Q4_K_M,llama.cpp,finegrained_gpu_emc
2026-05-22T14:04:05.729541,GPU714_EMC665_CPU1036,714,1036,3199,714,665,p128_o256,128,256,decode,2,98.62372395582497,91.52948412560292,23439.605770050548,256,10.921685394858411,1041.307,45.274,45.969,4.06760546875,0.24584488532200396,33.459,0.798,11.017,70.4,46,Qwen2.5-14B-Instruct-Q4_K_M,llama.cpp,finegrained_gpu_emc
2026-05-22T14:04:54.727626,GPU714_EMC665_CPU1036,714,1036,3199,714,665,p1024_o512,1024,512,decode,0,98.6229219706729,94.0764308043659,48173.670595977455,512,10.628212333953902,2120.187,45.11,45.869,4.140990234375,0.24148813288639165,33.392,0.802,10.916,70.5,94,Qwen2.5-14B-Instruct-Q4_K_M,llama.cpp,finegrained_gpu_emc
2026-05-22T14:05:43.722990,GPU714_EMC665_CPU1036,714,1036,3199,714,665,p1024_o512,1024,512,decode,1,98.95723895169795,94.08180809209813,48176.75847001374,512,10.627531122059196,2121.885,45.146,45.883,4.144306640625,0.24129488638639698,33.408,0.806,10.932,70.6,94,Qwen2.5-14B-Instruct-Q4_K_M,llama.cpp,finegrained_gpu_emc
2026-05-22T14:06:32.730197,GPU714_EMC665_CPU1036,714,1036,3199,714,665,p1024_o512,1024,512,decode,2,99.12854305002838,94.094249972556,48183.27314697672,512,10.626094214027585,2122.662,45.163,45.969,4.14582421875,0.24120656044155878,33.413,0.806,10.943,70.7,94,Qwen2.5-14B-Instruct-Q4_K_M,llama.cpp,finegrained_gpu_emc
2026-05-22T14:06:39.510243,GPU714_EMC665_CPU1036,714,1036,3199,714,665,p128_o64,128,64,mixed,0,225.51682405173779,91.15796400019751,5968.7897090334445,64,10.722441754505008,262.062,43.677,45.869,4.09471875,0.24421701734704,32.221,0.798,10.658,70.5,12,Qwen2.5-14B-Instruct-Q4_K_M,llama.cpp,finegrained_gpu_emc
2026-05-22T14:06:46.145896,GPU714_EMC665_CPU1036,714,1036,3199,714,665,p128_o64,128,64,mixed,1,92.84086606930941,90.97170331774072,5824.330826057121,64,10.98838680551494,261.336,43.556,45.869,4.083375,0.2448954602504056,32.024,0.798,10.734,70.4,12,Qwen2.5-14B-Instruct-Q4_K_M,llama.cpp,finegrained_gpu_emc
2026-05-22T14:06:52.783080,GPU714_EMC665_CPU1036,714,1036,3199,714,665,p128_o64,128,64,mixed,2,92.95148204546422,90.99548831692941,5825.936890090816,64,10.985357584091913,261.292,43.549,45.869,4.0826875,0.2449366991718078,32.025,0.798,10.726,70.5,12,Qwen2.5-14B-Instruct-Q4_K_M,llama.cpp,finegrained_gpu_emc
2026-05-22T14:07:06.430540,GPU714_EMC665_CPU1036,714,1036,3199,714,665,p512_o128,512,128,mixed,0,717.858228017576,95.39988988966454,12834.158802055754,128,9.973384463615735,569.212,43.786,45.668,4.44696875,0.2248722795724616,32.43,0.813,10.542,70.4,26,Qwen2.5-14B-Instruct-Q4_K_M,llama.cpp,finegrained_gpu_emc
2026-05-22T14:07:19.453783,GPU714_EMC665_CPU1036,714,1036,3199,714,665,p512_o128,512,128,mixed,1,98.96557300817221,95.35985366958303,12210.17847803887,128,10.483057248525874,532.377,44.365,45.668,4.1591953125,0.24043112305753256,32.837,0.798,10.73,70.4,24,Qwen2.5-14B-Instruct-Q4_K_M,llama.cpp,finegrained_gpu_emc
2026-05-22T14:07:32.474624,GPU714_EMC665_CPU1036,714,1036,3199,714,665,p512_o128,512,128,mixed,2,98.9292279118672,95.33951914223923,12207.554818945937,128,10.485310276988965,532.929,44.411,46.067,4.1635078125,0.2401820880454995,32.82,0.831,10.759,70.4,24,Qwen2.5-14B-Instruct-Q4_K_M,llama.cpp,finegrained_gpu_emc
2026-05-22T14:07:45.907690,GPU714_EMC665_CPU1036,714,1036,3199,714,665,p1024_o128,1024,128,mixed,0,989.1454169992357,91.57216378696644,12619.336875970475,128,10.143163722313762,561.401,44.912,46.268,4.3859453125,0.22800101887955312,33.343,0.798,10.771,70.4,25,Qwen2.5-14B-Instruct-Q4_K_M,llama.cpp,finegrained_gpu_emc
2026-05-22T14:07:58.448751,GPU714_EMC665_CPU1036,714,1036,3199,714,665,p1024_o128,1024,128,mixed,1,103.06154796853662,91.53428402322338,11728.430920979008,128,10.913650842334112,519.844,45.204,46.368,4.06128125,0.2462277144681866,33.397,0.798,11.009,70.4,23,Qwen2.5-14B-Instruct-Q4_K_M,llama.cpp,finegrained_gpu_emc
2026-05-22T14:08:10.988425,GPU714_EMC665_CPU1036,714,1036,3199,714,665,p1024_o128,1024,128,mixed,2,101.19680699426681,91.53790004720075,11727.060610894114,128,10.914926105275823,519.987,45.216,46.368,4.0623984375,0.24616000015385,33.397,0.798,11.022,70.4,23,Qwen2.5-14B-Instruct-Q4_K_M,llama.cpp,finegrained_gpu_emc
2026-05-22T14:08:35.547357,GPU714_EMC665_CPU1036,714,1036,3199,714,665,p128_o256,128,256,mixed,0,99.51991203706712,92.70829600784197,23741.115873097442,256,10.782980941940044,1054.838,44.887,45.869,4.1204609375,0.2426912947770179,33.205,0.798,10.883,70.5,47,Qwen2.5-14B-Instruct-Q4_K_M,llama.cpp,finegrained_gpu_emc
2026-05-22T14:09:00.126450,GPU714_EMC665_CPU1036,714,1036,3199,714,665,p128_o256,128,256,mixed,1,99.56948400940746,92.79092223127829,23762.23468896933,256,10.77339750873001,1049.248,44.649,45.869,4.098625,0.2439842630150355,32.942,0.806,10.9,70.5,47,Qwen2.5-14B-Instruct-Q4_K_M,llama.cpp,finegrained_gpu_emc
2026-05-22T14:09:24.719540,GPU714_EMC665_CPU1036,714,1036,3199,714,665,p128_o256,128,256,mixed,2,99.28806510288268,92.84710987452783,23776.297667063773,256,10.767025362179293,1047.414,44.571,45.47,4.0914609375,0.2444114743549351,32.849,0.798,10.924,70.5,47,Qwen2.5-14B-Instruct-Q4_K_M,llama.cpp,finegrained_gpu_emc
2026-05-22T14:10:14.945970,GPU714_EMC665_CPU1036,714,1036,3199,714,665,p1024_o512,1024,512,mixed,0,1617.1747540356591,93.5078789705571,49401.742315036245,512,10.36400693592874,2179.232,44.933,46.268,4.2563125,0.23494515499038193,33.174,0.814,10.945,70.6,97,Qwen2.5-14B-Instruct-Q4_K_M,llama.cpp,finegrained_gpu_emc
2026-05-22T14:11:03.656911,GPU714_EMC665_CPU1036,714,1036,3199,714,665,p1024_o512,1024,512,mixed,1,103.61796000506729,93.51065761064326,47889.6095539676,512,10.691254423843624,2115.202,45.004,45.969,4.13125390625,0.2420572597794442,33.189,0.802,11.013,70.7,94,Qwen2.5-14B-Instruct-Q4_K_M,llama.cpp,finegrained_gpu_emc
2026-05-22T14:11:52.334509,GPU714_EMC665_CPU1036,714,1036,3199,714,665,p1024_o512,1024,512,mixed,2,103.70013606734574,93.43903445786343,47853.04377798457,512,10.699423894025157,2133.683,45.398,46.282,4.167349609375,0.23996066894660548,33.584,0.798,11.016,70.8,94,Qwen2.5-14B-Instruct-Q4_K_M,llama.cpp,finegrained_gpu_emc
2026-05-22T14:12:08.910375,GPU714_EMC2133_CPU1036,714,1036,3199,714,2133,p128_o64,128,64,decode,0,92.27857401128858,90.92461372843928,5820.792246959172,64,10.995066871427014,265.334,44.222,45.768,4.14584375,0.2412054241069746,32.623,0.798,10.801,70.3,12,Qwen2.5-14B-Instruct-Q4_K_M,llama.cpp,finegrained_gpu_emc
2026-05-22T14:12:15.548720,GPU714_EMC2133_CPU1036,714,1036,3199,714,2133,p128_o64,128,64,decode,1,92.43680804502219,91.02338088846336,5827.174189034849,64,10.983025034746777,261.34,43.557,45.869,4.0834375,0.24489171194612386,32.025,0.831,10.7,70.2,12,Qwen2.5-14B-Instruct-Q4_K_M,llama.cpp,finegrained_gpu_emc
2026-05-22T14:12:22.181641,GPU714_EMC2133_CPU1036,714,1036,3199,714,2133,p128_o64,128,64,decode,2,92.43539709132165,90.93924869768439,5821.871938067488,64,10.993027789141674,261.092,43.515,45.869,4.0795625,0.24512432399307527,31.992,0.798,10.726,70.1,12,Qwen2.5-14B-Instruct-Q4_K_M,llama.cpp,finegrained_gpu_emc
2026-05-22T14:12:34.655491,GPU714_EMC2133_CPU1036,714,1036,3199,714,2133,p512_o128,512,128,decode,0,92.36408700235188,92.54801777563989,11661.373673938215,126,10.804902022957641,515.542,44.83,45.869,4.091603174603175,0.24440297783691725,33.084,0.798,10.947,70.3,23,Qwen2.5-14B-Instruct-Q4_K_M,llama.cpp,finegrained_gpu_emc
2026-05-22T14:12:47.128638,GPU714_EMC2133_CPU1036,714,1036,3199,714,2133,p512_o128,512,128,decode,1,92.33294799923897,91.07999381880592,11660.023653996177,128,10.977679273929366,515.246,44.804,45.869,4.025359375,0.24842502416321524,33.085,0.798,10.921,70.3,23,Qwen2.5-14B-Instruct-Q4_K_M,llama.cpp,finegrained_gpu_emc
2026-05-22T14:12:59.600828,GPU714_EMC2133_CPU1036,714,1036,3199,714,2133,p512_o128,512,128,decode,2,92.40272198803723,91.07272074040847,11659.180339076556,128,10.978473295502521,515.744,44.847,46.268,4.02925,0.24818514611900477,33.085,0.815,10.947,70.3,23,Qwen2.5-14B-Instruct-Q4_K_M,llama.cpp,finegrained_gpu_emc
2026-05-22T14:13:12.070943,GPU714_EMC2133_CPU1036,714,1036,3199,714,2133,p1024_o128,1024,128,decode,0,92.35441696364433,91.05922622096497,11657.369659980759,128,10.98017852512805,515.188,44.799,45.869,4.02490625,0.2484529919175136,33.067,0.798,10.934,70.3,23,Qwen2.5-14B-Instruct-Q4_K_M,llama.cpp,finegrained_gpu_emc
2026-05-22T14:13:24.542466,GPU714_EMC2133_CPU1036,714,1036,3199,714,2133,p1024_o128,1024,128,decode,1,92.15471392963082,91.07037723673082,11658.583545940928,128,10.979035274363556,515.437,44.821,45.869,4.0268515625,0.24833296794758622,33.08,0.815,10.926,70.3,23,Qwen2.5-14B-Instruct-Q4_K_M,llama.cpp,finegrained_gpu_emc
2026-05-22T14:13:37.014710,GPU714_EMC2133_CPU1036,714,1036,3199,714,2133,p1024_o128,1024,128,decode,2,92.3970250878483,91.0752644170237,11659.310160088353,128,10.978351055293484,515.941,44.864,46.667,4.0307890625,0.24809038242744808,33.084,0.833,10.947,70.3,23,Qwen2.5-14B-Instruct-Q4_K_M,llama.cpp,finegrained_gpu_emc
2026-05-22T14:13:58.729268,GPU714_EMC2133_CPU1036,714,1036,3199,714,2133,p128_o256,128,256,decode,0,92.34830597415566,91.2649791671316,20901.27923991531,228,10.908423230123967,928.366,45.286,46.268,4.071780701754386,0.24559279422124464,33.451,0.808,11.028,70.4,41,Qwen2.5-14B-Instruct-Q4_K_M,llama.cpp,finegrained_gpu_emc
2026-05-22T14:14:22.984471,GPU714_EMC2133_CPU1036,714,1036,3199,714,2133,p128_o256,128,256,decode,1,92.53275801893324,91.55074610173995,23438.998894998804,256,10.921968175638376,1041.333,45.275,46.268,4.06770703125,0.24583874706746062,33.467,0.807,11.002,70.4,46,Qwen2.5-14B-Instruct-Q4_K_M,llama.cpp,finegrained_gpu_emc
2026-05-22T14:14:47.249043,GPU714_EMC2133_CPU1036,714,1036,3199,714,2133,p128_o256,128,256,decode,2,98.66629098542035,91.56255042728256,23448.080395930447,256,10.91773806969846,1040.774,45.251,46.268,4.0655234375,0.2459707871257353,33.458,0.807,10.987,70.5,46,Qwen2.5-14B-Instruct-Q4_K_M,llama.cpp,finegrained_gpu_emc
2026-05-22T14:15:36.250714,GPU714_EMC2133_CPU1036,714,1036,3199,714,2133,p1024_o512,1024,512,decode,0,98.76494703348726,94.08370412133429,48177.50195704866,512,10.627367115390491,2125.03,45.213,46.467,4.15044921875,0.24093777499611768,33.425,0.828,10.96,70.6,94,Qwen2.5-14B-Instruct-Q4_K_M,llama.cpp,finegrained_gpu_emc
2026-05-22T14:16:25.260552,GPU714_EMC2133_CPU1036,714,1036,3199,714,2133,p1024_o512,1024,512,decode,1,99.17222801595926,94.09915981814265,48185.839330079034,512,10.625528311185697,2122.448,45.158,46.268,4.14540625,0.24123088056809874,33.421,0.815,10.923,70.6,94,Qwen2.5-14B-Instruct-Q4_K_M,llama.cpp,finegrained_gpu_emc
2026-05-22T14:17:14.256530,GPU714_EMC2133_CPU1036,714,1036,3199,714,2133,p1024_o512,1024,512,decode,2,99.15821708273143,94.07139548903363,48171.622973983176,512,10.62866410534941,2124.366,45.199,46.268,4.14915234375,0.24101308343289246,33.434,0.828,10.938,70.7,94,Qwen2.5-14B-Instruct-Q4_K_M,llama.cpp,finegrained_gpu_emc
2026-05-22T14:17:21.039590,GPU714_EMC2133_CPU1036,714,1036,3199,714,2133,p128_o64,128,64,mixed,0,226.3379639480263,91.1915715883619,5971.673575928435,64,10.71726362572484,261.855,43.642,45.768,4.091484375,0.2444100742777491,32.22,0.798,10.624,70.5,12,Qwen2.5-14B-Instruct-Q4_K_M,llama.cpp,finegrained_gpu_emc
2026-05-22T14:17:27.676014,GPU714_EMC2133_CPU1036,714,1036,3199,714,2133,p128_o64,128,64,mixed,1,92.86495600827038,90.98896096896617,5825.435396051034,64,10.986303280160747,261.291,43.549,45.869,4.082671875,0.24493763658143602,32.025,0.798,10.726,70.5,12,Qwen2.5-14B-Instruct-Q4_K_M,llama.cpp,finegrained_gpu_emc
2026-05-22T14:17:34.312310,GPU714_EMC2133_CPU1036,714,1036,3199,714,2133,p128_o64,128,64,mixed,2,93.02352694794536,90.98132471332238,5825.115538900718,64,10.98690653817962,260.774,43.462,45.768,4.07459375,0.2454232400469372,31.989,0.798,10.675,70.4,12,Qwen2.5-14B-Instruct-Q4_K_M,llama.cpp,finegrained_gpu_emc
2026-05-22T14:17:47.968009,GPU714_EMC2133_CPU1036,714,1036,3199,714,2133,p512_o128,512,128,mixed,0,717.9136089980602,95.46266129152394,12842.172386008315,128,9.967161018602848,569.759,43.828,46.067,4.4512421875,0.22465638980691835,32.476,0.829,10.523,70.4,26,Qwen2.5-14B-Instruct-Q4_K_M,llama.cpp,finegrained_gpu_emc
2026-05-22T14:18:00.993158,GPU714_EMC2133_CPU1036,714,1036,3199,714,2133,p512_o128,512,128,mixed,1,99.00011902209371,95.37436392095937,12212.094150017947,128,10.48141280501116,532.078,44.34,45.668,4.156859375,0.2405662327703833,32.804,0.798,10.738,70.4,24,Qwen2.5-14B-Instruct-Q4_K_M,llama.cpp,finegrained_gpu_emc
2026-05-22T14:18:14.018500,GPU714_EMC2133_CPU1036,714,1036,3199,714,2133,p512_o128,512,128,mixed,2,99.06387107912451,95.3739150152285,12212.066879030317,128,10.481436211243848,532.268,44.356,45.668,4.15834375,0.24048035951813745,32.82,0.798,10.738,70.4,24,Qwen2.5-14B-Instruct-Q4_K_M,llama.cpp,finegrained_gpu_emc
2026-05-22T14:18:27.448221,GPU714_EMC2133_CPU1036,714,1036,3199,714,2133,p1024_o128,1024,128,mixed,0,986.6919480264187,91.56839366943582,12616.405040025711,128,10.145520819434562,562.175,44.974,46.767,4.3919921875,0.22768710810690623,33.357,0.846,10.771,70.4,25,Qwen2.5-14B-Instruct-Q4_K_M,llama.cpp,finegrained_gpu_emc
2026-05-22T14:18:39.991919,GPU714_EMC2133_CPU1036,714,1036,3199,714,2133,p1024_o128,1024,128,mixed,1,102.89720096625388,91.5539431180365,11730.77321704477,128,10.911471701969012,520.082,45.225,46.667,4.063140625,0.24611503570590793,33.396,0.815,11.013,70.4,23,Qwen2.5-14B-Instruct-Q4_K_M,llama.cpp,finegrained_gpu_emc
2026-05-22T14:18:52.532316,GPU714_EMC2133_CPU1036,714,1036,3199,714,2133,p1024_o128,1024,128,mixed,2,103.10106805991381,91.5262821179954,11727.450220030732,128,10.914563489800477,519.876,45.207,46.767,4.06153125,0.24621255837930583,33.396,0.815,10.996,70.5,23,Qwen2.5-14B-Instruct-Q4_K_M,llama.cpp,finegrained_gpu_emc
2026-05-22T14:19:17.100538,GPU714_EMC2133_CPU1036,714,1036,3199,714,2133,p128_o256,128,256,mixed,0,99.4902279926464,92.74901519620828,23751.498310943134,256,10.778267402273817,1056.394,44.953,46.268,4.1265390625,0.2423338262049955,33.214,0.806,10.933,70.5,47,Qwen2.5-14B-Instruct-Q4_K_M,llama.cpp,finegrained_gpu_emc
2026-05-22T14:19:41.667773,GPU714_EMC2133_CPU1036,714,1036,3199,714,2133,p128_o256,128,256,mixed,1,99.41009699832648,92.74516376054973,23750.399588025175,256,10.778766018280965,1055.424,44.912,45.869,4.12275,0.24255654599478504,33.205,0.815,10.892,70.6,47,Qwen2.5-14B-Instruct-Q4_K_M,llama.cpp,finegrained_gpu_emc
2026-05-22T14:20:06.232977,GPU714_EMC2133_CPU1036,714,1036,3199,714,2133,p128_o256,128,256,mixed,2,99.2729680147022,92.73779238802472,23748.433061060496,256,10.779658571232414,1055.722,44.924,46.268,4.1239140625,0.2424880792481354,33.207,0.806,10.911,70.6,47,Qwen2.5-14B-Instruct-Q4_K_M,llama.cpp,finegrained_gpu_emc
2026-05-22T14:20:56.422211,GPU714_EMC2133_CPU1036,714,1036,3199,714,2133,p1024_o512,1024,512,mixed,0,1615.9990490414202,93.43616723072935,49363.95819298923,512,10.371939745964603,2201.624,45.394,46.667,4.300046875,0.2325556044083822,33.638,0.823,10.933,70.7,97,Qwen2.5-14B-Instruct-Q4_K_M,llama.cpp,finegrained_gpu_emc
2026-05-22T14:21:45.110966,GPU714_EMC2133_CPU1036,714,1036,3199,714,2133,p1024_o512,1024,512,mixed,1,103.75564591959119,93.46141202357978,47864.51444297563,512,10.696859791818877,2136.992,45.468,46.368,4.1738125,0.2395891046854644,33.634,0.802,11.032,70.8,94,Qwen2.5-14B-Instruct-Q4_K_M,llama.cpp,finegrained_gpu_emc
2026-05-22T14:22:33.777705,GPU714_EMC2133_CPU1036,714,1036,3199,714,2133,p1024_o512,1024,512,mixed,2,103.46193704754114,93.42537097630151,47845.850512967445,512,10.701032472214806,2135.54,45.437,46.368,4.1709765625,0.23975200651825768,33.608,0.802,11.027,70.9,94,Qwen2.5-14B-Instruct-Q4_K_M,llama.cpp,finegrained_gpu_emc
2026-05-22T14:22:50.375554,GPU714_EMC3199_CPU1036,714,1036,3199,714,3199,p128_o64,128,64,decode,0,92.41189691238105,91.12734901570967,5833.70171696879,64,10.970735753225073,263.436,43.906,45.47,4.1161875,0.2429432575654049,32.257,0.798,10.851,70.4,12,Qwen2.5-14B-Instruct-Q4_K_M,llama.cpp,finegrained_gpu_emc
2026-05-22T14:22:57.018819,GPU714_EMC3199_CPU1036,714,1036,3199,714,3199,p128_o64,128,64,decode,1,92.50369400251657,91.09985396923823,5832.125129993074,64,10.973701450756769,258.997,43.166,45.47,4.046828125,0.24710710934875693,31.659,0.798,10.709,70.3,12,Qwen2.5-14B-Instruct-Q4_K_M,llama.cpp,finegrained_gpu_emc
2026-05-22T14:23:03.660913,GPU714_EMC3199_CPU1036,714,1036,3199,714,3199,p128_o64,128,64,decode,2,92.46529499068856,91.08340539710804,5830.919470987283,64,10.975970482604454,258.646,43.108,45.47,4.04134375,0.24744245029886408,31.626,0.798,10.684,70.2,12,Qwen2.5-14B-Instruct-Q4_K_M,llama.cpp,finegrained_gpu_emc
2026-05-22T14:23:16.152950,GPU714_EMC3199_CPU1036,714,1036,3199,714,3199,p512_o128,512,128,decode,0,92.43601304478943,91.22838327609824,11678.982386016287,128,10.95985898165747,511.2,44.452,45.47,3.99375,0.25039123630672927,32.685,0.815,10.952,70.3,23,Qwen2.5-14B-Instruct-Q4_K_M,llama.cpp,finegrained_gpu_emc
2026-05-22T14:23:28.641836,GPU714_EMC3199_CPU1036,714,1036,3199,714,3199,p512_o128,512,128,decode,1,92.50550193246454,91.2039092362411,11675.899929949082,128,10.962752401780666,510.606,44.401,45.47,3.989109375,0.2506825223362044,32.686,0.798,10.917,70.3,23,Qwen2.5-14B-Instruct-Q4_K_M,llama.cpp,finegrained_gpu_emc
2026-05-22T14:23:41.124056,GPU714_EMC3199_CPU1036,714,1036,3199,714,3199,p512_o128,512,128,decode,2,92.47051505371928,91.15126552738572,11669.179512071423,128,10.969065979967809,513.452,44.648,45.869,4.01134375,0.24929302057446462,32.911,0.798,10.939,70.3,23,Qwen2.5-14B-Instruct-Q4_K_M,llama.cpp,finegrained_gpu_emc
2026-05-22T14:23:53.597586,GPU714_EMC3199_CPU1036,714,1036,3199,714,3199,p1024_o128,1024,128,decode,0,92.46503002941608,91.09875390500446,11662.499516969547,128,10.975348793262826,515.253,44.805,46.268,4.0254140625,0.24842164917040752,33.068,0.815,10.921,70.3,23,Qwen2.5-14B-Instruct-Q4_K_M,llama.cpp,finegrained_gpu_emc
2026-05-22T14:24:06.067680,GPU714_EMC3199_CPU1036,714,1036,3199,714,3199,p1024_o128,1024,128,decode,1,92.30534301605076,91.05707166943787,11657.05264895223,128,10.980477128711005,515.447,44.821,45.869,4.0269296875,0.24832815012988727,33.085,0.798,10.939,70.4,23,Qwen2.5-14B-Instruct-Q4_K_M,llama.cpp,finegrained_gpu_emc
2026-05-22T14:24:18.540274,GPU714_EMC3199_CPU1036,714,1036,3199,714,3199,p1024_o128,1024,128,decode,2,92.40826696623117,91.07593329088014,11659.543383982964,128,10.978131457174998,515.488,44.825,45.869,4.02725,0.2483083990315972,33.084,0.798,10.943,70.4,23,Qwen2.5-14B-Instruct-Q4_K_M,llama.cpp,finegrained_gpu_emc
2026-05-22T14:24:42.796860,GPU714_EMC3199_CPU1036,714,1036,3199,714,3199,p128_o256,128,256,decode,0,92.34754706267267,91.55544014099766,23439.999480033293,256,10.921501948755008,1041.383,45.278,45.869,4.06790234375,0.2458269435932793,33.466,0.789,11.022,70.4,46,Qwen2.5-14B-Instruct-Q4_K_M,llama.cpp,finegrained_gpu_emc
2026-05-22T14:25:07.067478,GPU714_EMC3199_CPU1036,714,1036,3199,714,3199,p128_o256,128,256,decode,1,98.59360300470144,91.58585572560482,23453.955912962556,256,10.91500303616217,1041.182,45.269,46.167,4.0671171875,0.2458744004410372,33.458,0.815,10.995,70.5,46,Qwen2.5-14B-Instruct-Q4_K_M,llama.cpp,finegrained_gpu_emc
2026-05-22T14:25:31.335518,GPU714_EMC3199_CPU1036,714,1036,3199,714,3199,p128_o256,128,256,decode,2,98.69208699092269,91.57554773732508,23451.42986101564,256,10.916178736954553,1041.286,45.273,46.268,4.0675234375,0.24584984336675994,33.458,0.807,11.009,70.6,46,Qwen2.5-14B-Instruct-Q4_K_M,llama.cpp,finegrained_gpu_emc
2026-05-22T14:26:03.775978,GPU714_EMC3199_CPU1036,714,1036,3199,714,3199,p1024_o512,1024,512,decode,0,97.80313004739583,92.71450066364818,31624.568747007288,340,10.751134749692833,1402.974,45.257,46.268,4.126394117647059,0.242342338489523,33.473,0.804,10.979,70.6,62,Qwen2.5-14B-Instruct-Q4_K_M,llama.cpp,finegrained_gpu_emc
2026-05-22T14:26:52.780369,GPU714_EMC3199_CPU1036,714,1036,3199,714,3199,p1024_o512,1024,512,decode,1,98.63817202858627,94.09114547937729,48180.727708968334,512,10.626655601648304,2121.955,45.148,45.869,4.144443359375,0.2412869264428322,33.421,0.798,10.929,70.7,94,Qwen2.5-14B-Instruct-Q4_K_M,llama.cpp,finegrained_gpu_emc
2026-05-22T14:27:41.772689,GPU714_EMC3199_CPU1036,714,1036,3199,714,3199,p1024_o512,1024,512,decode,2,99.11356202792376,94.06602682378107,48168.87019597925,512,10.62927151741121,2122.732,45.164,47.167,4.1459609375,0.24119860632430284,33.404,0.823,10.937,70.8,94,Qwen2.5-14B-Instruct-Q4_K_M,llama.cpp,finegrained_gpu_emc
2026-05-22T14:27:48.550155,GPU714_EMC3199_CPU1036,714,1036,3199,714,3199,p128_o64,128,64,mixed,0,225.7951209321618,91.13456079522,5967.543125967495,64,10.724681606657668,262.068,43.678,45.869,4.0948125,0.24421142604209595,32.221,0.798,10.659,70.6,12,Qwen2.5-14B-Instruct-Q4_K_M,llama.cpp,finegrained_gpu_emc
2026-05-22T14:27:55.185644,GPU714_EMC3199_CPU1036,714,1036,3199,714,3199,p128_o64,128,64,mixed,1,92.87676797248423,90.97119385657447,5824.335215962492,64,10.988378523371749,261.042,43.507,45.869,4.07878125,0.24517127512047873,31.992,0.798,10.717,70.6,12,Qwen2.5-14B-Instruct-Q4_K_M,llama.cpp,finegrained_gpu_emc
2026-05-22T14:28:01.820117,GPU714_EMC3199_CPU1036,714,1036,3199,714,3199,p128_o64,128,64,mixed,2,92.83342806156725,90.9549702062375,5823.261755052954,64,10.990404122649302,260.993,43.499,45.969,4.078015625,0.24521730467866953,31.992,0.765,10.742,70.5,12,Qwen2.5-14B-Instruct-Q4_K_M,llama.cpp,finegrained_gpu_emc
2026-05-22T14:28:15.472157,GPU714_EMC3199_CPU1036,714,1036,3199,714,3199,p512_o128,512,128,mixed,0,717.7458079531789,95.43642029166222,12838.670713012107,128,9.969879503979401,568.713,43.747,45.668,4.4430703125,0.22506958694455728,32.415,0.798,10.534,70.5,26,Qwen2.5-14B-Instruct-Q4_K_M,llama.cpp,finegrained_gpu_emc
2026-05-22T14:28:28.494316,GPU714_EMC3199_CPU1036,714,1036,3199,714,3199,p512_o128,512,128,mixed,1,98.9214739529416,95.3500160001453,12208.885258063674,128,10.484167661044983,532.782,44.399,45.668,4.162359375,0.2402483567387787,32.82,0.798,10.78,70.5,24,Qwen2.5-14B-Instruct-Q4_K_M,llama.cpp,finegrained_gpu_emc
2026-05-22T14:28:41.513096,GPU714_EMC3199_CPU1036,714,1036,3199,714,3199,p512_o128,512,128,mixed,2,98.15863100811839,95.34673689035918,12207.709070993587,128,10.485177788528512,533.876,44.49,46.067,4.17090625,0.23975604822093521,32.92,0.815,10.755,70.5,24,Qwen2.5-14B-Instruct-Q4_K_M,llama.cpp,finegrained_gpu_emc
2026-05-22T14:28:54.949291,GPU714_EMC3199_CPU1036,714,1036,3199,714,3199,p1024_o128,1024,128,mixed,0,988.9377129729837,91.60134192156481,12623.15680203028,128,10.140094273360589,562.302,44.984,46.368,4.392984375,0.2276356833160828,33.359,0.814,10.811,70.5,25,Qwen2.5-14B-Instruct-Q4_K_M,llama.cpp,finegrained_gpu_emc
2026-05-22T14:29:07.491923,GPU714_EMC3199_CPU1036,714,1036,3199,714,3199,p1024_o128,1024,128,mixed,1,101.55360808130354,91.55333144076931,11729.336276999675,128,10.91280844688528,519.734,45.194,46.368,4.060421875,0.24627982775804544,33.379,0.798,11.017,70.6,23,Qwen2.5-14B-Instruct-Q4_K_M,llama.cpp,finegrained_gpu_emc
2026-05-22T14:29:20.039178,GPU714_EMC3199_CPU1036,714,1036,3199,714,3199,p1024_o128,1024,128,mixed,2,103.12661901116371,91.58019261346675,11734.331568935886,128,10.908162876431104,517.249,44.978,46.268,4.0410078125,0.24746302071149484,33.206,0.798,10.974,70.5,23,Qwen2.5-14B-Instruct-Q4_K_M,llama.cpp,finegrained_gpu_emc
2026-05-22T14:29:44.634918,GPU714_EMC3199_CPU1036,714,1036,3199,714,3199,p128_o256,128,256,mixed,0,99.61887507233769,92.85614421938126,23778.92117400188,256,10.765837445976798,1047.251,44.564,45.47,4.09082421875,0.2444495159231168,32.857,0.798,10.909,70.5,47,Qwen2.5-14B-Instruct-Q4_K_M,llama.cpp,finegrained_gpu_emc
2026-05-22T14:30:09.230884,GPU714_EMC3199_CPU1036,714,1036,3199,714,3199,p128_o256,128,256,mixed,1,99.35778798535466,92.85803923164221,23779.145171982236,256,10.765736032497578,1051.096,44.727,45.869,4.10584375,0.24355529846940718,32.993,0.806,10.928,70.5,47,Qwen2.5-14B-Instruct-Q4_K_M,llama.cpp,finegrained_gpu_emc
2026-05-22T14:30:33.800733,GPU714_EMC3199_CPU1036,714,1036,3199,714,3199,p128_o256,128,256,mixed,2,99.22712401021272,92.76485501596814,23755.233814008534,256,10.776572523105877,1056.54,44.959,45.869,4.127109375,0.2423003388418801,33.205,0.798,10.956,70.5,47,Qwen2.5-14B-Instruct-Q4_K_M,llama.cpp,finegrained_gpu_emc
2026-05-22T14:31:23.957587,GPU714_EMC3199_CPU1036,714,1036,3199,714,3199,p1024_o512,1024,512,mixed,0,1615.646367892623,93.37600011951719,49332.804292906076,512,10.378489675147542,2203.024,45.423,46.368,4.30278125,0.23240781761796514,33.667,0.81,10.946,70.7,97,Qwen2.5-14B-Instruct-Q4_K_M,llama.cpp,finegrained_gpu_emc
2026-05-22T14:32:12.603093,GPU714_EMC3199_CPU1036,714,1036,3199,714,3199,p1024_o512,1024,512,mixed,1,103.56371500529349,93.3764465968808,47820.90697798412,512,10.706614164296706,2139.072,45.512,46.767,4.177875,0.2393561320049068,33.672,0.811,11.03,70.8,94,Qwen2.5-14B-Instruct-Q4_K_M,llama.cpp,finegrained_gpu_emc
2026-05-22T14:33:01.266368,GPU714_EMC3199_CPU1036,714,1036,3199,714,3199,p1024_o512,1024,512,mixed,2,103.69406396057457,93.41171462432374,47839.05849000439,512,10.702551767547401,2137.732,45.484,46.368,4.1752578125,0.23950616821940263,33.655,0.802,11.027,70.9,94,Qwen2.5-14B-Instruct-Q4_K_M,llama.cpp,finegrained_gpu_emc
2026-05-22T14:33:17.077264,GPU816_EMC204_CPU1036,816,1036,3199,816,204,p128_o64,128,64,decode,0,86.26333402935416,84.94724399994112,5438.200111035258,64,11.76859966409299,257.094,46.744,48.378,4.01709375,0.24893618676437412,34.83,0.798,11.116,70.5,11,Qwen2.5-14B-Instruct-Q4_K_M,llama.cpp,finegrained_gpu_emc
2026-05-22T14:33:23.326937,GPU816_EMC204_CPU1036,816,1036,3199,816,204,p128_o64,128,64,decode,1,86.3112109946087,84.95432363512616,5438.6968850158155,64,11.767524712827214,251.812,45.784,48.065,3.9345625,0.25415786380315475,34.089,0.798,10.897,70.4,11,Qwen2.5-14B-Instruct-Q4_K_M,llama.cpp,finegrained_gpu_emc
2026-05-22T14:33:29.577529,GPU816_EMC204_CPU1036,816,1036,3199,816,204,p128_o64,128,64,decode,2,86.17516001686454,84.97305679327202,5439.745791023597,64,11.765255667941261,250.301,45.509,48.051,3.910953125,0.2556921466554269,33.723,0.834,10.952,70.4,11,Qwen2.5-14B-Instruct-Q4_K_M,llama.cpp,finegrained_gpu_emc
2026-05-22T14:33:41.284392,GPU816_EMC204_CPU1036,816,1036,3199,816,204,p512_o128,512,128,decode,0,86.30546601489186,85.09677392155606,10894.140403019264,128,11.74943550062246,510.016,46.365,48.18,3.9845,0.25097251850922325,34.446,0.798,11.121,70.5,22,Qwen2.5-14B-Instruct-Q4_K_M,llama.cpp,finegrained_gpu_emc
2026-05-22T14:33:52.988807,GPU816_EMC204_CPU1036,816,1036,3199,816,204,p512_o128,512,128,decode,1,86.4103069761768,85.0764940241645,10891.629187040962,128,11.752144495728562,510.619,46.42,48.264,3.9892109375,0.250676140135796,34.551,0.816,11.052,70.6,22,Qwen2.5-14B-Instruct-Q4_K_M,llama.cpp,finegrained_gpu_emc
2026-05-22T14:34:04.695759,GPU816_EMC204_CPU1036,816,1036,3199,816,204,p512_o128,512,128,decode,2,86.3083089934662,85.0976337082904,10894.195833941922,128,11.749375718141913,510.846,46.44,48.18,3.990984375,0.25056474945482593,34.535,0.816,11.089,70.6,22,Qwen2.5-14B-Instruct-Q4_K_M,llama.cpp,finegrained_gpu_emc
2026-05-22T14:34:16.398327,GPU816_EMC204_CPU1036,816,1036,3199,816,204,p1024_o128,1024,128,decode,0,86.22291800566018,85.0631143076448,10889.733167015947,128,11.754190670869773,510.076,46.37,48.564,3.98496875,0.25094299672989906,34.456,0.816,11.098,70.7,22,Qwen2.5-14B-Instruct-Q4_K_M,llama.cpp,finegrained_gpu_emc
2026-05-22T14:34:28.102196,GPU816_EMC204_CPU1036,816,1036,3199,816,204,p1024_o128,1024,128,decode,1,86.39457100071013,85.0721352511841,10890.95358690247,128,11.752873518250379,509.836,46.349,48.165,3.98309375,0.2510611255384084,34.457,0.78,11.112,70.7,22,Qwen2.5-14B-Instruct-Q4_K_M,llama.cpp,finegrained_gpu_emc
2026-05-22T14:34:39.807337,GPU816_EMC204_CPU1036,816,1036,3199,816,204,p1024_o128,1024,128,decode,2,86.33314701728523,85.08074647237319,10892.088215914555,128,11.751649221218916,511.279,46.48,48.464,3.9943671875,0.2503525472393742,34.607,0.798,11.075,70.7,22,Qwen2.5-14B-Instruct-Q4_K_M,llama.cpp,finegrained_gpu_emc
2026-05-22T14:35:02.528993,GPU816_EMC204_CPU1036,816,1036,3199,816,204,p128_o256,128,256,decode,0,86.37027698569,85.56174800009923,21905.59066599235,256,11.68651436536842,1017.518,47.326,48.564,3.9746796875,0.25159260081885526,35.28,0.807,11.239,70.9,43,Qwen2.5-14B-Instruct-Q4_K_M,llama.cpp,finegrained_gpu_emc
2026-05-22T14:35:25.262925,GPU816_EMC204_CPU1036,816,1036,3199,816,204,p128_o256,128,256,decode,1,92.19675103668123,85.58659503537723,21917.762221070006,256,11.680024512443238,1017.418,47.322,48.464,3.9742890625,0.25161732935725534,35.289,0.817,11.216,71.0,43,Qwen2.5-14B-Instruct-Q4_K_M,llama.cpp,finegrained_gpu_emc
2026-05-22T14:35:47.995276,GPU816_EMC204_CPU1036,816,1036,3199,816,204,p128_o256,128,256,decode,2,92.46162907220423,85.5800743333484,21916.361441020854,256,11.680771038975694,1016.026,47.257,48.464,3.9688515625,0.2519620560891158,35.141,0.835,11.281,71.1,43,Qwen2.5-14B-Instruct-Q4_K_M,llama.cpp,finegrained_gpu_emc
2026-05-22T14:36:24.527938,GPU816_EMC204_CPU1036,816,1036,3199,816,204,p1024_o512,1024,512,decode,0,91.57599101308733,87.29819899238417,35712.53878693096,408,11.424558820480945,1653.982,47.257,48.479,4.053877450980392,0.24667741245067965,35.251,0.809,11.196,71.2,70,Qwen2.5-14B-Instruct-Q4_K_M,llama.cpp,finegrained_gpu_emc
2026-05-22T14:37:10.407093,GPU816_EMC204_CPU1036,816,1036,3199,816,204,p1024_o512,1024,512,decode,1,91.5790309663862,87.98921276330438,45056.098385946825,512,11.363611549634197,2074.714,47.153,48.479,4.05217578125,0.24678100210438644,35.192,0.807,11.154,71.4,88,Qwen2.5-14B-Instruct-Q4_K_M,llama.cpp,finegrained_gpu_emc
2026-05-22T14:37:56.323777,GPU816_EMC204_CPU1036,816,1036,3199,816,204,p1024_o512,1024,512,decode,2,92.95290498994291,88.06034078076117,45093.808777979575,512,11.354108554476824,2072.006,47.091,48.464,4.04688671875,0.24710353155348008,35.136,0.807,11.148,71.5,88,Qwen2.5-14B-Instruct-Q4_K_M,llama.cpp,finegrained_gpu_emc
2026-05-22T14:38:02.718011,GPU816_EMC204_CPU1036,816,1036,3199,816,204,p128_o64,128,64,mixed,0,219.525340013206,85.10174425429709,5581.1994769610465,64,11.467069088676954,249.649,45.391,47.964,3.900765625,0.2563599293407945,33.696,0.798,10.897,71.3,11,Qwen2.5-14B-Instruct-Q4_K_M,llama.cpp,finegrained_gpu_emc
2026-05-22T14:38:08.971630,GPU816_EMC204_CPU1036,816,1036,3199,816,204,p128_o64,128,64,mixed,1,86.83874795679003,85.00864119121125,5442.652320954949,64,11.758972689398389,252.688,45.943,48.479,3.94825,0.2532767681884379,33.839,1.052,11.052,71.3,11,Qwen2.5-14B-Instruct-Q4_K_M,llama.cpp,finegrained_gpu_emc
2026-05-22T14:38:15.222246,GPU816_EMC204_CPU1036,816,1036,3199,816,204,p128_o64,128,64,mixed,2,86.95486502256244,84.95844746126778,5439.610489062034,64,11.765548310617309,251.835,45.788,48.18,3.934921875,0.2541346516568388,33.911,0.871,11.007,71.3,11,Qwen2.5-14B-Instruct-Q4_K_M,llama.cpp,finegrained_gpu_emc
2026-05-22T14:38:28.083212,GPU816_EMC204_CPU1036,816,1036,3199,816,204,p512_o128,512,128,mixed,0,702.4600560544059,89.34592962994672,12049.75257604383,128,10.622624754509683,554.68,46.223,47.864,4.3334375,0.23076368356529894,34.583,0.831,10.81,71.3,24,Qwen2.5-14B-Instruct-Q4_K_M,llama.cpp,finegrained_gpu_emc
2026-05-22T14:38:40.326214,GPU816_EMC204_CPU1036,816,1036,3199,816,204,p512_o128,512,128,mixed,1,92.93095103930682,89.26304614934044,11429.848961066455,128,11.198748158090888,529.38,46.033,47.465,4.13578125,0.24179228531489666,34.318,0.798,10.917,71.3,23,Qwen2.5-14B-Instruct-Q4_K_M,llama.cpp,finegrained_gpu_emc
2026-05-22T14:38:52.574795,GPU816_EMC204_CPU1036,816,1036,3199,816,204,p512_o128,512,128,mixed,2,93.0063029518351,89.30795829959477,11435.628955019638,128,11.193087892539111,529.732,46.064,47.864,4.13853125,0.2416316174971495,34.318,0.833,10.913,71.3,23,Qwen2.5-14B-Instruct-Q4_K_M,llama.cpp,finegrained_gpu_emc
2026-05-22T14:39:05.212621,GPU816_EMC204_CPU1036,816,1036,3199,816,204,p1024_o128,1024,128,mixed,0,967.5835699308664,85.48536045682125,11824.771208921447,128,10.824733750740792,553.998,46.166,48.68,4.328109375,0.23104776551539896,34.45,0.815,10.902,71.3,24,Qwen2.5-14B-Instruct-Q4_K_M,llama.cpp,finegrained_gpu_emc
2026-05-22T14:39:16.974455,GPU816_EMC204_CPU1036,816,1036,3199,816,204,p1024_o128,1024,128,mixed,1,96.84406605083495,85.44599382650459,10948.997132014483,128,11.690568410665895,517.417,47.038,48.863,4.0423203125,0.24738267200343242,35.06,0.816,11.162,71.3,22,Qwen2.5-14B-Instruct-Q4_K_M,llama.cpp,finegrained_gpu_emc
2026-05-22T14:39:28.738736,GPU816_EMC204_CPU1036,816,1036,3199,816,204,p1024_o128,1024,128,mixed,2,96.82712890207767,85.46431163806234,10951.306619914249,128,11.688103022085073,518.019,47.093,48.978,4.0470234375,0.24709518376739076,35.066,0.816,11.211,71.4,22,Qwen2.5-14B-Instruct-Q4_K_M,llama.cpp,finegrained_gpu_emc
2026-05-22T14:39:51.769420,GPU816_EMC204_CPU1036,816,1036,3199,816,204,p128_o256,128,256,mixed,0,93.28720299527049,86.7466671488193,22214.41637200769,256,11.524047974655986,1034.964,47.044,48.465,4.042828125,0.24735159870295007,35.091,0.798,11.155,71.4,44,Qwen2.5-14B-Instruct-Q4_K_M,llama.cpp,finegrained_gpu_emc
2026-05-22T14:40:14.794152,GPU816_EMC204_CPU1036,816,1036,3199,816,204,p128_o256,128,256,mixed,1,92.96626504510641,86.72364801168442,22208.479105029255,256,11.527128840715037,1034.742,47.034,48.363,4.0419609375,0.24740466705710218,35.072,0.798,11.164,71.5,44,Qwen2.5-14B-Instruct-Q4_K_M,llama.cpp,finegrained_gpu_emc
2026-05-22T14:40:37.820247,GPU816_EMC204_CPU1036,816,1036,3199,816,204,p128_o256,128,256,mixed,2,93.1642969371751,86.72752031399047,22209.72303801682,256,11.52648322366739,1033.45,46.975,48.464,4.0369140625,0.24771396777783153,35.033,0.807,11.135,71.5,44,Qwen2.5-14B-Instruct-Q4_K_M,llama.cpp,finegrained_gpu_emc
2026-05-22T14:41:24.804731,GPU816_EMC204_CPU1036,816,1036,3199,816,204,p1024_o512,1024,512,mixed,0,1571.208241977729,87.25636619176905,46161.25068604015,512,11.091553898361694,2142.81,47.618,49.277,4.18517578125,0.23893858998231296,35.598,0.816,11.204,71.7,90,Qwen2.5-14B-Instruct-Q4_K_M,llama.cpp,finegrained_gpu_emc
2026-05-22T14:42:10.302478,GPU816_EMC204_CPU1036,816,1036,3199,816,204,p1024_o512,1024,512,mixed,1,97.22321399021894,87.232874350307,44674.69610099215,512,11.460626365371724,2091.176,47.527,48.963,4.084328125,0.24483831107472542,35.449,0.807,11.27,71.7,88,Qwen2.5-14B-Instruct-Q4_K_M,llama.cpp,finegrained_gpu_emc
2026-05-22T14:42:55.798139,GPU816_EMC204_CPU1036,816,1036,3199,816,204,p1024_o512,1024,512,mixed,2,97.3185159964487,87.22744564983243,44672.54884005524,512,11.461177239587453,2092.014,47.546,48.579,4.08596484375,0.24474023596400404,35.455,0.812,11.28,71.7,88,Qwen2.5-14B-Instruct-Q4_K_M,llama.cpp,finegrained_gpu_emc
2026-05-22T14:43:11.612468,GPU816_EMC665_CPU1036,816,1036,3199,816,665,p128_o64,128,64,decode,0,87.55740197375417,84.96377322201927,5440.525749931112,64,11.763568989781984,256.94,46.716,48.18,4.0146875,0.24908538958511714,34.747,0.798,11.171,71.1,11,Qwen2.5-14B-Instruct-Q4_K_M,llama.cpp,finegrained_gpu_emc
2026-05-22T14:43:17.865298,GPU816_EMC665_CPU1036,816,1036,3199,816,665,p128_o64,128,64,decode,1,87.52939896658063,84.9818762535939,5441.648893989623,64,11.761141015674292,251.125,45.659,48.065,3.923828125,0.2548531607765057,33.836,0.798,11.025,71.1,11,Qwen2.5-14B-Instruct-Q4_K_M,llama.cpp,finegrained_gpu_emc
2026-05-22T14:43:24.117293,GPU816_EMC665_CPU1036,816,1036,3199,816,665,p128_o64,128,64,decode,2,87.63467194512486,84.95282168344905,5439.929616986774,64,11.764858096721143,251.945,45.808,48.308,3.936640625,0.25402369564785965,33.995,0.798,11.016,71.0,11,Qwen2.5-14B-Instruct-Q4_K_M,llama.cpp,finegrained_gpu_emc
2026-05-22T14:43:35.824724,GPU816_EMC665_CPU1036,816,1036,3199,816,665,p512_o128,512,128,decode,0,86.51846402790397,85.10143965332381,10894.891527947038,128,11.748625460993413,511.662,46.515,48.694,3.997359375,0.2501651480860412,34.559,0.798,11.157,71.1,22,Qwen2.5-14B-Instruct-Q4_K_M,llama.cpp,finegrained_gpu_emc
2026-05-22T14:43:47.528150,GPU816_EMC665_CPU1036,816,1036,3199,816,665,p512_o128,512,128,decode,1,86.33954904507846,85.06695181039697,10890.335952979513,128,11.75354007008206,511.846,46.531,48.579,3.998796875,0.250075217936645,34.59,0.816,11.125,71.1,22,Qwen2.5-14B-Instruct-Q4_K_M,llama.cpp,finegrained_gpu_emc
2026-05-22T14:43:59.232034,GPU816_EMC665_CPU1036,816,1036,3199,816,665,p512_o128,512,128,decode,2,86.45515504758805,85.07123317360497,10890.968858031556,128,11.752857038573412,509.917,46.356,48.165,3.9837265625,0.2510212446339306,34.424,0.816,11.116,71.2,22,Qwen2.5-14B-Instruct-Q4_K_M,llama.cpp,finegrained_gpu_emc
2026-05-22T14:44:10.936809,GPU816_EMC665_CPU1036,816,1036,3199,816,665,p1024_o128,1024,128,decode,0,86.33839199319482,85.07939019629102,10891.959654982202,128,11.751787929314467,510.01,46.364,48.464,3.984453125,0.2509754710691947,34.496,0.798,11.071,71.2,22,Qwen2.5-14B-Instruct-Q4_K_M,llama.cpp,finegrained_gpu_emc
2026-05-22T14:44:22.647189,GPU816_EMC665_CPU1036,816,1036,3199,816,665,p1024_o128,1024,128,decode,1,86.5327479550615,85.12252448016675,10897.584734950215,128,11.74572192951017,512.206,46.564,48.479,4.001609375,0.24989945451634693,34.668,0.798,11.098,71.2,22,Qwen2.5-14B-Instruct-Q4_K_M,llama.cpp,finegrained_gpu_emc
2026-05-22T14:44:34.351641,GPU816_EMC665_CPU1036,816,1036,3199,816,665,p1024_o128,1024,128,decode,2,86.40319493133575,85.0925711891064,10893.534692935646,128,11.750088801113085,511.544,46.504,48.479,3.9964375,0.2502228547299939,34.644,0.798,11.062,71.3,22,Qwen2.5-14B-Instruct-Q4_K_M,llama.cpp,finegrained_gpu_emc
2026-05-22T14:44:57.098291,GPU816_EMC665_CPU1036,816,1036,3199,816,665,p128_o256,128,256,decode,0,86.50683599989861,85.66119647082672,21930.869593052194,256,11.673043739273433,1007.338,46.853,47.68,3.9349140625,0.25413515622363103,34.844,0.798,11.211,71.3,43,Qwen2.5-14B-Instruct-Q4_K_M,llama.cpp,finegrained_gpu_emc
2026-05-22T14:45:19.849304,GPU816_EMC665_CPU1036,816,1036,3199,816,665,p128_o256,128,256,decode,1,92.48093597125262,85.65422716075737,21935.280538978986,256,11.670696417357785,1007.94,46.881,48.079,3.937265625,0.25398337202611265,34.846,0.807,11.228,71.4,43,Qwen2.5-14B-Instruct-Q4_K_M,llama.cpp,finegrained_gpu_emc
2026-05-22T14:45:42.597875,GPU816_EMC665_CPU1036,816,1036,3199,816,665,p128_o256,128,256,decode,2,92.49119099695235,85.6434427649148,21932.548866956495,256,11.672149988261909,1008.608,46.912,48.165,3.939875,0.2538151591103779,34.868,0.807,11.237,71.4,43,Qwen2.5-14B-Instruct-Q4_K_M,llama.cpp,finegrained_gpu_emc
2026-05-22T14:46:28.565515,GPU816_EMC665_CPU1036,816,1036,3199,816,665,p1024_o512,1024,512,decode,0,92.50767098274082,88.16109482178905,45144.764930941164,512,11.341292856064628,2052.92,46.657,47.766,4.009609375,0.2494008534185453,34.715,0.798,11.145,71.5,88,Qwen2.5-14B-Instruct-Q4_K_M,llama.cpp,finegrained_gpu_emc
2026-05-22T14:47:14.482153,GPU816_EMC665_CPU1036,816,1036,3199,816,665,p1024_o512,1024,512,decode,1,92.99668401945382,88.05983035220106,45093.525554053485,512,11.354179867490444,2064.576,46.922,48.08,4.032375,0.24799280820856195,34.955,0.803,11.164,71.6,88,Qwen2.5-14B-Instruct-Q4_K_M,llama.cpp,finegrained_gpu_emc
2026-05-22T14:47:55.740051,GPU816_EMC665_CPU1036,816,1036,3199,816,665,p1024_o512,1024,512,decode,2,92.88379305507988,87.69522259475497,40436.146349064074,460,11.375960410002005,1867.281,47.273,48.464,4.05930652173913,0.24634749670777992,35.278,0.813,11.182,71.7,79,Qwen2.5-14B-Instruct-Q4_K_M,llama.cpp,finegrained_gpu_emc
2026-05-22T14:48:02.135218,GPU816_EMC665_CPU1036,816,1036,3199,816,665,p128_o64,128,64,mixed,0,219.65884999372065,85.14350918971653,5583.964796969667,64,11.461390307247608,250.026,45.459,48.564,3.90665625,0.25597337876860804,33.764,0.834,10.861,71.5,11,Qwen2.5-14B-Instruct-Q4_K_M,llama.cpp,finegrained_gpu_emc
2026-05-22T14:48:08.383174,GPU816_EMC665_CPU1036,816,1036,3199,816,665,p128_o64,128,64,mixed,1,86.83689997997135,84.91897550670222,5437.003720900975,64,11.771189295672295,250.946,45.627,48.165,3.92103125,0.2550349477576849,33.868,0.798,10.961,71.4,11,Qwen2.5-14B-Instruct-Q4_K_M,llama.cpp,finegrained_gpu_emc
2026-05-22T14:48:14.633162,GPU816_EMC665_CPU1036,816,1036,3199,816,665,p128_o64,128,64,mixed,2,86.93289698567241,84.94865138172393,5438.972114934586,64,11.766929237284703,252.849,45.973,48.579,3.950765625,0.25311549580975207,34.132,0.798,11.043,71.3,11,Qwen2.5-14B-Instruct-Q4_K_M,llama.cpp,finegrained_gpu_emc
2026-05-22T14:48:27.492682,GPU816_EMC665_CPU1036,816,1036,3199,816,665,p512_o128,512,128,mixed,0,702.2577070165426,89.3216661890734,12046.486917999573,128,10.625504420607925,554.525,46.21,47.864,4.3322265625,0.23082818628555973,34.582,0.815,10.814,71.3,24,Qwen2.5-14B-Instruct-Q4_K_M,llama.cpp,finegrained_gpu_emc
2026-05-22T14:48:39.730520,GPU816_EMC665_CPU1036,816,1036,3199,816,665,p512_o128,512,128,mixed,1,92.83171989955008,89.23475787421233,11426.156568923034,128,11.202367062616277,529.728,46.063,47.864,4.1385,0.24163344206838228,34.335,0.815,10.913,71.2,23,Qwen2.5-14B-Instruct-Q4_K_M,llama.cpp,finegrained_gpu_emc
2026-05-22T14:48:51.969927,GPU816_EMC665_CPU1036,816,1036,3199,816,665,p512_o128,512,128,mixed,2,92.8900419967249,89.23755428390797,11426.567827002145,128,11.201963873834709,529.069,46.006,47.465,4.1333515625,0.24193441687190143,34.3,0.798,10.908,71.2,23,Qwen2.5-14B-Instruct-Q4_K_M,llama.cpp,finegrained_gpu_emc
2026-05-22T14:49:04.603792,GPU816_EMC665_CPU1036,816,1036,3199,816,665,p1024_o128,1024,128,mixed,0,965.3875019866973,85.47276769229394,11820.94846200198,128,10.828234334279646,555.945,46.329,49.363,4.3433203125,0.2302386027394796,34.533,0.881,10.914,71.2,24,Qwen2.5-14B-Instruct-Q4_K_M,llama.cpp,finegrained_gpu_emc
2026-05-22T14:49:16.364745,GPU816_EMC665_CPU1036,816,1036,3199,816,665,p1024_o128,1024,128,mixed,1,96.67897201143205,85.44036157531883,10948.130658012815,128,11.691493643832084,515.918,46.902,49.079,4.030609375,0.2481014424772929,34.914,0.798,11.189,71.2,22,Qwen2.5-14B-Instruct-Q4_K_M,llama.cpp,finegrained_gpu_emc
2026-05-22T14:49:28.139390,GPU816_EMC665_CPU1036,816,1036,3199,816,665,p1024_o128,1024,128,mixed,2,96.73595707863569,85.54564069270883,10961.550091044046,128,11.677180593699088,511.136,46.467,48.364,3.99325,0.25042258811744816,34.534,0.798,11.135,71.2,22,Qwen2.5-14B-Instruct-Q4_K_M,llama.cpp,finegrained_gpu_emc
2026-05-22T14:49:51.168013,GPU816_EMC665_CPU1036,816,1036,3199,816,665,p128_o256,128,256,mixed,0,92.69171499181539,86.74905105475702,22214.67820799444,256,11.523912145073197,1031.701,46.896,48.18,4.03008203125,0.2481339070137569,34.926,0.798,11.171,71.2,44,Qwen2.5-14B-Instruct-Q4_K_M,llama.cpp,finegrained_gpu_emc
2026-05-22T14:50:14.189029,GPU816_EMC665_CPU1036,816,1036,3199,816,665,p128_o256,128,256,mixed,1,92.94928901363164,86.71441239980506,22205.981065984815,256,11.528425573240785,1034.451,47.021,48.479,4.04082421875,0.24747426412657536,35.088,0.807,11.125,71.3,44,Qwen2.5-14B-Instruct-Q4_K_M,llama.cpp,finegrained_gpu_emc
2026-05-22T14:50:37.222340,GPU816_EMC665_CPU1036,816,1036,3199,816,665,p128_o256,128,256,mixed,2,93.08270807377994,86.75687858405723,22217.07558608614,256,11.522668634224965,1033.56,46.98,48.479,4.03734375,0.2476876040094431,35.036,0.816,11.128,71.4,44,Qwen2.5-14B-Instruct-Q4_K_M,llama.cpp,finegrained_gpu_emc
2026-05-22T14:51:24.199293,GPU816_EMC665_CPU1036,816,1036,3199,816,665,p1024_o512,1024,512,mixed,0,1573.5914079705253,87.24031898255939,46155.3587380331,512,11.092969787235127,2141.066,47.579,48.978,4.18176953125,0.23913321681816443,35.572,0.807,11.201,71.6,90,Qwen2.5-14B-Instruct-Q4_K_M,llama.cpp,finegrained_gpu_emc
2026-05-22T14:52:09.679374,GPU816_EMC665_CPU1036,816,1036,3199,816,665,p1024_o512,1024,512,mixed,1,97.26626996416599,87.19741015256713,44657.16119995341,512,11.465126448757209,2091.751,47.54,48.794,4.085451171875,0.24477100763905452,35.455,0.803,11.282,71.7,88,Qwen2.5-14B-Instruct-Q4_K_M,llama.cpp,finegrained_gpu_emc
2026-05-22T14:52:55.166929,GPU816_EMC665_CPU1036,816,1036,3199,816,665,p1024_o512,1024,512,mixed,2,97.21256501507014,87.22017820944569,44668.73640008271,512,11.462155441653639,2091.222,47.528,48.579,4.08441796875,0.244832925437854,35.45,0.812,11.266,71.7,88,Qwen2.5-14B-Instruct-Q4_K_M,llama.cpp,finegrained_gpu_emc
2026-05-22T14:53:10.978847,GPU816_EMC2133_CPU1036,816,1036,3199,816,2133,p128_o64,128,64,decode,0,86.26427501440048,84.95583162007351,5438.787235063501,64,11.767329228728832,255.545,46.463,48.165,3.992890625,0.250445127081336,34.494,0.798,11.171,71.1,11,Qwen2.5-14B-Instruct-Q4_K_M,llama.cpp,finegrained_gpu_emc
2026-05-22T14:53:17.229218,GPU816_EMC2133_CPU1036,816,1036,3199,816,2133,p128_o64,128,64,decode,1,86.3800949882716,84.96274257130507,5439.297004952095,64,11.76622639685469,252.325,45.877,48.363,3.942578125,0.25364113742197564,34.137,0.798,10.943,71.0,11,Qwen2.5-14B-Instruct-Q4_K_M,llama.cpp,finegrained_gpu_emc
2026-05-22T14:53:23.478407,GPU816_EMC2133_CPU1036,816,1036,3199,816,2133,p128_o64,128,64,decode,2,86.33399498648942,84.94186865180613,5437.938151997514,64,11.769166586878324,252.164,45.848,48.349,3.9400625,0.25380308053489,34.025,0.798,11.025,71.0,11,Qwen2.5-14B-Instruct-Q4_K_M,llama.cpp,finegrained_gpu_emc
2026-05-22T14:53:35.188289,GPU816_EMC2133_CPU1036,816,1036,3199,816,2133,p512_o128,512,128,decode,0,86.45973599050194,85.11818893708465,10896.969154011458,128,11.746385457361772,511.81,46.528,48.464,3.998515625,0.25009280787792343,34.591,0.816,11.121,71.1,22,Qwen2.5-14B-Instruct-Q4_K_M,llama.cpp,finegrained_gpu_emc
2026-05-22T14:53:46.894025,GPU816_EMC2133_CPU1036,816,1036,3199,816,2133,p512_o128,512,128,decode,1,86.39249706175178,85.08574757468337,10892.787110060453,128,11.750895221460876,511.685,46.517,48.464,3.9975390625,0.2501539032803385,34.589,0.816,11.112,71.1,22,Qwen2.5-14B-Instruct-Q4_K_M,llama.cpp,finegrained_gpu_emc
2026-05-22T14:53:58.602101,GPU816_EMC2133_CPU1036,816,1036,3199,816,2133,p512_o128,512,128,decode,2,86.3470520125702,85.10289464593227,10894.913807976991,128,11.748601435128519,510.93,46.448,48.165,3.991640625,0.2505235550858239,34.584,0.798,11.066,71.1,22,Qwen2.5-14B-Instruct-Q4_K_M,llama.cpp,finegrained_gpu_emc
2026-05-22T14:54:10.305837,GPU816_EMC2133_CPU1036,816,1036,3199,816,2133,p1024_o128,1024,128,decode,0,86.52116206940264,85.06908746414238,10890.78525302466,128,11.753055177031518,509.27,46.297,48.165,3.978671875,0.25134015355312506,34.415,0.798,11.084,71.2,22,Qwen2.5-14B-Instruct-Q4_K_M,llama.cpp,finegrained_gpu_emc
2026-05-22T14:54:22.008094,GPU816_EMC2133_CPU1036,816,1036,3199,816,2133,p1024_o128,1024,128,decode,1,86.4075580611825,85.0504672834943,10888.312806026079,128,11.755723984083106,509.341,46.304,48.18,3.9792265625,0.25130511778945736,34.362,0.798,11.144,71.2,22,Qwen2.5-14B-Instruct-Q4_K_M,llama.cpp,finegrained_gpu_emc
2026-05-22T14:54:33.710271,GPU816_EMC2133_CPU1036,816,1036,3199,816,2133,p1024_o128,1024,128,decode,2,86.54429099988192,85.05826721272219,10889.43753798958,128,11.754509776418766,511.345,46.486,48.165,3.9948828125,0.25032023389296854,34.567,0.798,11.121,71.2,22,Qwen2.5-14B-Instruct-Q4_K_M,llama.cpp,finegrained_gpu_emc
2026-05-22T14:54:56.429261,GPU816_EMC2133_CPU1036,816,1036,3199,816,2133,p128_o256,128,256,decode,0,86.27840096596628,85.55066138049405,21902.67324191518,256,11.688071002679818,1018.626,47.378,48.252,3.9790078125,0.25131893354381296,35.292,0.798,11.288,71.4,43,Qwen2.5-14B-Instruct-Q4_K_M,llama.cpp,finegrained_gpu_emc
2026-05-22T14:55:19.157473,GPU816_EMC2133_CPU1036,816,1036,3199,816,2133,p128_o256,128,256,decode,1,92.55054395180196,85.56183270571351,21911.793433013372,256,11.683206159396244,1017.314,47.317,48.45,3.9738828125,0.25164305219430777,35.27,0.807,11.239,71.4,43,Qwen2.5-14B-Instruct-Q4_K_M,llama.cpp,finegrained_gpu_emc
2026-05-22T14:55:41.893898,GPU816_EMC2133_CPU1036,816,1036,3199,816,2133,p128_o256,128,256,decode,2,92.5965909846127,85.59479304297152,21920.237772981636,256,11.678705434278616,1018.198,47.358,48.363,3.9773359375,0.2514245755737096,35.34,0.817,11.202,71.5,43,Qwen2.5-14B-Instruct-Q4_K_M,llama.cpp,finegrained_gpu_emc
2026-05-22T14:56:19.974028,GPU816_EMC2133_CPU1036,816,1036,3199,816,2133,p1024_o512,1024,512,decode,0,92.46014500968158,87.45412611103845,37263.699374045245,425,11.405201500096343,1723.619,47.222,48.763,4.055574117647058,0.2465742139069017,35.254,0.809,11.16,71.6,73,Qwen2.5-14B-Instruct-Q4_K_M,llama.cpp,finegrained_gpu_emc
2026-05-22T14:57:05.901363,GPU816_EMC2133_CPU1036,816,1036,3199,816,2133,p1024_o512,1024,512,decode,1,92.49022498261184,88.60233109435214,45104.41795992665,509,11.284925579845078,2074.352,47.144,49.463,4.075347740667977,0.2453778336560044,35.166,0.816,11.162,71.7,88,Qwen2.5-14B-Instruct-Q4_K_M,llama.cpp,finegrained_gpu_emc
2026-05-22T14:57:51.808190,GPU816_EMC2133_CPU1036,816,1036,3199,816,2133,p1024_o512,1024,512,decode,2,92.86921902094036,88.04088863594286,45083.76508799847,512,11.356638004847936,2074.515,47.148,48.564,4.051787109375,0.24680467482761032,35.18,0.803,11.165,71.6,88,Qwen2.5-14B-Instruct-Q4_K_M,llama.cpp,finegrained_gpu_emc
2026-05-22T14:57:58.203228,GPU816_EMC2133_CPU1036,816,1036,3199,816,2133,p128_o64,128,64,mixed,0,219.62453005835414,85.14185533267519,5583.825638052076,64,11.46167594558459,251.094,45.654,48.464,3.92334375,0.2548846248815185,33.95,0.834,10.87,71.3,11,Qwen2.5-14B-Instruct-Q4_K_M,llama.cpp,finegrained_gpu_emc
2026-05-22T14:58:04.455139,GPU816_EMC2133_CPU1036,816,1036,3199,816,2133,p128_o64,128,64,mixed,1,86.97190706152469,84.97666610988773,5440.7761100446805,64,11.763027683099134,253.377,46.069,48.648,3.959015625,0.2525880407456083,34.31,0.798,10.961,71.3,11,Qwen2.5-14B-Instruct-Q4_K_M,llama.cpp,finegrained_gpu_emc
2026-05-22T14:58:10.706350,GPU816_EMC2133_CPU1036,816,1036,3199,816,2133,p128_o64,128,64,mixed,2,87.08126994315535,84.9632898729945,5440.037905937061,64,11.764623906416665,253.107,46.019,48.662,3.954796875,0.25285748714970346,34.315,0.798,10.906,71.2,11,Qwen2.5-14B-Instruct-Q4_K_M,llama.cpp,finegrained_gpu_emc
2026-05-22T14:58:23.569615,GPU816_EMC2133_CPU1036,816,1036,3199,816,2133,p512_o128,512,128,mixed,0,702.4135600076988,89.3490305042085,12050.138351041824,128,10.622284680153356,554.463,46.205,47.465,4.3317421875,0.23085399747142732,34.581,0.815,10.81,71.2,24,Qwen2.5-14B-Instruct-Q4_K_M,llama.cpp,finegrained_gpu_emc
2026-05-22T14:58:35.810977,GPU816_EMC2133_CPU1036,816,1036,3199,816,2133,p512_o128,512,128,mixed,1,92.20240695867687,89.25712060670948,11428.35479893256,128,11.200212301070279,529.518,46.045,47.465,4.136859375,0.24172927077077644,34.317,0.815,10.913,71.2,23,Qwen2.5-14B-Instruct-Q4_K_M,llama.cpp,finegrained_gpu_emc
2026-05-22T14:58:48.053443,GPU816_EMC2133_CPU1036,816,1036,3199,816,2133,p512_o128,512,128,mixed,2,92.84132102038711,89.26217650396998,11429.643363924697,128,11.1989496018752,528.908,45.992,47.465,4.13209375,0.24200806189356183,34.317,0.798,10.878,71.1,23,Qwen2.5-14B-Instruct-Q4_K_M,llama.cpp,finegrained_gpu_emc
2026-05-22T14:59:00.693191,GPU816_EMC2133_CPU1036,816,1036,3199,816,2133,p1024_o128,1024,128,mixed,0,967.2201760113239,85.50101373249328,11826.397650991566,128,10.82324506391581,555.566,46.297,48.878,4.340359375,0.23039566856143104,34.531,0.848,10.918,71.1,24,Qwen2.5-14B-Instruct-Q4_K_M,llama.cpp,finegrained_gpu_emc
2026-05-22T14:59:12.452034,GPU816_EMC2133_CPU1036,816,1036,3199,816,2133,p1024_o128,1024,128,mixed,1,96.75451798830181,85.42351137780709,10946.059786016122,128,11.693705543571337,518.018,47.093,48.963,4.047015625,0.2470956607685447,35.096,0.798,11.198,71.1,22,Qwen2.5-14B-Instruct-Q4_K_M,llama.cpp,finegrained_gpu_emc
2026-05-22T14:59:24.209160,GPU816_EMC2133_CPU1036,816,1036,3199,816,2133,p1024_o128,1024,128,mixed,2,96.85347299091518,85.41092176382672,10944.553492008708,128,11.695314943040907,516.164,46.924,48.963,4.03253125,0.2479831991382584,34.996,0.816,11.112,71.1,22,Qwen2.5-14B-Instruct-Q4_K_M,llama.cpp,finegrained_gpu_emc
2026-05-22T14:59:47.226512,GPU816_EMC2133_CPU1036,816,1036,3199,816,2133,p128_o256,128,256,mixed,0,93.27204606961459,86.69370140369033,22201.13757404033,256,11.53094066221811,1033.431,46.974,48.564,4.03683984375,0.2477185220880736,35.019,0.807,11.148,71.2,44,Qwen2.5-14B-Instruct-Q4_K_M,llama.cpp,finegrained_gpu_emc
2026-05-22T15:00:10.249009,GPU816_EMC2133_CPU1036,816,1036,3199,816,2133,p128_o256,128,256,mixed,1,93.01309695001692,86.71441341193356,22206.18050696794,256,11.528322032673351,1033.987,46.999,48.949,4.03901171875,0.24758531780380216,34.983,0.852,11.164,71.3,44,Qwen2.5-14B-Instruct-Q4_K_M,llama.cpp,finegrained_gpu_emc
2026-05-22T15:00:33.282328,GPU816_EMC2133_CPU1036,816,1036,3199,816,2133,p128_o256,128,256,mixed,2,93.0855079786852,86.75667313338421,22217.017498915084,256,11.52269876064603,1034.087,47.004,48.464,4.03940234375,0.24756137539684767,35.067,0.798,11.139,71.4,44,Qwen2.5-14B-Instruct-Q4_K_M,llama.cpp,finegrained_gpu_emc
2026-05-22T15:01:20.243448,GPU816_EMC2133_CPU1036,816,1036,3199,816,2133,p1024_o512,1024,512,mixed,0,1573.2118369778618,87.20685555982365,46137.91020505596,512,11.097164950134504,2142.822,47.618,48.963,4.18519921875,0.23893725190426454,35.602,0.816,11.201,71.5,90,Qwen2.5-14B-Instruct-Q4_K_M,llama.cpp,finegrained_gpu_emc
2026-05-22T15:02:05.758193,GPU816_EMC2133_CPU1036,816,1036,3199,816,2133,p1024_o512,1024,512,mixed,1,97.08484599832445,87.26525082778726,44691.64031406399,512,11.456281228480195,2090.876,47.52,48.863,4.0837421875,0.24487344060575564,35.457,0.807,11.256,71.7,88,Qwen2.5-14B-Instruct-Q4_K_M,llama.cpp,finegrained_gpu_emc
2026-05-22T15:02:51.236529,GPU816_EMC2133_CPU1036,816,1036,3199,816,2133,p1024_o512,1024,512,mixed,2,97.2274380037561,87.19970292362535,44658.29909394961,512,11.46483431719787,2092.884,47.566,49.111,4.0876640625,0.2446384988370115,35.489,0.807,11.27,71.7,88,Qwen2.5-14B-Instruct-Q4_K_M,llama.cpp,finegrained_gpu_emc
2026-05-22T15:03:07.047239,GPU816_EMC3199_CPU1036,816,1036,3199,816,3199,p128_o64,128,64,decode,0,86.32258407305926,84.9465840950697,5438.219075091183,64,11.768558624852181,256.575,46.65,48.349,4.008984375,0.2494397349702816,34.672,0.798,11.18,71.0,11,Qwen2.5-14B-Instruct-Q4_K_M,llama.cpp,finegrained_gpu_emc
2026-05-22T15:03:13.298819,GPU816_EMC3199_CPU1036,816,1036,3199,816,3199,p128_o64,128,64,decode,1,86.29880100488663,84.98336304725694,5440.562380943447,64,11.76348978630804,252.836,45.97,48.464,3.9505625,0.25312851018051225,34.175,0.798,10.997,71.0,11,Qwen2.5-14B-Instruct-Q4_K_M,llama.cpp,finegrained_gpu_emc
2026-05-22T15:03:19.549282,GPU816_EMC3199_CPU1036,816,1036,3199,816,3199,p128_o64,128,64,decode,2,86.28449204843491,84.96588907973279,5439.402604009956,64,11.76599797058943,252.055,45.828,48.464,3.938359375,0.2539128364841007,34.024,0.798,11.007,71.0,11,Qwen2.5-14B-Instruct-Q4_K_M,llama.cpp,finegrained_gpu_emc
2026-05-22T15:03:31.256858,GPU816_EMC3199_CPU1036,816,1036,3199,816,3199,p512_o128,512,128,decode,0,86.44185902085155,85.0996993065951,10894.641423015855,128,11.748895170573409,511.874,46.534,48.464,3.999015625,0.25006153858176033,34.602,0.816,11.116,71.0,22,Qwen2.5-14B-Instruct-Q4_K_M,llama.cpp,finegrained_gpu_emc
2026-05-22T15:03:42.959232,GPU816_EMC3199_CPU1036,816,1036,3199,816,3199,p512_o128,512,128,decode,1,86.33112895768136,85.0597282836771,10889.409509953111,128,11.754540031119754,509.526,46.321,48.45,3.980671875,0.25121387328615224,34.402,0.816,11.103,71.1,22,Qwen2.5-14B-Instruct-Q4_K_M,llama.cpp,finegrained_gpu_emc
2026-05-22T15:03:54.682881,GPU816_EMC3199_CPU1036,816,1036,3199,816,3199,p512_o128,512,128,decode,2,86.50714694522321,85.2273644019637,10910.886354977265,128,11.731402549308902,506.788,46.072,47.666,3.95928125,0.25257109481676754,34.171,0.798,11.103,71.1,22,Qwen2.5-14B-Instruct-Q4_K_M,llama.cpp,finegrained_gpu_emc
2026-05-22T15:04:06.401596,GPU816_EMC3199_CPU1036,816,1036,3199,816,3199,p1024_o128,1024,128,decode,0,86.57779102213681,85.18946325171768,10906.14752098918,128,11.73649996514906,506.955,46.087,48.065,3.9605859375,0.2524878934027675,34.186,0.816,11.084,71.1,22,Qwen2.5-14B-Instruct-Q4_K_M,llama.cpp,finegrained_gpu_emc
2026-05-22T15:04:18.124173,GPU816_EMC3199_CPU1036,816,1036,3199,816,3199,p1024_o128,1024,128,decode,1,86.50210092309862,85.21738519716098,10909.612573916093,128,11.732772280661601,506.534,46.049,48.065,3.957296875,0.2526977458571389,34.13,0.834,11.084,71.1,22,Qwen2.5-14B-Instruct-Q4_K_M,llama.cpp,finegrained_gpu_emc
2026-05-22T15:04:29.847380,GPU816_EMC3199_CPU1036,816,1036,3199,816,3199,p1024_o128,1024,128,decode,2,86.4457719726488,85.222578110672,10910.212385002524,128,11.732127247674143,506.306,46.028,47.68,3.955515625,0.25281154084683966,34.118,0.798,11.112,71.1,22,Qwen2.5-14B-Instruct-Q4_K_M,llama.cpp,finegrained_gpu_emc
2026-05-22T15:04:52.596970,GPU816_EMC3199_CPU1036,816,1036,3199,816,3199,p128_o256,128,256,decode,0,86.50092803873122,85.67044675651499,21933.453220990486,256,11.671668725424686,1005.844,46.783,48.065,3.929078125,0.25451262820079457,34.746,0.807,11.23,71.2,43,Qwen2.5-14B-Instruct-Q4_K_M,llama.cpp,finegrained_gpu_emc
2026-05-22T15:05:15.352051,GPU816_EMC3199_CPU1036,816,1036,3199,816,3199,p128_o256,128,256,decode,1,92.59368595667183,85.66781396877167,21938.907961011864,256,11.668766761542711,1007.322,46.852,47.867,3.9348515625,0.254139192830098,34.834,0.798,11.221,71.3,43,Qwen2.5-14B-Instruct-Q4_K_M,llama.cpp,finegrained_gpu_emc
2026-05-22T15:05:38.082122,GPU816_EMC3199_CPU1036,816,1036,3199,816,3199,p128_o256,128,256,decode,2,92.42512402124703,85.56842346283078,21913.34538103547,256,11.682378730796204,1019.677,47.427,48.579,3.98311328125,0.25105989445677407,35.366,0.826,11.235,71.4,43,Qwen2.5-14B-Instruct-Q4_K_M,llama.cpp,finegrained_gpu_emc
2026-05-22T15:06:24.000346,GPU816_EMC3199_CPU1036,816,1036,3199,816,3199,p1024_o512,1024,512,decode,0,93.10445503797382,88.06297302527678,45095.27503303252,512,11.353739380122581,2068.31,47.007,48.363,4.03966796875,0.24754509720496445,35.054,0.803,11.15,71.5,88,Qwen2.5-14B-Instruct-Q4_K_M,llama.cpp,finegrained_gpu_emc
2026-05-22T15:07:09.926476,GPU816_EMC3199_CPU1036,816,1036,3199,816,3199,p1024_o512,1024,512,decode,1,92.92861307039857,88.07788545779752,45102.73950709961,512,11.351860343636249,2076.792,47.2,48.493,4.056234375,0.24653407755807996,35.229,0.803,11.169,71.6,88,Qwen2.5-14B-Instruct-Q4_K_M,llama.cpp,finegrained_gpu_emc
2026-05-22T15:07:55.833231,GPU816_EMC3199_CPU1036,816,1036,3199,816,3199,p1024_o512,1024,512,decode,2,93.08380994480103,88.04952236208628,45088.33376993425,512,11.355487266673208,2076.94,47.203,48.479,4.0565234375,0.24651650986547516,35.254,0.803,11.147,71.7,88,Qwen2.5-14B-Instruct-Q4_K_M,llama.cpp,finegrained_gpu_emc
2026-05-22T15:08:02.230726,GPU816_EMC3199_CPU1036,816,1036,3199,816,3199,p128_o64,128,64,mixed,0,219.4580730283633,85.18749620536313,5586.525658029132,64,11.45613641065394,251.204,45.673,48.479,3.9250625,0.2547730131685801,34.024,0.798,10.851,71.4,11,Qwen2.5-14B-Instruct-Q4_K_M,llama.cpp,finegrained_gpu_emc
2026-05-22T15:08:08.481563,GPU816_EMC3199_CPU1036,816,1036,3199,816,3199,p128_o64,128,64,mixed,1,86.89974492881447,84.96310812650277,5439.845184911974,64,11.76504069959771,251.019,45.64,48.45,3.922171875,0.2549607798612854,33.899,0.798,10.943,71.3,11,Qwen2.5-14B-Instruct-Q4_K_M,llama.cpp,finegrained_gpu_emc
2026-05-22T15:08:14.732033,GPU816_EMC3199_CPU1036,816,1036,3199,816,3199,p128_o64,128,64,mixed,2,86.99762797914445,84.95641923842153,5439.527394948527,64,11.765728040901909,251.934,45.806,48.334,3.93646875,0.25403478688862957,34.011,0.834,10.961,71.2,11,Qwen2.5-14B-Instruct-Q4_K_M,llama.cpp,finegrained_gpu_emc
2026-05-22T15:08:27.595826,GPU816_EMC3199_CPU1036,816,1036,3199,816,3199,p512_o128,512,128,mixed,0,702.222588006407,89.35485088897092,12050.642149988562,128,10.621840596280713,553.996,46.166,47.465,4.32809375,0.2310485996288782,34.53,0.815,10.822,71.3,24,Qwen2.5-14B-Instruct-Q4_K_M,llama.cpp,finegrained_gpu_emc
2026-05-22T15:08:39.859888,GPU816_EMC3199_CPU1036,816,1036,3199,816,3199,p512_o128,512,128,mixed,1,93.01588905509561,89.43032537766652,11451.16922003217,128,11.177897867065177,525.533,45.699,47.066,4.1057265625,0.2435622501346252,33.988,0.815,10.895,71.2,23,Qwen2.5-14B-Instruct-Q4_K_M,llama.cpp,finegrained_gpu_emc
2026-05-22T15:08:52.108653,GPU816_EMC3199_CPU1036,816,1036,3199,816,3199,p512_o128,512,128,mixed,2,92.77188498526812,89.31146009447508,11435.899115982465,128,11.192823467733383,529.47,46.041,47.964,4.136484375,0.24175118514741156,34.3,0.815,10.926,71.2,23,Qwen2.5-14B-Instruct-Q4_K_M,llama.cpp,finegrained_gpu_emc
2026-05-22T15:09:04.743811,GPU816_EMC3199_CPU1036,816,1036,3199,816,3199,p1024_o128,1024,128,mixed,0,967.444732086733,85.46314748759403,11821.776455035433,128,10.827475928584233,554.949,46.246,48.863,4.3355390625,0.23065182566325917,34.563,0.798,10.885,71.2,24,Qwen2.5-14B-Instruct-Q4_K_M,llama.cpp,finegrained_gpu_emc
2026-05-22T15:09:16.498340,GPU816_EMC3199_CPU1036,816,1036,3199,816,3199,p1024_o128,1024,128,mixed,1,96.67606395669281,85.4026735751105,10943.330895039253,128,11.696621552220812,517.216,47.02,48.978,4.04075,0.2474788096269257,35.023,0.816,11.18,71.2,22,Qwen2.5-14B-Instruct-Q4_K_M,llama.cpp,finegrained_gpu_emc
2026-05-22T15:09:28.258226,GPU816_EMC3199_CPU1036,816,1036,3199,816,3199,p1024_o128,1024,128,mixed,2,96.74098493997008,85.43297551997651,10947.244707960635,128,11.692439825239381,516.747,46.977,48.963,4.0370859375,0.24770342159702913,34.985,0.816,11.176,71.3,22,Qwen2.5-14B-Instruct-Q4_K_M,llama.cpp,finegrained_gpu_emc
2026-05-22T15:09:51.279889,GPU816_EMC3199_CPU1036,816,1036,3199,816,3199,p128_o256,128,256,mixed,0,93.29943405464292,86.72229160016,22208.460960071534,256,11.527138258714142,1031.987,46.908,48.464,4.03119921875,0.2480651403554502,34.948,0.798,11.162,71.3,44,Qwen2.5-14B-Instruct-Q4_K_M,llama.cpp,finegrained_gpu_emc
2026-05-22T15:10:14.295110,GPU816_EMC3199_CPU1036,816,1036,3199,816,3199,p128_o256,128,256,mixed,1,92.99174696207047,86.68644398441721,22199.016291066073,256,11.532042530327185,1034.858,47.039,48.593,4.0424140625,0.24737693480651454,35.052,0.807,11.18,71.4,44,Qwen2.5-14B-Instruct-Q4_K_M,llama.cpp,finegrained_gpu_emc
2026-05-22T15:10:37.318478,GPU816_EMC3199_CPU1036,816,1036,3199,816,3199,p128_o256,128,256,mixed,2,93.0810789577663,86.71793527444642,22207.125885994174,256,11.527831260751164,1033.238,46.965,48.978,4.0360859375,0.24776479378420072,35.015,0.816,11.134,71.5,44,Qwen2.5-14B-Instruct-Q4_K_M,llama.cpp,finegrained_gpu_emc
2026-05-22T15:11:24.295437,GPU816_EMC3199_CPU1036,816,1036,3199,816,3199,p1024_o512,1024,512,mixed,0,1572.9441229486838,87.23811065179429,46153.6360719474,512,11.093383827914659,2143.14,47.625,49.848,4.1858203125,0.23890179829595828,35.583,0.833,11.209,71.6,90,Qwen2.5-14B-Instruct-Q4_K_M,llama.cpp,finegrained_gpu_emc
2026-05-22T15:12:09.796318,GPU816_EMC3199_CPU1036,816,1036,3199,816,3199,p1024_o512,1024,512,mixed,1,97.22945594694465,87.23769620937567,44677.72030993365,512,11.459850602228732,2091.962,47.545,48.996,4.08586328125,0.24474631948381473,35.473,0.803,11.269,71.7,88,Qwen2.5-14B-Instruct-Q4_K_M,llama.cpp,finegrained_gpu_emc
2026-05-22T15:12:55.260913,GPU816_EMC3199_CPU1036,816,1036,3199,816,3199,p1024_o512,1024,512,mixed,2,95.31176299788058,87.170856397229,44641.59074798226,512,11.46912534749093,2091.632,47.537,48.963,4.08521875,0.24478493348734384,35.449,0.807,11.281,71.6,88,Qwen2.5-14B-Instruct-Q4_K_M,llama.cpp,finegrained_gpu_emc
2026-05-22T15:13:10.614826,GPU918_EMC204_CPU1036,918,1036,3199,918,204,p128_o64,128,64,decode,0,82.78226805850863,81.37816903070502,5209.8843400599435,64,12.284341805419741,258.141,46.935,49.463,4.033453125,0.24792652077740457,35.075,0.798,11.061,71.1,11,Qwen2.5-14B-Instruct-Q4_K_M,llama.cpp,finegrained_gpu_emc
2026-05-22T15:13:16.637583,GPU918_EMC204_CPU1036,918,1036,3199,918,204,p128_o64,128,64,decode,1,82.83215702977031,84.07493857246992,5211.674690013751,62,11.896367998332684,253.461,46.084,49.847,4.08808064516129,0.24461356974051232,34.279,0.834,10.97,71.1,11,Qwen2.5-14B-Instruct-Q4_K_M,llama.cpp,finegrained_gpu_emc
2026-05-22T15:13:22.658740,GPU918_EMC204_CPU1036,918,1036,3199,918,204,p128_o64,128,64,decode,2,82.73421495687217,81.38574930166618,5210.224409936927,64,12.283540009896571,253.312,46.057,49.463,3.958,0.25265285497726125,34.279,0.798,10.979,71.2,11,Qwen2.5-14B-Instruct-Q4_K_M,llama.cpp,finegrained_gpu_emc
2026-05-22T15:13:33.898918,GPU918_EMC204_CPU1036,918,1036,3199,918,204,p512_o128,512,128,decode,0,82.68750098068267,81.46779738571935,10429.586539976299,128,12.27277797728412,502.322,47.84,49.478,3.924390625,0.2548166315630213,35.799,0.798,11.244,71.3,21,Qwen2.5-14B-Instruct-Q4_K_M,llama.cpp,finegrained_gpu_emc
2026-05-22T15:13:45.136058,GPU918_EMC204_CPU1036,918,1036,3199,918,204,p512_o128,512,128,decode,1,82.8720040153712,81.44353550407801,10426.6946160933,128,12.276181926574862,502.847,47.89,49.746,3.9284921875,0.2545505889465384,35.853,0.798,11.239,71.4,21,Qwen2.5-14B-Instruct-Q4_K_M,llama.cpp,finegrained_gpu_emc
2026-05-22T15:13:56.381951,GPU918_EMC204_CPU1036,918,1036,3199,918,204,p512_o128,512,128,decode,2,82.81408506445587,81.49686796081025,10433.412543032318,128,12.2682774664634,503.66,47.968,49.862,3.93484375,0.25413969741492276,35.854,0.817,11.296,71.4,21,Qwen2.5-14B-Instruct-Q4_K_M,llama.cpp,finegrained_gpu_emc
2026-05-22T15:14:07.628544,GPU918_EMC204_CPU1036,918,1036,3199,918,204,p1024_o128,1024,128,decode,0,82.7888019848615,81.50041086679896,10433.922869036905,128,12.267677421676678,503.532,47.955,49.463,3.93384375,0.2542043008190145,35.875,0.798,11.282,71.5,21,Qwen2.5-14B-Instruct-Q4_K_M,llama.cpp,finegrained_gpu_emc
2026-05-22T15:14:18.877358,GPU918_EMC204_CPU1036,918,1036,3199,918,204,p1024_o128,1024,128,decode,1,82.76217500679195,81.52133563815755,10436.469789012335,128,12.264683613108355,503.398,47.943,49.847,3.932796875,0.2542719677074601,35.872,0.817,11.253,71.5,21,Qwen2.5-14B-Instruct-Q4_K_M,llama.cpp,finegrained_gpu_emc
2026-05-22T15:14:30.144155,GPU918_EMC204_CPU1036,918,1036,3199,918,204,p1024_o128,1024,128,decode,2,82.91454799473286,81.6593934327188,10454.195211990736,128,12.24388844903018,499.59,47.58,49.064,3.903046875,0.25621009227566605,35.514,0.798,11.268,71.5,21,Qwen2.5-14B-Instruct-Q4_K_M,llama.cpp,finegrained_gpu_emc
2026-05-22T15:14:51.949971,GPU918_EMC204_CPU1036,918,1036,3199,918,204,p128_o256,128,256,decode,0,82.92100508697331,81.98446006623699,20989.93145301938,256,12.19632377423389,998.81,48.722,49.862,3.9016015625,0.2563050029535147,36.515,0.817,11.39,71.7,41,Qwen2.5-14B-Instruct-Q4_K_M,llama.cpp,finegrained_gpu_emc
2026-05-22T15:15:13.763102,GPU918_EMC204_CPU1036,918,1036,3199,918,204,p128_o256,128,256,decode,1,88.66601600311697,81.99097655311812,20997.329305973835,256,12.1920267225207,999.474,48.755,49.847,3.9041953125,0.25613472686633165,36.542,0.817,11.395,71.8,41,Qwen2.5-14B-Instruct-Q4_K_M,llama.cpp,finegrained_gpu_emc
2026-05-22T15:15:35.577478,GPU918_EMC204_CPU1036,918,1036,3199,918,204,p128_o256,128,256,decode,2,88.6631190078333,81.9955538510911,20998.50216403138,256,12.191345744579149,999.436,48.753,49.746,3.904046875,0.25614446547852987,36.533,0.808,11.413,71.8,41,Qwen2.5-14B-Instruct-Q4_K_M,llama.cpp,finegrained_gpu_emc
2026-05-22T15:16:19.637651,GPU918_EMC204_CPU1036,918,1036,3199,918,204,p1024_o512,1024,512,decode,0,88.70155503973365,84.4360831409598,43237.50538204331,512,11.841571234880618,2056.42,48.386,49.761,4.0164453125,0.24897637642115908,36.304,0.798,11.284,71.9,85,Qwen2.5-14B-Instruct-Q4_K_M,llama.cpp,finegrained_gpu_emc
2026-05-22T15:17:03.684840,GPU918_EMC204_CPU1036,918,1036,3199,918,204,p1024_o512,1024,512,decode,1,89.10733705852181,84.40905585912387,43224.078724044375,512,11.845249571859316,2056.101,48.379,49.862,4.015822265625,0.24901500461310022,36.279,0.807,11.292,71.9,85,Qwen2.5-14B-Instruct-Q4_K_M,llama.cpp,finegrained_gpu_emc
2026-05-22T15:17:47.705787,GPU918_EMC204_CPU1036,918,1036,3199,918,204,p1024_o512,1024,512,decode,2,89.2497879685834,84.3578218728479,43198.05027497932,512,11.852386779978232,2055.831,48.373,49.463,4.015294921875,0.24904770868811685,36.273,0.803,11.297,72.0,85,Qwen2.5-14B-Instruct-Q4_K_M,llama.cpp,finegrained_gpu_emc
2026-05-22T15:17:53.866514,GPU918_EMC204_CPU1036,918,1036,3199,918,204,p128_o64,128,64,mixed,0,215.276409056969,81.51274298443386,5350.841157021932,64,11.96073628835207,257.454,46.81,49.862,4.02271875,0.24858809729116657,34.969,0.834,11.007,71.8,11,Qwen2.5-14B-Instruct-Q4_K_M,llama.cpp,finegrained_gpu_emc
2026-05-22T15:17:59.886374,GPU918_EMC204_CPU1036,918,1036,3199,918,204,p128_o64,128,64,mixed,1,83.05589505471289,81.3629834447056,5209.18707200326,64,12.285986107883812,253.468,46.085,49.862,3.9604375,0.25249735666829737,34.317,0.798,10.97,71.7,11,Qwen2.5-14B-Instruct-Q4_K_M,llama.cpp,finegrained_gpu_emc
2026-05-22T15:18:05.907441,GPU918_EMC204_CPU1036,918,1036,3199,918,204,p128_o64,128,64,mixed,2,83.01703701727092,81.37665190438311,5210.015662945807,64,12.284032168113217,253.017,46.003,49.463,3.953390625,0.2529474304098144,34.281,0.798,10.924,71.6,11,Qwen2.5-14B-Instruct-Q4_K_M,llama.cpp,finegrained_gpu_emc
2026-05-22T15:18:18.303232,GPU918_EMC204_CPU1036,918,1036,3199,918,204,p512_o128,512,128,mixed,0,690.1341009652242,85.7646140310268,11582.744348910637,128,11.050921624808067,546.096,47.487,49.761,4.266375,0.23439102282382585,35.685,0.833,10.969,71.7,23,Qwen2.5-14B-Instruct-Q4_K_M,llama.cpp,finegrained_gpu_emc
2026-05-22T15:18:30.084917,GPU918_EMC204_CPU1036,918,1036,3199,918,204,p512_o128,512,128,mixed,1,89.14437599014491,85.6623333314155,10968.764238990843,128,11.669500520851413,521.888,47.444,49.161,4.07725,0.24526335152369855,35.567,0.798,11.08,71.7,22,Qwen2.5-14B-Instruct-Q4_K_M,llama.cpp,finegrained_gpu_emc
2026-05-22T15:18:41.863447,GPU918_EMC204_CPU1036,918,1036,3199,918,204,p512_o128,512,128,mixed,2,89.2111019929871,85.63821259097702,10965.765519067645,128,11.672691685539807,521.835,47.44,49.146,4.0768359375,0.24528826161526152,35.567,0.816,11.057,71.6,22,Qwen2.5-14B-Instruct-Q4_K_M,llama.cpp,finegrained_gpu_emc
2026-05-22T15:18:54.021094,GPU918_EMC204_CPU1036,918,1036,3199,918,204,p1024_o128,1024,128,mixed,0,953.6375970346853,81.82966916576233,11346.511702984571,128,11.281000130315915,548.226,47.672,50.346,4.283015625,0.23348035299310868,35.817,0.815,11.039,71.6,23,Qwen2.5-14B-Instruct-Q4_K_M,llama.cpp,finegrained_gpu_emc
2026-05-22T15:19:05.316640,GPU918_EMC204_CPU1036,918,1036,3199,918,204,p1024_o128,1024,128,mixed,1,92.77134703006595,81.81865189011818,10484.125624061562,128,12.208934210615903,509.649,48.538,49.962,3.9816328125,0.2511532446840865,36.339,0.817,11.382,71.7,21,Qwen2.5-14B-Instruct-Q4_K_M,llama.cpp,finegrained_gpu_emc
2026-05-22T15:19:16.606390,GPU918_EMC204_CPU1036,918,1036,3199,918,204,p1024_o128,1024,128,mixed,2,92.93937601614743,81.76172566948473,10477.18485002406,128,12.217022208948244,509.432,48.517,50.063,3.9799375,0.2512602270764302,36.327,0.798,11.392,71.6,21,Qwen2.5-14B-Instruct-Q4_K_M,llama.cpp,finegrained_gpu_emc
2026-05-22T15:19:38.701332,GPU918_EMC204_CPU1036,918,1036,3199,918,204,p128_o256,128,256,mixed,0,89.56038788892329,83.09218410229055,21279.044925933704,256,12.0306151376184,1019.224,48.534,49.847,3.98134375,0.2511714794785052,36.395,0.807,11.332,71.7,42,Qwen2.5-14B-Instruct-Q4_K_M,llama.cpp,finegrained_gpu_emc
2026-05-22T15:20:00.800139,GPU918_EMC204_CPU1036,918,1036,3199,918,204,p128_o256,128,256,mixed,1,89.23627901822329,83.10829946661697,21282.871833071113,256,12.028451893517758,1018.888,48.518,49.862,3.98003125,0.25125430861880793,36.386,0.798,11.335,71.8,42,Qwen2.5-14B-Instruct-Q4_K_M,llama.cpp,finegrained_gpu_emc
2026-05-22T15:20:22.899309,GPU918_EMC204_CPU1036,918,1036,3199,918,204,p128_o256,128,256,mixed,2,89.23602290451527,83.10958282364642,21283.146835980006,256,12.02829647198702,1020.272,48.584,49.862,3.9854375,0.25091348189502405,36.445,0.798,11.342,71.8,42,Qwen2.5-14B-Instruct-Q4_K_M,llama.cpp,finegrained_gpu_emc
2026-05-22T15:21:07.937745,GPU918_EMC204_CPU1036,918,1036,3199,918,204,p1024_o512,1024,512,mixed,0,1546.4876049663872,83.49738583363293,44215.649064979516,512,11.579610631692017,2126.799,48.892,50.361,4.153904296875,0.24073737104446635,36.739,0.807,11.346,71.9,87,Qwen2.5-14B-Instruct-Q4_K_M,llama.cpp,finegrained_gpu_emc
2026-05-22T15:21:51.546253,GPU918_EMC204_CPU1036,918,1036,3199,918,204,p1024_o512,1024,512,mixed,1,93.49344403017312,83.54328552246415,42786.10289399512,512,11.966502330640106,2062.84,49.115,50.361,4.028984375,0.24820150859979445,36.846,0.812,11.457,72.1,84,Qwen2.5-14B-Instruct-Q4_K_M,llama.cpp,finegrained_gpu_emc
2026-05-22T15:22:35.179621,GPU918_EMC204_CPU1036,918,1036,3199,918,204,p1024_o512,1024,512,mixed,2,93.30818301532418,83.59143557528184,42810.55011996068,512,11.959668786439558,2063.155,49.123,50.346,4.029599609375,0.24816361349486585,36.822,0.822,11.479,72.2,84,Qwen2.5-14B-Instruct-Q4_K_M,llama.cpp,finegrained_gpu_emc
2026-05-22T15:22:50.536453,GPU918_EMC665_CPU1036,918,1036,3199,918,665,p128_o64,128,64,decode,0,82.68229092936963,81.412821001048,5211.957363993861,64,12.279455784142785,258.766,47.048,49.563,4.04321875,0.2473277014754643,35.079,0.798,11.171,71.5,11,Qwen2.5-14B-Instruct-Q4_K_M,llama.cpp,finegrained_gpu_emc
2026-05-22T15:22:56.559098,GPU918_EMC665_CPU1036,918,1036,3199,918,665,p128_o64,128,64,decode,1,82.73167698644102,81.40549382623581,5211.5403700154275,64,12.280438307304246,252.909,45.983,49.761,3.951703125,0.2530554468207933,34.279,0.834,10.87,71.4,11,Qwen2.5-14B-Instruct-Q4_K_M,llama.cpp,finegrained_gpu_emc
2026-05-22T15:23:02.582098,GPU918_EMC665_CPU1036,918,1036,3199,918,665,p128_o64,128,64,decode,2,82.73687202017754,81.41099654012433,5211.898572044447,64,12.27959430048828,253.318,46.058,49.463,3.95809375,0.25264687073164954,34.28,0.798,10.979,71.5,11,Qwen2.5-14B-Instruct-Q4_K_M,llama.cpp,finegrained_gpu_emc
2026-05-22T15:23:13.832801,GPU918_EMC665_CPU1036,918,1036,3199,918,665,p512_o128,512,128,decode,0,82.74709107354283,81.53262681888754,10437.877143966034,128,12.263029947041932,503.422,47.945,49.463,3.932984375,0.2542598456166,35.87,0.798,11.277,71.6,21,Qwen2.5-14B-Instruct-Q4_K_M,llama.cpp,finegrained_gpu_emc
2026-05-22T15:23:25.080173,GPU918_EMC665_CPU1036,918,1036,3199,918,665,p512_o128,512,128,decode,1,82.79485499951988,81.50697245691558,10434.712658985518,128,12.266748896988256,503.224,47.926,49.761,3.9314375,0.25435988744574983,35.856,0.798,11.272,71.7,21,Qwen2.5-14B-Instruct-Q4_K_M,llama.cpp,finegrained_gpu_emc
2026-05-22T15:23:36.327184,GPU918_EMC665_CPU1036,918,1036,3199,918,665,p512_o128,512,128,decode,2,82.78991607949138,81.5042986142207,10434.33249508962,128,12.2671958230425,503.189,47.923,49.862,3.9311640625,0.25437757979606074,35.819,0.817,11.287,71.7,21,Qwen2.5-14B-Instruct-Q4_K_M,llama.cpp,finegrained_gpu_emc
2026-05-22T15:23:47.571362,GPU918_EMC665_CPU1036,918,1036,3199,918,665,p1024_o128,1024,128,decode,0,82.61774899438024,81.4870815040309,10431.970361969434,128,12.269973510146658,503.77,47.978,49.862,3.935703125,0.2540842050935943,35.893,0.798,11.287,71.7,21,Qwen2.5-14B-Instruct-Q4_K_M,llama.cpp,finegrained_gpu_emc
2026-05-22T15:23:58.820088,GPU918_EMC665_CPU1036,918,1036,3199,918,665,p1024_o128,1024,128,decode,1,82.79676898382604,81.51744784215303,10436.012723948807,128,12.265220768298088,504.666,48.063,50.361,3.942703125,0.2536330959486076,35.874,0.874,11.316,71.7,21,Qwen2.5-14B-Instruct-Q4_K_M,llama.cpp,finegrained_gpu_emc
2026-05-22T15:24:10.062771,GPU918_EMC665_CPU1036,918,1036,3199,918,665,p1024_o128,1024,128,decode,2,82.80347695108503,81.48264537811075,10431.614493951201,128,12.270392092635433,503.05,47.909,49.862,3.930078125,0.25444786800516844,35.834,0.817,11.258,71.6,21,Qwen2.5-14B-Instruct-Q4_K_M,llama.cpp,finegrained_gpu_emc
2026-05-22T15:24:31.862271,GPU918_EMC665_CPU1036,918,1036,3199,918,665,p128_o256,128,256,decode,0,82.95705798082054,81.96087760403387,20983.96129300818,256,12.199793757973561,999.398,48.751,49.646,3.9038984375,0.25615420483130846,36.533,0.817,11.4,71.8,41,Qwen2.5-14B-Instruct-Q4_K_M,llama.cpp,finegrained_gpu_emc
2026-05-22T15:24:53.698954,GPU918_EMC665_CPU1036,918,1036,3199,918,665,p128_o256,128,256,decode,1,88.61024293582886,82.08292103555127,21020.734625984915,256,12.178451636202285,1006.61,47.934,49.563,3.9320703125,0.2543189517290708,35.799,0.798,11.337,71.8,42,Qwen2.5-14B-Instruct-Q4_K_M,llama.cpp,finegrained_gpu_emc
2026-05-22T15:25:15.542561,GPU918_EMC665_CPU1036,918,1036,3199,918,665,p128_o256,128,256,decode,2,88.85171101428568,82.1087731765218,21027.537511079572,256,12.174511631003469,1005.322,47.872,49.463,3.9270390625,0.25464478047829453,35.723,0.817,11.332,71.8,42,Qwen2.5-14B-Instruct-Q4_K_M,llama.cpp,finegrained_gpu_emc
2026-05-22T15:25:59.660084,GPU918_EMC665_CPU1036,918,1036,3199,918,665,p1024_o512,1024,512,decode,0,88.89260608702898,84.54827246768309,43295.0165719958,512,11.825841414071041,2043.918,48.092,49.762,3.99202734375,0.2504992861748857,35.964,0.826,11.302,71.8,85,Qwen2.5-14B-Instruct-Q4_K_M,llama.cpp,finegrained_gpu_emc
2026-05-22T15:26:43.731072,GPU918_EMC665_CPU1036,918,1036,3199,918,665,p1024_o512,1024,512,decode,1,88.41310301795602,84.457657524565,43248.25382605195,512,11.838628261369957,2055.154,48.357,49.862,4.01397265625,0.2491297489141933,36.279,0.807,11.27,71.9,85,Qwen2.5-14B-Instruct-Q4_K_M,llama.cpp,finegrained_gpu_emc
2026-05-22T15:27:27.779830,GPU918_EMC665_CPU1036,918,1036,3199,918,665,p1024_o512,1024,512,decode,2,89.17432196903974,84.41436178084652,43226.33986698929,512,11.844629954223805,2056.45,48.387,49.463,4.01650390625,0.24897274429234847,36.298,0.798,11.291,72.0,85,Qwen2.5-14B-Instruct-Q4_K_M,llama.cpp,finegrained_gpu_emc
2026-05-22T15:27:33.944664,GPU918_EMC665_CPU1036,918,1036,3199,918,665,p128_o64,128,64,mixed,0,215.28378303628415,81.56863753942565,5354.376515024342,64,11.952838919791402,256.794,46.69,49.463,4.01240625,0.24922700686153104,34.885,0.798,11.007,71.8,11,Qwen2.5-14B-Instruct-Q4_K_M,llama.cpp,finegrained_gpu_emc
2026-05-22T15:27:39.966675,GPU918_EMC665_CPU1036,918,1036,3199,918,665,p128_o64,128,64,mixed,1,84.60755099076778,81.37023346018164,5211.20009094011,64,12.281240190962285,253.403,46.073,49.463,3.959421875,0.25256212436316855,34.314,0.798,10.961,71.7,11,Qwen2.5-14B-Instruct-Q4_K_M,llama.cpp,finegrained_gpu_emc
2026-05-22T15:27:45.989298,GPU918_EMC665_CPU1036,918,1036,3199,918,665,p128_o64,128,64,mixed,2,84.70534801017493,81.37713788845946,5211.7298590019345,64,12.279991812978626,253.098,46.018,49.463,3.95465625,0.2528664785972232,34.24,0.798,10.979,71.7,11,Qwen2.5-14B-Instruct-Q4_K_M,llama.cpp,finegrained_gpu_emc
2026-05-22T15:27:58.386651,GPU918_EMC665_CPU1036,918,1036,3199,918,665,p512_o128,512,128,mixed,0,694.2936050472781,85.73459282675098,11583.09257403016,128,11.050589398463588,545.746,47.456,49.161,4.263640625,0.23454134340883856,35.68,0.815,10.961,71.7,23,Qwen2.5-14B-Instruct-Q4_K_M,llama.cpp,finegrained_gpu_emc
2026-05-22T15:28:10.165527,GPU918_EMC665_CPU1036,918,1036,3199,918,665,p512_o128,512,128,mixed,1,89.4626589724794,85.63930414961725,10966.157149989158,128,11.672274822372627,521.917,47.447,49.161,4.0774765625,0.24524972361505756,35.565,0.798,11.084,71.7,22,Qwen2.5-14B-Instruct-Q4_K_M,llama.cpp,finegrained_gpu_emc
2026-05-22T15:28:21.951938,GPU918_EMC665_CPU1036,918,1036,3199,918,665,p512_o128,512,128,mixed,2,89.30552494712174,87.07001500856131,10973.576648975722,126,11.482126933679448,521.43,47.403,48.863,4.138333333333333,0.24164317358034637,35.548,0.798,11.057,71.6,22,Qwen2.5-14B-Instruct-Q4_K_M,llama.cpp,finegrained_gpu_emc
2026-05-22T15:28:34.115415,GPU918_EMC665_CPU1036,918,1036,3199,918,665,p1024_o128,1024,128,mixed,0,953.7509179208428,81.86092640925932,11350.606379914097,128,11.276930563507808,547.662,47.623,50.346,4.278609375,0.23372079859475367,35.773,0.815,11.035,71.6,23,Qwen2.5-14B-Instruct-Q4_K_M,llama.cpp,finegrained_gpu_emc
2026-05-22T15:28:45.408388,GPU918_EMC665_CPU1036,918,1036,3199,918,665,p1024_o128,1024,128,mixed,1,90.84073593840003,81.80259695316951,10480.332804028876,128,12.213352609450906,509.454,48.519,49.962,3.980109375,0.2512493767837724,36.329,0.798,11.392,71.7,21,Qwen2.5-14B-Instruct-Q4_K_M,llama.cpp,finegrained_gpu_emc
2026-05-22T15:28:56.701438,GPU918_EMC665_CPU1036,918,1036,3199,918,665,p1024_o128,1024,128,mixed,2,93.04368705488741,81.78390397627903,10480.117651983164,128,12.213603344021468,508.811,48.458,49.962,3.9750859375,0.25156688829447477,36.292,0.798,11.368,71.7,21,Qwen2.5-14B-Instruct-Q4_K_M,llama.cpp,finegrained_gpu_emc
2026-05-22T15:29:02.003157,GPU918_EMC665_CPU1036,918,1036,3199,918,665,p128_o256,128,256,mixed,0,89.63301999028772,81.50741734041146,4490.924149053171,54,12.024251180324413,209.576,46.572,49.862,3.881037037037037,0.2576630911936481,34.711,0.798,11.064,71.5,9,Qwen2.5-14B-Instruct-Q4_K_M,llama.cpp,finegrained_gpu_emc
2026-05-22T15:29:24.089531,GPU918_EMC665_CPU1036,918,1036,3199,918,665,p128_o256,128,256,mixed,1,83.31491297576576,83.0831535137715,21270.497141988017,256,12.03544977304058,1018.702,48.51,49.862,3.9793046875,0.2513001839595878,36.396,0.808,11.306,71.7,42,Qwen2.5-14B-Instruct-Q4_K_M,llama.cpp,finegrained_gpu_emc
2026-05-22T15:29:46.188826,GPU918_EMC665_CPU1036,918,1036,3199,918,665,p128_o256,128,256,mixed,2,89.12678994238377,83.11150067841963,21283.543497906066,256,12.028072300328466,1018.98,48.523,49.463,3.980390625,0.2512316237806434,36.398,0.807,11.318,71.8,42,Qwen2.5-14B-Instruct-Q4_K_M,llama.cpp,finegrained_gpu_emc
2026-05-22T15:30:31.244571,GPU918_EMC665_CPU1036,918,1036,3199,918,665,p1024_o512,1024,512,mixed,0,1546.9696760410443,83.5299306456182,44232.75489802472,512,11.575132527476015,2124.618,48.842,50.16,4.14964453125,0.24098449697780966,36.704,0.807,11.331,71.9,87,Qwen2.5-14B-Instruct-Q4_K_M,llama.cpp,finegrained_gpu_emc
2026-05-22T15:31:14.859745,GPU918_EMC665_CPU1036,918,1036,3199,918,665,p1024_o512,1024,512,mixed,1,93.34150899667293,83.55632496094641,42792.656177072786,512,11.964669776079862,2062.656,49.111,49.962,4.028625,0.2482236495082069,36.857,0.798,11.455,72.0,84,Qwen2.5-14B-Instruct-Q4_K_M,llama.cpp,finegrained_gpu_emc
2026-05-22T15:31:58.526501,GPU918_EMC665_CPU1036,918,1036,3199,918,665,p1024_o512,1024,512,mixed,2,93.37274497374892,83.65723757148919,42844.23820592929,512,11.950264993371814,2050.993,48.833,49.962,4.005845703125,0.24963517671683913,36.582,0.808,11.443,72.1,84,Qwen2.5-14B-Instruct-Q4_K_M,llama.cpp,finegrained_gpu_emc
2026-05-22T15:32:13.882929,GPU918_EMC2133_CPU1036,918,1036,3199,918,2133,p128_o64,128,64,decode,0,82.72163302171975,81.38141257037955,5210.070263943635,64,12.283903432725833,258.674,47.032,49.463,4.04178125,0.24741566605070478,35.081,0.798,11.153,71.5,11,Qwen2.5-14B-Instruct-Q4_K_M,llama.cpp,finegrained_gpu_emc
2026-05-22T15:32:19.904906,GPU918_EMC2133_CPU1036,918,1036,3199,918,2133,p128_o64,128,64,decode,1,82.77750702109188,81.39399904757738,5210.867534973659,64,12.282023975941183,253.266,46.048,49.463,3.95728125,0.2526987436134341,34.28,0.798,10.97,71.4,11,Qwen2.5-14B-Instruct-Q4_K_M,llama.cpp,finegrained_gpu_emc
2026-05-22T15:32:25.924784,GPU918_EMC2133_CPU1036,918,1036,3199,918,2133,p128_o64,128,64,decode,2,82.82195799984038,81.35689903117184,5208.5681250318885,64,12.287446081855398,253.12,46.022,49.463,3.955,0.2528445006321112,34.244,0.798,10.979,71.4,11,Qwen2.5-14B-Instruct-Q4_K_M,llama.cpp,finegrained_gpu_emc
2026-05-22T15:32:37.170695,GPU918_EMC2133_CPU1036,918,1036,3199,918,2133,p512_o128,512,128,decode,0,82.83412200398743,81.49345377991783,10432.989138993435,128,12.268775352367454,503.266,47.93,49.463,3.931765625,0.25433865987370496,35.855,0.798,11.277,71.5,21,Qwen2.5-14B-Instruct-Q4_K_M,llama.cpp,finegrained_gpu_emc
2026-05-22T15:32:48.420655,GPU918_EMC2133_CPU1036,918,1036,3199,918,2133,p512_o128,512,128,decode,1,82.75080204475671,81.52750218892103,10437.285613035783,128,12.263724951641905,505.048,48.1,50.361,3.9456875,0.2534412570686351,35.949,0.874,11.277,71.6,21,Qwen2.5-14B-Instruct-Q4_K_M,llama.cpp,finegrained_gpu_emc
2026-05-22T15:32:59.666240,GPU918_EMC2133_CPU1036,918,1036,3199,918,2133,p512_o128,512,128,decode,2,82.7900719596073,82.14030071486911,10432.961803977378,127,12.17295743875757,503.428,47.946,49.847,3.964,0.2522704339051463,35.87,0.798,11.277,71.7,21,Qwen2.5-14B-Instruct-Q4_K_M,llama.cpp,finegrained_gpu_emc
2026-05-22T15:33:10.905208,GPU918_EMC2133_CPU1036,918,1036,3199,918,2133,p1024_o128,1024,128,decode,0,82.62563508469611,81.44468002343976,10426.59732804168,128,12.27629647265192,502.669,47.873,49.463,3.9271015625,0.25464072779503016,35.832,0.798,11.244,71.7,21,Qwen2.5-14B-Instruct-Q4_K_M,llama.cpp,finegrained_gpu_emc
2026-05-22T15:33:22.148094,GPU918_EMC2133_CPU1036,918,1036,3199,918,2133,p1024_o128,1024,128,decode,1,82.8211250482127,81.46964756709589,10429.972848040052,128,12.272323414921749,503.065,47.911,49.463,3.9301953125,0.254440281076998,35.831,0.798,11.282,71.7,21,Qwen2.5-14B-Instruct-Q4_K_M,llama.cpp,finegrained_gpu_emc
2026-05-22T15:33:33.392921,GPU918_EMC2133_CPU1036,918,1036,3199,918,2133,p1024_o128,1024,128,decode,2,82.76589994784445,81.50037355889661,10433.810959919356,128,12.267809000153605,503.224,47.926,49.463,3.9314375,0.25435988744574983,35.837,0.817,11.272,71.7,21,Qwen2.5-14B-Instruct-Q4_K_M,llama.cpp,finegrained_gpu_emc
2026-05-22T15:33:55.188533,GPU918_EMC2133_CPU1036,918,1036,3199,918,2133,p128_o256,128,256,decode,0,82.78884901665151,83.58609058801085,20980.11016205419,251,11.963712204618103,999.25,48.744,49.463,3.981075697211155,0.2511883912934701,36.55,0.798,11.395,71.7,41,Qwen2.5-14B-Instruct-Q4_K_M,llama.cpp,finegrained_gpu_emc
2026-05-22T15:34:17.013456,GPU918_EMC2133_CPU1036,918,1036,3199,918,2133,p128_o256,128,256,decode,1,88.28986005391926,82.03849605485505,21009.056823095307,256,12.185220981390206,994.775,48.526,49.463,3.88583984375,0.25734462566912114,36.325,0.808,11.393,71.7,41,Qwen2.5-14B-Instruct-Q4_K_M,llama.cpp,finegrained_gpu_emc
2026-05-22T15:34:38.812555,GPU918_EMC2133_CPU1036,918,1036,3199,918,2133,p128_o256,128,256,decode,2,88.70365202892572,81.93647388606242,20983.466322999448,256,12.200081533688495,998.832,48.723,49.862,3.9016875,0.2562993576497349,36.52,0.798,11.405,71.8,41,Qwen2.5-14B-Instruct-Q4_K_M,llama.cpp,finegrained_gpu_emc
2026-05-22T15:35:22.853117,GPU918_EMC2133_CPU1036,918,1036,3199,918,2133,p1024_o512,1024,512,decode,0,88.67412898689508,84.39730731506127,43217.655809014104,512,11.847009987367473,2057.132,48.403,49.563,4.0178359375,0.2488902024760686,36.313,0.798,11.292,71.9,85,Qwen2.5-14B-Instruct-Q4_K_M,llama.cpp,finegrained_gpu_emc
2026-05-22T15:36:06.927921,GPU918_EMC2133_CPU1036,918,1036,3199,918,2133,p1024_o512,1024,512,decode,1,89.22395901754498,84.46372633275017,43252.199867973104,512,11.837548183973873,2060.172,48.475,50.559,4.0237734375,0.24852293886141544,36.325,0.836,11.314,72.0,85,Qwen2.5-14B-Instruct-Q4_K_M,llama.cpp,finegrained_gpu_emc
2026-05-22T15:36:50.987529,GPU918_EMC2133_CPU1036,918,1036,3199,918,2133,p1024_o512,1024,512,decode,2,89.16065201628953,84.43398454997492,43236.925776000135,512,11.841729975265723,2056.964,48.399,49.847,4.0175078125,0.24891053027666019,36.305,0.803,11.291,72.0,85,Qwen2.5-14B-Instruct-Q4_K_M,llama.cpp,finegrained_gpu_emc
2026-05-22T15:36:57.153619,GPU918_EMC2133_CPU1036,918,1036,3199,918,2133,p128_o64,128,64,mixed,0,214.9637780385092,81.58449577685032,5354.998335009441,64,11.95145096154118,257.158,46.756,49.847,4.01809375,0.24887423296183667,34.924,0.834,10.998,71.8,11,Qwen2.5-14B-Instruct-Q4_K_M,llama.cpp,finegrained_gpu_emc
2026-05-22T15:37:03.175506,GPU918_EMC2133_CPU1036,918,1036,3199,918,2133,p128_o64,128,64,mixed,1,83.25654303189367,81.38551511099591,5210.811858996749,64,12.28215520571915,253.267,46.049,49.463,3.957296875,0.2526977458571389,34.271,0.798,10.979,71.7,11,Qwen2.5-14B-Instruct-Q4_K_M,llama.cpp,finegrained_gpu_emc
2026-05-22T15:37:09.196662,GPU918_EMC2133_CPU1036,918,1036,3199,918,2133,p128_o64,128,64,mixed,2,83.24880199506879,81.3743957458803,5210.032048053108,64,12.283993535877693,253.167,46.03,49.463,3.955734375,0.25279756050354113,34.271,0.798,10.961,71.7,11,Qwen2.5-14B-Instruct-Q4_K_M,llama.cpp,finegrained_gpu_emc
2026-05-22T15:37:21.589316,GPU918_EMC2133_CPU1036,918,1036,3199,918,2133,p512_o128,512,128,mixed,0,692.8161759860814,85.7319390001582,11581.278080004267,128,11.052320746964815,545.313,47.419,48.863,4.2602578125,0.2347275784732805,35.678,0.815,10.925,71.7,23,Qwen2.5-14B-Instruct-Q4_K_M,llama.cpp,finegrained_gpu_emc
2026-05-22T15:37:33.370735,GPU918_EMC2133_CPU1036,918,1036,3199,918,2133,p512_o128,512,128,mixed,1,89.17815296445042,85.6603089844676,10968.549252022058,128,11.669729246682566,521.46,47.406,49.161,4.07390625,0.24546465692478808,35.578,0.798,11.029,71.7,22,Qwen2.5-14B-Instruct-Q4_K_M,llama.cpp,finegrained_gpu_emc
2026-05-22T15:37:45.152476,GPU918_EMC2133_CPU1036,918,1036,3199,918,2133,p512_o128,512,128,mixed,2,89.28132290020585,85.66032896848674,10968.693166971207,128,11.669576133776083,521.592,47.418,48.863,4.0749375,0.24540253684872468,35.54,0.798,11.08,71.7,22,Qwen2.5-14B-Instruct-Q4_K_M,llama.cpp,finegrained_gpu_emc
2026-05-22T15:37:57.313497,GPU918_EMC2133_CPU1036,918,1036,3199,918,2133,p1024_o128,1024,128,mixed,0,953.3502800622955,81.84362976357164,11347.9986700695,128,11.279521942278837,547.762,47.631,50.246,4.279390625,0.2336781302828601,35.798,0.798,11.035,71.7,23,Qwen2.5-14B-Instruct-Q4_K_M,llama.cpp,finegrained_gpu_emc
2026-05-22T15:38:08.608275,GPU918_EMC2133_CPU1036,918,1036,3199,918,2133,p1024_o128,1024,128,mixed,1,92.83291699830443,81.80178149592308,10482.216623960994,128,12.211157677032597,508.975,48.474,50.246,3.9763671875,0.2514858293629353,36.336,0.798,11.34,71.7,21,Qwen2.5-14B-Instruct-Q4_K_M,llama.cpp,finegrained_gpu_emc
2026-05-22T15:38:19.907495,GPU918_EMC2133_CPU1036,918,1036,3199,918,2133,p1024_o128,1024,128,mixed,2,90.55752505082637,81.8477247082665,10485.727926017717,128,12.207068589143912,510.804,48.648,50.346,3.99065625,0.25058535172003354,36.354,0.912,11.382,71.8,21,Qwen2.5-14B-Instruct-Q4_K_M,llama.cpp,finegrained_gpu_emc
2026-05-22T15:38:42.014252,GPU918_EMC2133_CPU1036,918,1036,3199,918,2133,p128_o256,128,256,mixed,0,89.66059307567775,83.13748823140985,21290.703362086788,256,12.024027372241234,1019.266,48.536,49.847,3.9815078125,0.25116112967566856,36.378,0.807,11.352,71.8,42,Qwen2.5-14B-Instruct-Q4_K_M,llama.cpp,finegrained_gpu_emc
2026-05-22T15:39:04.121176,GPU918_EMC2133_CPU1036,918,1036,3199,918,2133,p128_o256,128,256,mixed,1,89.37264000996947,83.1395001840029,21290.923977969214,256,12.02390277964902,1015.342,48.35,49.862,3.9661796875,0.2521317940162034,36.234,0.798,11.318,71.8,42,Qwen2.5-14B-Instruct-Q4_K_M,llama.cpp,finegrained_gpu_emc
2026-05-22T15:39:26.244566,GPU918_EMC2133_CPU1036,918,1036,3199,918,2133,p128_o256,128,256,mixed,2,89.49312404729426,83.20613949806156,21307.746101985686,256,12.01441010112952,1014.211,48.296,49.164,3.96176171875,0.2524129594334907,36.13,0.807,11.359,71.8,42,Qwen2.5-14B-Instruct-Q4_K_M,llama.cpp,finegrained_gpu_emc
2026-05-22T15:40:11.290486,GPU918_EMC2133_CPU1036,918,1036,3199,918,2133,p1024_o512,1024,512,mixed,0,1543.344239005819,83.51837811351858,44223.226187052205,512,11.577626603594668,2127.8,48.915,50.361,4.155859375,0.24062411880815865,36.751,0.821,11.343,71.9,87,Qwen2.5-14B-Instruct-Q4_K_M,llama.cpp,finegrained_gpu_emc
2026-05-22T15:40:54.930024,GPU918_EMC2133_CPU1036,918,1036,3199,918,2133,p1024_o512,1024,512,mixed,1,93.40558398980647,83.60482853634097,42817.19941704068,512,11.957811509648403,2061.233,49.077,50.261,4.025845703125,0.2483950140522687,36.81,0.803,11.464,72.1,84,Qwen2.5-14B-Instruct-Q4_K_M,llama.cpp,finegrained_gpu_emc
2026-05-22T15:41:26.944989,GPU918_EMC2133_CPU1036,918,1036,3199,918,2133,p1024_o512,1024,512,mixed,2,93.65118900313973,82.93574887426212,31196.63934595883,375,12.020525539350347,1500.579,49.199,49.962,4.001544,0.24990353723462744,36.904,0.805,11.491,72.1,61,Qwen2.5-14B-Instruct-Q4_K_M,llama.cpp,finegrained_gpu_emc
2026-05-22T15:41:42.300395,GPU918_EMC3199_CPU1036,918,1036,3199,918,3199,p128_o64,128,64,decode,0,82.8902639914304,81.37731719022942,5209.930167999119,64,12.284233749063722,258.242,46.953,49.463,4.03503125,0.2478295552233951,35.039,0.798,11.116,71.6,11,Qwen2.5-14B-Instruct-Q4_K_M,llama.cpp,finegrained_gpu_emc
2026-05-22T15:41:48.323689,GPU918_EMC3199_CPU1036,918,1036,3199,918,3199,p128_o64,128,64,decode,1,82.72946800570935,81.41097901499874,5211.887858924456,64,12.279619541393446,253.24,46.044,49.463,3.956875,0.25272468804296316,34.275,0.798,10.97,71.5,11,Qwen2.5-14B-Instruct-Q4_K_M,llama.cpp,finegrained_gpu_emc
2026-05-22T15:41:54.345531,GPU918_EMC3199_CPU1036,918,1036,3199,918,3199,p128_o64,128,64,decode,2,82.72617391776294,81.39260963625496,5210.7262699864805,64,12.282356946791998,253.158,46.029,49.448,3.95559375,0.25280654768958516,34.27,0.798,10.961,71.5,11,Qwen2.5-14B-Instruct-Q4_K_M,llama.cpp,finegrained_gpu_emc
2026-05-22T15:42:05.593505,GPU918_EMC3199_CPU1036,918,1036,3199,918,3199,p512_o128,512,128,decode,0,82.72214303724468,81.5122313146648,10435.26977894362,128,12.266093997711447,503.678,47.969,49.847,3.934984375,0.2541306151946283,35.846,0.836,11.287,71.6,21,Qwen2.5-14B-Instruct-Q4_K_M,llama.cpp,finegrained_gpu_emc
2026-05-22T15:42:16.840839,GPU918_EMC3199_CPU1036,918,1036,3199,918,3199,p512_o128,512,128,decode,1,82.78252801392227,81.506631385689,10434.618110070005,128,12.266860046988462,503.906,47.991,49.862,3.936765625,0.2540156298992272,35.887,0.817,11.287,71.6,21,Qwen2.5-14B-Instruct-Q4_K_M,llama.cpp,finegrained_gpu_emc
2026-05-22T15:42:28.087974,GPU918_EMC3199_CPU1036,918,1036,3199,918,3199,p512_o128,512,128,decode,2,82.90291100274771,81.50474734578692,10434.505427023396,128,12.266992517777048,503.564,47.958,49.847,3.93409375,0.2541881468889754,35.883,0.779,11.296,71.6,21,Qwen2.5-14B-Instruct-Q4_K_M,llama.cpp,finegrained_gpu_emc
2026-05-22T15:42:39.335237,GPU918_EMC3199_CPU1036,918,1036,3199,918,3199,p1024_o128,1024,128,decode,0,82.73270993959159,81.50731618094485,10434.661211911589,128,12.26680937699087,503.123,47.916,49.563,3.9306484375,0.2544109492112267,35.832,0.798,11.287,71.6,21,Qwen2.5-14B-Instruct-Q4_K_M,llama.cpp,finegrained_gpu_emc
2026-05-22T15:42:50.582748,GPU918_EMC3199_CPU1036,918,1036,3199,918,3199,p1024_o128,1024,128,decode,1,82.8846120275557,81.50701890479569,10434.777535963804,128,12.266672629947672,502.898,47.895,49.746,3.928890625,0.2545247744075339,35.848,0.779,11.268,71.6,21,Qwen2.5-14B-Instruct-Q4_K_M,llama.cpp,finegrained_gpu_emc
2026-05-22T15:43:01.833963,GPU918_EMC3199_CPU1036,918,1036,3199,918,3199,p1024_o128,1024,128,decode,2,82.78103300835937,81.53914884246123,10438.751706969924,128,12.262002545240613,503.72,47.973,49.862,3.9353125,0.2541094258715159,35.908,0.798,11.268,71.6,21,Qwen2.5-14B-Instruct-Q4_K_M,llama.cpp,finegrained_gpu_emc
2026-05-22T15:43:23.629298,GPU918_EMC3199_CPU1036,918,1036,3199,918,3199,p128_o256,128,256,decode,0,82.81732199247926,81.94449580794968,20979.639759054407,256,12.202306757412998,999.779,48.77,49.962,3.90538671875,0.25605658850605983,36.535,0.817,11.418,71.7,41,Qwen2.5-14B-Instruct-Q4_K_M,llama.cpp,finegrained_gpu_emc
2026-05-22T15:43:45.443467,GPU918_EMC3199_CPU1036,918,1036,3199,918,3199,p128_o256,128,256,decode,1,88.69259804487228,81.99462963898173,20998.335866024718,256,12.191442294920508,999.444,48.753,49.862,3.904078125,0.25614241518284164,36.567,0.798,11.388,71.8,41,Qwen2.5-14B-Instruct-Q4_K_M,llama.cpp,finegrained_gpu_emc
2026-05-22T15:44:07.285707,GPU918_EMC3199_CPU1036,918,1036,3199,918,3199,p128_o256,128,256,decode,2,88.71407294645905,83.41288766165104,21026.32104291115,252,11.98497823207925,1009.548,48.074,49.862,4.006142857142857,0.24961666012908748,35.965,0.808,11.301,71.8,42,Qwen2.5-14B-Instruct-Q4_K_M,llama.cpp,finegrained_gpu_emc
2026-05-22T15:44:51.343626,GPU918_EMC3199_CPU1036,918,1036,3199,918,3199,p1024_o512,1024,512,decode,0,88.61267194151878,84.43187364584853,43235.28910998721,512,11.842178242349945,2056.2,48.381,49.862,4.016015625,0.24900301527088806,36.291,0.807,11.283,71.9,85,Qwen2.5-14B-Instruct-Q4_K_M,llama.cpp,finegrained_gpu_emc
2026-05-22T15:45:35.407119,GPU918_EMC3199_CPU1036,918,1036,3199,918,3199,p1024_o512,1024,512,decode,1,89.08623503521085,84.44136831911241,43240.627251099795,512,11.840716301981434,2056.68,48.392,49.862,4.016953125,0.24894490149172455,36.287,0.812,11.293,72.0,85,Qwen2.5-14B-Instruct-Q4_K_M,llama.cpp,finegrained_gpu_emc
2026-05-22T15:46:19.436147,GPU918_EMC3199_CPU1036,918,1036,3199,918,3199,p1024_o512,1024,512,decode,2,89.29404395166785,84.37406798822845,43206.3923929818,512,11.850098368387878,2056.933,48.398,49.746,4.017447265625,0.24891428160275517,36.307,0.803,11.289,72.0,85,Qwen2.5-14B-Instruct-Q4_K_M,llama.cpp,finegrained_gpu_emc
2026-05-22T15:46:25.595992,GPU918_EMC3199_CPU1036,918,1036,3199,918,3199,p128_o64,128,64,mixed,0,214.41748191136867,81.4909304285215,5348.613265901804,64,11.965718368162719,257.492,46.817,49.847,4.0233125,0.2485514113059823,34.958,0.834,11.025,71.8,11,Qwen2.5-14B-Instruct-Q4_K_M,llama.cpp,finegrained_gpu_emc
2026-05-22T15:46:31.614451,GPU918_EMC3199_CPU1036,918,1036,3199,918,3199,p128_o64,128,64,mixed,1,83.32699502352625,81.3289325858008,5207.314705941826,64,12.290403713640076,253.366,46.066,49.463,3.95884375,0.25259900697015386,34.271,0.834,10.961,71.7,11,Qwen2.5-14B-Instruct-Q4_K_M,llama.cpp,finegrained_gpu_emc
2026-05-22T15:46:37.638023,GPU918_EMC3199_CPU1036,918,1036,3199,918,3199,p128_o64,128,64,mixed,2,83.25803000479937,81.41103252539382,5212.420278112404,64,12.278365247856911,253.224,46.041,49.463,3.956625,0.25274065649385524,34.273,0.798,10.97,71.7,11,Qwen2.5-14B-Instruct-Q4_K_M,llama.cpp,finegrained_gpu_emc
2026-05-22T15:46:50.027188,GPU918_EMC3199_CPU1036,918,1036,3199,918,3199,p512_o128,512,128,mixed,0,692.9283449426293,85.69973660632968,11577.295343973674,128,11.05612288509404,546.965,47.562,50.145,4.2731640625,0.23401863007687876,35.678,0.902,10.982,71.7,23,Qwen2.5-14B-Instruct-Q4_K_M,llama.cpp,finegrained_gpu_emc
2026-05-22T15:47:01.805495,GPU918_EMC3199_CPU1036,918,1036,3199,918,3199,p512_o128,512,128,mixed,1,89.1501719597727,85.63803039458178,10965.685826959088,128,11.672776515748115,522.455,47.496,48.963,4.0816796875,0.24499717679034555,35.582,0.798,11.116,71.7,22,Qwen2.5-14B-Instruct-Q4_K_M,llama.cpp,finegrained_gpu_emc
2026-05-22T15:47:13.583858,GPU918_EMC3199_CPU1036,918,1036,3199,918,3199,p512_o128,512,128,mixed,2,89.16662505362183,85.63688502364653,10965.562226017937,128,11.672908088223238,521.629,47.421,49.161,4.0752265625,0.24538513004453355,35.566,0.798,11.057,71.7,22,Qwen2.5-14B-Instruct-Q4_K_M,llama.cpp,finegrained_gpu_emc
2026-05-22T15:47:25.744543,GPU918_EMC3199_CPU1036,918,1036,3199,918,3199,p1024_o128,1024,128,mixed,0,953.182909055613,81.84306433893681,11347.806000034325,128,11.27971345294525,548.572,47.702,50.361,4.28571875,0.23333309027803095,35.786,0.833,11.083,71.7,23,Qwen2.5-14B-Instruct-Q4_K_M,llama.cpp,finegrained_gpu_emc
2026-05-22T15:47:37.041738,GPU918_EMC3199_CPU1036,918,1036,3199,918,3199,p1024_o128,1024,128,mixed,1,92.93210704345256,81.81737358205197,10484.259419958107,128,12.208778405114233,508.822,48.459,49.962,3.975171875,0.25156144978008027,36.327,0.798,11.335,71.7,21,Qwen2.5-14B-Instruct-Q4_K_M,llama.cpp,finegrained_gpu_emc
2026-05-22T15:47:48.332708,GPU918_EMC3199_CPU1036,918,1036,3199,918,3199,p1024_o128,1024,128,mixed,2,92.87920605856925,81.77151252684278,10478.373046964407,128,12.215636857582743,508.286,48.408,50.246,3.970984375,0.2518267274723286,36.285,0.798,11.325,71.8,21,Qwen2.5-14B-Instruct-Q4_K_M,llama.cpp,finegrained_gpu_emc
2026-05-22T15:48:10.438052,GPU918_EMC3199_CPU1036,918,1036,3199,918,3199,p128_o256,128,256,mixed,0,88.9684340218082,83.13518259993882,21289.434927050024,256,12.024743769724502,1020.37,48.589,49.862,3.9858203125,0.25088938326293403,36.43,0.807,11.351,71.8,42,Qwen2.5-14B-Instruct-Q4_K_M,llama.cpp,finegrained_gpu_emc
2026-05-22T15:48:32.544160,GPU918_EMC3199_CPU1036,918,1036,3199,918,3199,p128_o256,128,256,mixed,1,89.36529897619039,83.13675565079001,21290.279894019477,256,12.024266532630762,1020.034,48.573,49.862,3.9845078125,0.25097202642264865,36.414,0.826,11.332,71.8,42,Qwen2.5-14B-Instruct-Q4_K_M,llama.cpp,finegrained_gpu_emc
2026-05-22T15:48:54.644975,GPU918_EMC3199_CPU1036,918,1036,3199,918,3199,p128_o256,128,256,mixed,2,89.27907107863575,83.11605203540667,21284.865388064645,256,12.02732530051848,1019.518,48.548,49.862,3.9824921875,0.25109904876618167,36.411,0.807,11.33,71.9,42,Qwen2.5-14B-Instruct-Q4_K_M,llama.cpp,finegrained_gpu_emc
2026-05-22T15:49:39.698788,GPU918_EMC3199_CPU1036,918,1036,3199,918,3199,p1024_o512,1024,512,mixed,0,1543.1257209274918,83.53280193931487,44230.3692989517,512,11.575756841174167,2126.631,48.888,50.346,4.153576171875,0.24075638886106712,36.73,0.821,11.338,72.0,87,Qwen2.5-14B-Instruct-Q4_K_M,llama.cpp,finegrained_gpu_emc
2026-05-22T15:50:23.283503,GPU918_EMC3199_CPU1036,918,1036,3199,918,3199,p1024_o512,1024,512,mixed,1,93.63629901781678,83.49617129946292,42762.214135960676,512,11.973187318414276,2062.918,49.117,50.361,4.02913671875,0.2481921239719659,36.855,0.808,11.454,72.1,84,Qwen2.5-14B-Instruct-Q4_K_M,llama.cpp,finegrained_gpu_emc
2026-05-22T15:51:06.888915,GPU918_EMC3199_CPU1036,918,1036,3199,918,3199,p1024_o512,1024,512,mixed,2,93.33724295720458,83.54483017608625,42786.72909201123,512,11.966327196897046,2063.25,49.125,50.346,4.02978515625,0.2481521870834848,36.855,0.812,11.458,72.2,84,Qwen2.5-14B-Instruct-Q4_K_M,llama.cpp,finegrained_gpu_emc
2026-05-22T15:51:21.980170,GPU1020_EMC204_CPU1036,1020,1036,3199,1020,204,p128_o64,128,64,decode,0,80.59435896575451,79.3082109996162,5077.269804896787,64,12.605199735155894,259.706,47.219,50.462,4.05790625,0.24643250444733658,35.287,0.798,11.134,71.6,11,Qwen2.5-14B-Instruct-Q4_K_M,llama.cpp,finegrained_gpu_emc
2026-05-22T15:51:27.869590,GPU1020_EMC204_CPU1036,1020,1036,3199,1020,204,p128_o64,128,64,decode,1,80.64422197639942,79.3279090947989,5078.564040013589,64,12.601987391662142,254.53,46.278,50.361,3.97703125,0.2514438376615723,34.492,0.798,10.988,71.6,11,Qwen2.5-14B-Instruct-Q4_K_M,llama.cpp,finegrained_gpu_emc
2026-05-22T15:51:33.758264,GPU1020_EMC204_CPU1036,1020,1036,3199,1020,204,p128_o64,128,64,decode,2,80.67204093094915,79.31175157206044,5077.579310978763,64,12.604431379657417,254.752,46.318,50.447,3.9805,0.25122472051249845,34.523,0.798,10.997,71.6,11,Qwen2.5-14B-Instruct-Q4_K_M,llama.cpp,finegrained_gpu_emc
2026-05-22T15:51:44.743688,GPU1020_EMC204_CPU1036,1020,1036,3199,1020,204,p512_o128,512,128,decode,0,80.68373205605894,79.46219655875791,10172.882076003589,128,12.582471618533175,490.978,49.098,50.76,3.835765625,0.2607041456032653,36.861,0.818,11.419,71.7,20,Qwen2.5-14B-Instruct-Q4_K_M,llama.cpp,finegrained_gpu_emc
2026-05-22T15:51:55.725583,GPU1020_EMC204_CPU1036,1020,1036,3199,1020,204,p512_o128,512,128,decode,1,80.68291505333036,79.4349149049179,10169.402569998056,128,12.586776766771706,490.69,49.069,50.745,3.833515625,0.2608571603252563,36.817,0.818,11.434,71.8,20,Qwen2.5-14B-Instruct-Q4_K_M,llama.cpp,finegrained_gpu_emc
2026-05-22T15:52:06.710556,GPU1020_EMC204_CPU1036,1020,1036,3199,1020,204,p512_o128,512,128,decode,2,80.68286499474198,79.45974528382526,10172.564042033628,128,12.58286499559959,489.521,48.952,50.745,3.8243828125,0.26148009993442567,36.74,0.798,11.414,71.7,20,Qwen2.5-14B-Instruct-Q4_K_M,llama.cpp,finegrained_gpu_emc
2026-05-22T15:52:17.713311,GPU1020_EMC204_CPU1036,1020,1036,3199,1020,204,p1024_o128,1024,128,decode,0,81.015967996791,79.59888536963378,10190.572959952988,128,12.560628386943074,486.758,48.676,50.346,3.802796875,0.26296434778678524,36.439,0.818,11.419,71.7,20,Qwen2.5-14B-Instruct-Q4_K_M,llama.cpp,finegrained_gpu_emc
2026-05-22T15:52:28.713707,GPU1020_EMC204_CPU1036,1020,1036,3199,1020,204,p1024_o128,1024,128,decode,1,80.82697098143399,79.58023930720134,10188.007722957991,128,12.563791025752817,486.561,48.656,49.962,3.8012578125,0.26307081743090793,36.424,0.798,11.434,71.7,20,Qwen2.5-14B-Instruct-Q4_K_M,llama.cpp,finegrained_gpu_emc
2026-05-22T15:52:39.705416,GPU1020_EMC204_CPU1036,1020,1036,3199,1020,204,p1024_o128,1024,128,decode,2,80.89174295309931,79.52427292906306,10180.97503494937,128,12.57246968591909,487.682,48.768,50.346,3.810015625,0.2624661152144225,36.556,0.798,11.414,71.7,20,Qwen2.5-14B-Instruct-Q4_K_M,llama.cpp,finegrained_gpu_emc
2026-05-22T15:53:00.969422,GPU1020_EMC204_CPU1036,1020,1036,3199,1020,204,p128_o256,128,256,decode,0,80.77607897575945,79.87037970200547,20448.691688943654,256,12.519138333843427,992.952,49.648,50.745,3.87871875,0.2578170948847477,37.338,0.818,11.492,71.9,40,Qwen2.5-14B-Instruct-Q4_K_M,llama.cpp,finegrained_gpu_emc
2026-05-22T15:53:22.239265,GPU1020_EMC204_CPU1036,1020,1036,3199,1020,204,p128_o256,128,256,decode,1,86.48461499251425,79.86965929021073,20454.249639064074,256,12.515736559266605,992.202,49.61,50.745,3.8757890625,0.25801197739976334,37.285,0.808,11.517,72.0,40,Qwen2.5-14B-Instruct-Q4_K_M,llama.cpp,finegrained_gpu_emc
2026-05-22T15:53:43.516669,GPU1020_EMC204_CPU1036,1020,1036,3199,1020,204,p128_o256,128,256,decode,2,86.43409807700664,79.90016347829106,20461.931038997136,256,12.511038157254335,992.732,49.637,50.76,3.877859375,0.2578742299029345,37.339,0.808,11.489,72.0,40,Qwen2.5-14B-Instruct-Q4_K_M,llama.cpp,finegrained_gpu_emc
2026-05-22T15:54:26.518054,GPU1020_EMC204_CPU1036,1020,1036,3199,1020,204,p1024_o512,1024,512,decode,0,86.51447808369994,82.37032064577517,42179.72578108311,512,12.138533158260202,1949.32,49.35,50.346,3.807265625,0.2626556953193934,37.127,0.803,11.42,72.1,79,Qwen2.5-14B-Instruct-Q4_K_M,llama.cpp,finegrained_gpu_emc
2026-05-22T15:55:09.497154,GPU1020_EMC204_CPU1036,1020,1036,3199,1020,204,p1024_o512,1024,512,decode,1,86.96599095128477,82.32767211565832,42157.858400954865,512,12.144829443907504,1978.602,49.465,50.76,3.86445703125,0.25876856487560407,37.247,0.808,11.41,72.2,80,Qwen2.5-14B-Instruct-Q4_K_M,llama.cpp,finegrained_gpu_emc
2026-05-22T15:55:52.469702,GPU1020_EMC204_CPU1036,1020,1036,3199,1020,204,p1024_o512,1024,512,decode,2,86.98849298525602,82.31165973581702,42150.220880052075,512,12.147030058442898,2046.33,49.309,50.76,3.99673828125,0.2502040237889295,37.107,0.803,11.4,72.3,83,Qwen2.5-14B-Instruct-Q4_K_M,llama.cpp,finegrained_gpu_emc
2026-05-22T15:55:58.502277,GPU1020_EMC204_CPU1036,1020,1036,3199,1020,204,p128_o64,128,64,mixed,0,212.66787289641798,79.49750803204046,5221.281771897338,64,12.257526560713334,256.616,46.657,50.745,4.009625,0.2493998815350563,34.926,0.798,10.934,72.1,11,Qwen2.5-14B-Instruct-Q4_K_M,llama.cpp,finegrained_gpu_emc
2026-05-22T15:56:04.391977,GPU1020_EMC204_CPU1036,1020,1036,3199,1020,204,p128_o64,128,64,mixed,1,81.45913202315569,79.31606771446587,5078.638675971888,64,12.601802192149938,255.522,46.458,50.76,3.99253125,0.25046767010277005,34.636,0.834,10.988,72.1,11,Qwen2.5-14B-Instruct-Q4_K_M,llama.cpp,finegrained_gpu_emc
2026-05-22T15:56:10.282078,GPU1020_EMC204_CPU1036,1020,1036,3199,1020,204,p128_o64,128,64,mixed,2,81.21488697361201,79.32605355468002,5079.026322928257,64,12.60084038373353,254.824,46.332,50.66,3.981625,0.2511537374815559,34.6,0.798,10.934,72.0,11,Qwen2.5-14B-Instruct-Q4_K_M,llama.cpp,finegrained_gpu_emc
2026-05-22T15:56:22.402746,GPU1020_EMC204_CPU1036,1020,1036,3199,1020,204,p512_o128,512,128,mixed,0,686.8999359430745,83.62464557537501,11307.733729947358,128,11.31968642496465,547.904,47.644,50.261,4.2805,0.2336175680411167,35.855,0.833,10.956,72.0,23,Qwen2.5-14B-Instruct-Q4_K_M,llama.cpp,finegrained_gpu_emc
2026-05-22T15:56:33.915652,GPU1020_EMC204_CPU1036,1020,1036,3199,1020,204,p512_o128,512,128,mixed,1,87.09510799963027,83.57805111830483,10702.010413981043,128,11.960369598667327,508.99,48.475,49.761,3.976484375,0.2514784180435765,36.477,0.798,11.201,72.0,21,Qwen2.5-14B-Instruct-Q4_K_M,llama.cpp,finegrained_gpu_emc
2026-05-22T15:56:45.425813,GPU1020_EMC204_CPU1036,1020,1036,3199,1020,204,p512_o128,512,128,mixed,2,87.21880102530122,83.54397610977556,10697.811988997273,128,11.965063522489302,509.189,48.494,49.761,3.9780390625,0.2513801358631078,36.477,0.798,11.22,72.0,21,Qwen2.5-14B-Instruct-Q4_K_M,llama.cpp,finegrained_gpu_emc
2026-05-22T15:56:57.314447,GPU1020_EMC204_CPU1036,1020,1036,3199,1020,204,p1024_o128,1024,128,mixed,0,944.9335489189252,79.76799264575875,11075.906889978796,128,11.556615749073442,539.5,49.046,51.26,4.21484375,0.23725671918443003,36.994,0.816,11.235,72.0,22,Qwen2.5-14B-Instruct-Q4_K_M,llama.cpp,finegrained_gpu_emc
2026-05-22T15:57:08.338216,GPU1020_EMC204_CPU1036,1020,1036,3199,1020,204,p1024_o128,1024,128,mixed,1,90.62197001185268,79.68628054345393,10211.295853019692,128,12.53513773789521,495.392,49.539,51.26,3.87025,0.25838124152186553,37.262,0.798,11.479,72.1,20,Qwen2.5-14B-Instruct-Q4_K_M,llama.cpp,finegrained_gpu_emc
2026-05-22T15:57:19.361283,GPU1020_EMC204_CPU1036,1020,1036,3199,1020,204,p1024_o128,1024,128,mixed,2,90.57366789784282,79.67942490565085,10210.376564995386,128,12.536266335056355,495.536,49.554,51.26,3.871375,0.25830615737302637,37.241,0.818,11.494,72.1,20,Qwen2.5-14B-Instruct-Q4_K_M,llama.cpp,finegrained_gpu_emc
2026-05-22T15:57:40.924838,GPU1020_EMC204_CPU1036,1020,1036,3199,1020,204,p128_o256,128,256,mixed,0,87.37488300539553,81.01730504684954,20747.757336008362,256,12.338682964818767,1012.86,49.408,50.76,3.956484375,0.25274963963430286,37.161,0.808,11.439,72.1,41,Qwen2.5-14B-Instruct-Q4_K_M,llama.cpp,finegrained_gpu_emc
2026-05-22T15:58:02.486715,GPU1020_EMC204_CPU1036,1020,1036,3199,1020,204,p128_o256,128,256,mixed,1,87.22054702229798,81.01120558019508,20746.04827701114,256,12.339699425247922,1013.434,49.436,52.442,3.9587265625,0.2526064844873963,37.15,0.866,11.42,72.2,41,Qwen2.5-14B-Instruct-Q4_K_M,llama.cpp,finegrained_gpu_emc
2026-05-22T15:58:24.048215,GPU1020_EMC204_CPU1036,1020,1036,3199,1020,204,p128_o256,128,256,mixed,2,87.08361093886197,81.01047287083358,20745.732435956597,256,12.339887289604663,1012.676,49.399,50.846,3.955765625,0.25279556343786164,37.152,0.808,11.44,72.2,41,Qwen2.5-14B-Instruct-Q4_K_M,llama.cpp,finegrained_gpu_emc
2026-05-22T15:59:08.047832,GPU1020_EMC204_CPU1036,1020,1036,3199,1020,204,p1024_o512,1024,512,mixed,0,1533.3862929837778,81.49237658918713,43177.95806704089,512,11.857902108409936,2097.364,49.35,50.846,4.0964140625,0.24411594744641368,37.103,0.821,11.425,72.3,85,Qwen2.5-14B-Instruct-Q4_K_M,llama.cpp,finegrained_gpu_emc
2026-05-22T15:59:50.569917,GPU1020_EMC204_CPU1036,1020,1036,3199,1020,204,p1024_o512,1024,512,mixed,1,91.05643001385033,81.4229205283546,41700.19286102615,512,12.278120672159423,2050.479,50.012,51.26,4.004841796875,0.24969775354929266,37.648,0.813,11.551,72.5,82,Qwen2.5-14B-Instruct-Q4_K_M,llama.cpp,finegrained_gpu_emc
2026-05-22T16:00:33.096092,GPU1020_EMC204_CPU1036,1020,1036,3199,1020,204,p1024_o512,1024,512,mixed,2,91.11915505491197,81.42837434059369,41703.050006064586,512,12.27727947777305,2050.465,50.011,51.345,4.004814453125,0.24969945841553012,37.648,0.803,11.561,72.6,82,Qwen2.5-14B-Instruct-Q4_K_M,llama.cpp,finegrained_gpu_emc
2026-05-22T16:00:48.183208,GPU1020_EMC665_CPU1036,1020,1036,3199,1020,665,p128_o64,128,64,decode,0,80.57770691812038,79.29680027097227,5076.531725004315,64,12.607032412457857,259.886,47.252,50.645,4.06071875,0.24626182249140005,35.356,0.798,11.098,72.0,11,Qwen2.5-14B-Instruct-Q4_K_M,llama.cpp,finegrained_gpu_emc
2026-05-22T16:00:54.070436,GPU1020_EMC665_CPU1036,1020,1036,3199,1020,665,p128_o64,128,64,decode,1,80.6631570449099,79.31666052345896,5077.878035022877,64,12.60368987962738,254.24,46.225,50.346,3.9725,0.2517306482064191,34.485,0.798,10.943,71.9,11,Qwen2.5-14B-Instruct-Q4_K_M,llama.cpp,finegrained_gpu_emc
2026-05-22T16:00:59.958863,GPU1020_EMC665_CPU1036,1020,1036,3199,1020,665,p128_o64,128,64,decode,2,80.64304501749575,79.30870961937462,5077.352120075375,64,12.60499537681265,254.89,46.344,50.745,3.98265625,0.2510887049315391,34.558,0.834,10.952,71.9,11,Qwen2.5-14B-Instruct-Q4_K_M,llama.cpp,finegrained_gpu_emc
2026-05-22T16:01:10.941783,GPU1020_EMC665_CPU1036,1020,1036,3199,1020,665,p512_o128,512,128,decode,0,80.82618506159633,79.44319840139292,10170.617984957062,128,12.585272614635558,491.024,49.102,50.745,3.836125,0.26067972237609566,36.855,0.818,11.429,72.0,20,Qwen2.5-14B-Instruct-Q4_K_M,llama.cpp,finegrained_gpu_emc
2026-05-22T16:01:21.935954,GPU1020_EMC665_CPU1036,1020,1036,3199,1020,665,p512_o128,512,128,decode,1,80.58814506512135,79.52987503968032,10181.379495072179,128,12.57197023860592,488.225,48.822,50.745,3.8142578125,0.26217420246812434,36.616,0.798,11.409,72.0,20,Qwen2.5-14B-Instruct-Q4_K_M,llama.cpp,finegrained_gpu_emc
2026-05-22T16:01:32.920315,GPU1020_EMC665_CPU1036,1020,1036,3199,1020,665,p512_o128,512,128,decode,2,80.84537193644792,79.45369268532872,10172.015895950608,128,12.583543056687091,490.084,49.008,50.745,3.82878125,0.261179716130296,36.796,0.798,11.414,72.0,20,Qwen2.5-14B-Instruct-Q4_K_M,llama.cpp,finegrained_gpu_emc
2026-05-22T16:01:43.905375,GPU1020_EMC665_CPU1036,1020,1036,3199,1020,665,p1024_o128,1024,128,decode,0,80.64956800080836,80.73247443977743,10172.705516917631,126,12.386085470621044,490.332,49.033,50.346,3.8915238095238096,0.25696874770563616,36.816,0.798,11.419,72.1,20,Qwen2.5-14B-Instruct-Q4_K_M,llama.cpp,finegrained_gpu_emc
2026-05-22T16:01:54.886380,GPU1020_EMC665_CPU1036,1020,1036,3199,1020,665,p1024_o128,1024,128,decode,1,80.68709401413798,79.4401632596218,10170.125814038329,128,12.58588166365801,490.84,49.084,50.846,3.8346875,0.260777442751202,36.837,0.818,11.429,72.0,20,Qwen2.5-14B-Instruct-Q4_K_M,llama.cpp,finegrained_gpu_emc
2026-05-22T16:02:05.867967,GPU1020_EMC665_CPU1036,1020,1036,3199,1020,665,p1024_o128,1024,128,decode,2,80.81770304124802,79.44501740179633,10170.828870031983,128,12.585011667745963,490.405,49.04,50.361,3.8312890625,0.2610087580673117,36.819,0.798,11.424,72.0,20,Qwen2.5-14B-Instruct-Q4_K_M,llama.cpp,finegrained_gpu_emc
2026-05-22T16:02:27.137069,GPU1020_EMC665_CPU1036,1020,1036,3199,1020,665,p128_o256,128,256,decode,0,80.73174802120775,79.89205291366899,20453.900019056164,256,12.515950491666333,993.361,49.668,50.846,3.88031640625,0.2577109429502467,37.328,0.808,11.532,72.2,40,Qwen2.5-14B-Instruct-Q4_K_M,llama.cpp,finegrained_gpu_emc
2026-05-22T16:02:48.420103,GPU1020_EMC665_CPU1036,1020,1036,3199,1020,665,p128_o256,128,256,decode,1,86.48751000873744,79.92194322732223,20467.544068931602,256,12.507607123640756,993.193,49.66,50.861,3.87966015625,0.2577545351205657,37.327,0.798,11.535,72.2,40,Qwen2.5-14B-Instruct-Q4_K_M,llama.cpp,finegrained_gpu_emc
2026-05-22T16:03:09.703317,GPU1020_EMC665_CPU1036,1020,1036,3199,1020,665,p128_o256,128,256,decode,2,85.97734197974205,79.92373436059364,20467.53099001944,256,12.507615116099396,993.438,49.672,50.76,3.8806171875,0.257690968132888,37.357,0.808,11.507,72.3,40,Qwen2.5-14B-Instruct-Q4_K_M,llama.cpp,finegrained_gpu_emc
2026-05-22T16:03:52.707852,GPU1020_EMC665_CPU1036,1020,1036,3199,1020,665,p1024_o512,1024,512,decode,0,86.46952104754746,82.3763572777678,42182.72702896502,512,12.137669516919383,2045.717,49.294,50.76,3.995541015625,0.2502789975348496,37.079,0.812,11.403,72.4,83,Qwen2.5-14B-Instruct-Q4_K_M,llama.cpp,finegrained_gpu_emc
2026-05-22T16:04:35.719473,GPU1020_EMC665_CPU1036,1020,1036,3199,1020,665,p1024_o512,1024,512,decode,1,86.93322609178722,82.38820185307996,42189.32903604582,512,12.135770150849194,2040.772,49.175,50.361,3.9858828125,0.2508854492319573,36.991,0.803,11.382,72.4,83,Qwen2.5-14B-Instruct-Q4_K_M,llama.cpp,finegrained_gpu_emc
2026-05-22T16:05:18.695502,GPU1020_EMC665_CPU1036,1020,1036,3199,1020,665,p1024_o512,1024,512,decode,2,86.94178191944957,82.31878239928459,42153.845245949924,512,12.145985663056258,2044.719,49.27,50.76,3.993591796875,0.2504011553665809,37.09,0.808,11.373,72.5,83,Qwen2.5-14B-Instruct-Q4_K_M,llama.cpp,finegrained_gpu_emc
2026-05-22T16:05:24.724867,GPU1020_EMC665_CPU1036,1020,1036,3199,1020,665,p128_o64,128,64,mixed,0,212.3638599878177,79.45428495406217,5218.255702056922,64,12.264634708255596,257.412,46.802,50.76,4.0220625,0.2486286575606421,35.043,0.798,10.961,72.3,11,Qwen2.5-14B-Instruct-Q4_K_M,llama.cpp,finegrained_gpu_emc
2026-05-22T16:05:30.615853,GPU1020_EMC665_CPU1036,1020,1036,3199,1020,665,p128_o64,128,64,mixed,1,81.02910500019789,79.33873496949673,5079.641586053185,64,12.599314127933809,254.744,46.317,50.745,3.980375,0.2512326099927771,34.567,0.798,10.952,72.2,11,Qwen2.5-14B-Instruct-Q4_K_M,llama.cpp,finegrained_gpu_emc
2026-05-22T16:05:36.514397,GPU1020_EMC665_CPU1036,1020,1036,3199,1020,665,p128_o64,128,64,mixed,2,81.47705800365657,79.45517311242246,5087.4240540433675,64,12.580040374093501,256.237,46.589,51.759,4.003703125,0.24976876875704912,34.566,0.979,11.043,72.2,11,Qwen2.5-14B-Instruct-Q4_K_M,llama.cpp,finegrained_gpu_emc
2026-05-22T16:05:48.641264,GPU1020_EMC665_CPU1036,1020,1036,3199,1020,665,p512_o128,512,128,mixed,0,687.4623569892719,83.66989328316963,11314.04735497199,128,11.313369653146276,547.907,47.644,50.559,4.2805234375,0.23361628889574323,35.877,0.833,10.934,72.2,23,Qwen2.5-14B-Instruct-Q4_K_M,llama.cpp,finegrained_gpu_emc
2026-05-22T16:06:00.154668,GPU1020_EMC665_CPU1036,1020,1036,3199,1020,665,p512_o128,512,128,mixed,1,86.34551102295518,83.57462930716721,10700.823695980944,128,11.961695999913982,509.668,48.54,50.16,3.98178125,0.2511438818995895,36.517,0.798,11.225,72.2,21,Qwen2.5-14B-Instruct-Q4_K_M,llama.cpp,finegrained_gpu_emc
2026-05-22T16:06:11.670286,GPU1020_EMC665_CPU1036,1020,1036,3199,1020,665,p512_o128,512,128,mixed,2,87.24068303126842,83.5859825271805,10703.19243799895,128,11.959048736297472,509.775,48.55,50.06,3.9826171875,0.25109116767201217,36.499,0.817,11.234,72.2,21,Qwen2.5-14B-Instruct-Q4_K_M,llama.cpp,finegrained_gpu_emc
2026-05-22T16:06:23.559991,GPU1020_EMC665_CPU1036,1020,1036,3199,1020,665,p1024_o128,1024,128,mixed,0,944.7970519540831,79.77712754339831,11077.006496023387,128,11.55546853258158,539.892,49.081,51.26,4.21790625,0.23708445392782257,36.998,0.816,11.267,72.2,22,Qwen2.5-14B-Instruct-Q4_K_M,llama.cpp,finegrained_gpu_emc
2026-05-22T16:06:34.592392,GPU1020_EMC665_CPU1036,1020,1036,3199,1020,665,p1024_o128,1024,128,mixed,1,90.7370219938457,79.75271715705584,10219.891720917076,128,12.524594535382612,511.144,48.68,51.26,3.9933125,0.25041866871175245,36.538,0.798,11.344,72.2,21,Qwen2.5-14B-Instruct-Q4_K_M,llama.cpp,finegrained_gpu_emc
2026-05-22T16:06:45.622288,GPU1020_EMC665_CPU1036,1020,1036,3199,1020,665,p1024_o128,1024,128,mixed,2,90.54002305492759,79.73374367698909,10217.24806795828,128,12.527835200694929,495.998,49.6,51.345,3.874984375,0.2580655567159545,37.323,0.818,11.459,72.2,20,Qwen2.5-14B-Instruct-Q4_K_M,llama.cpp,finegrained_gpu_emc
2026-05-22T16:07:07.203395,GPU1020_EMC665_CPU1036,1020,1036,3199,1020,665,p128_o256,128,256,mixed,0,87.31984498444945,81.08616180389242,20765.32871800009,256,12.328242113407553,1011.458,49.339,50.745,3.9510078125,0.2530999804242984,37.109,0.817,11.413,72.3,41,Qwen2.5-14B-Instruct-Q4_K_M,llama.cpp,finegrained_gpu_emc
2026-05-22T16:07:28.819451,GPU1020_EMC665_CPU1036,1020,1036,3199,1020,665,p128_o256,128,256,mixed,1,87.29968301486224,81.22302128604667,20800.183277926408,256,12.307583860170721,1004.219,48.986,50.261,3.92273046875,0.2549244736456888,36.741,0.808,11.437,72.3,41,Qwen2.5-14B-Instruct-Q4_K_M,llama.cpp,finegrained_gpu_emc
2026-05-22T16:07:50.407189,GPU1020_EMC665_CPU1036,1020,1036,3199,1020,665,p128_o256,128,256,mixed,2,87.25190500263125,81.11167176462271,20771.71039802488,256,12.324454515038024,1009.173,49.228,50.361,3.94208203125,0.25367305704770143,36.966,0.808,11.454,72.3,41,Qwen2.5-14B-Instruct-Q4_K_M,llama.cpp,finegrained_gpu_emc
2026-05-22T16:08:34.332852,GPU1020_EMC665_CPU1036,1020,1036,3199,1020,665,p1024_o512,1024,512,mixed,0,1530.0842709839344,81.35267241298423,43103.265283978544,512,11.878450428912402,2101.956,50.047,51.26,4.1053828125,0.24358264397542098,37.76,0.822,11.465,72.5,84,Qwen2.5-14B-Instruct-Q4_K_M,llama.cpp,finegrained_gpu_emc
2026-05-22T16:09:16.856434,GPU1020_EMC665_CPU1036,1020,1036,3199,1020,665,p1024_o512,1024,512,mixed,1,91.18766302708536,81.42568010366622,41701.69451797847,512,12.277678543236801,2053.773,50.092,51.26,4.011275390625,0.24929726897763285,37.706,0.832,11.554,72.6,82,Qwen2.5-14B-Instruct-Q4_K_M,llama.cpp,finegrained_gpu_emc
2026-05-22T16:09:59.413070,GPU1020_EMC665_CPU1036,1020,1036,3199,1020,665,p1024_o512,1024,512,mixed,2,89.06096196733415,81.49400076905444,41734.47666899301,512,12.268034509233342,2047.446,49.938,51.26,3.99891796875,0.25006764525169406,37.576,0.803,11.558,72.7,82,Qwen2.5-14B-Instruct-Q4_K_M,llama.cpp,finegrained_gpu_emc
2026-05-22T16:10:14.522873,GPU1020_EMC2133_CPU1036,1020,1036,3199,1020,2133,p128_o64,128,64,decode,0,81.13926998339593,79.48302006393317,5088.874703971669,64,12.576454269949009,258.567,47.012,50.361,4.040109375,0.24751805141414024,35.08,0.834,11.098,72.0,11,Qwen2.5-14B-Instruct-Q4_K_M,llama.cpp,finegrained_gpu_emc
2026-05-22T16:10:20.413635,GPU1020_EMC2133_CPU1036,1020,1036,3199,1020,2133,p128_o64,128,64,decode,1,80.74943698011339,79.34844466702391,5079.9668789841235,64,12.598507337669597,254.655,46.301,50.462,3.978984375,0.2513204138933066,34.496,0.798,11.007,72.0,11,Qwen2.5-14B-Instruct-Q4_K_M,llama.cpp,finegrained_gpu_emc
2026-05-22T16:10:26.304310,GPU1020_EMC2133_CPU1036,1020,1036,3199,1020,2133,p128_o64,128,64,decode,2,80.62804001383483,79.34683061847906,5079.744596965611,64,12.599058629489058,254.562,46.284,50.361,3.97753125,0.25141222963364523,34.498,0.798,10.988,72.0,11,Qwen2.5-14B-Instruct-Q4_K_M,llama.cpp,finegrained_gpu_emc
2026-05-22T16:10:37.285767,GPU1020_EMC2133_CPU1036,1020,1036,3199,1020,2133,p512_o128,512,128,decode,0,80.48174693249166,79.43329988249145,10168.992794002406,128,12.587283971279183,491.509,49.151,50.861,3.8399140625,0.26042249480680923,36.869,0.838,11.444,72.1,20,Qwen2.5-14B-Instruct-Q4_K_M,llama.cpp,finegrained_gpu_emc
2026-05-22T16:10:48.270860,GPU1020_EMC2133_CPU1036,1020,1036,3199,1020,2133,p512_o128,512,128,decode,1,80.86999296210706,79.4585289453765,10172.597353928722,128,12.58282379087437,490.455,49.046,50.76,3.8316796875,0.2609821492287774,36.788,0.798,11.459,72.1,20,Qwen2.5-14B-Instruct-Q4_K_M,llama.cpp,finegrained_gpu_emc
2026-05-22T16:10:59.259497,GPU1020_EMC2133_CPU1036,1020,1036,3199,1020,2133,p512_o128,512,128,decode,2,81.29468595143408,79.47440392898733,10175.042169983499,128,12.579800443245492,490.61,49.061,50.462,3.832890625,0.26089969629644727,36.809,0.818,11.434,72.1,20,Qwen2.5-14B-Instruct-Q4_K_M,llama.cpp,finegrained_gpu_emc
2026-05-22T16:11:10.243407,GPU1020_EMC2133_CPU1036,1020,1036,3199,1020,2133,p1024_o128,1024,128,decode,0,80.90901607647538,79.4461162597689,10171.055390033871,128,12.584731386422401,490.924,49.092,50.76,3.83534375,0.2607328221883632,36.85,0.818,11.424,72.2,20,Qwen2.5-14B-Instruct-Q4_K_M,llama.cpp,finegrained_gpu_emc
2026-05-22T16:11:21.228570,GPU1020_EMC2133_CPU1036,1020,1036,3199,1020,2133,p1024_o128,1024,128,decode,1,80.7696400443092,79.46216323555953,10172.828737995587,128,12.582537590741019,490.716,49.072,50.559,3.83371875,0.26084333912079494,36.87,0.798,11.404,72.1,20,Qwen2.5-14B-Instruct-Q4_K_M,llama.cpp,finegrained_gpu_emc
2026-05-22T16:11:32.212443,GPU1020_EMC2133_CPU1036,1020,1036,3199,1020,2133,p1024_o128,1024,128,decode,2,80.76286397408694,79.44937055934162,10171.33341403678,128,12.584387394415339,491.858,49.186,50.861,3.842640625,0.26023771088403563,36.929,0.818,11.439,72.2,20,Qwen2.5-14B-Instruct-Q4_K_M,llama.cpp,finegrained_gpu_emc
2026-05-22T16:11:53.484322,GPU1020_EMC2133_CPU1036,1020,1036,3199,1020,2133,p128_o256,128,256,decode,0,80.69468301255256,79.8994012154164,20456.012923968956,256,12.51465771709778,993.32,49.666,50.76,3.88015625,0.25772158015543833,37.339,0.808,11.519,72.2,40,Qwen2.5-14B-Instruct-Q4_K_M,llama.cpp,finegrained_gpu_emc
2026-05-22T16:12:14.769490,GPU1020_EMC2133_CPU1036,1020,1036,3199,1020,2133,p128_o256,128,256,decode,1,86.49641496594995,79.92946602376726,20469.475678983144,256,12.50642683841901,992.498,49.625,50.76,3.8769453125,0.25793502858444045,37.308,0.808,11.509,72.3,40,Qwen2.5-14B-Instruct-Q4_K_M,llama.cpp,finegrained_gpu_emc
2026-05-22T16:12:36.055164,GPU1020_EMC2133_CPU1036,1020,1036,3199,1020,2133,p128_o256,128,256,decode,2,86.44052897579968,79.93128170195382,20469.924197066575,256,12.50615280913868,992.322,49.616,50.76,3.8762578125,0.2579807764012085,37.299,0.798,11.519,72.3,40,Qwen2.5-14B-Instruct-Q4_K_M,llama.cpp,finegrained_gpu_emc
2026-05-22T16:13:19.040940,GPU1020_EMC2133_CPU1036,1020,1036,3199,1020,2133,p1024_o512,1024,512,decode,0,86.44611004274338,82.33873090212855,42163.46013802104,512,12.14321591074311,2045.17,49.281,50.76,3.99447265625,0.2503459370125711,37.098,0.808,11.376,72.4,83,Qwen2.5-14B-Instruct-Q4_K_M,llama.cpp,finegrained_gpu_emc
2026-05-22T16:14:02.049314,GPU1020_EMC2133_CPU1036,1020,1036,3199,1020,2133,p1024_o512,1024,512,decode,1,86.92681998945773,82.38176774363892,42185.95209799241,512,12.136741605610593,2039.759,49.151,50.76,3.983904296875,0.2510100457946257,36.953,0.803,11.395,72.5,83,Qwen2.5-14B-Instruct-Q4_K_M,llama.cpp,finegrained_gpu_emc
2026-05-22T16:14:45.008932,GPU1020_EMC2133_CPU1036,1020,1036,3199,1020,2133,p1024_o512,1024,512,decode,2,86.90355101134628,82.29290569267634,42140.52838401403,512,12.14982392565886,2045.567,49.291,50.846,3.995248046875,0.2502973503190069,37.11,0.808,11.373,72.6,83,Qwen2.5-14B-Instruct-Q4_K_M,llama.cpp,finegrained_gpu_emc
2026-05-22T16:14:51.043328,GPU1020_EMC2133_CPU1036,1020,1036,3199,1020,2133,p128_o64,128,64,mixed,0,211.23865898698568,79.5484666660842,5223.062990931794,64,12.253346381446264,257.104,46.746,50.76,4.01725,0.24892650444956127,34.969,0.798,10.979,72.4,11,Qwen2.5-14B-Instruct-Q4_K_M,llama.cpp,finegrained_gpu_emc
2026-05-22T16:14:56.930862,GPU1020_EMC2133_CPU1036,1020,1036,3199,1020,2133,p128_o64,128,64,mixed,1,81.2211420852691,79.28689431753897,5076.562480069697,64,12.606956035951582,255.203,46.401,50.76,3.987546875,0.25078075100998026,34.605,0.834,10.961,72.3,11,Qwen2.5-14B-Instruct-Q4_K_M,llama.cpp,finegrained_gpu_emc
2026-05-22T16:15:02.818317,GPU1020_EMC2133_CPU1036,1020,1036,3199,1020,2133,p128_o64,128,64,mixed,2,81.31227700505406,79.28755071331999,5076.700983918272,64,12.606612089767767,239.242,47.848,50.462,3.73815625,0.2675115573352505,35.787,0.798,11.264,72.3,10,Qwen2.5-14B-Instruct-Q4_K_M,llama.cpp,finegrained_gpu_emc
2026-05-22T16:15:14.939794,GPU1020_EMC2133_CPU1036,1020,1036,3199,1020,2133,p512_o128,512,128,mixed,0,685.7878029113635,83.64049733092084,11308.635037974454,128,11.31878423613242,547.986,47.651,50.246,4.281140625,0.23358260977470227,35.858,0.833,10.961,72.3,23,Qwen2.5-14B-Instruct-Q4_K_M,llama.cpp,finegrained_gpu_emc
2026-05-22T16:15:26.455039,GPU1020_EMC2133_CPU1036,1020,1036,3199,1020,2133,p512_o128,512,128,mixed,1,87.11250696796924,83.58237342578983,10702.575798030011,128,11.959737769253692,509.74,48.547,50.06,3.98234375,0.2511084082081061,36.5,0.817,11.229,72.3,21,Qwen2.5-14B-Instruct-Q4_K_M,llama.cpp,finegrained_gpu_emc
2026-05-22T16:15:37.969833,GPU1020_EMC2133_CPU1036,1020,1036,3199,1020,2133,p512_o128,512,128,mixed,2,87.10892905946821,83.57976062963974,10702.247818000615,128,11.960104286195913,509.983,48.57,50.16,3.9842421875,0.250988758448811,36.519,0.817,11.234,72.2,21,Qwen2.5-14B-Instruct-Q4_K_M,llama.cpp,finegrained_gpu_emc
2026-05-22T16:15:49.857711,GPU1020_EMC2133_CPU1036,1020,1036,3199,1020,2133,p1024_o128,1024,128,mixed,0,945.0747349765152,79.75941541692697,11075.03394188825,128,11.557526656047115,539.657,49.06,51.26,4.2160703125,0.23718769514710267,36.999,0.816,11.244,72.2,22,Qwen2.5-14B-Instruct-Q4_K_M,llama.cpp,finegrained_gpu_emc
2026-05-22T16:16:00.883662,GPU1020_EMC2133_CPU1036,1020,1036,3199,1020,2133,p1024_o128,1024,128,mixed,1,89.00658402126282,79.70049098412704,10211.484884028323,128,12.534905692335055,495.816,49.582,51.644,3.8735625,0.2581602852671152,37.264,0.818,11.5,72.3,20,Qwen2.5-14B-Instruct-Q4_K_M,llama.cpp,finegrained_gpu_emc
2026-05-22T16:16:11.913482,GPU1020_EMC2133_CPU1036,1020,1036,3199,1020,2133,p1024_o128,1024,128,mixed,2,90.51100292708725,79.73129274855243,10216.897606966086,128,12.528264931687975,510.902,48.657,51.26,3.991421875,0.25053728503705214,36.52,0.798,11.339,72.3,21,Qwen2.5-14B-Instruct-Q4_K_M,llama.cpp,finegrained_gpu_emc
2026-05-22T16:16:33.489372,GPU1020_EMC2133_CPU1036,1020,1036,3199,1020,2133,p128_o256,128,256,mixed,0,87.25214307196438,81.06596795294215,20760.047496063635,256,12.331378338539004,1013.866,49.457,50.76,3.9604140625,0.25249885093296354,37.217,0.808,11.432,72.3,41,Qwen2.5-14B-Instruct-Q4_K_M,llama.cpp,finegrained_gpu_emc
2026-05-22T16:16:55.050010,GPU1020_EMC2133_CPU1036,1020,1036,3199,1020,2133,p128_o256,128,256,mixed,1,86.99405193328857,81.00875850593415,20745.1914929552,256,12.340209059382957,1012.373,49.384,50.76,3.95458203125,0.252871224341226,37.139,0.808,11.437,72.4,41,Qwen2.5-14B-Instruct-Q4_K_M,llama.cpp,finegrained_gpu_emc
2026-05-22T16:17:16.615570,GPU1020_EMC2133_CPU1036,1020,1036,3199,1020,2133,p128_o256,128,256,mixed,2,87.00010890606791,81.03027515314227,20750.686469953507,256,12.336941255928174,1012.872,49.408,50.76,3.95653125,0.25274664518320183,37.159,0.808,11.442,72.4,41,Qwen2.5-14B-Instruct-Q4_K_M,llama.cpp,finegrained_gpu_emc
2026-05-22T16:18:00.550862,GPU1020_EMC2133_CPU1036,1020,1036,3199,1020,2133,p1024_o512,1024,512,mixed,0,1530.2170279901475,81.37246751460683,43113.04050195031,512,11.875757173211632,2117.405,49.821,51.276,4.135556640625,0.2418054174803592,37.561,0.826,11.434,72.6,85,Qwen2.5-14B-Instruct-Q4_K_M,llama.cpp,finegrained_gpu_emc
2026-05-22T16:18:43.041543,GPU1020_EMC2133_CPU1036,1020,1036,3199,1020,2133,p1024_o512,1024,512,mixed,1,89.63121799752116,81.36411678682057,41668.69570501149,512,12.287401641381875,2052.753,50.067,51.159,4.009283203125,0.2494211432159641,37.712,0.808,11.547,72.7,82,Qwen2.5-14B-Instruct-Q4_K_M,llama.cpp,finegrained_gpu_emc
2026-05-22T16:19:25.531383,GPU1020_EMC2133_CPU1036,1020,1036,3199,1020,2133,p1024_o512,1024,512,mixed,2,91.12630400341004,81.35901589435024,41667.592810001224,512,12.287726875287783,2053.026,50.074,51.36,4.00981640625,0.24938797657701367,37.694,0.813,11.567,72.8,82,Qwen2.5-14B-Instruct-Q4_K_M,llama.cpp,finegrained_gpu_emc
2026-05-22T16:19:40.623600,GPU1020_EMC3199_CPU1036,1020,1036,3199,1020,3199,p128_o64,128,64,decode,0,80.80020803026855,79.32337166534529,5078.436292009428,64,12.602304394504193,259.51,47.184,50.462,4.05484375,0.2466186274132018,35.224,0.798,11.162,72.1,11,Qwen2.5-14B-Instruct-Q4_K_M,llama.cpp,finegrained_gpu_emc
2026-05-22T16:19:46.512235,GPU1020_EMC3199_CPU1036,1020,1036,3199,1020,3199,p128_o64,128,64,decode,1,80.70091903209686,79.313072714112,5077.685736934654,64,12.60416719657726,254.419,46.258,50.377,3.975296875,0.2515535396334393,34.499,0.798,10.961,72.0,11,Qwen2.5-14B-Instruct-Q4_K_M,llama.cpp,finegrained_gpu_emc
2026-05-22T16:19:52.400205,GPU1020_EMC3199_CPU1036,1020,1036,3199,1020,3199,p128_o64,128,64,decode,2,80.71410306729376,79.30071263330146,5076.924332068302,64,12.6060574895208,254.68,46.305,50.861,3.979375,0.25129574367834145,34.501,0.834,10.97,72.0,11,Qwen2.5-14B-Instruct-Q4_K_M,llama.cpp,finegrained_gpu_emc
2026-05-22T16:20:03.384936,GPU1020_EMC3199_CPU1036,1020,1036,3199,1020,3199,p512_o128,512,128,decode,0,80.69631399121135,79.45396471676952,10171.850773040205,128,12.583747329370507,490.956,49.096,50.861,3.83559375,0.2607158278949641,36.869,0.818,11.409,72.2,20,Qwen2.5-14B-Instruct-Q4_K_M,llama.cpp,finegrained_gpu_emc
2026-05-22T16:20:14.379058,GPU1020_EMC3199_CPU1036,1020,1036,3199,1020,3199,p512_o128,512,128,decode,1,80.71340201422572,79.52986974782479,10181.506004999392,128,12.57181402605357,491.327,49.133,50.76,3.8384921875,0.26051896191334895,36.831,0.898,11.404,72.2,20,Qwen2.5-14B-Instruct-Q4_K_M,llama.cpp,finegrained_gpu_emc
2026-05-22T16:20:25.383761,GPU1020_EMC3199_CPU1036,1020,1036,3199,1020,3199,p512_o128,512,128,decode,2,80.88740706443787,79.61155130714911,10191.929005086422,128,12.558957184270009,487.372,48.737,50.261,3.80759375,0.2626330605779569,36.51,0.818,11.409,72.1,20,Qwen2.5-14B-Instruct-Q4_K_M,llama.cpp,finegrained_gpu_emc
2026-05-22T16:20:36.388913,GPU1020_EMC3199_CPU1036,1020,1036,3199,1020,3199,p1024_o128,1024,128,decode,0,80.88776003569365,79.61750988973172,10192.805601051077,128,12.557877095860702,486.227,48.623,49.962,3.7986484375,0.2632515265503561,36.431,0.798,11.394,72.1,20,Qwen2.5-14B-Instruct-Q4_K_M,llama.cpp,finegrained_gpu_emc
2026-05-22T16:20:47.399438,GPU1020_EMC3199_CPU1036,1020,1036,3199,1020,3199,p1024_o128,1024,128,decode,1,80.88747796136886,79.65783863035067,10197.92959606275,128,12.551567334747894,486.49,48.649,50.346,3.800703125,0.26310921087792144,36.407,0.818,11.424,72.1,20,Qwen2.5-14B-Instruct-Q4_K_M,llama.cpp,finegrained_gpu_emc
2026-05-22T16:20:58.397312,GPU1020_EMC3199_CPU1036,1020,1036,3199,1020,3199,p1024_o128,1024,128,decode,2,81.01771597284824,79.55804375627291,10185.378522030078,128,12.567034177782128,488.267,48.827,50.361,3.8145859375,0.2621516506337721,36.61,0.798,11.419,72.1,20,Qwen2.5-14B-Instruct-Q4_K_M,llama.cpp,finegrained_gpu_emc
2026-05-22T16:21:19.672990,GPU1020_EMC3199_CPU1036,1020,1036,3199,1020,3199,p128_o256,128,256,decode,0,80.70021995808929,79.91201490592942,20459.24718596507,256,12.512679360734964,993.716,49.686,50.76,3.881703125,0.2576188770232139,37.356,0.818,11.512,72.2,40,Qwen2.5-14B-Instruct-Q4_K_M,llama.cpp,finegrained_gpu_emc
2026-05-22T16:21:40.957130,GPU1020_EMC3199_CPU1036,1020,1036,3199,1020,3199,p128_o256,128,256,decode,1,86.66900708340108,79.92578201160273,20468.696463038214,256,12.506902941390404,991.998,49.6,50.361,3.8749921875,0.2580650364214444,37.295,0.798,11.507,72.3,40,Qwen2.5-14B-Instruct-Q4_K_M,llama.cpp,finegrained_gpu_emc
2026-05-22T16:22:02.243094,GPU1020_EMC3199_CPU1036,1020,1036,3199,1020,3199,p128_o256,128,256,decode,2,86.65552595630288,79.93147761204882,20470.143066952005,256,12.506019091449286,992.37,49.618,50.645,3.8764453125,0.2579682981146145,37.321,0.798,11.499,72.3,40,Qwen2.5-14B-Instruct-Q4_K_M,llama.cpp,finegrained_gpu_emc
2026-05-22T16:22:45.231814,GPU1020_EMC3199_CPU1036,1020,1036,3199,1020,3199,p1024_o512,1024,512,decode,0,85.89437196496874,82.34933135418655,42168.394165928476,512,12.141795060663929,2046.201,49.306,50.76,3.996486328125,0.25021979756631924,37.108,0.798,11.4,72.4,83,Qwen2.5-14B-Instruct-Q4_K_M,llama.cpp,finegrained_gpu_emc
2026-05-22T16:23:28.221880,GPU1020_EMC3199_CPU1036,1020,1036,3199,1020,3199,p1024_o512,1024,512,decode,1,86.88032196369022,82.34612359697229,42167.72195394151,512,12.141988617721433,2045.754,49.295,50.745,3.99561328125,0.2502744709285672,37.088,0.803,11.405,72.5,83,Qwen2.5-14B-Instruct-Q4_K_M,llama.cpp,finegrained_gpu_emc
2026-05-22T16:24:11.210645,GPU1020_EMC3199_CPU1036,1020,1036,3199,1020,3199,p1024_o512,1024,512,decode,2,86.947649018839,82.3429477532757,42166.21754702646,512,12.142421819765666,2046.324,49.309,50.76,3.9967265625,0.25020475740889514,37.114,0.803,11.393,72.5,83,Qwen2.5-14B-Instruct-Q4_K_M,llama.cpp,finegrained_gpu_emc
2026-05-22T16:24:17.245068,GPU1020_EMC3199_CPU1036,1020,1036,3199,1020,3199,p128_o64,128,64,mixed,0,212.7559760119766,79.52738628493593,5223.2494950294495,64,12.252908857006295,256.943,46.717,50.846,4.014734375,0.24908248132854371,34.958,0.798,10.961,72.3,11,Qwen2.5-14B-Instruct-Q4_K_M,llama.cpp,finegrained_gpu_emc
2026-05-22T16:24:23.137530,GPU1020_EMC3199_CPU1036,1020,1036,3199,1020,3199,p128_o64,128,64,mixed,1,81.22411696240306,79.36361817354779,5081.404179916717,64,12.594943786000693,255.348,46.427,50.745,3.9898125,0.25063834453373435,34.632,0.834,10.961,72.2,11,Qwen2.5-14B-Instruct-Q4_K_M,llama.cpp,finegrained_gpu_emc
2026-05-22T16:24:29.029934,GPU1020_EMC3199_CPU1036,1020,1036,3199,1020,3199,p128_o64,128,64,mixed,2,81.25813503284007,79.35750463400923,5080.976207042113,64,12.596004663689925,255.214,46.403,50.645,3.98771875,0.2507699420878165,34.598,0.834,10.97,72.2,11,Qwen2.5-14B-Instruct-Q4_K_M,llama.cpp,finegrained_gpu_emc
2026-05-22T16:24:41.156112,GPU1020_EMC3199_CPU1036,1020,1036,3199,1020,3199,p512_o128,512,128,mixed,0,687.1491669444367,83.66739497644694,11313.416816992685,128,11.314000188496967,547.755,47.631,50.145,4.2793359375,0.23368111655758506,35.868,0.815,10.947,72.2,23,Qwen2.5-14B-Instruct-Q4_K_M,llama.cpp,finegrained_gpu_emc
2026-05-22T16:24:52.668937,GPU1020_EMC3199_CPU1036,1020,1036,3199,1020,3199,p512_o128,512,128,mixed,1,87.20801200252026,83.56170848059637,10700.05053107161,128,11.962560328879194,510.194,48.59,50.16,3.985890625,0.25088495748675993,36.572,0.798,11.22,72.2,21,Qwen2.5-14B-Instruct-Q4_K_M,llama.cpp,finegrained_gpu_emc
2026-05-22T16:25:04.184246,GPU1020_EMC3199_CPU1036,1020,1036,3199,1020,3199,p512_o128,512,128,mixed,2,87.31563400942832,83.58045489761949,10702.5740230456,128,11.959739752734308,509.832,48.555,50.16,3.9830625,0.2510630952941361,36.519,0.836,11.201,72.2,21,Qwen2.5-14B-Instruct-Q4_K_M,llama.cpp,finegrained_gpu_emc
2026-05-22T16:25:07.056550,GPU1020_EMC3199_CPU1036,1020,1036,3199,1020,3199,p1024_o128,1024,128,mixed,0,945.1780209783465,79.84720376463464,2062.194276950322,14,6.78888509995475,98.864,39.545,49.545,7.061714285714286,0.14160867454280626,29.604,0.798,9.143,71.8,5,Qwen2.5-14B-Instruct-Q4_K_M,llama.cpp,finegrained_gpu_emc
2026-05-22T16:25:18.074246,GPU1020_EMC3199_CPU1036,1020,1036,3199,1020,3199,p1024_o128,1024,128,mixed,1,84.86145792994648,79.68202809524524,10204.995095031336,128,12.542877170251787,495.632,49.563,51.345,3.872125,0.258256125512477,37.281,0.818,11.464,72.1,20,Qwen2.5-14B-Instruct-Q4_K_M,llama.cpp,finegrained_gpu_emc
2026-05-22T16:25:29.100898,GPU1020_EMC3199_CPU1036,1020,1036,3199,1020,3199,p1024_o128,1024,128,mixed,2,90.79902805387974,79.7068267871853,10214.084787061438,128,12.531715045301207,495.406,49.541,51.26,3.870359375,0.2583739397585011,37.238,0.818,11.484,72.1,20,Qwen2.5-14B-Instruct-Q4_K_M,llama.cpp,finegrained_gpu_emc
2026-05-22T16:25:50.675395,GPU1020_EMC3199_CPU1036,1020,1036,3199,1020,3199,p128_o256,128,256,mixed,0,87.42190897464752,81.0602761216133,20758.819525013678,256,12.332107791174186,1012.868,49.408,50.861,3.956515625,0.25274764332568506,37.139,0.808,11.462,72.2,41,Qwen2.5-14B-Instruct-Q4_K_M,llama.cpp,finegrained_gpu_emc
2026-05-22T16:26:12.242682,GPU1020_EMC3199_CPU1036,1020,1036,3199,1020,3199,p128_o256,128,256,mixed,1,87.21689588855952,81.03260280810954,20751.505137886852,256,12.336454551077868,1012.512,49.391,50.76,3.955125,0.2528365095919851,37.156,0.808,11.427,72.3,41,Qwen2.5-14B-Instruct-Q4_K_M,llama.cpp,finegrained_gpu_emc
2026-05-22T16:26:33.812584,GPU1020_EMC3199_CPU1036,1020,1036,3199,1020,3199,p128_o256,128,256,mixed,2,86.23073401395231,81.04702259240416,20754.19614498969,256,12.334854995663198,1013.647,49.446,50.76,3.95955859375,0.25255340369971,37.177,0.827,11.442,72.3,41,Qwen2.5-14B-Instruct-Q4_K_M,llama.cpp,finegrained_gpu_emc
2026-05-22T16:27:17.827234,GPU1020_EMC3199_CPU1036,1020,1036,3199,1020,3199,p1024_o512,1024,512,mixed,0,1530.5209989892319,81.52541926416792,43192.03156593721,512,11.854038382482143,2101.636,49.45,51.345,4.1047578125,0.24361973243701573,37.171,0.821,11.458,72.4,85,Qwen2.5-14B-Instruct-Q4_K_M,llama.cpp,finegrained_gpu_emc
2026-05-22T16:28:00.334848,GPU1020_EMC3199_CPU1036,1020,1036,3199,1020,3199,p1024_o512,1024,512,mixed,1,91.40793397091329,81.39337109581344,41685.439186985604,512,12.282466251665374,2052.564,50.063,51.345,4.0089140625,0.24944410990351581,37.685,0.808,11.569,72.6,82,Qwen2.5-14B-Instruct-Q4_K_M,llama.cpp,finegrained_gpu_emc
2026-05-22T16:28:42.836161,GPU1020_EMC3199_CPU1036,1020,1036,3199,1020,3199,p1024_o512,1024,512,mixed,2,91.1186900921166,81.38167401552455,41679.11873804405,512,12.284328831853498,2053.056,50.075,51.26,4.009875,0.24938433242931513,37.707,0.813,11.555,72.7,82,Qwen2.5-14B-Instruct-Q4_K_M,llama.cpp,finegrained_gpu_emc
2026-05-22T16:28:57.760499,GPU1122_EMC204_CPU1036,1122,1036,3199,1122,204,p128_o64,128,64,decode,0,79.39243898727,78.05385173017544,4997.049589059316,64,12.80755751156111,248.03,49.606,51.245,3.87546875,0.25803330242309397,37.334,0.798,11.475,72.2,10,Qwen2.5-14B-Instruct-Q4_K_M,llama.cpp,finegrained_gpu_emc
2026-05-22T16:29:03.569124,GPU1122_EMC204_CPU1036,1122,1036,3199,1122,204,p128_o64,128,64,decode,1,79.288698034361,78.06585436420781,4997.707613976672,64,12.805871200031097,242.784,48.557,51.245,3.7935,0.26360880453407143,36.455,0.798,11.304,72.1,10,Qwen2.5-14B-Instruct-Q4_K_M,llama.cpp,finegrained_gpu_emc
2026-05-22T16:29:09.379813,GPU1122_EMC204_CPU1036,1122,1036,3199,1122,204,p128_o64,128,64,decode,2,79.3788960436359,78.09628252427848,4999.713825061917,64,12.800732649774693,243.039,48.608,51.644,3.797484375,0.2633322224005201,36.456,0.838,11.314,72.1,10,Qwen2.5-14B-Instruct-Q4_K_M,llama.cpp,finegrained_gpu_emc
2026-05-22T16:29:20.199752,GPU1122_EMC204_CPU1036,1122,1036,3199,1122,204,p512_o128,512,128,decode,0,79.43007501307875,78.18068523605274,10008.863997994922,128,12.788664130678793,498.759,49.876,51.644,3.8965546875,0.25663697296690385,37.538,0.818,11.52,72.2,20,Qwen2.5-14B-Instruct-Q4_K_M,llama.cpp,finegrained_gpu_emc
2026-05-22T16:29:31.021377,GPU1122_EMC204_CPU1036,1122,1036,3199,1122,204,p512_o128,512,128,decode,1,79.37029399909079,78.18474477948988,10009.342178935185,128,12.788053171903542,499.024,49.902,51.644,3.898625,0.2565006893456026,37.56,0.818,11.525,72.2,20,Qwen2.5-14B-Instruct-Q4_K_M,llama.cpp,finegrained_gpu_emc
2026-05-22T16:29:41.847595,GPU1122_EMC204_CPU1036,1122,1036,3199,1122,204,p512_o128,512,128,decode,2,79.46866401471198,78.21723716480173,10013.554312987253,128,12.782673963628298,498.662,49.866,51.644,3.895796875,0.2566868941286884,37.559,0.818,11.489,72.3,20,Qwen2.5-14B-Instruct-Q4_K_M,llama.cpp,finegrained_gpu_emc
2026-05-22T16:29:52.687601,GPU1122_EMC204_CPU1036,1122,1036,3199,1122,204,p1024_o128,1024,128,decode,0,79.41352704074234,78.3267748664962,10027.40383904893,128,12.765018947530534,495.01,49.501,51.26,3.867265625,0.2585806347346518,37.184,0.818,11.5,72.3,20,Qwen2.5-14B-Instruct-Q4_K_M,llama.cpp,finegrained_gpu_emc
2026-05-22T16:30:03.529700,GPU1122_EMC204_CPU1036,1122,1036,3199,1122,204,p1024_o128,1024,128,decode,1,79.79015307500958,78.3412296528466,10029.617567081004,128,12.762201464203267,492.248,49.225,50.861,3.8456875,0.2600315288228698,36.927,0.798,11.5,72.2,20,Qwen2.5-14B-Instruct-Q4_K_M,llama.cpp,finegrained_gpu_emc
2026-05-22T16:30:14.369867,GPU1122_EMC204_CPU1036,1122,1036,3199,1122,204,p1024_o128,1024,128,decode,2,79.63991805445403,78.32703047237675,10027.671684045345,128,12.764677986382027,496.064,49.606,51.26,3.8755,0.2580312217778351,37.304,0.818,11.484,72.3,20,Qwen2.5-14B-Instruct-Q4_K_M,llama.cpp,finegrained_gpu_emc
2026-05-22T16:30:35.321971,GPU1122_EMC204_CPU1036,1122,1036,3199,1122,204,p128_o256,128,256,decode,0,79.43022297695279,78.65274744290932,20136.846098001115,256,12.713013684174298,1000.883,50.044,51.644,3.90969921875,0.25577415142429233,37.732,0.808,11.504,72.4,40,Qwen2.5-14B-Instruct-Q4_K_M,llama.cpp,finegrained_gpu_emc
2026-05-22T16:30:56.279548,GPU1122_EMC204_CPU1036,1122,1036,3199,1122,204,p128_o256,128,256,decode,1,85.08974500000477,78.6499688977047,20141.83341001626,256,12.70986581949857,1000.962,50.048,51.659,3.9100078125,0.2557539646859721,37.728,0.808,11.512,72.5,40,Qwen2.5-14B-Instruct-Q4_K_M,llama.cpp,finegrained_gpu_emc
2026-05-22T16:31:17.245819,GPU1122_EMC204_CPU1036,1122,1036,3199,1122,204,p128_o256,128,256,decode,2,85.03869292326272,78.68434220789841,20150.50655696541,256,12.704395260550344,1002.626,50.131,52.957,3.9165078125,0.25532950472060373,37.739,0.858,11.535,72.6,40,Qwen2.5-14B-Instruct-Q4_K_M,llama.cpp,finegrained_gpu_emc
2026-05-22T16:31:59.606229,GPU1122_EMC204_CPU1036,1122,1036,3199,1122,204,p1024_o512,1024,512,decode,0,85.07312298752367,81.27747809413967,41538.777751033194,511,12.301758204411536,2028.692,50.091,51.36,3.9700430528375734,0.25188643717232584,37.813,0.808,11.47,72.7,81,Qwen2.5-14B-Instruct-Q4_K_M,llama.cpp,finegrained_gpu_emc
2026-05-22T16:32:41.960377,GPU1122_EMC204_CPU1036,1122,1036,3199,1122,204,p1024_o512,1024,512,decode,1,85.69151896517724,81.104219011751,41531.87041298952,512,12.327882055604862,2022.302,49.933,51.659,3.94980859375,0.25317682522195006,37.647,0.818,11.469,72.8,81,Qwen2.5-14B-Instruct-Q4_K_M,llama.cpp,finegrained_gpu_emc
2026-05-22T16:33:24.324123,GPU1122_EMC204_CPU1036,1122,1036,3199,1122,204,p1024_o512,1024,512,decode,2,85.71439608931541,81.12297420924868,41541.49741504807,512,12.325025140151356,2032.653,50.189,52.957,3.970025390625,0.2518875577877778,37.846,0.837,11.505,72.9,81,Qwen2.5-14B-Instruct-Q4_K_M,llama.cpp,finegrained_gpu_emc
2026-05-22T16:33:30.275392,GPU1122_EMC204_CPU1036,1122,1036,3199,1122,204,p128_o64,128,64,mixed,0,210.90453199576586,78.2363343011913,5140.063388971612,64,12.451208313367644,258.502,47.0,51.744,4.03909375,0.24758028951420105,35.178,0.834,10.988,72.7,11,Qwen2.5-14B-Instruct-Q4_K_M,llama.cpp,finegrained_gpu_emc
2026-05-22T16:33:36.083514,GPU1122_EMC204_CPU1036,1122,1036,3199,1122,204,p128_o64,128,64,mixed,1,79.93509899824858,78.0734896016795,4998.834867961705,64,12.802983433236765,242.842,48.568,51.26,3.79440625,0.263545844623253,36.467,0.798,11.304,72.6,10,Qwen2.5-14B-Instruct-Q4_K_M,llama.cpp,finegrained_gpu_emc
2026-05-22T16:33:41.892875,GPU1122_EMC204_CPU1036,1122,1036,3199,1122,204,p128_o64,128,64,mixed,2,80.01532405614853,78.06894714234485,4998.635126044974,64,12.803495031380328,242.61,48.522,51.245,3.79078125,0.2637978648860311,36.461,0.798,11.263,72.6,10,Qwen2.5-14B-Instruct-Q4_K_M,llama.cpp,finegrained_gpu_emc
2026-05-22T16:33:53.853472,GPU1122_EMC204_CPU1036,1122,1036,3199,1122,204,p512_o128,512,128,mixed,0,682.7871960122138,82.39972530717515,11148.051901021972,128,11.481826702678509,536.684,48.789,50.66,4.19284375,0.23850161361247962,36.871,0.816,11.102,72.5,22,Qwen2.5-14B-Instruct-Q4_K_M,llama.cpp,finegrained_gpu_emc
2026-05-22T16:34:05.205846,GPU1122_EMC204_CPU1036,1122,1036,3199,1122,204,p512_o128,512,128,mixed,1,85.84445808082819,82.30428129075257,10538.99794910103,128,12.14536719887286,516.958,49.234,50.66,4.038734375,0.24760231972423294,37.183,0.798,11.253,72.5,21,Qwen2.5-14B-Instruct-Q4_K_M,llama.cpp,finegrained_gpu_emc
2026-05-22T16:34:16.558234,GPU1122_EMC204_CPU1036,1122,1036,3199,1122,204,p512_o128,512,128,mixed,2,85.91201400849968,82.30974640986904,10539.763733977452,128,12.144484756082468,516.045,49.147,50.66,4.0316015625,0.24804038407503223,37.068,0.817,11.263,72.5,21,Qwen2.5-14B-Instruct-Q4_K_M,llama.cpp,finegrained_gpu_emc
2026-05-22T16:34:22.129867,GPU1122_EMC204_CPU1036,1122,1036,3199,1122,204,p1024_o128,1024,128,mixed,0,939.0223100781441,77.99778197901712,4760.693276068196,49,10.2926185659389,233.532,46.706,51.759,4.76595918367347,0.20982135210592123,35.268,0.798,10.64,72.3,10,Qwen2.5-14B-Instruct-Q4_K_M,llama.cpp,finegrained_gpu_emc
2026-05-22T16:34:32.985003,GPU1122_EMC204_CPU1036,1122,1036,3199,1122,204,p1024_o128,1024,128,mixed,1,83.61666207201779,78.41430192879277,10042.746355989948,128,12.745517556923561,502.728,50.273,52.158,3.9275625,0.25461084323928646,37.865,0.818,11.59,72.5,20,Qwen2.5-14B-Instruct-Q4_K_M,llama.cpp,finegrained_gpu_emc
2026-05-22T16:34:43.854792,GPU1122_EMC204_CPU1036,1122,1036,3199,1122,204,p1024_o128,1024,128,mixed,2,89.41881405189633,78.48585717284715,10057.638425030746,128,12.726645619059298,503.285,50.328,53.058,3.9319140625,0.2543290580883595,37.846,0.898,11.585,72.5,20,Qwen2.5-14B-Instruct-Q4_K_M,llama.cpp,finegrained_gpu_emc
2026-05-22T16:35:05.096192,GPU1122_EMC204_CPU1036,1122,1036,3199,1122,204,p128_o256,128,256,mixed,0,85.93657496385276,79.76948966308697,20428.141632000916,256,12.531732186493807,1003.786,50.189,51.26,3.9210390625,0.25503443961163036,37.857,0.808,11.525,72.6,40,Qwen2.5-14B-Instruct-Q4_K_M,llama.cpp,finegrained_gpu_emc
2026-05-22T16:35:26.340782,GPU1122_EMC204_CPU1036,1122,1036,3199,1122,204,p128_o256,128,256,mixed,1,85.56363405659795,79.77402690186292,20428.919158061035,256,12.531255227909849,1003.676,50.184,51.644,3.920609375,0.25506239065196334,37.861,0.808,11.515,72.7,40,Qwen2.5-14B-Instruct-Q4_K_M,llama.cpp,finegrained_gpu_emc
2026-05-22T16:35:47.596130,GPU1122_EMC204_CPU1036,1122,1036,3199,1122,204,p128_o256,128,256,mixed,2,85.62801405787468,79.81649194113618,20439.81602601707,256,12.524574569269472,1004.596,50.23,52.058,3.924203125,0.25482880680392916,37.855,0.868,11.507,72.7,40,Qwen2.5-14B-Instruct-Q4_K_M,llama.cpp,finegrained_gpu_emc
2026-05-22T16:36:30.855841,GPU1122_EMC204_CPU1036,1122,1036,3199,1122,204,p1024_o512,1024,512,mixed,0,1520.690675941296,80.06831338750327,42437.57130601443,512,12.064780906239966,2102.77,50.669,51.759,4.10697265625,0.2434883510797662,38.315,0.812,11.542,72.9,83,Qwen2.5-14B-Instruct-Q4_K_M,llama.cpp,finegrained_gpu_emc
2026-05-22T16:37:12.721234,GPU1122_EMC204_CPU1036,1122,1036,3199,1122,204,p1024_o512,1024,512,mixed,1,89.78883398231119,80.14081691964958,41043.76362997573,512,12.47448953794452,2034.363,50.859,51.759,3.973365234375,0.2516758316976862,38.382,0.813,11.664,73.0,80,Qwen2.5-14B-Instruct-Q4_K_M,llama.cpp,finegrained_gpu_emc
2026-05-22T16:37:54.631081,GPU1122_EMC204_CPU1036,1122,1036,3199,1122,204,p1024_o512,1024,512,mixed,2,89.74485099315643,80.22705474759064,41087.79741299804,512,12.461120630380393,2029.94,50.122,51.36,3.9647265625,0.2522242036710445,37.7,0.808,11.614,73.0,81,Qwen2.5-14B-Instruct-Q4_K_M,llama.cpp,finegrained_gpu_emc
2026-05-22T16:38:09.563552,GPU1122_EMC665_CPU1036,1122,1036,3199,1122,665,p128_o64,128,64,decode,0,79.58545093424618,78.0597191270707,4997.534283902496,64,12.806315347580448,248.124,49.625,51.26,3.8769375,0.2579355483548548,37.342,0.798,11.484,72.4,10,Qwen2.5-14B-Instruct-Q4_K_M,llama.cpp,finegrained_gpu_emc
2026-05-22T16:38:15.373394,GPU1122_EMC665_CPU1036,1122,1036,3199,1122,665,p128_o64,128,64,decode,1,79.35589901171625,78.105144540868,5000.249637058005,64,12.799360961037069,243.809,48.762,52.043,3.809515625,0.2625005639660554,36.421,1.037,11.304,72.5,10,Qwen2.5-14B-Instruct-Q4_K_M,llama.cpp,finegrained_gpu_emc
2026-05-22T16:38:21.181085,GPU1122_EMC665_CPU1036,1122,1036,3199,1122,665,p128_o64,128,64,decode,2,79.43443988915533,78.05369146138666,4997.017353889532,64,12.80764013160456,242.953,48.591,51.26,3.796140625,0.26342543619547815,36.499,0.798,11.294,72.3,10,Qwen2.5-14B-Instruct-Q4_K_M,llama.cpp,finegrained_gpu_emc
2026-05-22T16:38:32.003080,GPU1122_EMC665_CPU1036,1122,1036,3199,1122,665,p512_o128,512,128,decode,0,79.41019698046148,78.1871326694881,10009.66756499838,128,12.78763746835989,498.632,49.863,51.26,3.8955625,0.25670233759566174,37.566,0.798,11.5,72.4,20,Qwen2.5-14B-Instruct-Q4_K_M,llama.cpp,finegrained_gpu_emc
2026-05-22T16:38:42.829482,GPU1122_EMC665_CPU1036,1122,1036,3199,1122,665,p512_o128,512,128,decode,1,79.47630796115845,78.21989601558646,10013.904541963711,128,12.78222689896936,498.78,49.878,51.26,3.89671875,0.25662616784955294,37.586,0.798,11.494,72.5,20,Qwen2.5-14B-Instruct-Q4_K_M,llama.cpp,finegrained_gpu_emc
2026-05-22T16:38:53.654805,GPU1122_EMC665_CPU1036,1122,1036,3199,1122,665,p512_o128,512,128,decode,2,79.28353792522103,78.2138254176312,10012.933541904204,128,12.783466450098667,498.922,49.892,51.558,3.897828125,0.25655312854514334,37.585,0.818,11.489,72.5,20,Qwen2.5-14B-Instruct-Q4_K_M,llama.cpp,finegrained_gpu_emc
2026-05-22T16:39:04.475034,GPU1122_EMC665_CPU1036,1122,1036,3199,1122,665,p1024_o128,1024,128,decode,0,79.59275599569082,78.16981336956214,10007.657420937903,128,12.790206000876879,498.652,49.865,51.26,3.89571875,0.2566920417445433,37.563,0.798,11.505,72.5,20,Qwen2.5-14B-Instruct-Q4_K_M,llama.cpp,finegrained_gpu_emc
2026-05-22T16:39:15.296559,GPU1122_EMC665_CPU1036,1122,1036,3199,1122,665,p1024_o128,1024,128,decode,1,79.42706102039665,78.18204580300201,10009.042141027749,128,12.78843651535038,499.061,49.906,51.26,3.8989140625,0.2564816725811073,37.563,0.818,11.525,72.5,20,Qwen2.5-14B-Instruct-Q4_K_M,llama.cpp,finegrained_gpu_emc
2026-05-22T16:39:26.115790,GPU1122_EMC665_CPU1036,1122,1036,3199,1122,665,p1024_o128,1024,128,decode,2,79.50591004919261,78.16186471655232,10006.560871028341,128,12.791607591234875,498.094,49.809,51.26,3.891359375,0.2569796062590595,37.467,0.818,11.525,72.5,20,Qwen2.5-14B-Instruct-Q4_K_M,llama.cpp,finegrained_gpu_emc
2026-05-22T16:39:47.058988,GPU1122_EMC665_CPU1036,1122,1036,3199,1122,665,p128_o256,128,256,decode,0,79.39839304890484,78.61653337638606,20127.583872992545,256,12.718863904152158,1002.514,50.126,51.26,3.9160703125,0.2553580299127992,37.768,0.808,11.55,72.6,40,Qwen2.5-14B-Instruct-Q4_K_M,llama.cpp,finegrained_gpu_emc
2026-05-22T16:40:08.025550,GPU1122_EMC665_CPU1036,1122,1036,3199,1122,665,p128_o256,128,256,decode,1,85.17563005443662,78.68599618018112,20151.079948991537,256,12.704033761367294,1000.164,50.008,51.26,3.906890625,0.25595802288424696,37.648,0.808,11.552,72.7,40,Qwen2.5-14B-Instruct-Q4_K_M,llama.cpp,finegrained_gpu_emc
2026-05-22T16:40:28.992623,GPU1122_EMC665_CPU1036,1122,1036,3199,1122,665,p128_o256,128,256,decode,2,85.3071870515123,78.68645804678546,20151.32416097913,256,12.70387980238621,1000.966,50.048,51.659,3.9100234375,0.25575294265739296,37.678,0.808,11.562,72.7,40,Qwen2.5-14B-Instruct-Q4_K_M,llama.cpp,finegrained_gpu_emc
2026-05-22T16:41:11.322985,GPU1122_EMC665_CPU1036,1122,1036,3199,1122,665,p1024_o512,1024,512,decode,0,85.07766097318381,81.05913842271889,41508.26739997137,512,12.334892108755016,2032.144,50.176,51.558,3.96903125,0.2519506491665945,37.891,0.808,11.478,72.8,81,Qwen2.5-14B-Instruct-Q4_K_M,llama.cpp,finegrained_gpu_emc
2026-05-22T16:41:53.698673,GPU1122_EMC665_CPU1036,1122,1036,3199,1122,665,p1024_o512,1024,512,decode,1,84.48082394897938,81.14531248923639,41551.70403700322,512,12.32199766209459,2027.11,50.052,51.659,3.95919921875,0.25257632787564566,37.764,0.818,11.47,72.9,81,Qwen2.5-14B-Instruct-Q4_K_M,llama.cpp,finegrained_gpu_emc
2026-05-22T16:42:36.109244,GPU1122_EMC665_CPU1036,1122,1036,3199,1122,665,p1024_o512,1024,512,decode,2,85.6228619813919,81.21271913897596,41587.26655098144,512,12.31146075379453,2032.552,49.574,51.26,3.969828125,0.2519000743892407,37.331,0.808,11.436,72.9,82,Qwen2.5-14B-Instruct-Q4_K_M,llama.cpp,finegrained_gpu_emc
2026-05-22T16:42:42.060559,GPU1122_EMC665_CPU1036,1122,1036,3199,1122,665,p128_o64,128,64,mixed,0,210.92180802952498,78.25240799935446,5141.090710065328,64,12.448720244266369,258.226,46.95,51.26,4.03478125,0.2478449110469124,35.182,0.798,10.97,72.7,11,Qwen2.5-14B-Instruct-Q4_K_M,llama.cpp,finegrained_gpu_emc
2026-05-22T16:42:47.871156,GPU1122_EMC665_CPU1036,1122,1036,3199,1122,665,p128_o64,128,64,mixed,1,79.90949600934982,78.08795271419166,4999.717299011536,64,12.800723755451743,242.798,48.56,51.26,3.79371875,0.26359360456016934,36.468,0.798,11.294,72.6,10,Qwen2.5-14B-Instruct-Q4_K_M,llama.cpp,finegrained_gpu_emc
2026-05-22T16:42:53.681237,GPU1122_EMC665_CPU1036,1122,1036,3199,1122,665,p128_o64,128,64,mixed,2,80.16337093431503,78.0778983663324,4999.3399570230395,64,12.801689933106715,242.87,48.574,51.26,3.79484375,0.2635154609461852,36.462,0.798,11.314,72.6,10,Qwen2.5-14B-Instruct-Q4_K_M,llama.cpp,finegrained_gpu_emc
2026-05-22T16:43:05.634674,GPU1122_EMC665_CPU1036,1122,1036,3199,1122,665,p512_o128,512,128,mixed,0,683.1032959744334,82.339333220913,11140.699059003964,128,11.489404688348513,538.644,48.968,50.66,4.20815625,0.23763376181671012,37.012,0.834,11.121,72.6,22,Qwen2.5-14B-Instruct-Q4_K_M,llama.cpp,finegrained_gpu_emc
2026-05-22T16:43:16.980115,GPU1122_EMC665_CPU1036,1122,1036,3199,1122,665,p512_o128,512,128,mixed,1,85.90444200672209,82.27154315727961,10534.895443008281,128,12.150096855963584,517.768,49.311,50.66,4.0450625,0.24721496886636485,37.203,0.817,11.292,72.6,21,Qwen2.5-14B-Instruct-Q4_K_M,llama.cpp,finegrained_gpu_emc
2026-05-22T16:43:28.327609,GPU1122_EMC665_CPU1036,1122,1036,3199,1122,665,p512_o128,512,128,mixed,2,85.82090004347265,82.27363297638784,10535.070716054179,128,12.149894713563091,515.461,49.092,50.66,4.0270390625,0.24832140549915513,37.026,0.798,11.268,72.6,21,Qwen2.5-14B-Instruct-Q4_K_M,llama.cpp,finegrained_gpu_emc
2026-05-22T16:43:40.046297,GPU1122_EMC665_CPU1036,1122,1036,3199,1122,665,p1024_o128,1024,128,mixed,0,939.0166879165918,78.48290435504168,10906.846784986556,128,11.735747510104753,542.544,49.322,52.143,4.238625,0.23592556548408977,37.253,0.852,11.217,72.6,22,Qwen2.5-14B-Instruct-Q4_K_M,llama.cpp,finegrained_gpu_emc
2026-05-22T16:43:50.911258,GPU1122_EMC665_CPU1036,1122,1036,3199,1122,665,p1024_o128,1024,128,mixed,1,89.24604102503508,78.46403642517228,10054.553415975533,128,12.730550498306833,502.265,50.226,51.86,3.9239453125,0.25484554966004,37.844,0.798,11.585,72.6,20,Qwen2.5-14B-Instruct-Q4_K_M,llama.cpp,finegrained_gpu_emc
2026-05-22T16:44:01.772460,GPU1122_EMC665_CPU1036,1122,1036,3199,1122,665,p1024_o128,1024,128,mixed,2,89.41037196200341,78.4174178426308,10048.944992944598,128,12.73765555387847,503.07,50.307,51.759,3.930234375,0.2544377522014829,37.904,0.818,11.585,72.7,20,Qwen2.5-14B-Instruct-Q4_K_M,llama.cpp,finegrained_gpu_emc
2026-05-22T16:44:23.008513,GPU1122_EMC665_CPU1036,1122,1036,3199,1122,665,p128_o256,128,256,mixed,0,85.90011403430253,79.74119323908405,20420.874716015533,256,12.536191694042676,1003.086,50.154,51.644,3.9183046875,0.2552124144888873,37.849,0.808,11.497,72.7,40,Qwen2.5-14B-Instruct-Q4_K_M,llama.cpp,finegrained_gpu_emc
2026-05-22T16:44:44.253700,GPU1122_EMC665_CPU1036,1122,1036,3199,1122,665,p128_o256,128,256,mixed,1,85.72068903595209,79.77699350163925,20429.57277595997,256,12.530854306519915,1003.83,50.192,51.558,3.9212109375,0.255023260910712,37.849,0.818,11.525,72.8,40,Qwen2.5-14B-Instruct-Q4_K_M,llama.cpp,finegrained_gpu_emc
2026-05-22T16:45:05.494424,GPU1122_EMC665_CPU1036,1122,1036,3199,1122,665,p128_o256,128,256,mixed,2,85.7344149844721,79.75574331768952,20424.418678041548,256,12.534016465067259,1003.707,50.185,51.659,3.92073046875,0.2550545129206033,37.873,0.818,11.494,72.8,40,Qwen2.5-14B-Instruct-Q4_K_M,llama.cpp,finegrained_gpu_emc
2026-05-22T16:45:48.790298,GPU1122_EMC665_CPU1036,1122,1036,3199,1122,665,p1024_o512,1024,512,mixed,0,1519.535435945727,80.14760123872892,42476.9435179187,512,12.053597966247624,2102.37,50.66,52.558,4.10619140625,0.24353467753059643,38.262,0.846,11.551,72.9,83,Qwen2.5-14B-Instruct-Q4_K_M,llama.cpp,finegrained_gpu_emc
2026-05-22T16:46:30.633186,GPU1122_EMC665_CPU1036,1122,1036,3199,1122,665,p1024_o512,1024,512,mixed,1,87.92657998856157,81.3737223082209,41020.87066904642,504,12.286428634492855,2034.058,50.851,51.759,4.035829365079365,0.24778054509753408,38.411,0.813,11.628,73.1,80,Qwen2.5-14B-Instruct-Q4_K_M,llama.cpp,finegrained_gpu_emc
2026-05-22T16:47:12.473644,GPU1122_EMC665_CPU1036,1122,1036,3199,1122,665,p1024_o512,1024,512,mixed,2,87.6703349640593,80.0959248826593,41018.672147998586,512,12.482120292745309,2034.873,50.872,51.759,3.974361328125,0.25161275421119644,38.416,0.808,11.648,73.2,80,Qwen2.5-14B-Instruct-Q4_K_M,llama.cpp,finegrained_gpu_emc
2026-05-22T16:47:27.396934,GPU1122_EMC2133_CPU1036,1122,1036,3199,1122,2133,p128_o64,128,64,decode,0,79.44820402190089,78.03372480899155,4995.832895045169,64,12.81067668685931,248.023,49.605,51.26,3.875359375,0.258040584945751,37.342,0.798,11.464,72.5,10,Qwen2.5-14B-Instruct-Q4_K_M,llama.cpp,finegrained_gpu_emc
2026-05-22T16:47:33.203844,GPU1122_EMC2133_CPU1036,1122,1036,3199,1122,2133,p128_o64,128,64,decode,1,79.5351720880717,78.04094606249164,4996.373875066638,64,12.809289616891693,243.099,48.62,51.26,3.798421875,0.26326722857765766,36.508,0.798,11.314,72.5,10,Qwen2.5-14B-Instruct-Q4_K_M,llama.cpp,finegrained_gpu_emc
2026-05-22T16:47:39.013364,GPU1122_EMC2133_CPU1036,1122,1036,3199,1122,2133,p128_o64,128,64,decode,2,79.47926293127239,78.07829269828896,4998.678419971839,64,12.80338413935429,242.602,48.52,51.245,3.79065625,0.26380656383706647,36.459,0.798,11.263,72.4,10,Qwen2.5-14B-Instruct-Q4_K_M,llama.cpp,finegrained_gpu_emc
2026-05-22T16:47:49.834671,GPU1122_EMC2133_CPU1036,1122,1036,3199,1122,2133,p512_o128,512,128,decode,0,79.37449007295072,78.17959933776379,10008.67463904433,128,12.788906085593565,498.184,49.818,51.26,3.8920625,0.25693318131453435,37.506,0.798,11.515,72.6,20,Qwen2.5-14B-Instruct-Q4_K_M,llama.cpp,finegrained_gpu_emc
2026-05-22T16:48:00.655731,GPU1122_EMC2133_CPU1036,1122,1036,3199,1122,2133,p512_o128,512,128,decode,1,79.4577409978956,78.17840273217041,10008.608864969574,128,12.788990131086427,498.594,49.859,51.26,3.895265625,0.25672190198839134,37.567,0.818,11.474,72.6,20,Qwen2.5-14B-Instruct-Q4_K_M,llama.cpp,finegrained_gpu_emc
2026-05-22T16:48:11.472420,GPU1122_EMC2133_CPU1036,1122,1036,3199,1122,2133,p512_o128,512,128,decode,2,79.39181197434664,78.14503192083954,10004.30545094423,128,12.794491394494463,498.8,49.88,51.26,3.896875,0.2566158781074579,37.588,0.798,11.494,72.5,20,Qwen2.5-14B-Instruct-Q4_K_M,llama.cpp,finegrained_gpu_emc
2026-05-22T16:48:22.287946,GPU1122_EMC2133_CPU1036,1122,1036,3199,1122,2133,p1024_o128,1024,128,decode,0,79.4774959795177,78.13616796840334,10003.148389980197,128,12.795971329208024,498.83,49.883,51.26,3.897109375,0.2566004450413969,37.586,0.798,11.499,72.6,20,Qwen2.5-14B-Instruct-Q4_K_M,llama.cpp,finegrained_gpu_emc
2026-05-22T16:48:33.109130,GPU1122_EMC2133_CPU1036,1122,1036,3199,1122,2133,p1024_o128,1024,128,decode,1,79.43146990146488,78.18007955921624,10008.791518979706,128,12.788756740239135,498.791,49.879,51.659,3.8968046875,0.2566205083892853,37.546,0.818,11.515,72.6,20,Qwen2.5-14B-Instruct-Q4_K_M,llama.cpp,finegrained_gpu_emc
2026-05-22T16:48:43.928158,GPU1122_EMC2133_CPU1036,1122,1036,3199,1122,2133,p1024_o128,1024,128,decode,2,79.42886801902205,78.16156753481872,10006.329540046863,128,12.791903313570115,499.25,49.925,51.26,3.900390625,0.2563845768652979,37.587,0.798,11.54,72.6,20,Qwen2.5-14B-Instruct-Q4_K_M,llama.cpp,finegrained_gpu_emc
2026-05-22T16:49:04.873187,GPU1122_EMC2133_CPU1036,1122,1036,3199,1122,2133,p128_o256,128,256,decode,0,79.49237700086087,78.62341355295011,20129.436130984686,256,12.717693547607439,1003.795,50.19,51.659,3.92107421875,0.25503215297944304,37.837,0.808,11.545,72.7,40,Qwen2.5-14B-Instruct-Q4_K_M,llama.cpp,finegrained_gpu_emc
2026-05-22T16:49:25.823784,GPU1122_EMC2133_CPU1036,1122,1036,3199,1122,2133,p128_o256,128,256,decode,1,84.92962294258177,78.6238831846847,20135.035627987236,256,12.714156792658757,1003.156,50.158,51.36,3.918578125,0.2551946058240194,37.798,0.808,11.552,72.8,40,Qwen2.5-14B-Instruct-Q4_K_M,llama.cpp,finegrained_gpu_emc
2026-05-22T16:49:46.770109,GPU1122_EMC2133_CPU1036,1122,1036,3199,1122,2133,p128_o256,128,256,decode,2,85.05894604604691,78.61143477653683,20131.961167091504,256,12.716098440447405,1003.046,50.152,51.26,3.9181484375,0.25522259198481423,37.804,0.798,11.55,72.8,40,Qwen2.5-14B-Instruct-Q4_K_M,llama.cpp,finegrained_gpu_emc
2026-05-22T16:50:29.105147,GPU1122_EMC2133_CPU1036,1122,1036,3199,1122,2133,p1024_o512,1024,512,decode,0,85.21492499858141,81.07055100765436,41513.72777996585,512,12.333269676810055,2032.61,50.188,51.26,3.96994140625,0.25189288648584823,37.871,0.818,11.499,72.9,81,Qwen2.5-14B-Instruct-Q4_K_M,llama.cpp,finegrained_gpu_emc
2026-05-22T16:51:11.438427,GPU1122_EMC2133_CPU1036,1122,1036,3199,1122,2133,p1024_o512,1024,512,decode,1,85.65520402044058,81.06402857338466,41511.38993399218,512,12.333964264124573,2032.063,50.174,51.261,3.968873046875,0.2519606921635796,37.864,0.808,11.503,73.0,81,Qwen2.5-14B-Instruct-Q4_K_M,llama.cpp,finegrained_gpu_emc
2026-05-22T16:51:53.774049,GPU1122_EMC2133_CPU1036,1122,1036,3199,1122,2133,p1024_o512,1024,512,decode,2,85.49798897001892,81.06855416639458,41513.52993596811,512,12.333328454355154,2032.764,50.192,51.26,3.9702421875,0.2518738033534636,37.892,0.798,11.501,73.0,81,Qwen2.5-14B-Instruct-Q4_K_M,llama.cpp,finegrained_gpu_emc
2026-05-22T16:51:59.727502,GPU1122_EMC2133_CPU1036,1122,1036,3199,1122,2133,p128_o64,128,64,mixed,0,211.20368991978467,78.26346401605637,5142.0676140114665,64,12.446355202644227,258.771,47.049,51.26,4.043296875,0.2473229225840608,35.226,0.834,10.989,72.7,11,Qwen2.5-14B-Instruct-Q4_K_M,llama.cpp,finegrained_gpu_emc
2026-05-22T16:52:05.537592,GPU1122_EMC2133_CPU1036,1122,1036,3199,1122,2133,p128_o64,128,64,mixed,1,79.79078206699342,78.08198779267038,4999.22525708098,64,12.801983649236332,243.306,48.661,51.66,3.80165625,0.2630432459536551,36.47,0.878,11.314,72.6,10,Qwen2.5-14B-Instruct-Q4_K_M,llama.cpp,finegrained_gpu_emc
2026-05-22T16:52:11.346840,GPU1122_EMC2133_CPU1036,1122,1036,3199,1122,2133,p128_o64,128,64,mixed,2,79.89055407233536,78.06899550644356,4998.506161966361,64,12.803825368262236,242.914,48.583,51.26,3.79553125,0.2634677293198416,36.471,0.798,11.314,72.6,10,Qwen2.5-14B-Instruct-Q4_K_M,llama.cpp,finegrained_gpu_emc
2026-05-22T16:52:23.297909,GPU1122_EMC2133_CPU1036,1122,1036,3199,1122,2133,p512_o128,512,128,mixed,0,682.6945099746808,82.32481540895735,11138.44298699405,128,11.491731847032918,538.456,48.951,50.66,4.2066875,0.23771673080065966,37.0,0.834,11.116,72.5,22,Qwen2.5-14B-Instruct-Q4_K_M,llama.cpp,finegrained_gpu_emc
2026-05-22T16:52:34.644874,GPU1122_EMC2133_CPU1036,1122,1036,3199,1122,2133,p512_o128,512,128,mixed,1,85.95870004501194,82.2652961497789,10534.160551032983,128,12.150944480094171,516.973,49.236,50.66,4.0388515625,0.24759513552932166,37.146,0.798,11.291,72.5,21,Qwen2.5-14B-Instruct-Q4_K_M,llama.cpp,finegrained_gpu_emc
2026-05-22T16:52:45.992803,GPU1122_EMC2133_CPU1036,1122,1036,3199,1122,2133,p512_o128,512,128,mixed,2,86.00086905062199,82.27605167703014,10535.568895051256,128,12.149320200461494,516.58,49.198,50.559,4.03578125,0.24778349916760228,37.109,0.817,11.272,72.4,21,Qwen2.5-14B-Instruct-Q4_K_M,llama.cpp,finegrained_gpu_emc
2026-05-22T16:52:57.711141,GPU1122_EMC2133_CPU1036,1122,1036,3199,1122,2133,p1024_o128,1024,128,mixed,0,939.3480740254745,78.4868702748937,10907.693773973733,128,11.734836222246537,542.032,49.276,51.759,4.234625,0.23614841928151842,37.238,0.816,11.221,72.4,22,Qwen2.5-14B-Instruct-Q4_K_M,llama.cpp,finegrained_gpu_emc
2026-05-22T16:53:08.573537,GPU1122_EMC2133_CPU1036,1122,1036,3199,1122,2133,p1024_o128,1024,128,mixed,1,89.30188696831465,78.42803891385194,10050.16698106192,128,12.736106797150475,503.2,50.32,51.86,3.93125,0.2543720190779014,37.907,0.818,11.595,72.4,20,Qwen2.5-14B-Instruct-Q4_K_M,llama.cpp,finegrained_gpu_emc
2026-05-22T16:53:19.437201,GPU1122_EMC2133_CPU1036,1122,1036,3199,1122,2133,p1024_o128,1024,128,mixed,2,89.3312250263989,78.4348605198815,10051.073063048534,128,12.734958665316581,502.29,50.229,51.759,3.924140625,0.2548328654761194,37.841,0.818,11.57,72.4,20,Qwen2.5-14B-Instruct-Q4_K_M,llama.cpp,finegrained_gpu_emc
2026-05-22T16:53:40.674400,GPU1122_EMC2133_CPU1036,1122,1036,3199,1122,2133,p128_o256,128,256,mixed,0,85.85066697560251,79.7441266550153,20421.569571015425,256,12.53576514330925,1003.512,50.176,51.26,3.91996875,0.25510407449038974,37.838,0.808,11.53,72.4,40,Qwen2.5-14B-Instruct-Q4_K_M,llama.cpp,finegrained_gpu_emc
2026-05-22T16:54:01.909588,GPU1122_EMC2133_CPU1036,1122,1036,3199,1122,2133,p128_o256,128,256,mixed,1,85.61837102752179,79.73742392142394,20419.6339660557,256,12.53695342558824,1003.638,50.182,51.26,3.9204609375,0.255072047889777,37.844,0.808,11.53,72.3,40,Qwen2.5-14B-Instruct-Q4_K_M,llama.cpp,finegrained_gpu_emc
2026-05-22T16:54:23.147220,GPU1122_EMC2133_CPU1036,1122,1036,3199,1122,2133,p128_o256,128,256,mixed,2,85.55071300361305,79.74706311372346,20422.074483009055,256,12.535455211124082,1003.495,50.175,51.26,3.91990234375,0.25510839615543673,37.845,0.818,11.512,72.3,40,Qwen2.5-14B-Instruct-Q4_K_M,llama.cpp,finegrained_gpu_emc
2026-05-22T16:55:06.395096,GPU1122_EMC2133_CPU1036,1122,1036,3199,1122,2133,p1024_o512,1024,512,mixed,0,1519.6585429366678,80.04717972815773,42425.76814698987,512,12.068137416536716,2101.02,50.627,51.759,4.1035546875,0.24369115953203682,38.282,0.808,11.538,72.4,83,Qwen2.5-14B-Instruct-Q4_K_M,llama.cpp,finegrained_gpu_emc
2026-05-22T16:55:48.224106,GPU1122_EMC2133_CPU1036,1122,1036,3199,1122,2133,p1024_o512,1024,512,mixed,1,89.61201901547611,80.06989749316162,41007.291030022316,512,12.485584566538517,2034.588,50.865,51.759,3.9738046875,0.251647999496704,38.407,0.803,11.655,72.4,80,Qwen2.5-14B-Instruct-Q4_K_M,llama.cpp,finegrained_gpu_emc
2026-05-22T16:56:30.080952,GPU1122_EMC2133_CPU1036,1122,1036,3199,1122,2133,p1024_o512,1024,512,mixed,2,89.68841808382422,80.12441500183924,41035.26257304475,512,12.477073811544773,2035.136,50.878,52.059,3.974875,0.2515802383722759,38.386,0.833,11.659,72.5,80,Qwen2.5-14B-Instruct-Q4_K_M,llama.cpp,finegrained_gpu_emc
2026-05-22T16:56:45.007346,GPU1122_EMC3199_CPU1036,1122,1036,3199,1122,3199,p128_o64,128,64,decode,0,79.34635202400386,78.04445120587295,4996.414339053445,64,12.809185879513068,248.053,49.611,51.26,3.875828125,0.25800937702829635,37.308,0.838,11.464,71.9,10,Qwen2.5-14B-Instruct-Q4_K_M,llama.cpp,finegrained_gpu_emc
2026-05-22T16:56:50.816052,GPU1122_EMC3199_CPU1036,1122,1036,3199,1122,3199,p128_o64,128,64,decode,1,79.51168902218342,78.06515576140512,4997.879519010894,64,12.805430734485958,242.661,48.532,51.36,3.791578125,0.2637424225565707,36.431,0.798,11.304,71.7,10,Qwen2.5-14B-Instruct-Q4_K_M,llama.cpp,finegrained_gpu_emc
2026-05-22T16:56:56.624559,GPU1122_EMC3199_CPU1036,1122,1036,3199,1122,3199,p128_o64,128,64,decode,2,79.39935300964862,78.063592048628,4997.663261019625,64,12.805984848795655,242.5,48.5,51.26,3.7890625,0.2639175257731959,36.388,0.798,11.314,71.7,10,Qwen2.5-14B-Instruct-Q4_K_M,llama.cpp,finegrained_gpu_emc
2026-05-22T16:57:07.443583,GPU1122_EMC3199_CPU1036,1122,1036,3199,1122,3199,p512_o128,512,128,decode,0,79.39349301159382,78.16213763806617,10006.479294039309,128,12.791711873750385,498.954,49.895,51.659,3.898078125,0.2565366747235216,37.568,0.818,11.51,71.8,20,Qwen2.5-14B-Instruct-Q4_K_M,llama.cpp,finegrained_gpu_emc
2026-05-22T16:57:18.264078,GPU1122_EMC3199_CPU1036,1122,1036,3199,1122,3199,p512_o128,512,128,decode,1,79.377734917216,78.17522770134865,10008.03108990658,128,12.789728454090445,498.696,49.87,51.558,3.8960625,0.2566693937789756,37.547,0.818,11.504,71.8,20,Qwen2.5-14B-Instruct-Q4_K_M,llama.cpp,finegrained_gpu_emc
2026-05-22T16:57:29.085046,GPU1122_EMC3199_CPU1036,1122,1036,3199,1122,3199,p512_o128,512,128,decode,2,79.49532591737807,78.17923529146928,10008.747854968533,128,12.78881253227479,498.151,49.815,51.26,3.8918046875,0.2569502018464281,37.548,0.798,11.469,71.8,20,Qwen2.5-14B-Instruct-Q4_K_M,llama.cpp,finegrained_gpu_emc
2026-05-22T16:57:39.907782,GPU1122_EMC3199_CPU1036,1122,1036,3199,1122,3199,p1024_o128,1024,128,decode,0,79.24493902828544,78.1932418109981,10010.281383991241,128,12.786853345071963,498.106,49.811,51.26,3.891453125,0.25697341529714557,37.508,0.798,11.505,71.8,20,Qwen2.5-14B-Instruct-Q4_K_M,llama.cpp,finegrained_gpu_emc
2026-05-22T16:57:50.727478,GPU1122_EMC3199_CPU1036,1122,1036,3199,1122,3199,p1024_o128,1024,128,decode,1,79.39357601571828,78.168405669074,10007.275670068339,128,12.790693913114307,498.799,49.88,51.36,3.8968671875,0.2566163925749651,37.507,0.818,11.555,71.8,20,Qwen2.5-14B-Instruct-Q4_K_M,llama.cpp,finegrained_gpu_emc
2026-05-22T16:58:01.569266,GPU1122_EMC3199_CPU1036,1122,1036,3199,1122,3199,p1024_o128,1024,128,decode,2,79.56237299367785,78.34370452708997,10029.70703796018,128,12.762087617868485,492.14,49.214,50.861,3.84484375,0.26008859267688056,36.927,0.798,11.49,71.7,20,Qwen2.5-14B-Instruct-Q4_K_M,llama.cpp,finegrained_gpu_emc
2026-05-22T16:58:22.555727,GPU1122_EMC3199_CPU1036,1122,1036,3199,1122,3199,p128_o256,128,256,decode,0,79.60643793921918,78.78586091375088,20171.01888603065,256,12.691475896504745,990.404,49.52,50.861,3.868765625,0.2584803777044519,37.19,0.798,11.532,71.7,40,Qwen2.5-14B-Instruct-Q4_K_M,llama.cpp,finegrained_gpu_emc
2026-05-22T16:58:43.556641,GPU1122_EMC3199_CPU1036,1122,1036,3199,1122,3199,p128_o256,128,256,decode,1,85.43417707551271,78.81917518828357,20185.291651054285,256,12.682501914042398,989.856,49.493,50.76,3.866625,0.2586234765460835,37.17,0.798,11.525,71.7,40,Qwen2.5-14B-Instruct-Q4_K_M,llama.cpp,finegrained_gpu_emc
2026-05-22T16:59:04.557252,GPU1122_EMC3199_CPU1036,1122,1036,3199,1122,3199,p128_o256,128,256,decode,2,85.21547692362219,78.81814579607224,20184.80459798593,256,12.682807938876161,990.916,49.546,50.861,3.870765625,0.25834682253591623,37.221,0.808,11.517,71.7,40,Qwen2.5-14B-Instruct-Q4_K_M,llama.cpp,finegrained_gpu_emc
2026-05-22T16:59:46.082220,GPU1122_EMC3199_CPU1036,1122,1036,3199,1122,3199,p1024_o512,1024,512,decode,0,84.32588796131313,81.23349699188016,40704.35793697834,500,12.283697012839239,1778.002,49.389,50.76,3.5560039999999997,0.28121453181717454,37.133,0.82,11.436,71.7,72,Qwen2.5-14B-Instruct-Q4_K_M,llama.cpp,finegrained_gpu_emc
2026-05-22T17:00:21.695668,GPU1122_EMC3199_CPU1036,1122,1036,3199,1122,3199,p1024_o512,1024,512,decode,1,85.7484310399741,80.7077848018171,34793.38432196528,430,12.358671292822134,1685.81,49.583,50.861,3.9204883720930233,0.2550702629596455,37.286,0.816,11.481,71.7,68,Qwen2.5-14B-Instruct-Q4_K_M,llama.cpp,finegrained_gpu_emc
2026-05-22T17:00:53.450053,GPU1122_EMC3199_CPU1036,1122,1036,3199,1122,3199,p1024_o512,1024,512,decode,2,84.8677420290187,80.33192710976503,30935.418049106374,384,12.412956546778993,1507.504,49.426,50.76,3.9257916666666666,0.25472569227013664,37.15,0.811,11.466,71.7,61,Qwen2.5-14B-Instruct-Q4_K_M,llama.cpp,finegrained_gpu_emc
2026-05-22T17:00:59.406192,GPU1122_EMC3199_CPU1036,1122,1036,3199,1122,3199,p128_o64,128,64,mixed,0,211.68184000998735,78.30134525318586,5144.934466923587,64,12.439419862672963,255.568,46.467,50.861,3.99325,0.25042258811744816,34.644,0.834,10.989,71.4,11,Qwen2.5-14B-Instruct-Q4_K_M,llama.cpp,finegrained_gpu_emc
2026-05-22T17:01:05.225801,GPU1122_EMC3199_CPU1036,1122,1036,3199,1122,3199,p128_o64,128,64,mixed,1,80.16344800125808,78.22547180925511,5008.635727921501,64,12.777930653495321,239.604,47.921,50.76,3.7438125,0.26710739386654647,35.87,0.798,11.253,71.3,10,Qwen2.5-14B-Instruct-Q4_K_M,llama.cpp,finegrained_gpu_emc
2026-05-22T17:01:11.044974,GPU1122_EMC3199_CPU1036,1122,1036,3199,1122,3199,p128_o64,128,64,mixed,2,80.02351503819227,78.2241121891679,5008.409818983637,64,12.778507013826518,239.56,47.912,50.76,3.743125,0.2671564534980798,35.871,0.798,11.243,71.3,10,Qwen2.5-14B-Instruct-Q4_K_M,llama.cpp,finegrained_gpu_emc
2026-05-22T17:01:23.031923,GPU1122_EMC3199_CPU1036,1122,1036,3199,1122,3199,p512_o128,512,128,mixed,0,685.7830380322412,82.58235875579463,11174.248239025474,128,11.454909293402553,530.828,48.257,50.261,4.14709375,0.24113272095669408,36.366,0.816,11.075,71.3,22,Qwen2.5-14B-Instruct-Q4_K_M,llama.cpp,finegrained_gpu_emc
2026-05-22T17:01:34.406993,GPU1122_EMC3199_CPU1036,1122,1036,3199,1122,3199,p512_o128,512,128,mixed,1,85.92106297146529,82.48886703165233,10562.513296026736,128,12.118327940770433,509.452,48.519,50.16,3.98009375,0.2512503631352905,36.483,0.817,11.22,71.3,21,Qwen2.5-14B-Instruct-Q4_K_M,llama.cpp,finegrained_gpu_emc
2026-05-22T17:01:45.778911,GPU1122_EMC3199_CPU1036,1122,1036,3199,1122,3199,p512_o128,512,128,mixed,2,86.06392703950405,82.4639436213197,10559.489093953744,128,12.121798589033205,509.652,48.538,50.16,3.98165625,0.25115176630328145,36.483,0.817,11.239,71.2,21,Qwen2.5-14B-Instruct-Q4_K_M,llama.cpp,finegrained_gpu_emc
2026-05-22T17:01:57.529228,GPU1122_EMC3199_CPU1036,1122,1036,3199,1122,3199,p1024_o128,1024,128,mixed,0,943.373603047803,78.69139464579405,10937.69372208044,128,11.702649868646473,535.449,48.677,51.26,4.1831953125,0.2390517117409875,36.676,0.798,11.203,71.2,22,Qwen2.5-14B-Instruct-Q4_K_M,llama.cpp,finegrained_gpu_emc
2026-05-22T17:02:08.418436,GPU1122_EMC3199_CPU1036,1122,1036,3199,1122,3199,p1024_o128,1024,128,mixed,1,89.49596900492907,78.63606603203826,10076.78455405403,128,12.702464691328926,495.954,49.595,51.36,3.874640625,0.25808845175157374,37.268,0.818,11.51,71.2,20,Qwen2.5-14B-Instruct-Q4_K_M,llama.cpp,finegrained_gpu_emc
2026-05-22T17:02:19.294545,GPU1122_EMC3199_CPU1036,1122,1036,3199,1122,3199,p1024_o128,1024,128,mixed,2,89.44791904650629,78.53157950407554,10063.471194007434,128,12.719269279194744,500.408,50.041,51.659,3.9094375,0.25579127432015475,37.668,0.838,11.535,71.2,20,Qwen2.5-14B-Instruct-Q4_K_M,llama.cpp,finegrained_gpu_emc
2026-05-22T17:02:40.543554,GPU1122_EMC3199_CPU1036,1122,1036,3199,1122,3199,p128_o256,128,256,mixed,0,85.9029630664736,79.78669348601983,20432.480404968373,256,12.529071112567953,1002.062,50.103,51.26,3.9143046875,0.2554732142322531,37.808,0.798,11.497,71.3,40,Qwen2.5-14B-Instruct-Q4_K_M,llama.cpp,finegrained_gpu_emc
2026-05-22T17:03:01.802889,GPU1122_EMC3199_CPU1036,1122,1036,3199,1122,3199,p128_o256,128,256,mixed,1,85.85382194723934,79.83141092163528,20443.846530048177,256,12.52210534958446,999.868,49.993,51.276,3.905734375,0.25603379646113283,37.719,0.798,11.477,71.4,40,Qwen2.5-14B-Instruct-Q4_K_M,llama.cpp,finegrained_gpu_emc
2026-05-22T17:03:23.051206,GPU1122_EMC3199_CPU1036,1122,1036,3199,1122,3199,p128_o256,128,256,mixed,2,85.60643799137324,79.78920768992062,20432.914505014196,256,12.528804930749263,1002.961,50.148,51.26,3.91781640625,0.25524422185907525,37.828,0.808,11.512,71.4,40,Qwen2.5-14B-Instruct-Q4_K_M,llama.cpp,finegrained_gpu_emc
2026-05-22T17:04:06.365447,GPU1122_EMC3199_CPU1036,1122,1036,3199,1122,3199,p1024_o512,1024,512,mixed,0,1519.9497310677543,80.17724473393885,42492.273900075816,512,12.049249263619345,2091.638,50.401,51.659,4.08523046875,0.24478423130579957,38.086,0.808,11.508,71.6,83,Qwen2.5-14B-Instruct-Q4_K_M,llama.cpp,finegrained_gpu_emc
2026-05-22T17:04:48.188007,GPU1122_EMC3199_CPU1036,1122,1036,3199,1122,3199,p1024_o512,1024,512,mixed,1,89.78941198438406,80.05712485513168,41000.949057983235,512,12.487515820083418,2030.354,50.759,51.759,3.96553515625,0.25217277381185743,38.327,0.798,11.634,71.7,80,Qwen2.5-14B-Instruct-Q4_K_M,llama.cpp,finegrained_gpu_emc
2026-05-22T17:05:30.033439,GPU1122_EMC3199_CPU1036,1122,1036,3199,1122,3199,p1024_o512,1024,512,mixed,2,88.44676602166146,80.1116146594687,41027.43722603191,512,12.479453619762923,2030.666,50.767,51.759,3.96614453125,0.2521340289343496,38.326,0.818,11.623,71.8,80,Qwen2.5-14B-Instruct-Q4_K_M,llama.cpp,finegrained_gpu_emc
2026-05-22T17:05:44.839017,GPU1224_EMC204_CPU1036,1224,1036,3199,1224,204,p128_o64,128,64,decode,0,78.661383013241,77.08684420619633,4935.399066074751,64,12.967543078720244,250.3,50.06,51.659,3.9109375,0.2556931681981622,37.747,0.798,11.515,71.1,10,Qwen2.5-14B-Instruct-Q4_K_M,llama.cpp,finegrained_gpu_emc
2026-05-22T17:05:50.585607,GPU1224_EMC204_CPU1036,1224,1036,3199,1224,204,p128_o64,128,64,decode,1,78.53810396045446,77.09430685702948,4935.7469889801,64,12.966628991091108,244.351,48.87,51.659,3.817984375,0.26191830604335564,36.789,0.798,11.283,71.1,10,Qwen2.5-14B-Instruct-Q4_K_M,llama.cpp,finegrained_gpu_emc
2026-05-22T17:05:56.332845,GPU1224_EMC204_CPU1036,1224,1036,3199,1224,204,p128_o64,128,64,decode,2,78.48525897134095,77.1045805239636,4936.33786495775,64,12.965076895227424,244.485,48.897,51.659,3.820078125,0.26177475100721925,36.826,0.798,11.273,71.0,10,Qwen2.5-14B-Instruct-Q4_K_M,llama.cpp,finegrained_gpu_emc
2026-05-22T17:06:07.032634,GPU1224_EMC204_CPU1036,1224,1036,3199,1224,204,p512_o128,512,128,decode,0,78.99330998770893,77.22770970124077,9887.407260015607,128,12.945759857351922,498.148,49.815,51.659,3.89178125,0.2569517492793306,37.567,0.798,11.449,71.2,20,Qwen2.5-14B-Instruct-Q4_K_M,llama.cpp,finegrained_gpu_emc
2026-05-22T17:06:17.732365,GPU1224_EMC204_CPU1036,1224,1036,3199,1224,204,p512_o128,512,128,decode,1,78.35350499954075,77.2313441417554,9887.251173029654,128,12.945964228071512,498.67,49.867,51.759,3.895859375,0.2566827761846512,37.59,0.798,11.479,71.3,20,Qwen2.5-14B-Instruct-Q4_K_M,llama.cpp,finegrained_gpu_emc
2026-05-22T17:06:28.436009,GPU1224_EMC204_CPU1036,1224,1036,3199,1224,204,p512_o128,512,128,decode,2,78.52135098073632,77.26279423594123,9891.44745201338,128,12.940472122100381,498.684,49.868,52.058,3.89596875,0.2566755701005045,37.591,0.818,11.459,71.3,20,Qwen2.5-14B-Instruct-Q4_K_M,llama.cpp,finegrained_gpu_emc
2026-05-22T17:06:39.145454,GPU1224_EMC204_CPU1036,1224,1036,3199,1224,204,p1024_o128,1024,128,decode,0,78.50695902016014,77.30978726790704,9897.310839034617,128,12.932805898666219,498.771,49.877,51.659,3.8966484375,0.2566307985027197,37.61,0.798,11.47,71.3,20,Qwen2.5-14B-Instruct-Q4_K_M,llama.cpp,finegrained_gpu_emc
2026-05-22T17:06:49.851232,GPU1224_EMC204_CPU1036,1224,1036,3199,1224,204,p1024_o128,1024,128,decode,1,78.58399103861302,77.27828510215609,9893.426007940434,128,12.937884196765365,498.677,49.868,51.659,3.8959140625,0.25667917309200144,37.61,0.798,11.459,71.4,20,Qwen2.5-14B-Instruct-Q4_K_M,llama.cpp,finegrained_gpu_emc
2026-05-22T17:07:00.554565,GPU1224_EMC204_CPU1036,1224,1036,3199,1224,204,p1024_o128,1024,128,decode,2,78.47871701233089,77.26057977910615,9890.960605000146,128,12.941109070365984,498.52,49.852,51.659,3.8946875,0.2567600096285004,37.59,0.798,11.464,71.4,20,Qwen2.5-14B-Instruct-Q4_K_M,llama.cpp,finegrained_gpu_emc
2026-05-22T17:07:21.266646,GPU1224_EMC204_CPU1036,1224,1036,3199,1224,204,p128_o256,128,256,decode,0,78.59780010767281,77.7138854545888,19896.61740907468,256,12.866508650020107,990.412,50.79,51.659,3.868796875,0.2584782898430148,38.368,0.798,11.624,71.5,39,Qwen2.5-14B-Instruct-Q4_K_M,llama.cpp,finegrained_gpu_emc
2026-05-22T17:07:41.992732,GPU1224_EMC204_CPU1036,1224,1036,3199,1224,204,p128_o256,128,256,decode,1,84.03478702530265,77.74753073714308,19910.60866205953,256,12.857467310269541,990.553,50.798,52.058,3.86934765625,0.2584414968204629,38.368,0.808,11.622,71.7,39,Qwen2.5-14B-Instruct-Q4_K_M,llama.cpp,finegrained_gpu_emc
2026-05-22T17:08:02.709882,GPU1224_EMC204_CPU1036,1224,1036,3199,1224,204,p128_o256,128,256,decode,2,83.95522204227746,77.71397738434447,19901.99251100421,256,12.863033681600095,991.309,50.836,52.957,3.87230078125,0.2582444020986393,38.358,0.859,11.619,71.7,39,Qwen2.5-14B-Instruct-Q4_K_M,llama.cpp,finegrained_gpu_emc
2026-05-22T17:08:44.566351,GPU1224_EMC204_CPU1036,1224,1036,3199,1224,204,p1024_o512,1024,512,decode,0,84.02522490359843,80.130177307391,41032.498467946425,512,12.477914314673326,2022.226,50.556,51.659,3.94966015625,0.25318634020134245,38.242,0.813,11.501,71.8,80,Qwen2.5-14B-Instruct-Q4_K_M,llama.cpp,finegrained_gpu_emc
2026-05-22T17:09:26.415555,GPU1224_EMC204_CPU1036,1224,1036,3199,1224,204,p1024_o512,1024,512,decode,1,84.43883992731571,80.12001116239738,41027.4826529203,512,12.47943980212874,2022.33,50.558,51.759,3.94986328125,0.2531733198835007,38.233,0.803,11.522,71.8,80,Qwen2.5-14B-Instruct-Q4_K_M,llama.cpp,finegrained_gpu_emc
2026-05-22T17:10:08.288249,GPU1224_EMC204_CPU1036,1224,1036,3199,1224,204,p1024_o512,1024,512,decode,2,84.42087494768202,80.16531108427472,41050.83672294859,512,12.47234017312435,2017.806,50.445,52.058,3.94102734375,0.2537409443722538,38.107,0.803,11.535,71.8,80,Qwen2.5-14B-Instruct-Q4_K_M,llama.cpp,finegrained_gpu_emc
2026-05-22T17:10:14.196955,GPU1224_EMC204_CPU1036,1224,1036,3199,1224,204,p128_o64,128,64,mixed,0,210.53658798336983,77.58279333245896,5098.511894932017,64,12.5526822961062,255.868,46.522,51.26,3.9979375,0.25012897275157503,34.791,0.798,10.933,71.5,11,Qwen2.5-14B-Instruct-Q4_K_M,llama.cpp,finegrained_gpu_emc
2026-05-22T17:10:19.957783,GPU1224_EMC204_CPU1036,1224,1036,3199,1224,204,p128_o64,128,64,mixed,1,78.94308003596961,77.31466103226893,4950.041827978566,64,12.92918367644087,242.108,48.422,51.26,3.7829375,0.2643448378409635,36.31,0.798,11.314,71.4,10,Qwen2.5-14B-Instruct-Q4_K_M,llama.cpp,finegrained_gpu_emc
2026-05-22T17:10:25.721198,GPU1224_EMC204_CPU1036,1224,1036,3199,1224,204,p128_o64,128,64,mixed,2,79.20985401142389,77.35069476193675,4952.5761030381545,64,12.922567703854009,241.808,48.362,51.26,3.77825,0.26467279825315954,36.27,0.798,11.294,71.3,10,Qwen2.5-14B-Instruct-Q4_K_M,llama.cpp,finegrained_gpu_emc
2026-05-22T17:10:37.586234,GPU1224_EMC204_CPU1036,1224,1036,3199,1224,204,p512_o128,512,128,mixed,0,682.6125220395625,81.6614272358908,11054.113395046443,128,11.579399941505867,534.569,48.597,50.261,4.1763203125,0.23944523532041703,36.711,0.798,11.089,71.3,22,Qwen2.5-14B-Instruct-Q4_K_M,llama.cpp,finegrained_gpu_emc
2026-05-22T17:10:48.841334,GPU1224_EMC204_CPU1036,1224,1036,3199,1224,204,p512_o128,512,128,mixed,1,85.17602004576474,81.55169192056252,10442.733949050307,128,12.25732654154621,511.192,48.685,50.277,3.9936875,0.2503951548537536,36.658,0.798,11.229,71.3,21,Qwen2.5-14B-Instruct-Q4_K_M,llama.cpp,finegrained_gpu_emc
2026-05-22T17:11:00.094672,GPU1224_EMC204_CPU1036,1224,1036,3199,1224,204,p512_o128,512,128,mixed,2,84.25949304364622,81.5439795512398,10440.842877957039,128,12.259546618619911,511.476,48.712,50.261,3.99590625,0.250256121499347,36.675,0.798,11.239,71.2,21,Qwen2.5-14B-Instruct-Q4_K_M,llama.cpp,finegrained_gpu_emc
2026-05-22T17:11:11.722660,GPU1224_EMC204_CPU1036,1224,1036,3199,1224,204,p1024_o128,1024,128,mixed,0,939.3925659824163,77.76466503145363,10816.01644703187,128,11.834301531145114,538.145,48.922,51.759,4.2042578125,0.2378541099517788,36.876,0.816,11.23,71.2,22,Qwen2.5-14B-Instruct-Q4_K_M,llama.cpp,finegrained_gpu_emc
2026-05-22T17:11:22.488593,GPU1224_EMC204_CPU1036,1224,1036,3199,1224,204,p1024_o128,1024,128,mixed,1,88.48984492942691,77.67388654330115,9953.576761996374,128,12.859698886204926,500.098,50.01,51.86,3.907015625,0.2559498338325688,37.627,0.818,11.565,71.2,20,Qwen2.5-14B-Instruct-Q4_K_M,llama.cpp,finegrained_gpu_emc
2026-05-22T17:11:33.234544,GPU1224_EMC204_CPU1036,1224,1036,3199,1224,204,p1024_o128,1024,128,mixed,2,88.24672689661384,77.5179782842,9933.54257592,128,12.885634608370841,503.344,50.334,52.557,3.932375,0.25429924663848186,37.987,0.818,11.53,71.2,20,Qwen2.5-14B-Instruct-Q4_K_M,llama.cpp,finegrained_gpu_emc
2026-05-22T17:11:54.233565,GPU1224_EMC204_CPU1036,1224,1036,3199,1224,204,p128_o256,128,256,mixed,0,84.8824999993667,78.81605287411196,20183.665259974077,256,12.683523864601032,1008.921,50.446,52.058,3.94109765625,0.2537364174201944,38.108,0.808,11.53,71.3,40,Qwen2.5-14B-Instruct-Q4_K_M,llama.cpp,finegrained_gpu_emc
2026-05-22T17:12:15.234034,GPU1224_EMC204_CPU1036,1224,1036,3199,1224,204,p128_o256,128,256,mixed,1,84.7394960001111,78.81995499197978,20184.79435099289,256,12.682814377418088,1008.956,50.448,53.058,3.941234375,0.25372761547579875,38.105,0.838,11.505,71.3,40,Qwen2.5-14B-Instruct-Q4_K_M,llama.cpp,finegrained_gpu_emc
2026-05-22T17:12:36.241276,GPU1224_EMC204_CPU1036,1224,1036,3199,1224,204,p128_o256,128,256,mixed,2,84.62212502490729,78.84752083907598,20191.719133988954,256,12.678464785550243,1009.075,50.454,52.158,3.94169921875,0.25369769343210363,38.106,0.818,11.53,71.4,40,Qwen2.5-14B-Instruct-Q4_K_M,llama.cpp,finegrained_gpu_emc
2026-05-22T17:13:19.037893,GPU1224_EMC204_CPU1036,1224,1036,3199,1224,204,p1024_o512,1024,512,mixed,0,1512.075613019988,79.1774411155403,41973.74401206616,512,12.198101743147234,2093.248,51.055,52.158,4.088375,0.24459595805179318,38.664,0.817,11.573,71.4,82,Qwen2.5-14B-Instruct-Q4_K_M,llama.cpp,finegrained_gpu_emc
2026-05-22T17:14:00.403261,GPU1224_EMC204_CPU1036,1224,1036,3199,1224,204,p1024_o512,1024,512,mixed,1,89.02593003585935,79.16411923480615,40543.50188898388,512,12.628410870919762,2041.968,51.049,52.259,3.98821875,0.2507385032478472,38.585,0.813,11.652,71.6,80,Qwen2.5-14B-Instruct-Q4_K_M,llama.cpp,finegrained_gpu_emc
2026-05-22T17:14:41.826879,GPU1224_EMC204_CPU1036,1224,1036,3199,1224,204,p1024_o512,1024,512,mixed,2,88.80498888902366,79.27704269864729,40601.42288298812,512,12.61039548972375,2026.368,50.659,52.158,3.95775,0.25266881435158867,38.22,0.813,11.626,71.6,80,Qwen2.5-14B-Instruct-Q4_K_M,llama.cpp,finegrained_gpu_emc
2026-05-22T17:14:56.663193,GPU1224_EMC665_CPU1036,1224,1036,3199,1224,665,p128_o64,128,64,decode,0,78.6171929212287,77.32891572994136,4950.609730905853,64,12.927700521505136,247.588,49.518,51.26,3.8685625,0.2584939496259916,37.266,0.798,11.454,71.0,10,Qwen2.5-14B-Instruct-Q4_K_M,llama.cpp,finegrained_gpu_emc
2026-05-22T17:15:02.424394,GPU1224_EMC665_CPU1036,1224,1036,3199,1224,665,p128_o64,128,64,decode,1,78.66282004397362,77.32457666665256,4950.372172053903,64,12.928320897021866,241.052,48.21,50.861,3.7664375,0.26550287904684466,36.149,0.798,11.264,70.8,10,Qwen2.5-14B-Instruct-Q4_K_M,llama.cpp,finegrained_gpu_emc
2026-05-22T17:15:08.184924,GPU1224_EMC665_CPU1036,1224,1036,3199,1224,665,p128_o64,128,64,decode,2,78.62585596740246,77.31475044477968,4949.7133729746565,64,12.93004163623672,242.179,48.436,51.36,3.784046875,0.2642673394472683,36.304,0.798,11.334,70.9,10,Qwen2.5-14B-Instruct-Q4_K_M,llama.cpp,finegrained_gpu_emc
2026-05-22T17:15:18.887027,GPU1224_EMC665_CPU1036,1224,1036,3199,1224,665,p512_o128,512,128,decode,0,78.35612504277378,77.24803148798175,9889.345656963997,128,12.943222376888349,498.784,49.878,51.759,3.89675,0.256624109835119,37.606,0.798,11.474,71.0,20,Qwen2.5-14B-Instruct-Q4_K_M,llama.cpp,finegrained_gpu_emc
2026-05-22T17:15:29.584323,GPU1224_EMC665_CPU1036,1224,1036,3199,1224,665,p512_o128,512,128,decode,1,78.34456395357847,77.21131581879096,9884.703813004307,128,12.94930049715838,498.065,49.806,51.659,3.8911328125,0.2569945689819602,37.549,0.798,11.459,71.0,20,Qwen2.5-14B-Instruct-Q4_K_M,llama.cpp,finegrained_gpu_emc
2026-05-22T17:15:40.284637,GPU1224_EMC665_CPU1036,1224,1036,3199,1224,665,p512_o128,512,128,decode,2,78.66660098079592,77.23045026824816,9887.300727074035,128,12.945899344348076,498.549,49.855,52.158,3.8949140625,0.2567450742053439,37.568,0.818,11.469,71.1,20,Qwen2.5-14B-Instruct-Q4_K_M,llama.cpp,finegrained_gpu_emc
2026-05-22T17:15:50.985580,GPU1224_EMC665_CPU1036,1224,1036,3199,1224,665,p1024_o128,1024,128,decode,0,78.49212898872793,77.23871355154002,9888.296811026521,128,12.944595257017989,498.268,49.827,51.659,3.89271875,0.2568898664975475,37.585,0.798,11.444,71.1,20,Qwen2.5-14B-Instruct-Q4_K_M,llama.cpp,finegrained_gpu_emc
2026-05-22T17:16:01.683880,GPU1224_EMC665_CPU1036,1224,1036,3199,1224,665,p1024_o128,1024,128,decode,1,78.29868304543197,77.22108842489698,9885.862253024243,128,12.947783078895597,497.866,49.787,51.659,3.889578125,0.2570972912390081,37.564,0.798,11.424,71.2,20,Qwen2.5-14B-Instruct-Q4_K_M,llama.cpp,finegrained_gpu_emc
2026-05-22T17:16:12.385177,GPU1224_EMC665_CPU1036,1224,1036,3199,1224,665,p1024_o128,1024,128,decode,2,78.52964894846082,77.24292370890392,9888.86479602661,128,12.94385176056113,497.999,49.8,51.659,3.8906171875,0.2570286285715433,37.547,0.798,11.454,71.2,20,Qwen2.5-14B-Instruct-Q4_K_M,llama.cpp,finegrained_gpu_emc
2026-05-22T17:16:33.087977,GPU1224_EMC665_CPU1036,1224,1036,3199,1224,665,p128_o256,128,256,decode,0,78.509257058613,77.67803718418102,19887.379356077872,256,12.87248537961653,991.486,50.845,51.659,3.8729921875,0.2581983003290011,38.428,0.798,11.619,71.3,39,Qwen2.5-14B-Instruct-Q4_K_M,llama.cpp,finegrained_gpu_emc
2026-05-22T17:16:53.806728,GPU1224_EMC665_CPU1036,1224,1036,3199,1224,665,p128_o256,128,256,decode,1,83.97512207739055,77.71972245491092,19903.49973202683,256,12.862059609952365,990.16,50.777,51.759,3.8678125,0.258544073685061,38.368,0.798,11.612,71.5,39,Qwen2.5-14B-Instruct-Q4_K_M,llama.cpp,finegrained_gpu_emc
2026-05-22T17:17:14.528189,GPU1224_EMC665_CPU1036,1224,1036,3199,1224,665,p128_o256,128,256,decode,2,83.82621093187481,77.73059101583546,19906.10371204093,256,12.8603770834947,990.524,50.796,51.759,3.869234375,0.25844906332405876,38.376,0.798,11.622,71.6,39,Qwen2.5-14B-Instruct-Q4_K_M,llama.cpp,finegrained_gpu_emc
2026-05-22T17:17:56.383965,GPU1224_EMC665_CPU1036,1224,1036,3199,1224,665,p1024_o512,1024,512,decode,0,84.02401907369494,80.1335652543363,41034.228936070576,512,12.477388104396265,2023.798,50.595,52.058,3.95273046875,0.2529896758470954,38.245,0.823,11.527,71.7,80,Qwen2.5-14B-Instruct-Q4_K_M,llama.cpp,finegrained_gpu_emc
2026-05-22T17:18:38.253125,GPU1224_EMC665_CPU1036,1224,1036,3199,1224,665,p1024_o512,1024,512,decode,1,84.3592529417947,80.15865673595373,41047.38610901404,512,12.473388649894185,2039.384,50.355,51.659,3.983171875,0.2510562012843094,38.066,0.808,11.482,71.6,81,Qwen2.5-14B-Instruct-Q4_K_M,llama.cpp,finegrained_gpu_emc
2026-05-22T17:19:20.116868,GPU1224_EMC665_CPU1036,1224,1036,3199,1224,665,p1024_o512,1024,512,decode,2,84.63816693983972,80.14743711750174,41041.91845294554,512,12.475050370440329,2023.862,50.597,53.356,3.95285546875,0.2529816756280813,38.257,0.828,11.512,71.6,80,Qwen2.5-14B-Instruct-Q4_K_M,llama.cpp,finegrained_gpu_emc
2026-05-22T17:19:26.008526,GPU1224_EMC665_CPU1036,1224,1036,3199,1224,665,p128_o64,128,64,mixed,0,209.67398304492235,77.31094190459108,5080.524985096417,64,12.59712336574316,258.595,47.017,51.659,4.040546875,0.2474912507975792,35.296,0.798,10.923,71.4,11,Qwen2.5-14B-Instruct-Q4_K_M,llama.cpp,finegrained_gpu_emc
2026-05-22T17:19:31.758946,GPU1224_EMC665_CPU1036,1224,1036,3199,1224,665,p128_o64,128,64,mixed,1,79.03886097483337,77.14573412741875,4939.4820290617645,64,12.956824141367825,244.894,48.979,51.659,3.82646875,0.2613375582905257,36.867,0.798,11.314,71.2,10,Qwen2.5-14B-Instruct-Q4_K_M,llama.cpp,finegrained_gpu_emc
2026-05-22T17:19:37.504834,GPU1224_EMC665_CPU1036,1224,1036,3199,1224,665,p128_o64,128,64,mixed,2,79.14109691046178,77.0733408419238,4935.022302903235,64,12.968533082889879,244.794,48.959,51.659,3.82490625,0.2614443164456645,36.867,0.798,11.294,71.1,10,Qwen2.5-14B-Instruct-Q4_K_M,llama.cpp,finegrained_gpu_emc
2026-05-22T17:19:49.341098,GPU1224_EMC665_CPU1036,1224,1036,3199,1224,665,p512_o128,512,128,mixed,0,679.5368250459433,81.44561494480614,11023.497216054238,128,11.611560060412158,542.062,49.278,51.458,4.234859375,0.23613534983083115,37.346,0.816,11.116,71.2,22,Qwen2.5-14B-Instruct-Q4_K_M,llama.cpp,finegrained_gpu_emc
2026-05-22T17:20:00.590849,GPU1224_EMC665_CPU1036,1224,1036,3199,1224,665,p512_o128,512,128,mixed,1,84.91860597860068,81.50918089040357,10437.081885989755,128,12.263964333921836,512.753,48.834,50.958,4.0058828125,0.24963286416656752,36.806,0.798,11.229,71.1,21,Qwen2.5-14B-Instruct-Q4_K_M,llama.cpp,finegrained_gpu_emc
2026-05-22T17:20:11.847199,GPU1224_EMC665_CPU1036,1224,1036,3199,1224,665,p512_o128,512,128,mixed,2,85.24285303428769,81.55945647236575,10443.795453058556,128,12.256080710821859,511.608,48.725,50.261,3.9969375,0.25019155290769496,36.654,0.817,11.253,71.1,21,Qwen2.5-14B-Instruct-Q4_K_M,llama.cpp,finegrained_gpu_emc
2026-05-22T17:20:23.475820,GPU1224_EMC665_CPU1036,1224,1036,3199,1224,665,p1024_o128,1024,128,mixed,0,939.3956810235977,77.76384521184093,10815.914034028538,128,11.83441358698786,537.443,48.858,51.759,4.1987734375,0.23816479142904456,36.876,0.798,11.185,71.0,22,Qwen2.5-14B-Instruct-Q4_K_M,llama.cpp,finegrained_gpu_emc
2026-05-22T17:20:34.245235,GPU1224_EMC665_CPU1036,1224,1036,3199,1224,665,p1024_o128,1024,128,mixed,1,88.34444498643279,77.71651155139341,9958.847422967665,128,12.85289296679042,498.286,49.829,51.759,3.892859375,0.25688058665103974,37.511,0.798,11.52,71.1,20,Qwen2.5-14B-Instruct-Q4_K_M,llama.cpp,finegrained_gpu_emc
2026-05-22T17:20:45.020752,GPU1224_EMC665_CPU1036,1224,1036,3199,1224,665,p1024_o128,1024,128,mixed,2,88.43605499714613,77.75263096055559,9963.402200024575,128,12.847017256784463,498.572,49.857,51.759,3.89509375,0.2567332301051804,37.51,0.818,11.53,71.1,20,Qwen2.5-14B-Instruct-Q4_K_M,llama.cpp,finegrained_gpu_emc
2026-05-22T17:21:06.072179,GPU1224_EMC665_CPU1036,1224,1036,3199,1224,665,p128_o256,128,256,mixed,0,85.10503999423236,79.02554952922989,20237.58368100971,256,12.649731511189355,998.796,49.94,51.276,3.901546875,0.256308595549041,37.62,0.808,11.512,71.1,40,Qwen2.5-14B-Instruct-Q4_K_M,llama.cpp,finegrained_gpu_emc
2026-05-22T17:21:27.096356,GPU1224_EMC665_CPU1036,1224,1036,3199,1224,665,p128_o256,128,256,mixed,1,84.87866504583508,78.91099545876405,20208.78370804712,256,12.667758916043077,1002.028,50.101,51.659,3.914171875,0.2554818827417996,37.809,0.808,11.484,71.2,40,Qwen2.5-14B-Instruct-Q4_K_M,llama.cpp,finegrained_gpu_emc
2026-05-22T17:21:48.098271,GPU1224_EMC665_CPU1036,1224,1036,3199,1224,665,p128_o256,128,256,mixed,2,84.68732901383191,78.82599657237091,20186.28482997883,256,12.681877926334028,1008.356,50.418,52.058,3.938890625,0.25387859049780037,38.118,0.808,11.492,71.3,40,Qwen2.5-14B-Instruct-Q4_K_M,llama.cpp,finegrained_gpu_emc
2026-05-22T17:22:30.862274,GPU1224_EMC665_CPU1036,1224,1036,3199,1224,665,p1024_o512,1024,512,mixed,0,1510.7304779812694,79.11791050293594,41941.998405964114,512,12.20733440129057,2093.025,51.049,52.259,4.087939453125,0.24462201837054023,38.661,0.808,11.581,71.4,82,Qwen2.5-14B-Instruct-Q4_K_M,llama.cpp,finegrained_gpu_emc
2026-05-22T17:23:12.198807,GPU1224_EMC665_CPU1036,1224,1036,3199,1224,665,p1024_o512,1024,512,mixed,1,88.70883099734783,79.10871595315591,40515.23687201552,512,12.637220945230263,2026.02,51.292,52.259,3.9570703125,0.2527122140946289,38.802,0.803,11.687,71.6,79,Qwen2.5-14B-Instruct-Q4_K_M,llama.cpp,finegrained_gpu_emc
2026-05-22T17:23:53.544150,GPU1224_EMC665_CPU1036,1224,1036,3199,1224,665,p1024_o512,1024,512,mixed,2,88.62638496793807,79.12408301963083,40523.022579960525,512,12.634792949852526,2024.865,51.262,52.158,3.954814453125,0.25285636326372374,38.78,0.808,11.674,71.7,79,Qwen2.5-14B-Instruct-Q4_K_M,llama.cpp,finegrained_gpu_emc
2026-05-22T17:24:08.350500,GPU1224_EMC2133_CPU1036,1224,1036,3199,1224,2133,p128_o64,128,64,decode,0,78.42131797224283,77.15582611253633,4939.536952064373,64,12.956680073676255,249.354,49.871,51.659,3.89615625,0.2566632177546781,37.658,0.758,11.454,70.9,10,Qwen2.5-14B-Instruct-Q4_K_M,llama.cpp,finegrained_gpu_emc
2026-05-22T17:24:14.098179,GPU1224_EMC2133_CPU1036,1224,1036,3199,1224,2133,p128_o64,128,64,decode,1,78.47392407711595,77.1107135547532,4936.708332039416,64,12.964103952554312,244.937,48.987,51.659,3.827140625,0.26129167908482587,36.866,0.798,11.324,70.8,10,Qwen2.5-14B-Instruct-Q4_K_M,llama.cpp,finegrained_gpu_emc
2026-05-22T17:24:19.846781,GPU1224_EMC2133_CPU1036,1224,1036,3199,1224,2133,p128_o64,128,64,decode,2,78.63852893933654,77.14871636643592,4939.275145996362,64,12.957366841949796,244.465,48.893,51.659,3.819765625,0.2617961671404905,36.781,0.798,11.314,70.8,10,Qwen2.5-14B-Instruct-Q4_K_M,llama.cpp,finegrained_gpu_emc
2026-05-22T17:24:30.552554,GPU1224_EMC2133_CPU1036,1224,1036,3199,1224,2133,p512_o128,512,128,decode,0,78.58873601071537,77.27964945672828,9893.605140037835,128,12.93764994541823,498.448,49.845,52.058,3.894125,0.25679709819279045,37.588,0.818,11.439,70.9,20,Qwen2.5-14B-Instruct-Q4_K_M,llama.cpp,finegrained_gpu_emc
2026-05-22T17:24:41.259388,GPU1224_EMC2133_CPU1036,1224,1036,3199,1224,2133,p512_o128,512,128,decode,1,78.48435000050813,77.28224301593393,9893.821079982445,128,12.93736757166293,497.56,49.756,51.659,3.8871875,0.25725540638314975,37.489,0.798,11.469,71.0,20,Qwen2.5-14B-Instruct-Q4_K_M,llama.cpp,finegrained_gpu_emc
2026-05-22T17:24:51.965987,GPU1224_EMC2133_CPU1036,1224,1036,3199,1224,2133,p512_o128,512,128,decode,2,78.58405797742307,77.28446171688664,9894.210851052776,128,12.936857918929471,498.82,49.882,51.659,3.89703125,0.25660558919048954,37.63,0.798,11.454,71.0,20,Qwen2.5-14B-Instruct-Q4_K_M,llama.cpp,finegrained_gpu_emc
2026-05-22T17:25:02.668155,GPU1224_EMC2133_CPU1036,1224,1036,3199,1224,2133,p1024_o128,1024,128,decode,0,78.50357505958527,77.24955759018542,9889.74000804592,128,12.942706268907376,498.207,49.821,51.659,3.8922421875,0.2569213198529928,37.568,0.798,11.454,71.0,20,Qwen2.5-14B-Instruct-Q4_K_M,llama.cpp,finegrained_gpu_emc
2026-05-22T17:25:13.370308,GPU1224_EMC2133_CPU1036,1224,1036,3199,1224,2133,p1024_o128,1024,128,decode,1,78.54690100066364,77.25045282676024,9889.851781073958,128,12.94255999315899,498.017,49.802,51.659,3.8907578125,0.2570193386972734,37.59,0.798,11.414,71.0,20,Qwen2.5-14B-Instruct-Q4_K_M,llama.cpp,finegrained_gpu_emc
2026-05-22T17:25:24.072366,GPU1224_EMC2133_CPU1036,1224,1036,3199,1224,2133,p1024_o128,1024,128,decode,2,78.41301104053855,77.25215971645878,9889.931658050045,128,12.942455461339073,498.438,49.844,52.043,3.894046875,0.25680225022971764,37.587,0.818,11.439,71.0,20,Qwen2.5-14B-Instruct-Q4_K_M,llama.cpp,finegrained_gpu_emc
2026-05-22T17:25:44.775399,GPU1224_EMC2133_CPU1036,1224,1036,3199,1224,2133,p128_o256,128,256,decode,0,78.48324708174914,77.67888118430753,19887.60350702796,256,12.872340295276587,989.769,50.757,51.659,3.86628515625,0.25864620936804444,38.343,0.808,11.606,71.1,39,Qwen2.5-14B-Instruct-Q4_K_M,llama.cpp,finegrained_gpu_emc
2026-05-22T17:26:05.495197,GPU1224_EMC2133_CPU1036,1224,1036,3199,1224,2133,p128_o256,128,256,decode,1,84.15198302827775,77.72308885092464,19904.545805999078,256,12.861383650504779,990.322,50.786,52.058,3.8684453125,0.2585017802290568,38.356,0.818,11.612,71.2,39,Qwen2.5-14B-Instruct-Q4_K_M,llama.cpp,finegrained_gpu_emc
2026-05-22T17:26:26.222323,GPU1224_EMC2133_CPU1036,1224,1036,3199,1224,2133,p128_o256,128,256,decode,2,84.11533897742629,77.7512793059406,19911.66655998677,256,12.85678419878934,989.746,50.756,52.058,3.8661953125,0.2586522198624698,38.336,0.808,11.612,71.2,39,Qwen2.5-14B-Instruct-Q4_K_M,llama.cpp,finegrained_gpu_emc
2026-05-22T17:27:08.078583,GPU1224_EMC2133_CPU1036,1224,1036,3199,1224,2133,p1024_o512,1024,512,decode,0,83.99354305583984,80.13386642851971,41034.39110703766,512,12.477338792830015,2021.992,50.55,51.659,3.949203125,0.25321564081361353,38.25,0.813,11.487,71.4,80,Qwen2.5-14B-Instruct-Q4_K_M,llama.cpp,finegrained_gpu_emc
2026-05-22T17:27:49.915414,GPU1224_EMC2133_CPU1036,1224,1036,3199,1224,2133,p1024_o512,1024,512,decode,1,84.59666301496327,80.0958575324088,41015.50825696904,512,12.483083149725564,2022.578,50.564,52.158,3.95034765625,0.25314227683678947,38.252,0.803,11.51,71.4,80,Qwen2.5-14B-Instruct-Q4_K_M,llama.cpp,finegrained_gpu_emc
2026-05-22T17:28:31.778496,GPU1224_EMC2133_CPU1036,1224,1036,3199,1224,2133,p1024_o512,1024,512,decode,2,83.73173500876874,80.1440153344773,41039.27815600764,512,12.475852963438383,2019.958,50.499,51.659,3.94523046875,0.2534706167157931,38.222,0.798,11.479,71.5,80,Qwen2.5-14B-Instruct-Q4_K_M,llama.cpp,finegrained_gpu_emc
2026-05-22T17:28:37.669952,GPU1224_EMC2133_CPU1036,1224,1036,3199,1224,2133,p128_o64,128,64,mixed,0,209.44418502040207,77.31244865147072,5080.397089011967,64,12.59744049110277,258.4,46.982,51.659,4.0375,0.24767801857585142,35.26,0.798,10.924,71.3,11,Qwen2.5-14B-Instruct-Q4_K_M,llama.cpp,finegrained_gpu_emc
2026-05-22T17:28:43.416453,GPU1224_EMC2133_CPU1036,1224,1036,3199,1224,2133,p128_o64,128,64,mixed,1,78.98902602028102,77.10385269906726,4936.800705036148,64,12.963861379843037,244.952,48.99,51.659,3.827375,0.2612756785002776,36.869,0.798,11.324,71.2,10,Qwen2.5-14B-Instruct-Q4_K_M,llama.cpp,finegrained_gpu_emc
2026-05-22T17:28:49.163696,GPU1224_EMC2133_CPU1036,1224,1036,3199,1224,2133,p128_o64,128,64,mixed,2,79.0505550103262,77.10008557131957,4936.618153005838,64,12.964340772646409,244.75,48.95,51.659,3.82421875,0.26149131767109296,36.869,0.798,11.284,71.2,10,Qwen2.5-14B-Instruct-Q4_K_M,llama.cpp,finegrained_gpu_emc
2026-05-22T17:29:00.997704,GPU1224_EMC2133_CPU1036,1224,1036,3199,1224,2133,p512_o128,512,128,mixed,0,679.3967169942334,81.42994140186823,11021.350026014261,128,11.613822235740177,541.25,49.204,51.059,4.228515625,0.23648960739030023,37.254,0.834,11.116,71.2,22,Qwen2.5-14B-Instruct-Q4_K_M,llama.cpp,finegrained_gpu_emc
2026-05-22T17:29:12.227759,GPU1224_EMC2133_CPU1036,1224,1036,3199,1224,2133,p512_o128,512,128,mixed,1,84.88084701821208,81.35555091306685,10417.426594998688,128,12.287103617456891,515.494,49.095,51.059,4.027296875,0.24830550889050113,37.091,0.798,11.205,71.2,21,Qwen2.5-14B-Instruct-Q4_K_M,llama.cpp,finegrained_gpu_emc
2026-05-22T17:29:23.466386,GPU1224_EMC2133_CPU1036,1224,1036,3199,1224,2133,p512_o128,512,128,mixed,2,84.9076829617843,81.42182381097668,10425.975432968698,128,12.277028736826134,515.547,49.1,51.059,4.0277109375,0.24827998223246375,37.034,0.817,11.248,71.1,21,Qwen2.5-14B-Instruct-Q4_K_M,llama.cpp,finegrained_gpu_emc
2026-05-22T17:29:35.100639,GPU1224_EMC2133_CPU1036,1224,1036,3199,1224,2133,p1024_o128,1024,128,mixed,0,939.6437319228426,77.80269116592248,10821.142467902973,128,11.828695572548458,537.96,48.905,51.759,4.2028125,0.2379359060153171,36.891,0.816,11.199,71.1,22,Qwen2.5-14B-Instruct-Q4_K_M,llama.cpp,finegrained_gpu_emc
2026-05-22T17:29:45.876211,GPU1224_EMC2133_CPU1036,1224,1036,3199,1224,2133,p1024_o128,1024,128,mixed,1,88.40744895860553,77.74990619669896,9963.200222002342,128,12.847277696711323,498.116,49.812,51.759,3.89153125,0.2569682563900778,37.449,0.818,11.545,71.1,20,Qwen2.5-14B-Instruct-Q4_K_M,llama.cpp,finegrained_gpu_emc
2026-05-22T17:29:56.654806,GPU1224_EMC2133_CPU1036,1224,1036,3199,1224,2133,p1024_o128,1024,128,mixed,2,88.49585300777107,77.77259904729921,9966.129817068577,128,12.843501173422377,500.262,50.026,53.058,3.908296875,0.25586592625464255,37.569,0.898,11.56,71.2,20,Qwen2.5-14B-Instruct-Q4_K_M,llama.cpp,finegrained_gpu_emc
2026-05-22T17:30:17.717316,GPU1224_EMC2133_CPU1036,1224,1036,3199,1224,2133,p128_o256,128,256,mixed,0,84.99525010120124,79.06426915661523,20247.10049002897,256,12.643785717667157,998.976,49.949,51.26,3.90225,0.2562624127106157,37.619,0.808,11.522,71.2,40,Qwen2.5-14B-Instruct-Q4_K_M,llama.cpp,finegrained_gpu_emc
2026-05-22T17:30:38.780893,GPU1224_EMC2133_CPU1036,1224,1036,3199,1224,2133,p128_o256,128,256,mixed,1,85.15941898804158,80.64741426426917,20247.97618004959,251,12.396300636075978,998.029,49.901,51.26,3.9762111553784862,0.251495698020799,37.569,0.808,11.525,71.2,40,Qwen2.5-14B-Instruct-Q4_K_M,llama.cpp,finegrained_gpu_emc
2026-05-22T17:30:59.833037,GPU1224_EMC2133_CPU1036,1224,1036,3199,1224,2133,p128_o256,128,256,mixed,2,84.77373491041362,79.02194239226553,20236.34734400548,256,12.650504344887798,997.802,49.89,51.26,3.8976640625,0.2565639275126729,37.58,0.798,11.512,71.2,40,Qwen2.5-14B-Instruct-Q4_K_M,llama.cpp,finegrained_gpu_emc
2026-05-22T17:31:42.634631,GPU1224_EMC2133_CPU1036,1224,1036,3199,1224,2133,p1024_o512,1024,512,mixed,0,1518.7583930091932,79.17519375921542,41979.330808040686,512,12.19647836553726,2087.432,50.913,52.058,4.077015625,0.24527745095409098,38.531,0.817,11.565,71.3,82,Qwen2.5-14B-Instruct-Q4_K_M,llama.cpp,finegrained_gpu_emc
2026-05-22T17:32:23.995055,GPU1224_EMC2133_CPU1036,1224,1036,3199,1224,2133,p1024_o512,1024,512,mixed,1,88.74456607736647,79.15475568096217,40538.800962036476,512,12.629875276268644,2038.64,50.966,52.158,3.98171875,0.25114782403955577,38.547,0.798,11.621,71.4,80,Qwen2.5-14B-Instruct-Q4_K_M,llama.cpp,finegrained_gpu_emc
2026-05-22T17:33:05.380802,GPU1224_EMC2133_CPU1036,1224,1036,3199,1224,2133,p1024_o512,1024,512,mixed,2,88.69022596627474,79.20411951660402,40563.96661303006,512,12.622039774471515,2039.322,50.983,52.158,3.98305078125,0.2510638339605026,38.542,0.803,11.638,71.5,80,Qwen2.5-14B-Instruct-Q4_K_M,llama.cpp,finegrained_gpu_emc
2026-05-22T17:33:20.188244,GPU1224_EMC3199_CPU1036,1224,1036,3199,1224,3199,p128_o64,128,64,decode,0,78.51015997584909,77.11848950878318,4937.235862016678,64,12.962718773953483,250.099,50.02,51.659,3.907796875,0.2558986641290049,37.747,0.798,11.475,70.9,10,Qwen2.5-14B-Instruct-Q4_K_M,llama.cpp,finegrained_gpu_emc
2026-05-22T17:33:25.934548,GPU1224_EMC3199_CPU1036,1224,1036,3199,1224,3199,p128_o64,128,64,decode,1,78.40708398725837,77.11225347630383,4936.740522971377,64,12.96401941771066,244.805,48.961,51.659,3.825078125,0.26143256877923243,36.83,0.838,11.294,70.8,10,Qwen2.5-14B-Instruct-Q4_K_M,llama.cpp,finegrained_gpu_emc
2026-05-22T17:33:31.684161,GPU1224_EMC3199_CPU1036,1224,1036,3199,1224,3199,p128_o64,128,64,decode,2,79.65785497799516,77.12998784088072,4939.113711938262,64,12.957790351193273,244.502,48.9,51.659,3.82034375,0.2617565500486703,36.789,0.798,11.314,70.8,10,Qwen2.5-14B-Instruct-Q4_K_M,llama.cpp,finegrained_gpu_emc
2026-05-22T17:33:42.392458,GPU1224_EMC3199_CPU1036,1224,1036,3199,1224,3199,p512_o128,512,128,decode,0,79.78098699823022,77.28818159066434,9895.86967707146,128,12.934689337772257,498.675,49.868,52.058,3.8958984375,0.2566802025367223,37.61,0.818,11.439,70.9,20,Qwen2.5-14B-Instruct-Q4_K_M,llama.cpp,finegrained_gpu_emc
2026-05-22T17:33:53.095525,GPU1224_EMC3199_CPU1036,1224,1036,3199,1224,3199,p512_o128,512,128,decode,1,79.74581304006279,77.24706355874669,9890.60937706381,128,12.941568625370067,498.081,49.808,51.659,3.8912578125,0.25698631347110207,37.571,0.798,11.439,70.9,20,Qwen2.5-14B-Instruct-Q4_K_M,llama.cpp,finegrained_gpu_emc
2026-05-22T17:34:03.801518,GPU1224_EMC3199_CPU1036,1224,1036,3199,1224,3199,p512_o128,512,128,decode,2,79.65531095396727,77.26028329953111,9892.237013904378,128,12.939439261320281,498.576,49.858,52.058,3.895125,0.2567311703732229,37.59,0.818,11.449,71.0,20,Qwen2.5-14B-Instruct-Q4_K_M,llama.cpp,finegrained_gpu_emc
2026-05-22T17:34:14.504245,GPU1224_EMC3199_CPU1036,1224,1036,3199,1224,3199,p1024_o128,1024,128,decode,0,78.71230191085488,77.25222509512018,9890.273364959285,128,12.942008302166574,498.634,49.863,51.659,3.895578125,0.25670130797338325,37.591,0.798,11.475,70.9,20,Qwen2.5-14B-Instruct-Q4_K_M,llama.cpp,finegrained_gpu_emc
2026-05-22T17:34:25.203426,GPU1224_EMC3199_CPU1036,1224,1036,3199,1224,3199,p1024_o128,1024,128,decode,1,78.4948900109157,77.2298417002784,9887.176141957752,128,12.946062471448478,498.576,49.858,52.058,3.895125,0.2567311703732229,37.59,0.818,11.449,71.0,20,Qwen2.5-14B-Instruct-Q4_K_M,llama.cpp,finegrained_gpu_emc
2026-05-22T17:34:35.904290,GPU1224_EMC3199_CPU1036,1224,1036,3199,1224,3199,p1024_o128,1024,128,decode,2,78.6151709035039,77.23784310317885,9888.349144952372,128,12.944526747959658,498.276,49.828,51.659,3.89278125,0.2568857420385489,37.59,0.798,11.439,71.0,20,Qwen2.5-14B-Instruct-Q4_K_M,llama.cpp,finegrained_gpu_emc
2026-05-22T17:34:56.604799,GPU1224_EMC3199_CPU1036,1224,1036,3199,1224,3199,p128_o256,128,256,decode,0,78.5389730008319,77.6691373213943,19885.12642297428,256,12.873943798729407,992.008,50.872,52.058,3.87503125,0.2580624349803631,38.439,0.808,11.625,71.0,39,Qwen2.5-14B-Instruct-Q4_K_M,llama.cpp,finegrained_gpu_emc
2026-05-22T17:35:17.325564,GPU1224_EMC3199_CPU1036,1224,1036,3199,1224,3199,p128_o256,128,256,decode,1,84.08234396483749,77.72875349813451,19905.582320992835,256,12.860713938020147,989.462,50.742,51.659,3.8650859375,0.25872645942946776,38.327,0.808,11.606,71.2,39,Qwen2.5-14B-Instruct-Q4_K_M,llama.cpp,finegrained_gpu_emc
2026-05-22T17:35:29.123306,GPU1224_EMC3199_CPU1036,1224,1036,3199,1224,3199,p128_o256,128,256,decode,2,83.99503608234227,77.31087747794975,10985.016548074782,141,12.835665689070943,551.784,50.162,51.759,3.9133617021276597,0.25553477447696926,37.837,0.798,11.528,71.1,22,Qwen2.5-14B-Instruct-Q4_K_M,llama.cpp,finegrained_gpu_emc
2026-05-22T17:36:10.960872,GPU1224_EMC3199_CPU1036,1224,1036,3199,1224,3199,p1024_o512,1024,512,decode,0,78.658432001248,80.10772883358052,41015.62359498348,512,12.483048046662429,2022.053,50.551,52.058,3.949322265625,0.2532080019663184,38.223,0.818,11.511,71.2,80,Qwen2.5-14B-Instruct-Q4_K_M,llama.cpp,finegrained_gpu_emc
2026-05-22T17:36:52.806413,GPU1224_EMC3199_CPU1036,1224,1036,3199,1224,3199,p1024_o512,1024,512,decode,1,84.47062002960593,80.11246064778986,41023.9273699699,512,12.480521315830705,2021.488,50.537,51.659,3.94821875,0.25327877286434547,38.212,0.813,11.512,71.3,80,Qwen2.5-14B-Instruct-Q4_K_M,llama.cpp,finegrained_gpu_emc
2026-05-22T17:37:34.630593,GPU1224_EMC3199_CPU1036,1224,1036,3199,1224,3199,p1024_o512,1024,512,decode,2,84.5662149367854,80.07018041884464,41002.37604090944,512,12.487081224004202,2023.223,50.581,51.659,3.951607421875,0.25306157551589714,38.272,0.803,11.506,71.4,80,Qwen2.5-14B-Instruct-Q4_K_M,llama.cpp,finegrained_gpu_emc
2026-05-22T17:37:40.522171,GPU1224_EMC3199_CPU1036,1224,1036,3199,1224,3199,p128_o64,128,64,mixed,0,209.6364659955725,77.30938876158602,5080.39470796939,64,12.597446395179894,259.054,47.101,51.659,4.04771875,0.24705273803917333,35.333,0.834,10.934,71.1,11,Qwen2.5-14B-Instruct-Q4_K_M,llama.cpp,finegrained_gpu_emc
2026-05-22T17:37:46.271175,GPU1224_EMC3199_CPU1036,1224,1036,3199,1224,3199,p128_o64,128,64,mixed,1,78.95878597628325,77.12562325491851,4938.1419769488275,64,12.960340204625755,244.995,48.999,51.659,3.828046875,0.26122982101675546,36.827,0.838,11.334,71.1,10,Qwen2.5-14B-Instruct-Q4_K_M,llama.cpp,finegrained_gpu_emc
2026-05-22T17:37:52.019471,GPU1224_EMC3199_CPU1036,1224,1036,3199,1224,3199,p128_o64,128,64,mixed,2,79.02223896235228,77.11324782576412,4937.421232927591,64,12.962232100673308,244.952,48.99,51.659,3.827375,0.2612756785002776,36.869,0.798,11.324,71.0,10,Qwen2.5-14B-Instruct-Q4_K_M,llama.cpp,finegrained_gpu_emc
2026-05-22T17:38:03.850890,GPU1224_EMC3199_CPU1036,1224,1036,3199,1224,3199,p512_o128,512,128,mixed,0,679.6541259391233,81.40764721324594,11018.827334977686,128,11.616481147107402,541.212,49.201,51.059,4.22821875,0.23650621198347413,37.31,0.798,11.093,71.1,22,Qwen2.5-14B-Instruct-Q4_K_M,llama.cpp,finegrained_gpu_emc
2026-05-22T17:38:15.081273,GPU1224_EMC3199_CPU1036,1224,1036,3199,1224,3199,p512_o128,512,128,mixed,1,84.19956301804632,81.36497862182381,10418.062756070867,128,12.286353326621226,517.407,49.277,51.474,4.0422421875,0.24738745320415068,37.135,0.912,11.229,71.1,21,Qwen2.5-14B-Instruct-Q4_K_M,llama.cpp,finegrained_gpu_emc
2026-05-22T17:38:26.310375,GPU1224_EMC3199_CPU1036,1224,1036,3199,1224,3199,p512_o128,512,128,mixed,2,84.92918498814106,81.34806234624207,10416.63111501839,128,12.28804193857392,516.476,49.188,51.474,4.03496875,0.24783339400088292,37.151,0.817,11.22,71.0,21,Qwen2.5-14B-Instruct-Q4_K_M,llama.cpp,finegrained_gpu_emc
2026-05-22T17:38:37.915357,GPU1224_EMC3199_CPU1036,1224,1036,3199,1224,3199,p1024_o128,1024,128,mixed,0,935.4355609975755,77.60918765387491,10792.317876941524,128,11.860288166037082,542.98,49.362,52.158,4.24203125,0.23573612287745405,37.311,0.834,11.217,71.0,22,Qwen2.5-14B-Instruct-Q4_K_M,llama.cpp,finegrained_gpu_emc
2026-05-22T17:38:48.662015,GPU1224_EMC3199_CPU1036,1224,1036,3199,1224,3199,p1024_o128,1024,128,mixed,1,88.28959404490888,77.52454766864324,9934.345255955122,128,12.884593468630523,502.924,50.292,52.158,3.92909375,0.2545116160692272,37.93,0.818,11.545,71.1,20,Qwen2.5-14B-Instruct-Q4_K_M,llama.cpp,finegrained_gpu_emc
2026-05-22T17:38:59.408954,GPU1224_EMC3199_CPU1036,1224,1036,3199,1224,3199,p1024_o128,1024,128,mixed,2,88.79998594056815,77.52177463001095,9934.576911968179,128,12.884293023671544,503.06,50.306,52.259,3.93015625,0.25444281000278296,37.973,0.798,11.535,71.1,20,Qwen2.5-14B-Instruct-Q4_K_M,llama.cpp,finegrained_gpu_emc
2026-05-22T17:39:20.409408,GPU1224_EMC3199_CPU1036,1224,1036,3199,1224,3199,p128_o256,128,256,mixed,0,84.81688005849719,78.81992980381291,20184.87599596847,256,12.682763077223312,1009.029,50.451,52.058,3.94151953125,0.2537092590995898,38.119,0.828,11.505,71.1,40,Qwen2.5-14B-Instruct-Q4_K_M,llama.cpp,finegrained_gpu_emc
2026-05-22T17:39:41.404814,GPU1224_EMC3199_CPU1036,1224,1036,3199,1224,3199,p128_o256,128,256,mixed,1,84.66177002992481,78.81050348628824,20182.351222028956,256,12.684349666880092,1007.966,50.398,51.759,3.9373671875,0.25397682064672816,38.088,0.808,11.502,71.2,40,Qwen2.5-14B-Instruct-Q4_K_M,llama.cpp,finegrained_gpu_emc
2026-05-22T17:40:02.404516,GPU1224_EMC3199_CPU1036,1224,1036,3199,1224,3199,p128_o256,128,256,mixed,2,83.67597998585552,78.82275380029836,20184.192753047682,256,12.683192393777832,1008.256,50.413,51.759,3.9385,0.2539037704709915,38.088,0.808,11.517,71.2,40,Qwen2.5-14B-Instruct-Q4_K_M,llama.cpp,finegrained_gpu_emc
2026-05-22T17:40:45.200182,GPU1224_EMC3199_CPU1036,1224,1036,3199,1224,3199,p1024_o512,1024,512,mixed,0,1512.122949003242,79.17683869472718,41973.4354079701,512,12.19819142806641,2091.951,51.023,52.158,4.085841796875,0.2447476064209917,38.638,0.827,11.558,71.3,82,Qwen2.5-14B-Instruct-Q4_K_M,llama.cpp,finegrained_gpu_emc
2026-05-22T17:41:26.583746,GPU1224_EMC3199_CPU1036,1224,1036,3199,1224,3199,p1024_o512,1024,512,mixed,1,88.60957901924849,79.20024101554057,40561.89492694102,512,12.62268444120277,2038.422,50.961,52.957,3.98129296875,0.25117468316177904,38.531,0.828,11.601,71.4,80,Qwen2.5-14B-Instruct-Q4_K_M,llama.cpp,finegrained_gpu_emc
2026-05-22T17:42:07.941313,GPU1224_EMC3199_CPU1036,1224,1036,3199,1224,3199,p1024_o512,1024,512,mixed,2,88.71945308055729,79.1491427298894,40535.90832906775,512,12.63077654122411,2039.368,50.984,52.158,3.983140625,0.2510581709627689,38.561,0.798,11.625,71.5,80,Qwen2.5-14B-Instruct-Q4_K_M,llama.cpp,finegrained_gpu_emc
2026-05-22T17:42:22.691840,GPU1300_EMC204_CPU1036,1300,1036,3199,1300,204,p128_o64,128,64,decode,0,77.98136596102268,76.63997641158483,4906.636228901334,64,13.043559174618192,251.496,50.299,52.158,3.929625,0.254477208385024,37.947,0.838,11.515,70.9,10,Qwen2.5-14B-Instruct-Q4_K_M,llama.cpp,finegrained_gpu_emc
2026-05-22T17:42:28.408379,GPU1300_EMC204_CPU1036,1300,1036,3199,1300,204,p128_o64,128,64,decode,1,78.04849999956787,76.61963907986997,4905.351680004969,64,13.046974850116182,245.99,49.198,52.058,3.84359375,0.2601731777714541,37.107,0.798,11.294,70.8,10,Qwen2.5-14B-Instruct-Q4_K_M,llama.cpp,finegrained_gpu_emc
2026-05-22T17:42:34.126467,GPU1300_EMC204_CPU1036,1300,1036,3199,1300,204,p128_o64,128,64,decode,2,78.02097906824201,76.64913749174467,4907.2346210014075,64,13.041968632618522,245.55,49.11,52.058,3.83671875,0.26063938098147016,36.988,0.798,11.324,70.7,10,Qwen2.5-14B-Instruct-Q4_K_M,llama.cpp,finegrained_gpu_emc
2026-05-22T17:42:44.757279,GPU1300_EMC204_CPU1036,1300,1036,3199,1300,204,p512_o128,512,128,decode,0,77.77467591222376,76.69514483464222,9818.418001988903,128,13.03672342877144,498.224,49.822,52.158,3.892375,0.25691255338964003,37.55,0.818,11.454,70.8,20,Qwen2.5-14B-Instruct-Q4_K_M,llama.cpp,finegrained_gpu_emc
2026-05-22T17:42:55.395046,GPU1300_EMC204_CPU1036,1300,1036,3199,1300,204,p512_o128,512,128,decode,1,77.9865758959204,76.74538485126526,9825.14494296629,128,13.027797629757488,498.372,49.837,52.557,3.89353125,0.25683625885884437,37.53,0.878,11.429,70.8,20,Qwen2.5-14B-Instruct-Q4_K_M,llama.cpp,finegrained_gpu_emc
2026-05-22T17:43:06.030227,GPU1300_EMC204_CPU1036,1300,1036,3199,1300,204,p512_o128,512,128,decode,2,77.88910192903131,76.72672983493626,9822.671114001423,128,13.03107866632594,498.628,49.863,52.058,3.89553125,0.2567043968649976,37.61,0.818,11.434,70.9,20,Qwen2.5-14B-Instruct-Q4_K_M,llama.cpp,finegrained_gpu_emc
2026-05-22T17:43:16.666970,GPU1300_EMC204_CPU1036,1300,1036,3199,1300,204,p1024_o128,1024,128,decode,0,78.05837807245553,76.74007707799778,9824.546754010953,128,13.02859085562832,498.125,49.812,52.058,3.8916015625,0.25696361355081554,37.57,0.798,11.444,70.9,20,Qwen2.5-14B-Instruct-Q4_K_M,llama.cpp,finegrained_gpu_emc
2026-05-22T17:43:27.321565,GPU1300_EMC204_CPU1036,1300,1036,3199,1300,204,p1024_o128,1024,128,decode,1,77.98305002506822,76.87962481909703,9842.185381101444,128,13.005241726677927,494.526,49.453,51.659,3.863484375,0.25883371147320866,37.23,0.798,11.424,70.9,20,Qwen2.5-14B-Instruct-Q4_K_M,llama.cpp,finegrained_gpu_emc
2026-05-22T17:43:37.959245,GPU1300_EMC204_CPU1036,1300,1036,3199,1300,204,p1024_o128,1024,128,decode,2,78.25913990382105,76.7425186932087,9825.050048995763,128,13.02792345704978,496.778,49.678,52.058,3.881078125,0.25766036338163123,37.45,0.798,11.429,70.8,20,Qwen2.5-14B-Instruct-Q4_K_M,llama.cpp,finegrained_gpu_emc
2026-05-22T17:43:58.529743,GPU1300_EMC204_CPU1036,1300,1036,3199,1300,204,p128_o256,128,256,decode,0,77.90922198910266,77.15790788232185,19754.126859013923,256,12.959317403754836,995.154,51.034,52.158,3.8873203125,0.2572466171064981,38.583,0.798,11.653,71.0,39,Qwen2.5-14B-Instruct-Q4_K_M,llama.cpp,finegrained_gpu_emc
2026-05-22T17:44:19.119596,GPU1300_EMC204_CPU1036,1300,1036,3199,1300,204,p128_o256,128,256,decode,1,83.53031403385103,77.21564203509878,19774.524174979888,256,12.945949937137254,994.686,51.01,52.158,3.8854921875,0.25736765170113984,38.582,0.798,11.63,71.0,39,Qwen2.5-14B-Instruct-Q4_K_M,llama.cpp,finegrained_gpu_emc
2026-05-22T17:44:39.704807,GPU1300_EMC204_CPU1036,1300,1036,3199,1300,204,p128_o256,128,256,decode,2,83.36925599724054,77.19708193303542,19769.591058953665,256,12.94918034655337,994.453,50.998,52.058,3.88458203125,0.25742795285448383,38.562,0.798,11.637,71.1,39,Qwen2.5-14B-Instruct-Q4_K_M,llama.cpp,finegrained_gpu_emc
2026-05-22T17:45:21.281889,GPU1300_EMC204_CPU1036,1300,1036,3199,1300,204,p1024_o512,1024,512,decode,0,83.47561897244304,79.58801125254621,40754.9300219398,512,12.562897291796908,2030.93,50.773,52.259,3.96666015625,0.25210125410526213,38.412,0.833,11.528,71.2,80,Qwen2.5-14B-Instruct-Q4_K_M,llama.cpp,finegrained_gpu_emc
2026-05-22T17:46:02.864647,GPU1300_EMC204_CPU1036,1300,1036,3199,1300,204,p1024_o512,1024,512,decode,1,83.83544802200049,79.59879889224024,40760.759613942355,512,12.561100549874656,2027.344,50.684,52.158,3.95965625,0.2525471750230844,38.352,0.808,11.523,71.3,80,Qwen2.5-14B-Instruct-Q4_K_M,llama.cpp,finegrained_gpu_emc
2026-05-22T17:46:44.560814,GPU1300_EMC204_CPU1036,1300,1036,3199,1300,204,p1024_o512,1024,512,decode,2,84.13851005025208,79.82052703125588,40874.36834804248,512,12.526187454209802,2009.86,50.246,51.36,3.9255078125,0.25474411153015636,37.923,0.813,11.511,71.3,80,Qwen2.5-14B-Instruct-Q4_K_M,llama.cpp,finegrained_gpu_emc
2026-05-22T17:46:50.424663,GPU1300_EMC204_CPU1036,1300,1036,3199,1300,204,p128_o64,128,64,mixed,0,209.95491999201477,76.86962906293394,5053.00737300422,64,12.665724641907532,242.951,48.59,52.158,3.796109375,0.2634276047433433,36.59,0.798,11.202,71.1,10,Qwen2.5-14B-Instruct-Q4_K_M,llama.cpp,finegrained_gpu_emc
2026-05-22T17:46:56.142663,GPU1300_EMC204_CPU1036,1300,1036,3199,1300,204,p128_o64,128,64,mixed,1,78.56230298057199,76.64113084135192,4907.222023000941,64,13.042002114439022,246.143,49.229,52.158,3.845984375,0.26001145675481324,37.027,0.798,11.404,71.0,10,Qwen2.5-14B-Instruct-Q4_K_M,llama.cpp,finegrained_gpu_emc
2026-05-22T17:47:01.858409,GPU1300_EMC204_CPU1036,1300,1036,3199,1300,204,p128_o64,128,64,mixed,2,78.44563201069832,76.62744896804234,4906.240610056557,64,13.044610953000578,245.942,49.188,52.058,3.84284375,0.2602239552414797,37.067,0.798,11.324,71.0,10,Qwen2.5-14B-Instruct-Q4_K_M,llama.cpp,finegrained_gpu_emc
2026-05-22T17:47:13.624071,GPU1300_EMC204_CPU1036,1300,1036,3199,1300,204,p512_o128,512,128,mixed,0,677.6741709327325,80.92124174866004,10955.175164039247,128,11.683975662951019,540.818,49.165,51.059,4.225140625,0.23667851291931852,37.292,0.798,11.075,70.9,22,Qwen2.5-14B-Instruct-Q4_K_M,llama.cpp,finegrained_gpu_emc
2026-05-22T17:47:24.792315,GPU1300_EMC204_CPU1036,1300,1036,3199,1300,204,p512_o128,512,128,mixed,1,84.5425280276686,80.87181839285286,10355.852482025512,128,12.360160616633692,517.594,49.295,51.458,4.043703125,0.24729807532544812,37.225,0.836,11.234,70.9,21,Qwen2.5-14B-Instruct-Q4_K_M,llama.cpp,finegrained_gpu_emc
2026-05-22T17:47:35.956784,GPU1300_EMC204_CPU1036,1300,1036,3199,1300,204,p512_o128,512,128,mixed,2,84.33676802087575,80.84308351188399,10351.90401703585,128,12.364875078956862,516.788,49.218,51.357,4.03740625,0.24768376974697554,37.205,0.798,11.215,70.9,21,Qwen2.5-14B-Instruct-Q4_K_M,llama.cpp,finegrained_gpu_emc
2026-05-22T17:47:47.483907,GPU1300_EMC204_CPU1036,1300,1036,3199,1300,204,p1024_o128,1024,128,mixed,0,932.3905589990318,77.00421096020062,10712.439713999629,128,11.948725352705814,528.561,50.339,52.558,4.1293828125,0.24216694005043882,38.192,0.798,11.349,70.9,21,Qwen2.5-14B-Instruct-Q4_K_M,llama.cpp,finegrained_gpu_emc
2026-05-22T17:47:58.163394,GPU1300_EMC204_CPU1036,1300,1036,3199,1300,204,p1024_o128,1024,128,mixed,1,87.58018794469535,76.99948835450657,9867.02045192942,128,12.972507822761285,503.213,50.321,52.558,3.9313515625,0.25436544763350705,38.049,0.798,11.474,70.9,20,Qwen2.5-14B-Instruct-Q4_K_M,llama.cpp,finegrained_gpu_emc
2026-05-22T17:48:08.839411,GPU1300_EMC204_CPU1036,1300,1036,3199,1300,204,p1024_o128,1024,128,mixed,2,87.59874606039375,76.97174642473371,9863.506985013373,128,12.977128742797403,503.57,50.357,52.659,3.934140625,0.25418511825565465,38.07,0.798,11.49,70.9,20,Qwen2.5-14B-Instruct-Q4_K_M,llama.cpp,finegrained_gpu_emc
2026-05-22T17:48:29.708134,GPU1300_EMC204_CPU1036,1300,1036,3199,1300,204,p128_o256,128,256,mixed,0,84.10143596120179,78.30687491360175,20053.320289007388,256,12.765965750835353,1009.256,50.463,52.158,3.94240625,0.2536521952804838,38.148,0.808,11.507,70.9,40,Qwen2.5-14B-Instruct-Q4_K_M,llama.cpp,finegrained_gpu_emc
2026-05-22T17:48:50.574334,GPU1300_EMC204_CPU1036,1300,1036,3199,1300,204,p128_o256,128,256,mixed,1,84.15420190431178,78.29597577288308,20050.59297394473,256,12.767702198766187,1008.846,50.442,52.158,3.9408046875,0.2537552807861656,38.147,0.798,11.497,70.9,40,Qwen2.5-14B-Instruct-Q4_K_M,llama.cpp,finegrained_gpu_emc
2026-05-22T17:49:11.437658,GPU1300_EMC204_CPU1036,1300,1036,3199,1300,204,p128_o256,128,256,mixed,2,83.98405706975609,78.28599367035078,20047.867409070022,256,12.769438004372521,1009.44,50.472,52.158,3.943125,0.2536059597400539,38.167,0.798,11.507,71.0,40,Qwen2.5-14B-Instruct-Q4_K_M,llama.cpp,finegrained_gpu_emc
2026-05-22T17:49:53.965900,GPU1300_EMC204_CPU1036,1300,1036,3199,1300,204,p1024_o512,1024,512,mixed,0,1508.073724922724,78.66211506855217,41706.4070799388,512,12.276291242701584,2099.856,51.216,53.755,4.10128125,0.24382624332335168,38.818,0.837,11.561,71.1,82,Qwen2.5-14B-Instruct-Q4_K_M,llama.cpp,finegrained_gpu_emc
2026-05-22T17:50:35.089190,GPU1300_EMC204_CPU1036,1300,1036,3199,1300,204,p1024_o512,1024,512,mixed,1,86.07862109784037,78.69575604492955,40301.614483003505,512,12.704205689226841,2027.818,51.337,52.659,3.96058203125,0.2524881424269831,38.847,0.808,11.682,71.3,79,Qwen2.5-14B-Instruct-Q4_K_M,llama.cpp,finegrained_gpu_emc
2026-05-22T17:51:16.225196,GPU1300_EMC204_CPU1036,1300,1036,3199,1300,204,p1024_o512,1024,512,mixed,2,88.44262396451086,78.7174762212972,40314.567678025924,512,12.700123788728447,2022.492,51.202,52.058,3.9501796875,0.25315304090201596,38.716,0.808,11.678,71.4,79,Qwen2.5-14B-Instruct-Q4_K_M,llama.cpp,finegrained_gpu_emc
2026-05-22T17:51:30.966500,GPU1300_EMC665_CPU1036,1300,1036,3199,1300,665,p128_o64,128,64,decode,0,78.00026494078338,76.60862638075496,4904.712299001403,64,13.04867566096188,250.449,50.09,51.659,3.913265625,0.25554104827729396,37.787,0.798,11.505,70.7,10,Qwen2.5-14B-Instruct-Q4_K_M,llama.cpp,finegrained_gpu_emc
2026-05-22T17:51:36.682900,GPU1300_EMC665_CPU1036,1300,1036,3199,1300,665,p128_o64,128,64,decode,1,77.9372249962762,76.62606322103076,4905.643941019662,64,13.04619755723594,245.699,49.14,52.058,3.839046875,0.2604813206402956,37.028,0.798,11.314,70.6,10,Qwen2.5-14B-Instruct-Q4_K_M,llama.cpp,finegrained_gpu_emc
2026-05-22T17:51:42.397497,GPU1300_EMC665_CPU1036,1300,1036,3199,1300,665,p128_o64,128,64,decode,2,77.96189689543098,76.59667541295113,4903.816508944146,64,13.051059288876209,245.65,49.13,52.058,3.83828125,0.26053327905556684,36.988,0.798,11.344,70.6,10,Qwen2.5-14B-Instruct-Q4_K_M,llama.cpp,finegrained_gpu_emc
2026-05-22T17:51:53.027581,GPU1300_EMC665_CPU1036,1300,1036,3199,1300,665,p512_o128,512,128,decode,0,77.92567205615342,76.68832199937685,9817.833472974598,128,13.037499602365804,498.224,49.822,52.058,3.892375,0.25691255338964003,37.61,0.778,11.434,70.7,20,Qwen2.5-14B-Instruct-Q4_K_M,llama.cpp,finegrained_gpu_emc
2026-05-22T17:52:03.659581,GPU1300_EMC665_CPU1036,1300,1036,3199,1300,665,p512_o128,512,128,decode,1,77.97111093532294,76.70216396905658,9819.641289999709,128,13.03509937072292,498.461,49.846,52.158,3.8942265625,0.2567904008538281,37.589,0.818,11.439,70.8,20,Qwen2.5-14B-Instruct-Q4_K_M,llama.cpp,finegrained_gpu_emc
2026-05-22T17:52:14.294180,GPU1300_EMC665_CPU1036,1300,1036,3199,1300,665,p512_o128,512,128,decode,2,77.95536599587649,76.72210681109183,9822.153198067099,128,13.031765786873404,499.214,49.921,52.158,3.900109375,0.2564030656191533,37.669,0.818,11.434,70.8,20,Qwen2.5-14B-Instruct-Q4_K_M,llama.cpp,finegrained_gpu_emc
2026-05-22T17:52:24.928118,GPU1300_EMC665_CPU1036,1300,1036,3199,1300,665,p1024_o128,1024,128,decode,0,77.98422896303236,76.71694984241557,9821.577012888156,128,13.032530298549277,497.767,49.777,52.058,3.8888046875,0.2571484248654491,37.549,0.798,11.429,70.8,20,Qwen2.5-14B-Instruct-Q4_K_M,llama.cpp,finegrained_gpu_emc
2026-05-22T17:52:35.559465,GPU1300_EMC665_CPU1036,1300,1036,3199,1300,665,p1024_o128,1024,128,decode,1,78.04544398095459,76.69681477210096,9818.958802963607,128,13.0360054022598,498.722,49.872,52.058,3.896265625,0.25665601276863664,37.63,0.818,11.424,70.8,20,Qwen2.5-14B-Instruct-Q4_K_M,llama.cpp,finegrained_gpu_emc
2026-05-22T17:52:46.194325,GPU1300_EMC665_CPU1036,1300,1036,3199,1300,665,p1024_o128,1024,128,decode,2,77.95165199786425,76.72477848864506,9822.358068078756,128,13.031493976582007,497.368,49.737,52.058,3.8856875,0.25735471522092296,37.51,0.798,11.429,70.8,20,Qwen2.5-14B-Instruct-Q4_K_M,llama.cpp,finegrained_gpu_emc
2026-05-22T17:53:06.755237,GPU1300_EMC665_CPU1036,1300,1036,3199,1300,665,p128_o256,128,256,decode,0,77.9583080438897,77.12457571772164,19745.722257066518,256,12.964833429092915,995.268,51.039,52.158,3.887765625,0.2572171515611875,38.604,0.798,11.637,70.8,39,Qwen2.5-14B-Instruct-Q4_K_M,llama.cpp,finegrained_gpu_emc
2026-05-22T17:53:27.332495,GPU1300_EMC665_CPU1036,1300,1036,3199,1300,665,p128_o256,128,256,decode,1,83.37783301249146,77.16794976069792,19761.910487082787,256,12.95421311453325,994.147,50.982,52.158,3.88338671875,0.2575071895806153,38.544,0.808,11.63,70.9,39,Qwen2.5-14B-Instruct-Q4_K_M,llama.cpp,finegrained_gpu_emc
2026-05-22T17:53:47.909263,GPU1300_EMC665_CPU1036,1300,1036,3199,1300,665,p128_o256,128,256,decode,2,83.54499796405435,77.16486976098489,19761.25897199381,256,12.954640206011677,994.536,51.002,52.058,3.88490625,0.25740646894632274,38.585,0.808,11.609,70.9,39,Qwen2.5-14B-Instruct-Q4_K_M,llama.cpp,finegrained_gpu_emc
2026-05-22T17:54:29.478467,GPU1300_EMC665_CPU1036,1300,1036,3199,1300,665,p1024_o512,1024,512,decode,0,83.39594199787825,79.57199839724741,40746.68028601445,512,12.565440826248969,2028.59,50.715,52.074,3.96208984375,0.2523920555656885,38.395,0.813,11.507,71.0,80,Qwen2.5-14B-Instruct-Q4_K_M,llama.cpp,finegrained_gpu_emc
2026-05-22T17:55:11.047469,GPU1300_EMC665_CPU1036,1300,1036,3199,1300,665,p1024_o512,1024,512,decode,1,84.0512920403853,79.578484244528,40750.64740795642,512,12.564217566271935,2026.848,50.671,52.058,3.9586875,0.2526089770915234,38.359,0.808,11.505,71.0,80,Qwen2.5-14B-Instruct-Q4_K_M,llama.cpp,finegrained_gpu_emc
2026-05-22T17:55:52.643320,GPU1300_EMC665_CPU1036,1300,1036,3199,1300,665,p1024_o512,1024,512,decode,2,83.65974191110581,79.62545641304273,40774.21380393207,512,12.55695578735169,2030.86,50.771,52.058,3.9665234375,0.25210994357070404,38.421,0.823,11.527,71.1,80,Qwen2.5-14B-Instruct-Q4_K_M,llama.cpp,finegrained_gpu_emc
2026-05-22T17:55:58.508598,GPU1300_EMC665_CPU1036,1300,1036,3199,1300,665,p128_o64,128,64,mixed,0,209.0952539583668,76.90222709557958,5054.127878975123,64,12.662916636169074,243.937,48.787,52.158,3.811515625,0.26236282318795423,36.748,0.838,11.202,70.8,10,Qwen2.5-14B-Instruct-Q4_K_M,llama.cpp,finegrained_gpu_emc
2026-05-22T17:56:04.227538,GPU1300_EMC665_CPU1036,1300,1036,3199,1300,665,p128_o64,128,64,mixed,1,78.44811503309757,76.65188287362633,4907.788061071187,64,13.040497919551804,246.192,49.238,52.058,3.84675,0.25995970624553194,37.107,0.798,11.334,70.8,10,Qwen2.5-14B-Instruct-Q4_K_M,llama.cpp,finegrained_gpu_emc
2026-05-22T17:56:09.945770,GPU1300_EMC665_CPU1036,1300,1036,3199,1300,665,p128_o64,128,64,mixed,2,78.34725198335946,76.64693333208561,4907.37284894567,64,13.041601274243948,245.69,49.138,52.058,3.83890625,0.26049086246896497,37.067,0.798,11.274,70.7,10,Qwen2.5-14B-Instruct-Q4_K_M,llama.cpp,finegrained_gpu_emc
2026-05-22T17:56:21.711627,GPU1300_EMC665_CPU1036,1300,1036,3199,1300,665,p512_o128,512,128,mixed,0,677.6629730593413,80.9057311495898,10953.190024010837,128,11.68609324949235,540.917,49.174,51.357,4.2259140625,0.236635195418151,37.288,0.816,11.07,70.7,22,Qwen2.5-14B-Instruct-Q4_K_M,llama.cpp,finegrained_gpu_emc
2026-05-22T17:56:32.876291,GPU1300_EMC665_CPU1036,1300,1036,3199,1300,665,p512_o128,512,128,mixed,1,84.37557006254792,80.8444379445708,10352.152368053794,128,12.364578442160624,517.045,49.242,51.458,4.0394140625,0.24756065719618217,37.206,0.817,11.22,70.7,21,Qwen2.5-14B-Instruct-Q4_K_M,llama.cpp,finegrained_gpu_emc
2026-05-22T17:56:44.038226,GPU1300_EMC665_CPU1036,1300,1036,3199,1300,665,p512_o128,512,128,mixed,2,84.33844998944551,80.82344214978268,10349.410190014169,128,12.367854558852379,516.586,49.199,51.458,4.035828125,0.2477806212324763,37.205,0.798,11.196,70.6,21,Qwen2.5-14B-Instruct-Q4_K_M,llama.cpp,finegrained_gpu_emc
2026-05-22T17:56:55.573476,GPU1300_EMC665_CPU1036,1300,1036,3199,1300,665,p1024_o128,1024,128,mixed,0,933.0010690027848,77.06390879498281,10720.633352990262,128,11.939593099161206,528.56,50.339,52.957,4.129375,0.24216739821401545,38.173,0.855,11.311,70.6,21,Qwen2.5-14B-Instruct-Q4_K_M,llama.cpp,finegrained_gpu_emc
2026-05-22T17:57:06.255646,GPU1300_EMC665_CPU1036,1300,1036,3199,1300,665,p1024_o128,1024,128,mixed,1,87.54955092445016,77.02102806367802,9869.728557998314,128,12.968948360415675,502.964,50.296,52.558,3.92940625,0.25449137512823977,37.989,0.798,11.51,70.7,20,Qwen2.5-14B-Instruct-Q4_K_M,llama.cpp,finegrained_gpu_emc
2026-05-22T17:57:16.936083,GPU1300_EMC665_CPU1036,1300,1036,3199,1300,665,p1024_o128,1024,128,mixed,2,87.31672097928822,77.009813409064,9868.111785966903,128,12.97107316741429,503.563,50.356,53.058,3.9340859375,0.2541886516682123,38.009,0.818,11.53,70.7,20,Qwen2.5-14B-Instruct-Q4_K_M,llama.cpp,finegrained_gpu_emc
2026-05-22T17:57:37.813086,GPU1300_EMC665_CPU1036,1300,1036,3199,1300,665,p128_o256,128,256,mixed,0,84.2896489193663,78.33873562733916,20061.64245598484,256,12.760670047911727,1009.293,50.465,52.143,3.94255078125,0.25364289656224703,38.155,0.818,11.492,70.7,40,Qwen2.5-14B-Instruct-Q4_K_M,llama.cpp,finegrained_gpu_emc
2026-05-22T17:57:58.688030,GPU1300_EMC665_CPU1036,1300,1036,3199,1300,665,p128_o256,128,256,mixed,1,84.0671859914437,78.33078712928018,20059.380069025792,256,12.762109253580384,1008.452,50.423,52.058,3.939265625,0.25385442242169187,38.128,0.818,11.477,70.8,40,Qwen2.5-14B-Instruct-Q4_K_M,llama.cpp,finegrained_gpu_emc
2026-05-22T17:58:19.568332,GPU1300_EMC665_CPU1036,1300,1036,3199,1300,665,p128_o256,128,256,mixed,2,84.02037096675485,78.3528803057932,20064.68282500282,256,12.758736444166246,1007.01,50.35,52.058,3.9336328125,0.25421793229461476,38.058,0.798,11.495,70.8,40,Qwen2.5-14B-Instruct-Q4_K_M,llama.cpp,finegrained_gpu_emc
2026-05-22T17:59:02.107963,GPU1300_EMC665_CPU1036,1300,1036,3199,1300,665,p1024_o512,1024,512,mixed,0,1508.6427229689434,78.68277306446109,41717.49532199465,512,12.273028283413243,2092.831,51.045,52.558,4.087560546875,0.24464469419652135,38.697,0.808,11.54,70.9,82,Qwen2.5-14B-Instruct-Q4_K_M,llama.cpp,finegrained_gpu_emc
2026-05-22T17:59:43.309247,GPU1300_EMC665_CPU1036,1300,1036,3199,1300,665,p1024_o512,1024,512,mixed,1,88.70959701016545,78.84324698434658,40379.61582397111,512,12.679664963430742,2012.711,50.955,52.158,3.931076171875,0.2543832671456558,38.468,0.803,11.683,71.0,79,Qwen2.5-14B-Instruct-Q4_K_M,llama.cpp,finegrained_gpu_emc
2026-05-22T18:00:24.537384,GPU1300_EMC665_CPU1036,1300,1036,3199,1300,665,p1024_o512,1024,512,mixed,2,88.54662207886577,78.89609790221222,40406.46526799537,512,12.67123953070793,2010.61,50.902,51.759,3.92697265625,0.2546490865956103,38.418,0.798,11.686,71.1,79,Qwen2.5-14B-Instruct-Q4_K_M,llama.cpp,finegrained_gpu_emc
2026-05-22T18:00:39.277529,GPU1300_EMC2133_CPU1036,1300,1036,3199,1300,2133,p128_o64,128,64,decode,0,77.98711897339672,76.59454468179435,4903.707270976156,64,13.051350022216935,250.646,50.129,52.058,3.91634375,0.2553402009208206,37.867,0.798,11.464,70.4,10,Qwen2.5-14B-Instruct-Q4_K_M,llama.cpp,finegrained_gpu_emc
2026-05-22T18:00:44.997786,GPU1300_EMC2133_CPU1036,1300,1036,3199,1300,2133,p128_o64,128,64,decode,1,78.1430839560926,79.19874236170874,4909.530812990852,62,12.628497989246764,244.944,48.989,51.659,3.9507096774193546,0.25311908027957414,36.867,0.798,11.324,70.3,10,Qwen2.5-14B-Instruct-Q4_K_M,llama.cpp,finegrained_gpu_emc
2026-05-22T18:00:50.724252,GPU1300_EMC2133_CPU1036,1300,1036,3199,1300,2133,p128_o64,128,64,decode,2,78.02622194867581,76.78433634998602,4915.6973930075765,64,13.019515825168158,243.056,48.611,51.659,3.79775,0.26331380422618655,36.51,0.798,11.304,70.3,10,Qwen2.5-14B-Instruct-Q4_K_M,llama.cpp,finegrained_gpu_emc
2026-05-22T18:01:01.366506,GPU1300_EMC2133_CPU1036,1300,1036,3199,1300,2133,p512_o128,512,128,decode,0,77.97271898016334,76.78186090564077,9829.766456969082,128,13.02167254535848,497.326,49.733,52.058,3.885359375,0.25737644925059217,37.49,0.798,11.444,70.4,20,Qwen2.5-14B-Instruct-Q4_K_M,llama.cpp,finegrained_gpu_emc
2026-05-22T18:01:12.000799,GPU1300_EMC2133_CPU1036,1300,1036,3199,1300,2133,p512_o128,512,128,decode,1,78.10878101736307,76.73302967757661,9823.54837807361,128,13.029914962876244,497.426,49.743,52.058,3.886140625,0.2573247075946975,37.49,0.818,11.434,70.4,20,Qwen2.5-14B-Instruct-Q4_K_M,llama.cpp,finegrained_gpu_emc
2026-05-22T18:01:22.636078,GPU1300_EMC2133_CPU1036,1300,1036,3199,1300,2133,p512_o128,512,128,decode,2,78.07149994187057,76.72800522803615,9823.064317926764,128,13.03055704994258,497.274,49.727,52.058,3.884953125,0.25740336313581647,37.51,0.798,11.419,70.4,20,Qwen2.5-14B-Instruct-Q4_K_M,llama.cpp,finegrained_gpu_emc
2026-05-22T18:01:33.275209,GPU1300_EMC2133_CPU1036,1300,1036,3199,1300,2133,p1024_o128,1024,128,decode,0,78.12785194255412,76.75725063785734,9826.789140934125,128,13.025617845691604,497.868,49.787,52.158,3.88959375,0.2570962584460138,37.529,0.818,11.439,70.5,20,Qwen2.5-14B-Instruct-Q4_K_M,llama.cpp,finegrained_gpu_emc
2026-05-22T18:01:43.911210,GPU1300_EMC2133_CPU1036,1300,1036,3199,1300,2133,p1024_o128,1024,128,decode,1,78.05994898080826,76.73333303207224,9823.688918957487,128,13.029728552681375,497.47,49.747,52.058,3.886484375,0.2573019478561521,37.51,0.798,11.439,70.5,20,Qwen2.5-14B-Instruct-Q4_K_M,llama.cpp,finegrained_gpu_emc
2026-05-22T18:01:54.547098,GPU1300_EMC2133_CPU1036,1300,1036,3199,1300,2133,p1024_o128,1024,128,decode,2,77.96839799266309,76.73051883466542,9823.239069082774,128,13.03032524199289,497.772,49.777,52.058,3.88884375,0.25714584187137884,37.55,0.818,11.409,70.5,20,Qwen2.5-14B-Instruct-Q4_K_M,llama.cpp,finegrained_gpu_emc
2026-05-22T18:02:15.108301,GPU1300_EMC2133_CPU1036,1300,1036,3199,1300,2133,p128_o256,128,256,decode,0,78.01425200887024,77.1240026470931,19745.595460990444,256,12.964916682596666,993.508,50.949,52.058,3.880890625,0.25767281189482116,38.542,0.798,11.609,70.6,39,Qwen2.5-14B-Instruct-Q4_K_M,llama.cpp,finegrained_gpu_emc
2026-05-22T18:02:35.681727,GPU1300_EMC2133_CPU1036,1300,1036,3199,1300,2133,p128_o256,128,256,decode,1,83.67739105597138,77.15017070181156,19757.927014958113,256,12.95682486356946,994.115,50.98,52.158,3.88326171875,0.257515478591511,38.553,0.798,11.63,70.7,39,Qwen2.5-14B-Instruct-Q4_K_M,llama.cpp,finegrained_gpu_emc
2026-05-22T18:02:56.261321,GPU1300_EMC2133_CPU1036,1300,1036,3199,1300,2133,p128_o256,128,256,decode,2,83.51597201544791,77.17731684701992,19764.3985520117,256,12.95258235793587,993.758,50.962,52.058,3.8818671875,0.25760798906776095,38.542,0.798,11.622,70.7,39,Qwen2.5-14B-Instruct-Q4_K_M,llama.cpp,finegrained_gpu_emc
2026-05-22T18:03:37.841077,GPU1300_EMC2133_CPU1036,1300,1036,3199,1300,2133,p1024_o512,1024,512,decode,0,83.3227609982714,79.59549980413044,40758.03947891109,512,12.561938860305526,2027.414,50.685,52.158,3.95979296875,0.25253845539194264,38.367,0.803,11.516,70.8,80,Qwen2.5-14B-Instruct-Q4_K_M,llama.cpp,finegrained_gpu_emc
2026-05-22T18:04:19.426414,GPU1300_EMC2133_CPU1036,1300,1036,3199,1300,2133,p1024_o512,1024,512,decode,1,83.61547498498112,79.60451499799562,40763.511850032955,512,12.560252460181152,2027.157,50.679,52.058,3.959291015625,0.2525704718480118,38.374,0.798,11.507,70.9,80,Qwen2.5-14B-Instruct-Q4_K_M,llama.cpp,finegrained_gpu_emc
2026-05-22T18:05:01.012046,GPU1300_EMC2133_CPU1036,1300,1036,3199,1300,2133,p1024_o512,1024,512,decode,2,84.01430700905621,79.60296455367947,40763.09491600841,512,12.56038092924412,2029.906,50.748,52.058,3.96466015625,0.25222842831145875,38.415,0.808,11.525,71.0,80,Qwen2.5-14B-Instruct-Q4_K_M,llama.cpp,finegrained_gpu_emc
2026-05-22T18:05:06.868378,GPU1300_EMC2133_CPU1036,1300,1036,3199,1300,2133,p128_o64,128,64,mixed,0,209.1329999966547,76.76134227095024,5045.330971013755,64,12.68499536852793,244.091,48.818,52.058,3.813921875,0.262197295271026,36.828,0.798,11.192,70.8,10,Qwen2.5-14B-Instruct-Q4_K_M,llama.cpp,finegrained_gpu_emc
2026-05-22T18:05:12.584635,GPU1300_EMC2133_CPU1036,1300,1036,3199,1300,2133,p128_o64,128,64,mixed,1,78.46041698940098,76.6143253653325,4905.433153966442,64,13.046758153915682,245.793,49.159,52.058,3.840515625,0.260381703303186,37.027,0.798,11.334,70.7,10,Qwen2.5-14B-Instruct-Q4_K_M,llama.cpp,finegrained_gpu_emc
2026-05-22T18:05:18.300645,GPU1300_EMC2133_CPU1036,1300,1036,3199,1300,2133,p128_o64,128,64,mixed,2,78.82181997410953,76.60156074497435,4904.987025889568,64,13.047944808456036,246.143,49.229,52.058,3.845984375,0.26001145675481324,37.067,0.798,11.364,70.7,10,Qwen2.5-14B-Instruct-Q4_K_M,llama.cpp,finegrained_gpu_emc
2026-05-22T18:05:30.061998,GPU1300_EMC2133_CPU1036,1300,1036,3199,1300,2133,p512_o128,512,128,mixed,0,678.246311028488,80.86441463779835,10948.522328049876,128,11.691075394902086,541.07,49.188,51.059,4.227109375,0.23656828136839964,37.256,0.834,11.098,70.7,22,Qwen2.5-14B-Instruct-Q4_K_M,llama.cpp,finegrained_gpu_emc
2026-05-22T18:05:41.225584,GPU1300_EMC2133_CPU1036,1300,1036,3199,1300,2133,p512_o128,512,128,mixed,1,84.3800229486078,80.83483674856798,10350.906271953136,128,12.366066954623037,516.222,49.164,51.059,4.032984375,0.2479553370449148,37.165,0.798,11.201,70.7,21,Qwen2.5-14B-Instruct-Q4_K_M,llama.cpp,finegrained_gpu_emc
2026-05-22T18:05:52.391170,GPU1300_EMC2133_CPU1036,1300,1036,3199,1300,2133,p512_o128,512,128,mixed,2,84.59316298831254,80.85034266169234,10353.086935007013,128,12.363462299074502,516.798,49.219,51.357,4.037484375,0.24767897708582465,37.206,0.836,11.177,70.6,21,Qwen2.5-14B-Instruct-Q4_K_M,llama.cpp,finegrained_gpu_emc
2026-05-22T18:06:03.922901,GPU1300_EMC2133_CPU1036,1300,1036,3199,1300,2133,p1024_o128,1024,128,mixed,0,931.4629749860615,77.06623699142062,10719.252190901898,128,11.941131500632258,528.412,50.325,52.659,4.12821875,0.24223522554370452,38.192,0.798,11.335,70.6,21,Qwen2.5-14B-Instruct-Q4_K_M,llama.cpp,finegrained_gpu_emc
2026-05-22T18:06:14.601736,GPU1300_EMC2133_CPU1036,1300,1036,3199,1300,2133,p1024_o128,1024,128,mixed,1,87.48628199100494,76.99574264569398,9866.464027902111,128,12.97323941363585,503.77,50.377,52.558,3.935703125,0.2540842050935943,38.07,0.798,11.51,70.7,20,Qwen2.5-14B-Instruct-Q4_K_M,llama.cpp,finegrained_gpu_emc
2026-05-22T18:06:25.281129,GPU1300_EMC2133_CPU1036,1300,1036,3199,1300,2133,p1024_o128,1024,128,mixed,2,85.78698395285755,77.01130924420065,9866.731000016443,128,12.972888386212889,503.069,50.307,52.558,3.9302265625,0.2544382579725644,38.05,0.798,11.459,70.6,20,Qwen2.5-14B-Instruct-Q4_K_M,llama.cpp,finegrained_gpu_emc
2026-05-22T18:06:46.156771,GPU1300_EMC2133_CPU1036,1300,1036,3199,1300,2133,p128_o256,128,256,mixed,0,84.13635706529021,78.33315494890307,20060.06657599937,256,12.761672501440657,1007.653,50.383,52.058,3.93614453125,0.25405571163882806,38.098,0.808,11.477,70.7,40,Qwen2.5-14B-Instruct-Q4_K_M,llama.cpp,finegrained_gpu_emc
2026-05-22T18:07:07.035220,GPU1300_EMC2133_CPU1036,1300,1036,3199,1300,2133,p128_o256,128,256,mixed,1,84.03246698435396,78.34416960786079,20062.819840968587,256,12.759921189006745,1008.506,50.425,53.058,3.9394765625,0.25384082990086326,38.078,0.838,11.51,70.7,40,Qwen2.5-14B-Instruct-Q4_K_M,llama.cpp,finegrained_gpu_emc
2026-05-22T18:07:27.900336,GPU1300_EMC2133_CPU1036,1300,1036,3199,1300,2133,p128_o256,128,256,mixed,2,84.18528106994927,78.29281281972048,20049.821986001916,256,12.768193162948291,1008.307,50.415,52.158,3.93869921875,0.2538909280606006,38.128,0.818,11.469,70.7,40,Qwen2.5-14B-Instruct-Q4_K_M,llama.cpp,finegrained_gpu_emc
2026-05-22T18:08:10.421559,GPU1300_EMC2133_CPU1036,1300,1036,3199,1300,2133,p1024_o512,1024,512,mixed,0,1508.046820992604,78.6470837964915,41698.69181502145,512,12.27856265302688,2097.418,51.157,52.659,4.09651953125,0.24410966245164292,38.784,0.822,11.55,70.9,82,Qwen2.5-14B-Instruct-Q4_K_M,llama.cpp,finegrained_gpu_emc
2026-05-22T18:08:51.598985,GPU1300_EMC2133_CPU1036,1300,1036,3199,1300,2133,p1024_o512,1024,512,mixed,1,86.36554190889001,78.80145479667998,40355.89219699614,512,12.68711883510558,2020.601,51.154,52.958,3.946486328125,0.25338995675049153,38.661,0.818,11.676,71.0,79,Qwen2.5-14B-Instruct-Q4_K_M,llama.cpp,finegrained_gpu_emc
2026-05-22T18:09:32.789826,GPU1300_EMC2133_CPU1036,1300,1036,3199,1300,2133,p1024_o512,1024,512,mixed,2,88.36303802672774,78.82429149713542,40369.60494203959,512,12.682809275322384,2011.705,50.929,52.158,3.929111328125,0.25451047743083605,38.463,0.803,11.663,71.0,79,Qwen2.5-14B-Instruct-Q4_K_M,llama.cpp,finegrained_gpu_emc
2026-05-22T18:09:47.568494,GPU1300_EMC3199_CPU1036,1300,1036,3199,1300,3199,p128_o64,128,64,decode,0,78.21944798342884,76.88063542942501,4921.966645983048,64,13.002932486800201,248.454,49.691,51.659,3.88209375,0.2575929548326853,37.348,0.838,11.505,70.3,10,Qwen2.5-14B-Instruct-Q4_K_M,llama.cpp,finegrained_gpu_emc
2026-05-22T18:09:53.298979,GPU1300_EMC3199_CPU1036,1300,1036,3199,1300,3199,p128_o64,128,64,decode,1,78.21867696475238,76.84318798350259,4919.602014007978,64,13.00918241308294,242.849,48.57,51.26,3.794515625,0.26353824804714043,36.468,0.798,11.304,70.2,10,Qwen2.5-14B-Instruct-Q4_K_M,llama.cpp,finegrained_gpu_emc
2026-05-22T18:09:59.029460,GPU1300_EMC3199_CPU1036,1300,1036,3199,1300,3199,p128_o64,128,64,decode,2,78.21892900392413,76.85550790472281,4920.377237023786,64,13.007132769907702,242.806,48.561,51.26,3.79384375,0.26358491964778463,36.47,0.798,11.294,70.3,10,Qwen2.5-14B-Instruct-Q4_K_M,llama.cpp,finegrained_gpu_emc
2026-05-22T18:10:09.692771,GPU1300_EMC3199_CPU1036,1300,1036,3199,1300,3199,p512_o128,512,128,decode,0,78.15479801502079,76.9486323935823,9851.127268979326,128,12.993436842813429,493.838,49.384,51.36,3.858109375,0.25919431068488047,37.111,0.798,11.474,70.3,20,Qwen2.5-14B-Instruct-Q4_K_M,llama.cpp,finegrained_gpu_emc
2026-05-22T18:10:20.343867,GPU1300_EMC3199_CPU1036,1300,1036,3199,1300,3199,p512_o128,512,128,decode,1,78.2134800683707,76.85094607872962,9838.817995972931,128,13.00969283631336,495.481,49.548,51.759,3.8709453125,0.2583348301953052,37.291,0.818,11.439,70.3,20,Qwen2.5-14B-Instruct-Q4_K_M,llama.cpp,finegrained_gpu_emc
2026-05-22T18:10:30.980758,GPU1300_EMC3199_CPU1036,1300,1036,3199,1300,3199,p512_o128,512,128,decode,2,78.04170099552721,76.73967005519974,9824.481171090156,128,13.0286778274518,497.623,49.762,52.058,3.8876796875,0.25722283736885154,37.55,0.798,11.414,70.3,20,Qwen2.5-14B-Instruct-Q4_K_M,llama.cpp,finegrained_gpu_emc
2026-05-22T18:10:41.613358,GPU1300_EMC3199_CPU1036,1300,1036,3199,1300,3199,p1024_o128,1024,128,decode,0,78.03571107797325,76.70547011011375,9820.122412056662,128,13.0344607357285,497.024,49.702,52.058,3.883,0.25753283543651817,37.49,0.798,11.414,70.3,20,Qwen2.5-14B-Instruct-Q4_K_M,llama.cpp,finegrained_gpu_emc
2026-05-22T18:10:52.246549,GPU1300_EMC3199_CPU1036,1300,1036,3199,1300,3199,p1024_o128,1024,128,decode,1,77.98965799156576,76.71018983475776,9820.677587995306,128,13.033723880362988,497.126,49.713,52.058,3.883796875,0.2574799950113251,37.49,0.798,11.424,70.3,20,Qwen2.5-14B-Instruct-Q4_K_M,llama.cpp,finegrained_gpu_emc
2026-05-22T18:11:02.884811,GPU1300_EMC3199_CPU1036,1300,1036,3199,1300,3199,p1024_o128,1024,128,decode,2,77.8058780124411,76.75147435433547,9825.735692982562,128,13.027014363048282,498.367,49.837,52.158,3.8934921875,0.25683883563719107,37.569,0.798,11.469,70.3,20,Qwen2.5-14B-Instruct-Q4_K_M,llama.cpp,finegrained_gpu_emc
2026-05-22T18:11:23.455443,GPU1300_EMC3199_CPU1036,1300,1036,3199,1300,3199,p128_o256,128,256,decode,0,77.97889597713947,77.16184194501051,19755.248169996776,256,12.958581830867569,994.45,50.997,52.158,3.8845703125,0.2574287294484388,38.573,0.808,11.617,70.4,39,Qwen2.5-14B-Instruct-Q4_K_M,llama.cpp,finegrained_gpu_emc
2026-05-22T18:11:44.077345,GPU1300_EMC3199_CPU1036,1300,1036,3199,1300,3199,p128_o256,128,256,decode,1,83.34729995112866,77.34238102749063,19806.62805493921,256,12.924966293601948,989.226,50.73,52.058,3.8641640625,0.258788183893266,38.297,0.808,11.624,70.4,39,Qwen2.5-14B-Instruct-Q4_K_M,llama.cpp,finegrained_gpu_emc
2026-05-22T18:12:04.658664,GPU1300_EMC3199_CPU1036,1300,1036,3199,1300,3199,p128_o256,128,256,decode,2,83.56539998203516,77.18250356459369,19765.82085993141,256,12.951650316681478,994.202,50.985,52.158,3.8836015625,0.25749294408983286,38.552,0.808,11.624,70.5,39,Qwen2.5-14B-Instruct-Q4_K_M,llama.cpp,finegrained_gpu_emc
2026-05-22T18:12:46.232676,GPU1300_EMC3199_CPU1036,1300,1036,3199,1300,3199,p1024_o512,1024,512,decode,0,83.52331107016653,79.5825579941342,40752.14646407403,512,12.563755395102074,2026.776,50.669,52.058,3.958546875,0.25261795087370287,38.353,0.798,11.518,70.7,80,Qwen2.5-14B-Instruct-Q4_K_M,llama.cpp,finegrained_gpu_emc
2026-05-22T18:13:27.806343,GPU1300_EMC3199_CPU1036,1300,1036,3199,1300,3199,p1024_o512,1024,512,decode,1,83.91881093848497,79.58088123873824,40751.747702015564,512,12.563878333362293,2027.316,50.683,52.276,3.9596015625,0.2525506630441431,38.353,0.813,11.517,70.8,80,Qwen2.5-14B-Instruct-Q4_K_M,llama.cpp,finegrained_gpu_emc
2026-05-22T18:14:09.376090,GPU1300_EMC3199_CPU1036,1300,1036,3199,1300,3199,p1024_o512,1024,512,decode,2,83.82525795605034,79.57375246973129,40747.942002955824,512,12.56505175065921,2026.136,50.653,52.058,3.957296875,0.2526977458571389,38.352,0.798,11.503,70.9,80,Qwen2.5-14B-Instruct-Q4_K_M,llama.cpp,finegrained_gpu_emc
2026-05-22T18:14:15.234486,GPU1300_EMC3199_CPU1036,1300,1036,3199,1300,3199,p128_o64,128,64,mixed,0,208.79594597499818,76.7967910468874,5047.294995980337,64,12.680059329000892,243.791,48.758,52.058,3.809234375,0.26251994536303636,36.788,0.798,11.172,70.6,10,Qwen2.5-14B-Instruct-Q4_K_M,llama.cpp,finegrained_gpu_emc
2026-05-22T18:14:20.950784,GPU1300_EMC3199_CPU1036,1300,1036,3199,1300,3199,p128_o64,128,64,mixed,1,78.54028802830726,76.61200225323675,4905.37213999778,64,13.046920432020263,245.65,49.13,52.058,3.83828125,0.26053327905556684,36.988,0.798,11.344,70.6,10,Qwen2.5-14B-Instruct-Q4_K_M,llama.cpp,finegrained_gpu_emc
2026-05-22T18:14:26.667190,GPU1300_EMC3199_CPU1036,1300,1036,3199,1300,3199,p128_o64,128,64,mixed,2,78.46796698868275,76.61705084019414,4905.605655978434,64,13.04629937426861,246.342,49.268,52.158,3.84909375,0.25980141429394904,37.107,0.798,11.364,70.5,10,Qwen2.5-14B-Instruct-Q4_K_M,llama.cpp,finegrained_gpu_emc
2026-05-22T18:14:38.434907,GPU1300_EMC3199_CPU1036,1300,1036,3199,1300,3199,p512_o128,512,128,mixed,0,677.6871250476688,81.56241255531472,10955.05344006233,127,11.592823412030516,540.61,49.146,51.059,4.256771653543307,0.23491981280405466,37.292,0.798,11.057,70.5,22,Qwen2.5-14B-Instruct-Q4_K_M,llama.cpp,finegrained_gpu_emc
2026-05-22T18:14:49.593708,GPU1300_EMC3199_CPU1036,1300,1036,3199,1300,3199,p512_o128,512,128,mixed,1,84.2953419778496,80.79100799963142,10345.256873988546,128,12.372819888294416,516.492,49.19,51.458,4.03509375,0.2478257165648258,37.148,0.817,11.225,70.5,21,Qwen2.5-14B-Instruct-Q4_K_M,llama.cpp,finegrained_gpu_emc
2026-05-22T18:15:00.751112,GPU1300_EMC3199_CPU1036,1300,1036,3199,1300,3199,p512_o128,512,128,mixed,2,84.48269695509225,80.78719222804487,10344.960649963468,128,12.373174179299756,516.396,49.181,51.357,4.03434375,0.2478717883174928,37.168,0.798,11.215,70.4,21,Qwen2.5-14B-Instruct-Q4_K_M,llama.cpp,finegrained_gpu_emc
2026-05-22T18:15:12.307894,GPU1300_EMC3199_CPU1036,1300,1036,3199,1300,3199,p1024_o128,1024,128,mixed,0,932.5614720582962,77.2504235744315,10743.882638053037,128,11.913756349743192,539.472,49.043,52.158,4.214625,0.23726903342527508,37.074,0.816,11.153,70.4,22,Qwen2.5-14B-Instruct-Q4_K_M,llama.cpp,finegrained_gpu_emc
2026-05-22T18:15:23.022762,GPU1300_EMC3199_CPU1036,1300,1036,3199,1300,3199,p1024_o128,1024,128,mixed,1,88.04128703195602,77.2742643461042,9902.386679081246,128,12.926176703480941,498.508,49.851,52.043,3.89459375,0.2567661903118907,37.538,0.818,11.495,70.4,20,Qwen2.5-14B-Instruct-Q4_K_M,llama.cpp,finegrained_gpu_emc
2026-05-22T18:15:33.710302,GPU1300_EMC3199_CPU1036,1300,1036,3199,1300,3199,p1024_o128,1024,128,mixed,2,87.77981298044324,77.06162345679991,9875.112003996037,128,12.961878300540171,502.194,50.219,52.558,3.923390625,0.25488157962858976,37.907,0.798,11.514,70.4,20,Qwen2.5-14B-Instruct-Q4_K_M,llama.cpp,finegrained_gpu_emc
2026-05-22T18:15:54.582773,GPU1300_EMC3199_CPU1036,1300,1036,3199,1300,3199,p128_o256,128,256,mixed,0,84.35919496696442,78.31967869435674,20056.844039005227,256,12.76372292181901,1007.441,50.372,52.158,3.93531640625,0.2541091736389525,38.067,0.818,11.487,70.5,40,Qwen2.5-14B-Instruct-Q4_K_M,llama.cpp,finegrained_gpu_emc
2026-05-22T18:16:15.448089,GPU1300_EMC3199_CPU1036,1300,1036,3199,1300,3199,p128_o256,128,256,mixed,1,84.24731891136616,78.29340769060175,20050.036864937283,256,12.768056324508946,1005.892,50.295,52.058,3.929265625,0.25450048315326096,38.037,0.788,11.469,70.5,40,Qwen2.5-14B-Instruct-Q4_K_M,llama.cpp,finegrained_gpu_emc
2026-05-22T18:16:36.315419,GPU1300_EMC3199_CPU1036,1300,1036,3199,1300,3199,p128_o256,128,256,mixed,2,84.02616297826171,78.30113571356324,20051.845490001142,256,12.766904678557117,1008.784,50.439,52.058,3.9405625,0.25377087661977193,38.152,0.798,11.49,70.5,40,Qwen2.5-14B-Instruct-Q4_K_M,llama.cpp,finegrained_gpu_emc
2026-05-22T18:17:18.806537,GPU1300_EMC3199_CPU1036,1300,1036,3199,1300,3199,p1024_o512,1024,512,mixed,0,1508.3525149384513,78.58896149329681,41669.309869990684,512,12.287220537068004,2095.62,51.113,52.558,4.0930078125,0.2443191036542885,38.77,0.813,11.53,70.7,82,Qwen2.5-14B-Instruct-Q4_K_M,llama.cpp,finegrained_gpu_emc
2026-05-22T18:17:59.883907,GPU1300_EMC3199_CPU1036,1300,1036,3199,1300,3199,p1024_o512,1024,512,mixed,1,88.07203301694244,78.60282596488668,40255.951190018095,512,12.718616375085332,2034.087,51.496,52.558,3.972826171875,0.25170998093985164,39.004,0.808,11.683,70.8,79,Qwen2.5-14B-Instruct-Q4_K_M,llama.cpp,finegrained_gpu_emc
2026-05-22T18:18:40.995927,GPU1300_EMC3199_CPU1036,1300,1036,3199,1300,3199,p1024_o512,1024,512,mixed,2,88.20267801638693,78.67029178072015,40290.671266033314,512,12.70765623683309,2031.336,51.426,53.857,3.967453125,0.2520508670155996,38.913,0.828,11.685,70.9,79,Qwen2.5-14B-Instruct-Q4_K_M,llama.cpp,finegrained_gpu_emc
