timestamp,config_name,gpu_freq_mhz,cpu_freq_mhz,emc_freq_mhz,target_gpu_mhz,target_emc_mhz,workload,prompt_length,output_length,phase,repeat,ttft_ms,tpot_ms,total_time_ms,output_tokens,tokens_per_second,total_energy_j,avg_power_w,max_power_w,energy_per_token_j,tokens_per_joule,avg_gpu_soc_w,avg_cpu_cv_w,avg_sys_5v0_w,avg_temp_cpu_c,power_samples,model,runtime,experiment
2026-06-03T13:28:54.785929,GPU306_CPU1036,306,1036,3199,306,3199,p64_o64,64,64,decode,0,245.41376798879355,242.78894503275671,15541.384940966964,64,4.118037114652281,278.135,17.944,18.52,4.345859375,0.23010408614521727,9.454,0.438,8.053,66.8,31,Qwen2.5-14B-Instruct-Q4_K_M,llama.cpp,finegrained_gpu_emc
2026-06-03T13:29:11.143601,GPU306_CPU1036,306,1036,3199,306,3199,p64_o64,64,64,decode,1,245.48245803453028,242.82256909461307,15543.574284063652,64,4.117457081002098,276.725,17.853,18.516,4.323828125,0.2312765380793206,9.402,0.438,8.014,66.1,31,Qwen2.5-14B-Instruct-Q4_K_M,llama.cpp,finegrained_gpu_emc
2026-06-03T13:29:27.496584,GPU306_CPU1036,306,1036,3199,306,3199,p64_o64,64,64,decode,2,245.6988989142701,242.74211271577292,15538.724179961719,64,4.118742263443514,276.045,17.809,18.516,4.313203125,0.23184625695085945,9.4,0.45,7.959,65.5,31,Qwen2.5-14B-Instruct-Q4_K_M,llama.cpp,finegrained_gpu_emc
2026-06-03T13:29:59.405800,GPU306_CPU1036,306,1036,3199,306,3199,p128_o128,128,128,decode,0,246.0373160429299,242.8660578264921,31090.515568037517,128,4.117011174031154,546.856,17.93,18.516,4.2723125,0.23406527495355267,9.502,0.432,7.996,64.7,61,Qwen2.5-14B-Instruct-Q4_K_M,llama.cpp,finegrained_gpu_emc
2026-06-03T13:30:31.315345,GPU306_CPU1036,306,1036,3199,306,3199,p128_o128,128,128,decode,1,245.5986540298909,246.75790449604392,31090.832985006273,126,4.052641499208599,545.564,17.887,18.416,4.329873015873016,0.23095365529983652,9.502,0.432,7.953,63.8,61,Qwen2.5-14B-Instruct-Q4_K_M,llama.cpp,finegrained_gpu_emc
2026-06-03T13:31:03.224594,GPU306_CPU1036,306,1036,3199,306,3199,p128_o128,128,128,decode,2,245.82295096479356,242.86879360672145,31090.653063962236,128,4.116992966878757,542.822,17.797,18.315,4.240796875,0.23580473893836285,9.482,0.432,7.884,63.1,61,Qwen2.5-14B-Instruct-Q4_K_M,llama.cpp,finegrained_gpu_emc
2026-06-03T13:33:13.232871,GPU306_CPU1036,306,1036,3199,306,3199,p128_o512,128,512,decode,0,245.54126395378262,254.77086609687746,129161.54968400951,507,3.9253167931196455,2213.866,17.57,18.815,4.366599605522683,0.22901115062971292,9.341,0.437,7.792,61.9,252,Qwen2.5-14B-Instruct-Q4_K_M,llama.cpp,finegrained_gpu_emc
2026-06-03T13:35:23.349248,GPU306_CPU1036,306,1036,3199,306,3199,p128_o512,128,512,decode,1,255.07443398237228,252.47107834624467,129269.755761954,512,3.9607098890387875,2199.996,17.53,18.315,4.2968671875,0.23272769586853792,9.353,0.442,7.735,60.6,251,Qwen2.5-14B-Instruct-Q4_K_M,llama.cpp,finegrained_gpu_emc
2026-06-03T13:37:33.479266,GPU306_CPU1036,306,1036,3199,306,3199,p128_o512,128,512,decode,2,254.43800003267825,252.4995289491435,129283.64735096693,512,3.960284308889207,2196.266,17.5,18.315,4.28958203125,0.23312294594552754,9.353,0.421,7.726,59.7,251,Qwen2.5-14B-Instruct-Q4_K_M,llama.cpp,finegrained_gpu_emc
2026-06-03T13:38:36.849472,GPU306_CPU1036,306,1036,3199,306,3199,p256_o256,256,256,decode,0,253.89137503225356,244.26536654880016,62542.56113001611,256,4.093212611933438,1081.601,17.731,18.315,4.22500390625,0.23668617170287376,9.492,0.432,7.808,59.4,122,Qwen2.5-14B-Instruct-Q4_K_M,llama.cpp,finegrained_gpu_emc
2026-06-03T13:39:40.215591,GPU306_CPU1036,306,1036,3199,306,3199,p256_o256,256,256,decode,1,254.01398807298392,244.24887778027457,62538.43875799794,256,4.0934824259145834,1081.002,17.721,18.215,4.2226640625,0.23681732318719115,9.485,0.432,7.804,59.3,122,Qwen2.5-14B-Instruct-Q4_K_M,llama.cpp,finegrained_gpu_emc
2026-06-03T13:40:43.576603,GPU306_CPU1036,306,1036,3199,306,3199,p256_o256,256,256,decode,2,253.893114044331,244.2297931961423,62533.51736208424,256,4.093804583511557,1081.534,17.73,18.315,4.2247421875,0.23670083418551796,9.495,0.425,7.81,59.2,122,Qwen2.5-14B-Instruct-Q4_K_M,llama.cpp,finegrained_gpu_emc
2026-06-03T13:41:15.539656,GPU306_CPU1036,306,1036,3199,306,3199,p512_o128,512,128,decode,0,253.5996090155095,243.22985906307915,31144.316688994877,128,4.109899127927567,540.462,17.72,18.303,4.222359375,0.23683441204006941,9.488,0.432,7.8,59.1,61,Qwen2.5-14B-Instruct-Q4_K_M,llama.cpp,finegrained_gpu_emc
2026-06-03T13:41:47.485606,GPU306_CPU1036,306,1036,3199,306,3199,p512_o128,512,128,decode,1,244.60453097708523,243.16753174808963,31127.376731019467,128,4.112135793070019,539.624,17.693,18.315,4.2158125,0.23720220005040546,9.456,0.438,7.799,59.1,61,Qwen2.5-14B-Instruct-Q4_K_M,llama.cpp,finegrained_gpu_emc
2026-06-03T13:42:19.440674,GPU306_CPU1036,306,1036,3199,306,3199,p512_o128,512,128,decode,2,245.76878501102328,243.2292430316956,31136.384014971554,128,4.110946214513951,541.457,17.753,18.315,4.2301328125,0.23639919698147777,9.501,0.451,7.8,59.1,61,Qwen2.5-14B-Instruct-Q4_K_M,llama.cpp,finegrained_gpu_emc
2026-06-03T13:43:36.083093,GPU306_CPU1036,306,1036,3199,306,3199,p512_o512,512,512,decode,0,246.029247995466,248.52787894727015,75810.86771108676,304,4.009979164973235,1305.34,17.64,18.215,4.293881578947368,0.23288951537530453,9.437,0.429,7.774,59.0,148,Qwen2.5-14B-Instruct-Q4_K_M,llama.cpp,finegrained_gpu_emc
2026-06-03T13:44:47.521102,GPU306_CPU1036,306,1036,3199,306,3199,p512_o512,512,512,decode,1,254.89409593865275,245.93795131230237,70608.18743600976,286,4.050521765045929,1218.188,17.655,18.315,4.259398601398602,0.234774928007828,9.447,0.425,7.783,58.9,138,Qwen2.5-14B-Instruct-Q4_K_M,llama.cpp,finegrained_gpu_emc
2026-06-03T13:46:57.585551,GPU306_CPU1036,306,1036,3199,306,3199,p512_o512,512,512,decode,2,255.01238997094333,252.3714582152836,129218.7218349427,512,3.9622741405382595,2193.491,17.478,18.215,4.284162109375,0.23341787132931022,9.343,0.412,7.723,58.8,251,Qwen2.5-14B-Instruct-Q4_K_M,llama.cpp,finegrained_gpu_emc
2026-06-03T13:48:40.101177,GPU306_CPU1036,306,1036,3199,306,3199,p512_o1024,512,1024,decode,0,254.67845110688359,250.39972839842432,101677.54481208976,405,3.983180364440156,1733.063,17.506,18.219,4.279167901234568,0.23369029285144277,9.351,0.417,7.738,58.7,198,Qwen2.5-14B-Instruct-Q4_K_M,llama.cpp,finegrained_gpu_emc
2026-06-03T13:51:28.444724,GPU306_CPU1036,306,1036,3199,306,3199,p512_o1024,512,1024,decode,1,254.70876903273165,250.7303105163816,167486.57313804142,667,3.9824087836,2863.066,17.565,18.319,4.292452773613193,0.23296703603759047,9.386,0.431,7.748,58.7,326,Qwen2.5-14B-Instruct-Q4_K_M,llama.cpp,finegrained_gpu_emc
2026-06-03T13:55:45.975110,GPU306_CPU1036,306,1036,3199,306,3199,p512_o1024,512,1024,decode,2,255.17700903583318,250.62343299027918,256646.87343407422,1024,3.989918078090433,4389.984,17.595,19.701,4.28709375,0.23325825333304173,9.387,0.443,7.765,58.6,499,Qwen2.5-14B-Instruct-Q4_K_M,llama.cpp,finegrained_gpu_emc
2026-06-03T13:56:17.942495,GPU306_CPU1036,306,1036,3199,306,3199,p1024_o128,1024,128,decode,0,254.57117799669504,243.2560297086703,31148.576598032378,128,4.109337054203807,539.758,17.697,18.219,4.216859375,0.23714331237332284,9.483,0.419,7.795,58.6,61,Qwen2.5-14B-Instruct-Q4_K_M,llama.cpp,finegrained_gpu_emc
2026-06-03T13:56:49.890349,GPU306_CPU1036,306,1036,3199,306,3199,p1024_o128,1024,128,decode,1,244.5430289953947,243.1833632363696,31129.313184996136,128,4.111879990390989,542.305,17.78,19.601,4.2367578125,0.23602954057218725,9.484,0.497,7.8,58.6,61,Qwen2.5-14B-Instruct-Q4_K_M,llama.cpp,finegrained_gpu_emc
2026-06-03T13:57:21.840039,GPU306_CPU1036,306,1036,3199,306,3199,p1024_o128,1024,128,decode,2,244.846872985363,243.19474793710253,31131.064069923013,128,4.111648728501574,539.776,17.698,18.219,4.217,0.23713540431586438,9.464,0.438,7.795,58.6,61,Qwen2.5-14B-Instruct-Q4_K_M,llama.cpp,finegrained_gpu_emc
2026-06-03T13:57:39.915678,GPU306_CPU1036,306,1036,3199,306,3199,p1024_o512,1024,512,decode,0,244.64944191277027,243.09229605790713,17261.190383927897,70,4.055340242650811,299.084,17.593,18.219,4.272628571428571,0.23404795977049925,9.394,0.422,7.777,58.5,34,Qwen2.5-14B-Instruct-Q4_K_M,llama.cpp,finegrained_gpu_emc
2026-06-03T13:59:49.979895,GPU306_CPU1036,306,1036,3199,306,3199,p1024_o512,1024,512,decode,1,244.77387696970254,252.39041298623297,129218.20048894733,512,3.9622901267983055,2194.074,17.483,18.219,4.28530078125,0.233355848526531,9.344,0.416,7.723,58.5,251,Qwen2.5-14B-Instruct-Q4_K_M,llama.cpp,finegrained_gpu_emc
2026-06-03T14:02:00.074873,GPU306_CPU1036,306,1036,3199,306,3199,p1024_o512,1024,512,decode,2,254.0940260514617,252.43178325629594,129248.68555297144,512,3.961355566669661,2198.001,17.444,18.219,4.292970703125,0.23293892950913123,9.314,0.415,7.715,58.5,252,Qwen2.5-14B-Instruct-Q4_K_M,llama.cpp,finegrained_gpu_emc
2026-06-03T14:06:17.537432,GPU306_CPU1036,306,1036,3199,306,3199,p1024_o1024,1024,1024,decode,0,253.79470002371818,250.5603484173951,256580.92751400545,1024,3.9909435589054256,4380.622,17.558,18.303,4.277951171875,0.23375675874339305,9.376,0.42,7.761,58.5,499,Qwen2.5-14B-Instruct-Q4_K_M,llama.cpp,finegrained_gpu_emc
2026-06-03T14:10:35.123700,GPU306_CPU1036,306,1036,3199,306,3199,p1024_o1024,1024,1024,decode,1,255.53989806212485,250.92477569369774,256704.69333103392,1023,3.985123866359501,4377.25,17.544,18.219,4.278836754643207,0.23370837854817522,9.366,0.421,7.758,58.5,499,Qwen2.5-14B-Instruct-Q4_K_M,llama.cpp,finegrained_gpu_emc
2026-06-03T14:14:52.654996,GPU306_CPU1036,306,1036,3199,306,3199,p1024_o1024,1024,1024,decode,2,254.71535592805594,250.62600010755642,256649.10479995888,1024,3.9898833888321596,4378.806,17.55,18.319,4.276177734375,0.23385370349816825,9.371,0.419,7.76,58.6,499,Qwen2.5-14B-Instruct-Q4_K_M,llama.cpp,finegrained_gpu_emc
2026-06-03T14:15:24.627856,GPU306_CPU1036,306,1036,3199,306,3199,p2048_o128,2048,128,decode,0,254.63196192868054,243.29591976427363,31153.734592022374,128,4.108656688395148,539.632,17.693,18.215,4.215875,0.23719868354730633,9.482,0.412,7.799,58.5,61,Qwen2.5-14B-Instruct-Q4_K_M,llama.cpp,finegrained_gpu_emc
2026-06-03T14:15:56.582724,GPU306_CPU1036,306,1036,3199,306,3199,p2048_o128,2048,128,decode,1,244.8451309464872,243.2355190000284,31136.243873042986,128,4.110964717578518,539.53,17.689,18.215,4.215078125,0.2372435267733027,9.469,0.419,7.802,58.5,61,Qwen2.5-14B-Instruct-Q4_K_M,llama.cpp,finegrained_gpu_emc
2026-06-03T14:16:28.531777,GPU306_CPU1036,306,1036,3199,306,3199,p2048_o128,2048,128,decode,2,244.54224400687963,243.19143343247532,31130.384134012274,128,4.1117385332919945,540.233,17.713,18.219,4.2205703125,0.23693480405676812,9.476,0.438,7.799,58.5,61,Qwen2.5-14B-Instruct-Q4_K_M,llama.cpp,finegrained_gpu_emc
2026-06-03T14:18:38.601515,GPU306_CPU1036,306,1036,3199,306,3199,p2048_o512,2048,512,decode,0,244.62565104477108,252.4017134226618,129223.78638503142,512,3.962118850738979,2203.878,17.491,19.701,4.30444921875,0.23231775987600037,9.329,0.443,7.719,58.5,252,Qwen2.5-14B-Instruct-Q4_K_M,llama.cpp,finegrained_gpu_emc
2026-06-03T14:20:48.713225,GPU306_CPU1036,306,1036,3199,306,3199,p2048_o512,2048,512,decode,1,253.78611695487052,252.46609224064855,129265.87549794931,512,3.960828780431866,2197.216,17.438,18.215,4.2914375,0.233022151668293,9.313,0.41,7.716,58.5,252,Qwen2.5-14B-Instruct-Q4_K_M,llama.cpp,finegrained_gpu_emc
2026-06-03T14:22:58.808814,GPU306_CPU1036,306,1036,3199,306,3199,p2048_o512,2048,512,decode,2,253.7248230073601,252.43022327002416,129247.49427998904,512,3.9613920784479864,2193.37,17.477,18.215,4.28392578125,0.23343074811819256,9.34,0.415,7.722,58.5,251,Qwen2.5-14B-Instruct-Q4_K_M,llama.cpp,finegrained_gpu_emc
2026-06-03T14:23:15.419844,GPU306_CPU1036,306,1036,3199,306,3199,p64_o64,64,64,mixed,0,467.76402299292386,243.31263255601422,15796.7244759202,64,4.05147282891201,271.078,17.489,18.215,4.23559375,0.23609440825149958,9.336,0.425,7.728,58.4,31,Qwen2.5-14B-Instruct-Q4_K_M,llama.cpp,finegrained_gpu_emc
2026-06-03T14:23:31.797043,GPU306_CPU1036,306,1036,3199,306,3199,p64_o64,64,64,mixed,1,244.85132901463658,243.14268455574555,15563.103905995376,64,4.112290220933709,270.949,17.481,18.219,4.233578125,0.23620681382843264,9.311,0.425,7.745,58.4,31,Qwen2.5-14B-Instruct-Q4_K_M,llama.cpp,finegrained_gpu_emc
2026-06-03T14:23:48.170576,GPU306_CPU1036,306,1036,3199,306,3199,p64_o64,64,64,mixed,2,244.96201891452074,243.0826453658353,15559.42961096298,64,4.113261321283037,271.598,17.522,18.219,4.24371875,0.23564238322815337,9.362,0.425,7.735,58.4,31,Qwen2.5-14B-Instruct-Q4_K_M,llama.cpp,finegrained_gpu_emc
2026-06-03T14:24:20.450471,GPU306_CPU1036,306,1036,3199,306,3199,p128_o128,128,128,mixed,0,560.5154759250581,243.31260601601264,31461.70656196773,128,4.06843791985308,544.9,17.577,18.315,4.25703125,0.23490548724536614,9.395,0.431,7.751,58.4,62,Qwen2.5-14B-Instruct-Q4_K_M,llama.cpp,finegrained_gpu_emc
2026-06-03T14:24:52.401566,GPU306_CPU1036,306,1036,3199,306,3199,p128_o128,128,128,mixed,1,245.0085369637236,243.20719410998996,31132.817461970262,128,4.111417161532397,540.244,17.713,18.219,4.22065625,0.23692997978691108,9.489,0.432,7.792,58.4,61,Qwen2.5-14B-Instruct-Q4_K_M,llama.cpp,finegrained_gpu_emc
2026-06-03T14:25:24.355813,GPU306_CPU1036,306,1036,3199,306,3199,p128_o128,128,128,mixed,2,245.3318079933524,243.22768660650888,31135.773967951536,128,4.111026760784944,539.592,17.692,18.219,4.2155625,0.23721626710551677,9.456,0.432,7.804,58.4,61,Qwen2.5-14B-Instruct-Q4_K_M,llama.cpp,finegrained_gpu_emc
2026-06-03T14:26:35.133895,GPU306_CPU1036,306,1036,3199,306,3199,p128_o512,128,512,mixed,0,245.2740790322423,249.79371008992516,69948.81185796112,279,3.9886310087230745,1192.52,17.537,18.215,4.27426523297491,0.23395834032133633,9.376,0.42,7.742,58.5,136,Qwen2.5-14B-Instruct-Q4_K_M,llama.cpp,finegrained_gpu_emc
2026-06-03T14:28:45.235612,GPU306_CPU1036,306,1036,3199,306,3199,p128_o512,128,512,mixed,1,255.49151201266795,252.442579117281,129255.62513200566,512,3.961142886254325,2192.883,17.473,18.219,4.282974609375,0.23348258890237192,9.342,0.407,7.724,58.4,251,Qwen2.5-14B-Instruct-Q4_K_M,llama.cpp,finegrained_gpu_emc
2026-06-03T14:30:55.342330,GPU306_CPU1036,306,1036,3199,306,3199,p128_o512,128,512,mixed,2,255.64123003277928,252.4506788474823,129259.8571620183,512,3.9610131965273903,2202.367,17.479,18.219,4.301498046875,0.23247714844982692,9.342,0.421,7.716,58.4,252,Qwen2.5-14B-Instruct-Q4_K_M,llama.cpp,finegrained_gpu_emc
2026-06-03T14:32:02.009469,GPU306_CPU1036,306,1036,3199,306,3199,p256_o256,256,256,mixed,0,870.3737229807302,254.77486005482064,65838.98639597464,256,3.888273711571776,1109.775,17.34,18.219,4.33505859375,0.23067738956094702,9.244,0.43,7.666,58.4,128,Qwen2.5-14B-Instruct-Q4_K_M,llama.cpp,finegrained_gpu_emc
2026-06-03T14:33:08.044485,GPU306_CPU1036,306,1036,3199,306,3199,p256_o256,256,256,mixed,1,256.04552996810526,254.70688345102485,65207.262055017054,256,3.9259430917986737,1105.65,17.412,19.005,4.3189453125,0.23153800931578708,9.27,0.452,7.689,58.4,127,Qwen2.5-14B-Instruct-Q4_K_M,llama.cpp,finegrained_gpu_emc
2026-06-03T14:34:14.087700,GPU306_CPU1036,306,1036,3199,306,3199,p256_o256,256,256,mixed,2,256.04116707108915,254.73757079966805,65215.07986099459,256,3.9254724604441473,1102.69,17.365,18.215,4.3073828125,0.23215953713192283,9.269,0.415,7.681,58.4,127,Qwen2.5-14B-Instruct-Q4_K_M,llama.cpp,finegrained_gpu_emc
2026-06-03T14:34:49.638238,GPU306_CPU1036,306,1036,3199,306,3199,p512_o128,512,128,mixed,0,1705.2070120116696,260.0410520236602,34730.91642500367,128,3.6854771821641177,578.197,17.006,17.715,4.5171640625,0.22137783489018448,9.052,0.422,7.531,58.3,68,Qwen2.5-14B-Instruct-Q4_K_M,llama.cpp,finegrained_gpu_emc
2026-06-03T14:35:23.734012,GPU306_CPU1036,306,1036,3199,306,3199,p512_o128,512,128,mixed,1,264.85501206479967,259.93055528337794,33276.52896998916,128,3.8465550332920344,557.154,17.143,17.703,4.352765625,0.22973899496369046,9.126,0.411,7.606,58.3,65,Qwen2.5-14B-Instruct-Q4_K_M,llama.cpp,finegrained_gpu_emc
2026-06-03T14:35:57.832804,GPU306_CPU1036,306,1036,3199,306,3199,p512_o128,512,128,mixed,2,264.60532704368234,259.9590933784535,33279.89610203076,128,3.8461658536304553,557.644,17.158,17.715,4.35659375,0.22953712404329643,9.126,0.417,7.615,58.3,65,Qwen2.5-14B-Instruct-Q4_K_M,llama.cpp,finegrained_gpu_emc
2026-06-03T14:38:06.916408,GPU306_CPU1036,306,1036,3199,306,3199,p512_o512,512,512,mixed,0,264.6370930597186,250.43308638754334,128237.91650705971,512,3.9925789029160774,2196.09,17.569,18.319,4.28923828125,0.23314162898606158,9.397,0.423,7.749,58.4,250,Qwen2.5-14B-Instruct-Q4_K_M,llama.cpp,finegrained_gpu_emc
2026-06-03T14:40:16.029839,GPU306_CPU1036,306,1036,3199,306,3199,p512_o512,512,512,mixed,1,273.8833070034161,250.47230328763098,128267.17551494949,512,3.991668156287784,2198.388,17.587,18.319,4.2937265625,0.23289792338750032,9.409,0.423,7.755,58.4,250,Qwen2.5-14B-Instruct-Q4_K_M,llama.cpp,finegrained_gpu_emc
2026-06-03T14:42:25.130633,GPU306_CPU1036,306,1036,3199,306,3199,p512_o512,512,512,mixed,2,272.87497092038393,250.4493694794829,128254.42841590848,512,3.9920648848058984,2197.943,17.584,19.601,4.292857421875,0.2329450763736821,9.401,0.433,7.75,58.5,250,Qwen2.5-14B-Instruct-Q4_K_M,llama.cpp,finegrained_gpu_emc
2026-06-03T14:46:44.043252,GPU306_CPU1036,306,1036,3199,306,3199,p512_o1024,512,1024,mixed,0,272.70454994868487,251.9585356989808,258030.33425903413,1024,3.968525650057936,4400.057,17.565,18.315,4.2969306640625,0.23272425789029552,9.371,0.43,7.764,58.5,501,Qwen2.5-14B-Instruct-Q4_K_M,llama.cpp,finegrained_gpu_emc
2026-06-03T14:51:02.977666,GPU306_CPU1036,306,1036,3199,306,3199,p512_o1024,512,1024,mixed,1,273.73964502476156,251.9786606744416,258052.00955201872,1024,3.968192310448099,4398.312,17.523,18.319,4.2952265625,0.23281658963711532,9.351,0.412,7.76,58.6,502,Qwen2.5-14B-Instruct-Q4_K_M,llama.cpp,finegrained_gpu_emc
2026-06-03T14:52:20.533111,GPU306_CPU1036,306,1036,3199,306,3199,p512_o1024,512,1024,mixed,2,274.846157990396,253.17032619586766,76723.34159899037,302,3.936220629941568,1307.592,17.435,18.319,4.329774834437086,0.2309588923762152,9.31,0.428,7.696,58.5,150,Qwen2.5-14B-Instruct-Q4_K_M,llama.cpp,finegrained_gpu_emc
2026-06-03T14:52:56.028460,GPU306_CPU1036,306,1036,3199,306,3199,p1024_o128,1024,128,mixed,0,3559.455272043124,245.00515676327197,34675.62073399313,128,3.6913542509282125,589.82,17.348,18.315,4.60796875,0.21701536061849375,9.283,0.458,7.606,58.5,68,Qwen2.5-14B-Instruct-Q4_K_M,llama.cpp,finegrained_gpu_emc
2026-06-03T14:53:28.216002,GPU306_CPU1036,306,1036,3199,306,3199,p1024_o128,1024,128,mixed,1,258.0016179708764,244.96609487435157,31369.211498997174,128,4.080434090735496,539.792,17.698,18.319,4.217125,0.23712837537421821,9.473,0.419,7.807,58.5,61,Qwen2.5-14B-Instruct-Q4_K_M,llama.cpp,finegrained_gpu_emc
2026-06-03T14:54:00.401586,GPU306_CPU1036,306,1036,3199,306,3199,p1024_o128,1024,128,mixed,2,257.99103907775134,244.95061355144313,31367.211977019906,128,4.080694200484721,540.643,17.726,18.319,4.2237734375,0.23675512306642274,9.484,0.432,7.81,58.5,61,Qwen2.5-14B-Instruct-Q4_K_M,llama.cpp,finegrained_gpu_emc
2026-06-03T14:56:08.778750,GPU306_CPU1036,306,1036,3199,306,3199,p1024_o512,1024,512,mixed,0,258.078282000497,249.06332562622885,127531.43611003179,512,4.014696420090932,2195.178,17.703,18.319,4.28745703125,0.2332384890883564,9.473,0.413,7.817,58.6,248,Qwen2.5-14B-Instruct-Q4_K_M,llama.cpp,finegrained_gpu_emc
2026-06-03T14:58:17.165148,GPU306_CPU1036,306,1036,3199,306,3199,p1024_o512,1024,512,mixed,1,259.5529149984941,249.07922110184955,127540.97241302952,512,4.014396239209591,2198.026,17.726,18.219,4.29301953125,0.23293628009859757,9.504,0.415,7.807,58.7,248,Qwen2.5-14B-Instruct-Q4_K_M,llama.cpp,finegrained_gpu_emc
2026-06-03T15:00:25.533540,GPU306_CPU1036,306,1036,3199,306,3199,p1024_o512,1024,512,mixed,2,258.20690602995455,249.04569839728802,127522.52488699742,512,4.014976965471024,2199.327,17.737,18.319,4.295560546875,0.23279848790107152,9.488,0.431,7.818,58.7,248,Qwen2.5-14B-Instruct-Q4_K_M,llama.cpp,finegrained_gpu_emc
2026-06-03T15:02:35.200938,GPU306_CPU1036,306,1036,3199,306,3199,p1024_o1024,1024,1024,mixed,0,258.06264905259013,249.1471347202393,128821.46581704728,516,4.00554361594383,2221.264,17.699,18.315,4.3047751937984495,0.23230016783236931,9.48,0.418,7.801,58.7,251,Qwen2.5-14B-Instruct-Q4_K_M,llama.cpp,finegrained_gpu_emc
2026-06-03T15:06:53.997924,GPU306_CPU1036,306,1036,3199,306,3199,p1024_o1024,1024,1024,mixed,1,258.0333899240941,251.86034290719493,257915.16035690438,1024,3.9702978242263205,4416.891,17.632,18.219,4.3133701171875,0.23183728101961315,9.438,0.409,7.785,58.7,501,Qwen2.5-14B-Instruct-Q4_K_M,llama.cpp,finegrained_gpu_emc
2026-06-03T15:07:31.894317,GPU306_CPU1036,306,1036,3199,306,3199,p1024_o1024,1024,1024,mixed,2,260.1760270772502,245.4175307046647,37075.683755101636,150,4.0457783864703485,645.437,17.683,18.319,4.302913333333334,0.23240068356787727,9.48,0.421,7.783,58.7,73,Qwen2.5-14B-Instruct-Q4_K_M,llama.cpp,finegrained_gpu_emc
2026-06-03T15:08:11.903174,GPU306_CPU1036,306,1036,3199,306,3199,p2048_o128,2048,128,mixed,0,7079.2807809775695,252.81955245662274,39187.88108602166,128,3.2663159235128347,655.884,17.036,19.505,5.12409375,0.19515646059364156,9.116,0.492,7.427,58.6,77,Qwen2.5-14B-Instruct-Q4_K_M,llama.cpp,finegrained_gpu_emc
2026-06-03T15:08:45.085014,GPU306_CPU1036,306,1036,3199,306,3199,p2048_o128,2048,128,mixed,1,262.8648920217529,252.752263315286,32362.919987062924,128,3.955143727796132,558.576,17.733,19.206,4.363875,0.22915413479991978,9.482,0.462,7.788,58.7,63,Qwen2.5-14B-Instruct-Q4_K_M,llama.cpp,finegrained_gpu_emc
2026-06-03T15:09:18.266491,GPU306_CPU1036,306,1036,3199,306,3199,p2048_o128,2048,128,mixed,2,262.5828409800306,252.7549501341643,32362.980409059674,128,3.955136343504622,556.366,17.662,18.219,4.346609375,0.23006438207942254,9.492,0.412,7.758,58.7,63,Qwen2.5-14B-Instruct-Q4_K_M,llama.cpp,finegrained_gpu_emc
2026-06-03T15:11:28.383189,GPU306_CPU1036,306,1036,3199,306,3199,p2048_o512,2048,512,mixed,0,262.97868497204036,252.45736602150677,129270.6828629598,512,3.960681483695515,2235.823,17.745,18.319,4.366841796875,0.2289984493405784,9.536,0.405,7.803,58.7,252,Qwen2.5-14B-Instruct-Q4_K_M,llama.cpp,finegrained_gpu_emc
2026-06-03T15:13:38.508907,GPU306_CPU1036,306,1036,3199,306,3199,p2048_o512,2048,512,mixed,1,272.9213710408658,252.45608591384376,129279.93680897634,512,3.9603979754146206,2228.37,17.756,18.219,4.35228515625,0.22976435690661784,9.543,0.404,7.81,58.7,251,Qwen2.5-14B-Instruct-Q4_K_M,llama.cpp,finegrained_gpu_emc
2026-06-03T15:15:48.607081,GPU306_CPU1036,306,1036,3199,306,3199,p2048_o512,2048,512,mixed,2,272.3545948974788,252.40301885715013,129252.26690096315,512,3.961245804627236,2238.817,17.768,18.219,4.372689453125,0.22869220664306195,9.543,0.418,7.807,58.7,252,Qwen2.5-14B-Instruct-Q4_K_M,llama.cpp,finegrained_gpu_emc
2026-06-03T15:16:03.330965,GPU408_CPU1036,408,1036,3199,408,3199,p64_o64,64,64,decode,0,77.10996794048697,75.802272095138,4852.9077710118145,64,13.187969567914584,234.46,46.892,48.759,3.6634375,0.272967670391538,35.915,0.399,10.578,61.2,10,Qwen2.5-14B-Instruct-Q4_K_M,llama.cpp,finegrained_gpu_emc
2026-06-03T15:16:08.999884,GPU408_CPU1036,408,1036,3199,408,3199,p64_o64,64,64,decode,1,76.99171197600663,75.88485911089394,4857.995952945203,64,13.17415671398397,230.218,46.044,48.86,3.59715625,0.27799737639976024,35.197,0.399,10.448,61.7,10,Qwen2.5-14B-Instruct-Q4_K_M,llama.cpp,finegrained_gpu_emc
2026-06-03T15:16:14.670877,GPU408_CPU1036,408,1036,3199,408,3199,p64_o64,64,64,decode,2,77.72227004170418,75.90434669760899,4859.951956081204,64,13.168854461599668,229.766,45.953,49.359,3.59009375,0.2785442580712551,35.036,0.439,10.478,62.1,10,Qwen2.5-14B-Instruct-Q4_K_M,llama.cpp,finegrained_gpu_emc
2026-06-03T15:16:25.215696,GPU408_CPU1036,408,1036,3199,408,3199,p128_o128,128,128,decode,0,77.23187899682671,76.02271612634604,9732.599716051482,128,13.15167619489129,450.166,47.386,48.86,3.516921875,0.2843395547420285,36.332,0.399,10.655,62.9,19,Qwen2.5-14B-Instruct-Q4_K_M,llama.cpp,finegrained_gpu_emc
2026-06-03T15:16:35.750661,GPU408_CPU1036,408,1036,3199,408,3199,p128_o128,128,128,decode,1,77.57150800898671,75.94188763741697,9722.664398956113,128,13.165115522628026,451.184,47.493,49.259,3.524875,0.28369800347530055,36.355,0.42,10.719,63.6,19,Qwen2.5-14B-Instruct-Q4_K_M,llama.cpp,finegrained_gpu_emc
2026-06-03T15:16:46.302151,GPU408_CPU1036,408,1036,3199,408,3199,p128_o128,128,128,decode,2,77.45595893356949,76.06985501571023,9738.820098922588,128,13.143275951278813,451.326,47.508,48.96,3.525984375,0.2836087440120888,36.332,0.399,10.777,64.3,19,Qwen2.5-14B-Instruct-Q4_K_M,llama.cpp,finegrained_gpu_emc
2026-06-03T15:17:27.471948,GPU408_CPU1036,408,1036,3199,408,3199,p128_o512,128,512,decode,0,77.50991999637336,78.80453236010145,40348.54669100605,512,12.689428541775163,1891.194,47.878,49.359,3.69373828125,0.2707284392822735,36.656,0.429,10.793,65.8,79,Qwen2.5-14B-Instruct-Q4_K_M,llama.cpp,finegrained_gpu_emc
2026-06-03T15:18:08.648659,GPU408_CPU1036,408,1036,3199,408,3199,p128_o512,128,512,decode,1,83.12537497840822,78.8065047475369,40355.18596996553,512,12.687340863230256,1893.987,47.949,49.46,3.699193359375,0.270329205005103,36.638,0.424,10.887,67.5,79,Qwen2.5-14B-Instruct-Q4_K_M,llama.cpp,finegrained_gpu_emc
2026-06-03T15:18:49.865942,GPU408_CPU1036,408,1036,3199,408,3199,p128_o512,128,512,decode,2,82.6151620130986,78.88715353419862,40395.86789300665,512,12.674563679535096,1898.804,48.071,49.56,3.7086015625,0.2696434176460551,36.691,0.434,10.945,68.7,79,Qwen2.5-14B-Instruct-Q4_K_M,llama.cpp,finegrained_gpu_emc
2026-06-03T15:19:00.804694,GPU408_CPU1036,408,1036,3199,408,3199,p256_o256,256,256,decode,0,82.83818396739662,76.08338496967696,10126.096553984098,132,13.035625257598872,479.87,47.987,49.959,3.6353787878787878,0.2750744993435722,36.532,0.439,11.016,69.2,20,Qwen2.5-14B-Instruct-Q4_K_M,llama.cpp,finegrained_gpu_emc
2026-06-03T15:19:21.181635,GPU408_CPU1036,408,1036,3199,408,3199,p256_o256,256,256,decode,1,77.26432697381824,76.4056648118604,19561.641762033105,256,13.086836121131025,923.026,48.58,49.959,3.6055703125,0.2773486337329609,37.058,0.43,11.092,69.6,38,Qwen2.5-14B-Instruct-Q4_K_M,llama.cpp,finegrained_gpu_emc
2026-06-03T15:19:41.552063,GPU408_CPU1036,408,1036,3199,408,3199,p256_o256,256,256,decode,2,82.93937391135842,76.358270211894,19555.23976299446,256,13.09112049264893,936.656,48.034,49.661,3.6588125,0.27331272099895804,36.578,0.43,11.026,69.9,39,Qwen2.5-14B-Instruct-Q4_K_M,llama.cpp,finegrained_gpu_emc
2026-06-03T15:19:52.088878,GPU408_CPU1036,408,1036,3199,408,3199,p512_o128,512,128,decode,0,83.59595399815589,75.90965104773348,9724.600970977917,128,13.162493801236986,456.068,48.007,49.859,3.56303125,0.28065990159362203,36.604,0.42,10.983,70.0,19,Qwen2.5-14B-Instruct-Q4_K_M,llama.cpp,finegrained_gpu_emc
2026-06-03T15:20:02.616282,GPU408_CPU1036,408,1036,3199,408,3199,p512_o128,512,128,decode,1,78.61449604388326,75.87490093666972,9715.21517704241,128,13.175209984280231,456.716,48.075,49.56,3.56809375,0.28026169435710596,36.667,0.42,10.988,70.2,19,Qwen2.5-14B-Instruct-Q4_K_M,llama.cpp,finegrained_gpu_emc
2026-06-03T15:20:13.147489,GPU408_CPU1036,408,1036,3199,408,3199,p512_o128,512,128,decode,2,78.75313702970743,75.90492849612212,9719.149717944674,128,13.169876348717096,457.77,48.186,49.959,3.576328125,0.2796164012495358,36.731,0.441,11.014,70.3,19,Qwen2.5-14B-Instruct-Q4_K_M,llama.cpp,finegrained_gpu_emc
2026-06-03T15:20:45.771708,GPU408_CPU1036,408,1036,3199,408,3199,p512_o512,512,512,decode,0,78.83391994982958,78.13546414067393,31805.209615966305,406,12.765204345522907,1501.076,48.422,49.56,3.6972315270935963,0.2704726476207734,36.934,0.444,11.044,70.7,62,Qwen2.5-14B-Instruct-Q4_K_M,llama.cpp,finegrained_gpu_emc
2026-06-03T15:21:26.959257,GPU408_CPU1036,408,1036,3199,408,3199,p512_o512,512,512,decode,1,84.36564600560814,78.8262196262449,40366.49397597648,512,12.68378671441491,1906.242,48.259,49.56,3.72312890625,0.26859129113722185,36.852,0.434,10.973,71.1,79,Qwen2.5-14B-Instruct-Q4_K_M,llama.cpp,finegrained_gpu_emc
2026-06-03T15:22:08.100072,GPU408_CPU1036,408,1036,3199,408,3199,p512_o512,512,512,decode,2,84.42376006860286,78.73405460650994,40319.433139055036,512,12.698591228557131,1910.15,48.358,50.06,3.73076171875,0.26804177682380964,36.892,0.449,11.016,71.6,79,Qwen2.5-14B-Instruct-Q4_K_M,llama.cpp,finegrained_gpu_emc
2026-06-03T15:23:30.011015,GPU408_CPU1036,408,1036,3199,408,3199,p512_o1024,512,1024,decode,0,84.98130599036813,79.16784343500426,81077.56072701886,1024,12.62988169374902,3826.692,48.439,49.959,3.73700390625,0.267594047286795,36.942,0.455,11.043,72.0,158,Qwen2.5-14B-Instruct-Q4_K_M,llama.cpp,finegrained_gpu_emc
2026-06-03T15:24:51.893067,GPU408_CPU1036,408,1036,3199,408,3199,p512_o1024,512,1024,decode,1,84.72024009097368,79.13883982402866,81047.77049901895,1024,12.634523981290702,3828.242,48.459,49.959,3.738517578125,0.26748570231453495,36.976,0.434,11.048,72.5,158,Qwen2.5-14B-Instruct-Q4_K_M,llama.cpp,finegrained_gpu_emc
2026-06-03T15:26:13.776787,GPU408_CPU1036,408,1036,3199,408,3199,p512_o1024,512,1024,decode,2,82.98781898338348,79.14291824239652,81050.11826497503,1024,12.63415799903294,3832.96,48.518,50.06,3.743125,0.2671564534980798,37.011,0.444,11.063,72.7,158,Qwen2.5-14B-Instruct-Q4_K_M,llama.cpp,finegrained_gpu_emc
2026-06-03T15:26:24.339872,GPU408_CPU1036,408,1036,3199,408,3199,p1024_o128,1024,128,decode,0,83.71552603784949,76.11418097631962,9750.694434042089,128,13.127270151459193,457.986,48.209,50.06,3.578015625,0.2794845257278607,36.71,0.441,11.058,72.7,19,Qwen2.5-14B-Instruct-Q4_K_M,llama.cpp,finegrained_gpu_emc
2026-06-03T15:26:34.870365,GPU408_CPU1036,408,1036,3199,408,3199,p1024_o128,1024,128,decode,1,77.1798889618367,75.91142426758242,9718.407030915841,128,13.170882799291189,458.186,48.23,49.661,3.579578125,0.2793625296277058,36.752,0.399,11.079,72.7,19,Qwen2.5-14B-Instruct-Q4_K_M,llama.cpp,finegrained_gpu_emc
2026-06-03T15:26:45.396225,GPU408_CPU1036,408,1036,3199,408,3199,p1024_o128,1024,128,decode,2,77.0821520127356,75.87275329947941,9713.399903965183,128,13.177672212151805,458.03,48.214,49.959,3.578359375,0.2794576774447089,36.752,0.42,11.042,72.6,19,Qwen2.5-14B-Instruct-Q4_K_M,llama.cpp,finegrained_gpu_emc
2026-06-03T15:27:26.536575,GPU408_CPU1036,408,1036,3199,408,3199,p1024_o512,1024,512,decode,0,77.27382599841803,78.7477605206593,40319.27370396443,512,12.698641442781177,1912.934,48.429,49.959,3.73619921875,0.26765168061208594,36.969,0.434,11.025,72.8,79,Qwen2.5-14B-Instruct-Q4_K_M,llama.cpp,finegrained_gpu_emc
2026-06-03T15:28:07.705964,GPU408_CPU1036,408,1036,3199,408,3199,p1024_o512,1024,512,decode,1,82.836648914963,79.10296445198298,40348.15036598593,510,12.639984618227688,1913.222,48.436,49.959,3.75141568627451,0.26656603363331594,36.969,0.439,11.028,72.9,79,Qwen2.5-14B-Instruct-Q4_K_M,llama.cpp,finegrained_gpu_emc
2026-06-03T15:28:48.907956,GPU408_CPU1036,408,1036,3199,408,3199,p1024_o512,1024,512,decode,2,82.95879606157541,78.85714376312471,40380.88490196969,512,12.679266470830255,1911.734,48.398,50.06,3.73385546875,0.2678196862115755,36.923,0.439,11.036,72.9,79,Qwen2.5-14B-Instruct-Q4_K_M,llama.cpp,finegrained_gpu_emc
2026-06-03T15:30:10.702048,GPU408_CPU1036,408,1036,3199,408,3199,p1024_o1024,1024,1024,decode,0,83.1970110302791,79.05564088165443,80961.00946003571,1024,12.64806363988669,3834.508,48.538,50.06,3.74463671875,0.26704860180236945,37.026,0.45,11.062,73.1,158,Qwen2.5-14B-Instruct-Q4_K_M,llama.cpp,finegrained_gpu_emc
2026-06-03T15:31:32.588362,GPU408_CPU1036,408,1036,3199,408,3199,p1024_o1024,1024,1024,decode,1,83.28515698667616,80.08483939762223,81052.97374201473,1012,12.485661577588958,3809.784,48.532,50.06,3.764608695652174,0.2656318573441434,37.008,0.46,11.064,73.2,157,Qwen2.5-14B-Instruct-Q4_K_M,llama.cpp,finegrained_gpu_emc
2026-06-03T15:32:54.500259,GPU408_CPU1036,408,1036,3199,408,3199,p1024_o1024,1024,1024,decode,2,83.50214397069067,79.24740746972259,81078.28232692555,1023,12.617435528234774,3813.442,48.579,50.06,3.727704789833822,0.26826158625200014,37.062,0.452,11.064,73.3,157,Qwen2.5-14B-Instruct-Q4_K_M,llama.cpp,finegrained_gpu_emc
2026-06-03T15:33:05.058547,GPU408_CPU1036,408,1036,3199,408,3199,p2048_o128,2048,128,decode,0,83.5069619351998,76.07538048104625,9745.561716961674,128,13.134183920586358,472.537,47.254,49.661,3.6916953125,0.2708782592685864,35.933,0.419,10.902,73.2,20,Qwen2.5-14B-Instruct-Q4_K_M,llama.cpp,finegrained_gpu_emc
2026-06-03T15:33:15.590077,GPU408_CPU1036,408,1036,3199,408,3199,p2048_o128,2048,128,decode,1,77.2330790059641,75.91680997586626,9719.146082992665,128,13.169881274239161,458.278,48.24,50.06,3.580296875,0.27930644717835024,36.752,0.441,11.047,73.2,19,Qwen2.5-14B-Instruct-Q4_K_M,llama.cpp,finegrained_gpu_emc
2026-06-03T15:33:26.137585,GPU408_CPU1036,408,1036,3199,408,3199,p2048_o128,2048,128,decode,2,77.44422706309706,76.03992940124682,9735.031799064018,128,13.148390538622243,458.081,48.219,49.959,3.5787578125,0.27942656429758056,36.731,0.42,11.068,73.1,19,Qwen2.5-14B-Instruct-Q4_K_M,llama.cpp,finegrained_gpu_emc
2026-06-03T15:34:07.265455,GPU408_CPU1036,408,1036,3199,408,3199,p2048_o512,2048,512,decode,0,76.97917404584587,78.72338168283855,40306.51623301674,512,12.702660707267963,1917.449,48.543,50.06,3.745017578125,0.26702144359510993,37.055,0.434,11.054,73.3,79,Qwen2.5-14B-Instruct-Q4_K_M,llama.cpp,finegrained_gpu_emc
2026-06-03T15:34:48.491919,GPU408_CPU1036,408,1036,3199,408,3199,p2048_o512,2048,512,decode,1,83.4170690504834,78.90300478270449,40404.81215401087,512,12.671757959136439,1913.816,48.451,50.06,3.737921875,0.2675283308322221,36.974,0.455,11.023,73.3,79,Qwen2.5-14B-Instruct-Q4_K_M,llama.cpp,finegrained_gpu_emc
2026-06-03T15:35:29.727170,GPU408_CPU1036,408,1036,3199,408,3199,p2048_o512,2048,512,decode,2,83.83700798731297,78.91989289053922,40413.790708058514,512,12.66894273043056,1914.05,48.457,50.06,3.73837890625,0.267495624461221,36.968,0.449,11.04,73.3,79,Qwen2.5-14B-Instruct-Q4_K_M,llama.cpp,finegrained_gpu_emc
2026-06-03T15:35:35.492853,GPU408_CPU1036,408,1036,3199,408,3199,p64_o64,64,64,mixed,0,155.6163369677961,76.17130530222009,4954.666789970361,64,12.917114856150166,232.392,46.478,49.959,3.631125,0.2753967434335089,35.27,0.479,10.73,73.1,10,Qwen2.5-14B-Instruct-Q4_K_M,llama.cpp,finegrained_gpu_emc
2026-06-03T15:35:41.174645,GPU408_CPU1036,408,1036,3199,408,3199,p64_o64,64,64,mixed,1,77.8616180177778,75.99707576076663,4865.934905945323,64,13.152662589424114,234.194,46.839,49.944,3.65928125,0.27327770993279077,35.589,0.439,10.811,73.0,10,Qwen2.5-14B-Instruct-Q4_K_M,llama.cpp,finegrained_gpu_emc
2026-06-03T15:35:46.846299,GPU408_CPU1036,408,1036,3199,408,3199,p64_o64,64,64,mixed,2,77.65729411039501,75.9186233164713,4860.7858050381765,64,13.166595395679515,233.322,46.664,50.045,3.64565625,0.27429903738181566,35.425,0.439,10.801,73.0,10,Qwen2.5-14B-Instruct-Q4_K_M,llama.cpp,finegrained_gpu_emc
2026-06-03T15:35:57.506370,GPU408_CPU1036,408,1036,3199,408,3199,p128_o128,128,128,mixed,0,177.31132206972688,76.13974291277594,9847.542564035393,128,12.998166716991298,472.485,47.248,50.06,3.6912890625,0.27090807115569804,35.904,0.479,10.866,73.0,20,Qwen2.5-14B-Instruct-Q4_K_M,llama.cpp,finegrained_gpu_emc
2026-06-03T15:36:08.057189,GPU408_CPU1036,408,1036,3199,408,3199,p128_o128,128,128,mixed,1,78.00372899509966,76.06033278779515,9738.143868045881,128,13.144188639480976,458.241,48.236,50.045,3.5800078125,0.2793289993693275,36.748,0.441,11.047,73.0,19,Qwen2.5-14B-Instruct-Q4_K_M,llama.cpp,finegrained_gpu_emc
2026-06-03T15:36:18.601270,GPU408_CPU1036,408,1036,3199,408,3199,p128_o128,128,128,mixed,2,77.75707705877721,76.01304414891088,9731.893831049092,128,13.152630127511541,458.25,48.237,50.045,3.580078125,0.27932351336606653,36.749,0.42,11.068,73.0,19,Qwen2.5-14B-Instruct-Q4_K_M,llama.cpp,finegrained_gpu_emc
2026-06-03T15:36:59.759491,GPU408_CPU1036,408,1036,3199,408,3199,p128_o512,128,512,mixed,0,78.06504494510591,78.78029191799995,40336.7336159572,512,12.69314478645472,1916.31,48.514,50.16,3.74279296875,0.26718015352422103,37.014,0.46,11.041,73.1,79,Qwen2.5-14B-Instruct-Q4_K_M,llama.cpp,finegrained_gpu_emc
2026-06-03T15:37:40.930033,GPU408_CPU1036,408,1036,3199,408,3199,p128_o512,128,512,mixed,1,83.5107360035181,78.79413408796812,40349.22461898532,512,12.689215340189987,1916.026,48.507,49.959,3.74223828125,0.26721975589057767,37.014,0.449,11.043,73.2,79,Qwen2.5-14B-Instruct-Q4_K_M,llama.cpp,finegrained_gpu_emc
2026-06-03T15:38:22.107878,GPU408_CPU1036,408,1036,3199,408,3199,p128_o512,128,512,mixed,2,83.47465796396136,78.80779613108318,40356.211122940294,512,12.687018571695301,1916.84,48.528,50.06,3.743828125,0.2671062790843263,36.998,0.485,11.045,73.3,79,Qwen2.5-14B-Instruct-Q4_K_M,llama.cpp,finegrained_gpu_emc
2026-06-03T15:38:43.320045,GPU408_CPU1036,408,1036,3199,408,3199,p256_o256,256,256,mixed,0,256.39240292366594,78.97829895693005,20396.79543499369,256,12.550991199372156,964.62,48.231,50.06,3.768046875,0.2653894797951525,36.848,0.429,10.954,73.3,40,Qwen2.5-14B-Instruct-Q4_K_M,llama.cpp,finegrained_gpu_emc
2026-06-03T15:39:04.354598,GPU408_CPU1036,408,1036,3199,408,3199,p256_o256,256,256,mixed,1,83.60860298853368,78.95823913334193,20218.906300025992,256,12.661416804709704,961.124,48.056,49.661,3.754390625,0.2663548095771201,36.661,0.439,10.957,73.3,40,Qwen2.5-14B-Instruct-Q4_K_M,llama.cpp,finegrained_gpu_emc
2026-06-03T15:39:25.384707,GPU408_CPU1036,408,1036,3199,408,3199,p256_o256,256,256,mixed,2,83.346729981713,78.94282664729319,20214.764932054095,256,12.664010729804065,962.214,48.111,49.661,3.7586484375,0.2660530817468879,36.73,0.439,10.942,73.2,40,Qwen2.5-14B-Instruct-Q4_K_M,llama.cpp,finegrained_gpu_emc
2026-06-03T15:39:36.830262,GPU408_CPU1036,408,1036,3199,408,3199,p512_o128,512,128,mixed,0,468.3565590530634,80.0306631342002,10632.739144028164,128,12.038290252976882,497.777,47.407,49.359,3.8888828125,0.2571432589291992,36.253,0.456,10.698,73.1,21,Qwen2.5-14B-Instruct-Q4_K_M,llama.cpp,finegrained_gpu_emc
2026-06-03T15:39:47.881833,GPU408_CPU1036,408,1036,3199,408,3199,p512_o128,512,128,mixed,1,84.77773598860949,79.95191999201435,10239.191206987016,128,12.500987374144884,474.458,47.446,48.96,3.706703125,0.26978151912287285,36.231,0.419,10.796,73.1,20,Qwen2.5-14B-Instruct-Q4_K_M,llama.cpp,finegrained_gpu_emc
2026-06-03T15:39:58.942494,GPU408_CPU1036,408,1036,3199,408,3199,p512_o128,512,128,mixed,2,84.60348704829812,80.02672960622398,10248.48651397042,128,12.489649064329095,491.583,46.817,50.358,3.8404921875,0.2603832923433072,35.526,0.57,10.722,73.0,21,Qwen2.5-14B-Instruct-Q4_K_M,llama.cpp,finegrained_gpu_emc
2026-06-03T15:40:39.791784,GPU408_CPU1036,408,1036,3199,408,3199,p512_o512,512,512,mixed,0,84.67795106116682,78.16280434049352,40027.81259198673,512,12.791106154586588,1912.956,49.05,50.459,3.7362421875,0.26764860247700417,37.467,0.44,11.144,73.2,78,Qwen2.5-14B-Instruct-Q4_K_M,llama.cpp,finegrained_gpu_emc
2026-06-03T15:41:20.666146,GPU408_CPU1036,408,1036,3199,408,3199,p512_o512,512,512,mixed,1,90.4847769998014,78.20067019179034,40052.91897698771,512,12.783088301109043,1910.91,48.998,50.459,3.73224609375,0.26793517224777724,37.423,0.445,11.13,73.3,78,Qwen2.5-14B-Instruct-Q4_K_M,llama.cpp,finegrained_gpu_emc
2026-06-03T15:42:01.539767,GPU408_CPU1036,408,1036,3199,408,3199,p512_o512,512,512,mixed,2,90.57569899596274,78.1974231976006,40051.39855504967,512,12.783573569753587,1912.646,49.042,51.358,3.73563671875,0.2676919827296844,37.398,0.481,11.163,73.4,78,Qwen2.5-14B-Instruct-Q4_K_M,llama.cpp,finegrained_gpu_emc
2026-06-03T15:43:23.662921,GPU408_CPU1036,408,1036,3199,408,3199,p512_o1024,512,1024,mixed,0,89.53850599937141,79.37055675074811,81289.5483309403,1024,12.596945376435887,3859.295,48.852,50.459,3.7688427734375,0.2653334352517753,37.262,0.472,11.118,73.5,158,Qwen2.5-14B-Instruct-Q4_K_M,llama.cpp,finegrained_gpu_emc
2026-06-03T15:44:45.833578,GPU408_CPU1036,408,1036,3199,408,3199,p512_o1024,512,1024,mixed,1,90.46072897035629,79.41633714558712,81337.40600501187,1024,12.589533528237954,3851.926,48.759,50.459,3.761646484375,0.26584103640620305,37.188,0.457,11.113,73.4,158,Qwen2.5-14B-Instruct-Q4_K_M,llama.cpp,finegrained_gpu_emc
2026-06-03T15:46:08.216414,GPU408_CPU1036,408,1036,3199,408,3199,p512_o1024,512,1024,mixed,2,89.6013081073761,79.62468185622285,81549.58580608945,1024,12.556777448691053,3832.3,48.205,49.761,3.74248046875,0.2672024632727083,36.664,0.447,11.094,73.3,159,Qwen2.5-14B-Instruct-Q4_K_M,llama.cpp,finegrained_gpu_emc
2026-06-03T15:46:19.676821,GPU408_CPU1036,408,1036,3199,408,3199,p1024_o128,1024,128,mixed,0,936.0793660162017,76.46705229092008,10647.913577966392,128,12.02113438118703,498.021,47.431,49.661,3.8907890625,0.2570172743719642,36.176,0.437,10.818,73.1,21,Qwen2.5-14B-Instruct-Q4_K_M,llama.cpp,finegrained_gpu_emc
2026-06-03T15:46:30.269607,GPU408_CPU1036,408,1036,3199,408,3199,p1024_o128,1024,128,mixed,1,86.77385898772627,76.3247899452635,9780.557007994503,128,13.087189195398016,472.765,47.276,49.761,3.6934765625,0.2707476230262393,35.871,0.419,10.987,73.1,20,Qwen2.5-14B-Instruct-Q4_K_M,llama.cpp,finegrained_gpu_emc
2026-06-03T15:46:40.885599,GPU408_CPU1036,408,1036,3199,408,3199,p1024_o128,1024,128,mixed,2,86.66292892303318,76.50814696919085,9803.725123987533,128,13.056261612926345,472.381,47.238,50.06,3.6904765625,0.2709677146201901,35.832,0.439,10.967,73.0,20,Qwen2.5-14B-Instruct-Q4_K_M,llama.cpp,finegrained_gpu_emc
2026-06-03T15:47:21.673211,GPU408_CPU1036,408,1036,3199,408,3199,p1024_o512,1024,512,mixed,0,86.96694998070598,78.03810936004223,39966.36835800018,512,12.810771181753157,1900.454,48.73,50.16,3.71182421875,0.26940930956497766,37.084,0.44,11.206,73.1,78,Qwen2.5-14B-Instruct-Q4_K_M,llama.cpp,finegrained_gpu_emc
2026-06-03T15:48:02.450100,GPU408_CPU1036,408,1036,3199,408,3199,p1024_o512,1024,512,mixed,1,87.50472799874842,78.01541964976397,39955.31914802268,512,12.814313861520938,1901.321,48.752,50.06,3.713517578125,0.26928645925648537,37.114,0.445,11.193,73.2,78,Qwen2.5-14B-Instruct-Q4_K_M,llama.cpp,finegrained_gpu_emc
2026-06-03T15:48:42.608115,GPU408_CPU1036,408,1036,3199,408,3199,p1024_o512,1024,512,mixed,2,87.49005000572652,78.02687548202985,39336.90804999787,503,12.786973479478318,1874.539,48.689,49.761,3.726717693836978,0.268332640718598,37.074,0.435,11.18,73.2,77,Qwen2.5-14B-Instruct-Q4_K_M,llama.cpp,finegrained_gpu_emc
2026-06-03T15:48:48.521082,GPU408_CPU1036,408,1036,3199,408,3199,p1024_o1024,1024,1024,mixed,0,87.71701506339014,75.9706829692452,5101.700688013807,66,12.936862437865814,249.048,45.281,49.761,3.7734545454545456,0.2650091548617134,34.241,0.399,10.641,73.0,11,Qwen2.5-14B-Instruct-Q4_K_M,llama.cpp,finegrained_gpu_emc
2026-06-03T15:50:10.913599,GPU408_CPU1036,408,1036,3199,408,3199,p1024_o1024,1024,1024,mixed,1,81.40979299787432,79.64205475071607,81559.21241396572,1024,12.555295345454516,3853.206,48.468,50.06,3.762896484375,0.2657527264309253,36.881,0.447,11.14,73.2,159,Qwen2.5-14B-Instruct-Q4_K_M,llama.cpp,finegrained_gpu_emc
2026-06-03T15:51:33.259831,GPU408_CPU1036,408,1036,3199,408,3199,p1024_o1024,1024,1024,mixed,2,87.14884601067752,79.59107050040822,81512.72938994225,1024,12.56245506271012,3849.892,48.426,49.761,3.75966015625,0.2659814872728897,36.836,0.452,11.138,73.2,159,Qwen2.5-14B-Instruct-Q4_K_M,llama.cpp,finegrained_gpu_emc
2026-06-03T15:51:45.960711,GPU408_CPU1036,408,1036,3199,408,3199,p2048_o128,2048,128,mixed,0,1915.9672280075029,78.51301887398952,11887.633081059903,128,10.767492496377379,557.894,46.491,49.959,4.358546875,0.22943426529053906,35.531,0.449,10.512,72.9,24,Qwen2.5-14B-Instruct-Q4_K_M,llama.cpp,finegrained_gpu_emc
2026-06-03T15:51:56.823501,GPU408_CPU1036,408,1036,3199,408,3199,p2048_o128,2048,128,mixed,1,88.1275930441916,78.43865893733519,10050.35818205215,128,12.735864501683272,483.356,48.336,50.06,3.77621875,0.26481516728870647,36.769,0.459,11.108,73.0,20,Qwen2.5-14B-Instruct-Q4_K_M,llama.cpp,finegrained_gpu_emc
2026-06-03T15:52:07.684532,GPU408_CPU1036,408,1036,3199,408,3199,p2048_o128,2048,128,mixed,2,88.67098507471383,78.420179865807,10048.55262010824,128,12.73815292999095,483.05,48.305,50.145,3.773828125,0.26498292102266846,36.748,0.439,11.118,72.9,20,Qwen2.5-14B-Instruct-Q4_K_M,llama.cpp,finegrained_gpu_emc
2026-06-03T15:52:48.982187,GPU408_CPU1036,408,1036,3199,408,3199,p2048_o512,2048,512,mixed,0,88.49868609104306,79.03345965542475,40476.58591205254,512,12.64928818632265,1935.012,48.988,50.06,3.7793203125,0.264597842287283,37.36,0.434,11.193,73.1,79,Qwen2.5-14B-Instruct-Q4_K_M,llama.cpp,finegrained_gpu_emc
2026-06-03T15:53:30.240592,GPU408_CPU1036,408,1036,3199,408,3199,p2048_o512,2048,512,mixed,1,94.89638404920697,78.94316301571749,40436.79719406646,512,12.661734744786585,1936.308,49.02,50.06,3.7818515625,0.264420742980972,37.37,0.449,11.201,73.4,79,Qwen2.5-14B-Instruct-Q4_K_M,llama.cpp,finegrained_gpu_emc
2026-06-03T15:54:11.534747,GPU408_CPU1036,408,1036,3199,408,3199,p2048_o512,2048,512,mixed,2,94.3085360340774,79.01497462804478,40472.91554301046,512,12.650435312867415,1935.857,49.009,50.045,3.780970703125,0.2644823455451513,37.327,0.455,11.228,73.4,79,Qwen2.5-14B-Instruct-Q4_K_M,llama.cpp,finegrained_gpu_emc
2026-06-03T15:54:26.566716,GPU510_CPU1036,510,1036,3199,510,3199,p64_o64,64,64,decode,0,77.52857892774045,76.04345749317122,4868.523236946203,64,13.145670028709612,237.127,47.425,49.545,3.705109375,0.26989756543961674,35.985,0.439,11.002,72.7,10,Qwen2.5-14B-Instruct-Q4_K_M,llama.cpp,finegrained_gpu_emc
2026-06-03T15:54:32.240011,GPU510_CPU1036,510,1036,3199,510,3199,p64_o64,64,64,decode,1,77.24553206935525,75.94700111076236,4862.174318055622,64,13.162835351734884,232.726,46.545,49.247,3.63634375,0.27500150391447453,35.265,0.439,10.841,72.7,10,Qwen2.5-14B-Instruct-Q4_K_M,llama.cpp,finegrained_gpu_emc
2026-06-03T15:54:37.922567,GPU510_CPU1036,510,1036,3199,510,3199,p64_o64,64,64,decode,2,77.54098903387785,76.09071738145772,4871.508634998463,64,13.137613990911092,231.806,46.361,49.56,3.62196875,0.2760929397858554,35.112,0.479,10.771,72.6,10,Qwen2.5-14B-Instruct-Q4_K_M,llama.cpp,finegrained_gpu_emc
2026-06-03T15:54:48.478818,GPU510_CPU1036,510,1036,3199,510,3199,p128_o128,128,128,decode,0,77.28539896197617,76.11320944920945,9744.147261953913,128,13.136090471433745,453.864,47.775,49.646,3.5458125,0.2820228085946451,36.303,0.462,11.01,72.7,19,Qwen2.5-14B-Instruct-Q4_K_M,llama.cpp,finegrained_gpu_emc
2026-06-03T15:54:59.039082,GPU510_CPU1036,510,1036,3199,510,3199,p128_o128,128,128,decode,1,77.66728696879,76.14018112663032,9747.957080951892,128,13.130956459597044,468.466,46.847,49.262,3.659890625,0.2732322089543318,35.541,0.399,10.906,72.7,20,Qwen2.5-14B-Instruct-Q4_K_M,llama.cpp,finegrained_gpu_emc
2026-06-03T15:55:09.610831,GPU510_CPU1036,510,1036,3199,510,3199,p128_o128,128,128,decode,2,77.69665797241032,76.23046870878714,9759.444718947634,128,13.115500285737804,452.53,47.635,49.262,3.535390625,0.2828541754137847,36.11,0.42,11.105,72.7,19,Qwen2.5-14B-Instruct-Q4_K_M,llama.cpp,finegrained_gpu_emc
2026-06-03T15:55:50.900465,GPU510_CPU1036,510,1036,3199,510,3199,p128_o512,128,512,decode,0,77.23392604384571,79.03939091195872,40468.26661203522,512,12.651888575028112,1896.246,48.006,49.247,3.70360546875,0.2700071615180731,36.521,0.439,11.046,72.8,79,Qwen2.5-14B-Instruct-Q4_K_M,llama.cpp,finegrained_gpu_emc
2026-06-03T15:56:32.202405,GPU510_CPU1036,510,1036,3199,510,3199,p128_o512,128,512,decode,1,83.2411270821467,79.051752334621,40480.625636992045,512,12.648025862824701,1895.45,47.986,49.545,3.70205078125,0.27012055184784617,36.512,0.444,11.029,72.8,79,Qwen2.5-14B-Instruct-Q4_K_M,llama.cpp,finegrained_gpu_emc
2026-06-03T15:57:13.471874,GPU510_CPU1036,510,1036,3199,510,3199,p128_o512,128,512,decode,2,83.38671003002673,78.98732945013157,40447.81323696952,512,12.658286295982725,1896.369,48.009,49.56,3.703845703125,0.26998964863905706,36.524,0.444,11.041,72.8,79,Qwen2.5-14B-Instruct-Q4_K_M,llama.cpp,finegrained_gpu_emc
2026-06-03T15:57:33.905224,GPU510_CPU1036,510,1036,3199,510,3199,p256_o256,256,256,decode,0,84.23025603406131,77.8196964383244,19617.943099001423,252,12.845383368087509,933.474,47.87,49.262,3.7042619047619048,0.26995931327492784,36.384,0.43,11.057,72.7,39,Qwen2.5-14B-Instruct-Q4_K_M,llama.cpp,finegrained_gpu_emc
2026-06-03T15:57:54.349919,GPU510_CPU1036,510,1036,3199,510,3199,p256_o256,256,256,decode,1,82.50702393706888,76.65011148224129,19629.215640947223,256,13.04178448505987,933.58,47.876,49.56,3.646796875,0.27421324364275157,36.374,0.45,11.052,72.8,39,Qwen2.5-14B-Instruct-Q4_K_M,llama.cpp,finegrained_gpu_emc
2026-06-03T15:58:14.784550,GPU510_CPU1036,510,1036,3199,510,3199,p256_o256,256,256,decode,2,83.06110394187272,76.60768352558507,19619.085376965813,256,13.048518576740689,934.564,47.926,49.56,3.650640625,0.27392452523315686,36.414,0.45,11.062,72.7,39,Qwen2.5-14B-Instruct-Q4_K_M,llama.cpp,finegrained_gpu_emc
2026-06-03T15:58:25.353014,GPU510_CPU1036,510,1036,3199,510,3199,p512_o128,512,128,decode,0,82.41516700945795,76.1672542045465,9756.132617010735,128,13.119952856813361,468.934,46.893,49.661,3.663546875,0.2729595209560407,35.554,0.439,10.901,72.7,20,Qwen2.5-14B-Instruct-Q4_K_M,llama.cpp,finegrained_gpu_emc
2026-06-03T15:58:35.905157,GPU510_CPU1036,510,1036,3199,510,3199,p512_o128,512,128,decode,1,78.37331900373101,76.07081764575652,9739.84518297948,128,13.141892668240954,468.936,46.894,49.56,3.6635625,0.27295835679069214,35.574,0.439,10.881,72.6,20,Qwen2.5-14B-Instruct-Q4_K_M,llama.cpp,finegrained_gpu_emc
2026-06-03T15:58:46.466920,GPU510_CPU1036,510,1036,3199,510,3199,p512_o128,512,128,decode,2,78.64704704843462,76.14495953559641,9749.540147022344,128,13.128824341432464,452.878,47.671,49.661,3.538109375,0.28263682492856795,36.184,0.441,11.047,72.5,19,Qwen2.5-14B-Instruct-Q4_K_M,llama.cpp,finegrained_gpu_emc
2026-06-03T15:59:27.742574,GPU510_CPU1036,510,1036,3199,510,3199,p512_o512,512,512,decode,0,79.05469706747681,79.00707612503065,40453.56815797277,512,12.65648552930164,1894.62,47.965,49.262,3.7004296875,0.2702388869535844,36.502,0.434,11.029,72.6,79,Qwen2.5-14B-Instruct-Q4_K_M,llama.cpp,finegrained_gpu_emc
2026-06-03T16:00:09.023194,GPU510_CPU1036,510,1036,3199,510,3199,p512_o512,512,512,decode,1,83.4413330303505,79.00929995293049,40459.10582598299,512,12.65475322668134,1893.926,47.947,49.161,3.69907421875,0.27033791182971245,36.504,0.424,11.019,72.6,79,Qwen2.5-14B-Instruct-Q4_K_M,llama.cpp,finegrained_gpu_emc
2026-06-03T16:00:50.303298,GPU510_CPU1036,510,1036,3199,510,3199,p512_o512,512,512,decode,2,83.33472697995603,79.0085830762636,40458.70851201471,512,12.654877499314031,1895.324,47.983,49.661,3.7018046875,0.2701385092997292,36.528,0.434,11.02,72.6,79,Qwen2.5-14B-Instruct-Q4_K_M,llama.cpp,finegrained_gpu_emc
2026-06-03T16:02:12.399307,GPU510_CPU1036,510,1036,3199,510,3199,p512_o1024,512,1024,decode,0,84.09149292856455,79.34979297653594,81262.85964495037,1024,12.601082517573339,3792.347,48.004,49.161,3.7034638671875,0.2700174852143013,36.508,0.444,11.052,72.5,158,Qwen2.5-14B-Instruct-Q4_K_M,llama.cpp,finegrained_gpu_emc
2026-06-03T16:03:34.533047,GPU510_CPU1036,510,1036,3199,510,3199,p512_o1024,512,1024,decode,1,83.30852002836764,79.38707330494478,81300.25745509192,1024,12.595286067398128,3790.755,47.984,49.56,3.7019091796875,0.2701308842169963,36.479,0.447,11.058,72.5,158,Qwen2.5-14B-Instruct-Q4_K_M,llama.cpp,finegrained_gpu_emc
2026-06-03T16:04:56.583093,GPU510_CPU1036,510,1036,3199,510,3199,p512_o1024,512,1024,decode,2,83.4124720422551,79.30568947214616,81217.0238570543,1024,12.608194087514056,3794.295,48.029,49.56,3.7053662109375,0.26987885760068736,36.526,0.437,11.066,72.4,158,Qwen2.5-14B-Instruct-Q4_K_M,llama.cpp,finegrained_gpu_emc
2026-06-03T16:05:07.146036,GPU510_CPU1036,510,1036,3199,510,3199,p1024_o128,1024,128,decode,0,83.5345060331747,76.11440377141254,9750.53287902847,128,13.127487655090473,467.142,46.714,49.262,3.649546875,0.27400661897238954,35.375,0.459,10.881,72.2,20,Qwen2.5-14B-Instruct-Q4_K_M,llama.cpp,finegrained_gpu_emc
2026-06-03T16:05:17.695919,GPU510_CPU1036,510,1036,3199,510,3199,p1024_o128,1024,128,decode,1,77.28156505618244,76.06390788949527,9737.882992019877,128,13.144540769784875,453.73,47.761,49.56,3.544765625,0.2821060983404227,36.289,0.462,11.01,72.2,19,Qwen2.5-14B-Instruct-Q4_K_M,llama.cpp,finegrained_gpu_emc
2026-06-03T16:05:28.248773,GPU510_CPU1036,510,1036,3199,510,3199,p1024_o128,1024,128,decode,2,77.35452498309314,76.08488575540717,9740.611054003239,128,13.140859366045008,468.017,46.802,49.545,3.6563828125,0.2734943388808526,35.492,0.419,10.891,72.1,20,Qwen2.5-14B-Instruct-Q4_K_M,llama.cpp,finegrained_gpu_emc
2026-06-03T16:06:09.508709,GPU510_CPU1036,510,1036,3199,510,3199,p1024_o512,1024,512,decode,0,77.45212491136044,78.98113423882785,40438.68914898485,512,12.661142355868204,1891.927,47.897,49.161,3.695169921875,0.2706235494287042,36.441,0.419,11.037,72.1,79,Qwen2.5-14B-Instruct-Q4_K_M,llama.cpp,finegrained_gpu_emc
2026-06-03T16:06:50.831462,GPU510_CPU1036,510,1036,3199,510,3199,p1024_o512,1024,512,decode,1,83.1236569210887,80.35004764626814,40501.11539091449,504,12.444101727456646,1890.12,47.851,49.161,3.750238095238095,0.2666497365246651,36.417,0.424,11.01,72.1,79,Qwen2.5-14B-Instruct-Q4_K_M,llama.cpp,finegrained_gpu_emc
2026-06-03T16:07:32.173198,GPU510_CPU1036,510,1036,3199,510,3199,p1024_o512,1024,512,decode,2,83.38700793683529,79.11994327005516,40515.58666396886,512,12.637111841584897,1890.785,47.868,49.56,3.692939453125,0.27078700116618226,36.441,0.429,10.997,72.0,79,Qwen2.5-14B-Instruct-Q4_K_M,llama.cpp,finegrained_gpu_emc
2026-06-03T16:08:54.206028,GPU510_CPU1036,510,1036,3199,510,3199,p1024_o1024,1024,1024,decode,0,83.07933306787163,79.2888591710327,81199.48110997211,1024,12.61091802561091,3790.089,47.976,49.262,3.7012587890625,0.2701783520123142,36.47,0.444,11.061,72.0,158,Qwen2.5-14B-Instruct-Q4_K_M,llama.cpp,finegrained_gpu_emc
2026-06-03T16:10:16.343360,GPU510_CPU1036,510,1036,3199,510,3199,p1024_o1024,1024,1024,decode,1,84.19436903204769,79.38975974883728,81303.83562808856,1024,12.594731750223012,3787.978,47.949,49.56,3.699197265625,0.27032891954493926,36.456,0.444,11.049,72.0,158,Qwen2.5-14B-Instruct-Q4_K_M,llama.cpp,finegrained_gpu_emc
2026-06-03T16:11:38.494474,GPU510_CPU1036,510,1036,3199,510,3199,p1024_o1024,1024,1024,decode,2,83.74791999813169,79.40354650143264,81317.57036899216,1024,12.592604468547544,3788.812,47.96,49.56,3.70001171875,0.2702694142649464,36.454,0.46,11.046,72.0,158,Qwen2.5-14B-Instruct-Q4_K_M,llama.cpp,finegrained_gpu_emc
2026-06-03T16:11:49.061629,GPU510_CPU1036,510,1036,3199,510,3199,p2048_o128,2048,128,decode,0,83.34099501371384,76.14894500772256,9754.7683439916,128,13.12178777457498,467.278,46.728,49.56,3.650609375,0.2739268700859017,35.433,0.419,10.876,71.8,20,Qwen2.5-14B-Instruct-Q4_K_M,llama.cpp,finegrained_gpu_emc
2026-06-03T16:11:59.629123,GPU510_CPU1036,510,1036,3199,510,3199,p2048_o128,2048,128,decode,1,77.57864193990827,76.1968452597081,9755.066734971479,128,13.121386401297054,467.77,46.777,49.56,3.654453125,0.2736387540885478,35.412,0.459,10.906,71.8,20,Qwen2.5-14B-Instruct-Q4_K_M,llama.cpp,finegrained_gpu_emc
2026-06-03T16:12:10.196988,GPU510_CPU1036,510,1036,3199,510,3199,p2048_o128,2048,128,decode,2,77.79480307362974,76.19486307068985,9755.028439103626,128,13.121437912667092,465.942,46.594,49.161,3.640171875,0.27471230324804374,35.29,0.439,10.866,71.7,20,Qwen2.5-14B-Instruct-Q4_K_M,llama.cpp,finegrained_gpu_emc
2026-06-03T16:12:51.455924,GPU510_CPU1036,510,1036,3199,510,3199,p2048_o512,2048,512,decode,0,77.93891802430153,78.97743635419975,40437.379345996305,512,12.661552461625904,1892.072,47.901,49.161,3.695453125,0.2706028100410555,36.454,0.429,11.018,71.7,79,Qwen2.5-14B-Instruct-Q4_K_M,llama.cpp,finegrained_gpu_emc
2026-06-03T16:13:32.733653,GPU510_CPU1036,510,1036,3199,510,3199,p2048_o512,2048,512,decode,1,83.61123397480696,79.00293197468244,40455.97476395778,512,12.655732632504524,1886.691,47.764,49.161,3.684943359375,0.27137459181180174,36.343,0.419,11.003,71.7,79,Qwen2.5-14B-Instruct-Q4_K_M,llama.cpp,finegrained_gpu_emc
2026-06-03T16:14:14.003010,GPU510_CPU1036,510,1036,3199,510,3199,p2048_o512,2048,512,decode,2,82.79929507989436,78.9887884403023,40448.00358102657,512,12.658226727416777,1891.527,47.887,49.56,3.694388671875,0.27068077801691437,36.443,0.419,11.024,71.7,79,Qwen2.5-14B-Instruct-Q4_K_M,llama.cpp,finegrained_gpu_emc
2026-06-03T16:14:19.776207,GPU510_CPU1036,510,1036,3199,510,3199,p64_o64,64,64,mixed,0,155.00239306129515,76.29919687234279,4962.150712963194,64,12.897633244553713,228.907,45.781,48.762,3.576671875,0.2795895276247559,34.673,0.399,10.709,71.3,10,Qwen2.5-14B-Instruct-Q4_K_M,llama.cpp,finegrained_gpu_emc
2026-06-03T16:14:25.460410,GPU510_CPU1036,510,1036,3199,510,3199,p64_o64,64,64,mixed,1,77.98429392278194,76.10809927000591,4873.050044989213,64,13.133458390358408,231.06,46.212,49.161,3.6103125,0.2769843330736605,34.954,0.479,10.78,71.3,10,Qwen2.5-14B-Instruct-Q4_K_M,llama.cpp,finegrained_gpu_emc
2026-06-03T16:14:31.144028,GPU510_CPU1036,510,1036,3199,510,3199,p64_o64,64,64,mixed,2,77.71861494984478,76.10828349263303,4872.793860035017,64,13.134148876049537,230.711,46.142,49.161,3.604859375,0.2774033314406335,34.954,0.399,10.79,71.3,10,Qwen2.5-14B-Instruct-Q4_K_M,llama.cpp,finegrained_gpu_emc
2026-06-03T16:14:41.820205,GPU510_CPU1036,510,1036,3199,510,3199,p128_o128,128,128,mixed,0,177.66655096784234,76.26392132342302,9863.667460973375,128,12.976917612687705,466.847,46.685,49.161,3.6472421875,0.2741797633914323,35.415,0.419,10.851,71.3,20,Qwen2.5-14B-Instruct-Q4_K_M,llama.cpp,finegrained_gpu_emc
2026-06-03T16:14:52.374228,GPU510_CPU1036,510,1036,3199,510,3199,p128_o128,128,128,mixed,1,78.0076120281592,76.08659373225981,9741.489103063941,128,13.13967491476645,467.633,46.763,49.161,3.6533828125,0.273718920606544,35.453,0.419,10.891,71.3,20,Qwen2.5-14B-Instruct-Q4_K_M,llama.cpp,finegrained_gpu_emc
2026-06-03T16:15:02.945654,GPU510_CPU1036,510,1036,3199,510,3199,p128_o128,128,128,mixed,2,77.66317401546985,76.22649177164573,9758.945025969297,128,13.116171846381166,465.53,46.553,49.161,3.636953125,0.2749554271475523,35.294,0.419,10.84,71.4,20,Qwen2.5-14B-Instruct-Q4_K_M,llama.cpp,finegrained_gpu_emc
2026-06-03T16:15:44.150497,GPU510_CPU1036,510,1036,3199,510,3199,p128_o512,128,512,mixed,0,78.06693797465414,78.87255934631149,40383.85424693115,512,12.67833418943433,1894.998,47.975,49.56,3.70116796875,0.27018498172557437,36.509,0.434,11.032,71.5,79,Qwen2.5-14B-Instruct-Q4_K_M,llama.cpp,finegrained_gpu_emc
2026-06-03T16:16:25.442100,GPU510_CPU1036,510,1036,3199,510,3199,p128_o512,128,512,mixed,1,83.78437999635935,79.0302346753496,40470.123121049255,512,12.651308187735642,1891.217,47.879,49.161,3.693783203125,0.27072514682344756,36.433,0.434,11.011,71.7,79,Qwen2.5-14B-Instruct-Q4_K_M,llama.cpp,finegrained_gpu_emc
2026-06-03T16:17:06.691227,GPU510_CPU1036,510,1036,3199,510,3199,p128_o512,128,512,mixed,2,83.87064293492585,78.94676667706469,40427.80110100284,512,12.664552264933832,1895.79,47.995,49.56,3.70271484375,0.27007210714266877,36.524,0.444,11.027,71.8,79,Qwen2.5-14B-Instruct-Q4_K_M,llama.cpp,finegrained_gpu_emc
2026-06-03T16:17:27.948035,GPU510_CPU1036,510,1036,3199,510,3199,p256_o256,256,256,mixed,0,257.192236953415,79.14993815288386,20441.364643978886,256,12.523625719646176,951.563,47.578,49.262,3.71704296875,0.26903105732358235,36.223,0.429,10.926,71.7,40,Qwen2.5-14B-Instruct-Q4_K_M,llama.cpp,finegrained_gpu_emc
2026-06-03T16:17:49.047076,GPU510_CPU1036,510,1036,3199,510,3199,p256_o256,256,256,mixed,1,84.04262899421155,79.20997191412265,20283.53324602358,256,12.621075277907348,951.777,47.589,49.161,3.71787890625,0.26897056768549776,36.204,0.449,10.936,71.7,40,Qwen2.5-14B-Instruct-Q4_K_M,llama.cpp,finegrained_gpu_emc
2026-06-03T16:18:10.145821,GPU510_CPU1036,510,1036,3199,510,3199,p256_o256,256,256,mixed,2,83.76685599796474,79.20999897269569,20283.267671009526,256,12.621240529497905,951.375,47.569,49.661,3.71630859375,0.26908422020759426,36.174,0.449,10.946,71.7,40,Qwen2.5-14B-Instruct-Q4_K_M,llama.cpp,finegrained_gpu_emc
2026-06-03T16:18:21.632981,GPU510_CPU1036,510,1036,3199,510,3199,p512_o128,512,128,mixed,0,468.17007393110543,80.36395803178243,10674.881737912074,128,11.990765157182512,489.244,46.595,48.461,3.82221875,0.26162814464766043,35.532,0.456,10.607,71.6,21,Qwen2.5-14B-Instruct-Q4_K_M,llama.cpp,finegrained_gpu_emc
2026-06-03T16:18:32.714942,GPU510_CPU1036,510,1036,3199,510,3199,p512_o128,512,128,mixed,1,83.5136859677732,80.20132661459778,10269.56904900726,128,12.464008897469123,484.346,46.128,48.561,3.783953125,0.2642738868494836,35.018,0.437,10.674,71.5,21,Qwen2.5-14B-Instruct-Q4_K_M,llama.cpp,finegrained_gpu_emc
2026-06-03T16:18:43.809070,GPU510_CPU1036,510,1036,3199,510,3199,p512_o128,512,128,mixed,2,84.18455196078867,80.2919038188255,10281.741076963954,128,12.449253394133954,484.548,46.147,48.561,3.78553125,0.264163715462658,35.056,0.437,10.655,71.5,21,Qwen2.5-14B-Instruct-Q4_K_M,llama.cpp,finegrained_gpu_emc
2026-06-03T16:19:24.774119,GPU510_CPU1036,510,1036,3199,510,3199,p512_o512,512,512,mixed,0,85.34142991993576,78.38683841096642,40142.91943190619,512,12.754428607727387,1884.928,48.332,49.661,3.6815,0.2716284123319299,36.781,0.44,11.11,71.7,78,Qwen2.5-14B-Instruct-Q4_K_M,llama.cpp,finegrained_gpu_emc
2026-06-03T16:20:05.764677,GPU510_CPU1036,510,1036,3199,510,3199,p512_o512,512,512,mixed,1,90.13752301689237,78.42815127187279,40168.82675595116,512,12.746202499532684,1901.463,48.138,49.661,3.713794921875,0.2692663491217026,36.62,0.455,11.064,71.8,79,Qwen2.5-14B-Instruct-Q4_K_M,llama.cpp,finegrained_gpu_emc
2026-06-03T16:20:46.730208,GPU510_CPU1036,510,1036,3199,510,3199,p512_o512,512,512,mixed,2,89.68151593580842,78.38109525835502,40144.42928589415,512,12.753948906676955,1884.17,48.312,49.661,3.68001953125,0.27173768821284705,36.793,0.425,11.095,71.8,78,Qwen2.5-14B-Instruct-Q4_K_M,llama.cpp,finegrained_gpu_emc
2026-06-03T16:22:09.063951,GPU510_CPU1036,510,1036,3199,510,3199,p512_o1024,512,1024,mixed,0,90.11062409263104,79.5759130380811,81500.16888102982,1024,12.56439114248693,3815.76,47.997,49.661,3.726328125,0.26836069354466735,36.513,0.439,11.045,71.9,159,Qwen2.5-14B-Instruct-Q4_K_M,llama.cpp,finegrained_gpu_emc
2026-06-03T16:23:31.291403,GPU510_CPU1036,510,1036,3199,510,3199,p512_o1024,512,1024,mixed,1,90.02735500689596,79.47208457681026,81393.9605030464,1024,12.580786014973112,3841.253,48.623,50.06,3.7512236328125,0.26657968116132935,37.082,0.457,11.085,71.9,158,Qwen2.5-14B-Instruct-Q4_K_M,llama.cpp,finegrained_gpu_emc
2026-06-03T16:24:53.426280,GPU510_CPU1036,510,1036,3199,510,3199,p512_o1024,512,1024,mixed,2,90.27433895971626,79.3812595708851,81301.33323103655,1024,12.595119407083608,3848.088,48.71,50.16,3.7578984375,0.2661061805239381,37.166,0.455,11.09,72.0,158,Qwen2.5-14B-Instruct-Q4_K_M,llama.cpp,finegrained_gpu_emc
2026-06-03T16:25:04.871493,GPU510_CPU1036,510,1036,3199,510,3199,p1024_o128,1024,128,mixed,0,933.3673210348934,76.36884528333248,10632.707710028626,128,12.038325842369591,502.982,47.903,50.16,3.929546875,0.2544822677551085,36.692,0.399,10.813,71.9,21,Qwen2.5-14B-Instruct-Q4_K_M,llama.cpp,finegrained_gpu_emc
2026-06-03T16:25:10.385271,GPU510_CPU1036,510,1036,3199,510,3199,p1024_o128,1024,128,mixed,1,86.95948508102447,75.67197816679254,4703.037589089945,61,12.970340730745407,229.43,45.886,50.06,3.7611475409836066,0.2658763021400863,34.798,0.439,10.649,71.7,10,Qwen2.5-14B-Instruct-Q4_K_M,llama.cpp,finegrained_gpu_emc
2026-06-03T16:25:20.952388,GPU510_CPU1036,510,1036,3199,510,3199,p1024_o128,1024,128,mixed,2,81.13932306878269,76.16899032274071,9755.1020369865,128,13.121338917285293,476.766,47.677,50.459,3.724734375,0.2684755204859407,36.312,0.439,10.925,71.8,20,Qwen2.5-14B-Instruct-Q4_K_M,llama.cpp,finegrained_gpu_emc
2026-06-03T16:26:01.672455,GPU510_CPU1036,510,1036,3199,510,3199,p1024_o512,1024,512,mixed,0,86.23278397135437,77.90746159692989,39898.99483998306,512,12.832403474157731,1912.05,49.027,50.358,3.73447265625,0.2677754242828378,37.413,0.445,11.169,71.9,78,Qwen2.5-14B-Instruct-Q4_K_M,llama.cpp,finegrained_gpu_emc
2026-06-03T16:26:42.450131,GPU510_CPU1036,510,1036,3199,510,3199,p1024_o512,1024,512,mixed,1,86.86032402329147,78.01940135221287,39956.722737057135,512,12.81386372374216,1896.364,48.625,49.661,3.7038359375,0.26999036050041025,37.033,0.43,11.162,71.9,78,Qwen2.5-14B-Instruct-Q4_K_M,llama.cpp,finegrained_gpu_emc
2026-06-03T16:27:23.233192,GPU510_CPU1036,510,1036,3199,510,3199,p1024_o512,1024,512,mixed,2,87.46942190919071,78.02865691592373,39962.11963694077,512,12.812133206435576,1895.369,48.599,50.06,3.701892578125,0.27013209564997637,36.999,0.425,11.176,71.9,78,Qwen2.5-14B-Instruct-Q4_K_M,llama.cpp,finegrained_gpu_emc
2026-06-03T16:28:06.040981,GPU510_CPU1036,510,1036,3199,510,3199,p1024_o1024,1024,1024,mixed,0,87.87048899102956,78.16370184093749,41985.76230695471,536,12.766232421394301,1991.747,48.579,49.661,3.7159458955223883,0.2691104844139341,36.994,0.438,11.148,71.9,82,Qwen2.5-14B-Instruct-Q4_K_M,llama.cpp,finegrained_gpu_emc
2026-06-03T16:28:10.436729,GPU510_CPU1036,510,1036,3199,510,3199,p1024_o1024,1024,1024,mixed,1,87.77899097185582,76.03450946820278,3584.902373026125,46,12.83159071391113,174.266,43.566,49.262,3.788391304347826,0.26396428448463843,32.77,0.449,10.347,71.6,8,Qwen2.5-14B-Instruct-Q4_K_M,llama.cpp,finegrained_gpu_emc
2026-06-03T16:29:32.807813,GPU510_CPU1036,510,1036,3199,510,3199,p1024_o1024,1024,1024,mixed,2,81.89750695601106,79.61990212999332,81537.03574300744,1024,12.558710169787078,3839.94,48.301,50.06,3.74994140625,0.2666708333984385,36.755,0.439,11.107,71.9,159,Qwen2.5-14B-Instruct-Q4_K_M,llama.cpp,finegrained_gpu_emc
2026-06-03T16:29:45.516744,GPU510_CPU1036,510,1036,3199,510,3199,p2048_o128,2048,128,mixed,0,1915.7373890047893,78.57886641689642,11895.773665979505,128,10.760124023380232,556.309,46.359,49.959,4.3461640625,0.23008795471581442,35.399,0.482,10.478,71.6,24,Qwen2.5-14B-Instruct-Q4_K_M,llama.cpp,finegrained_gpu_emc
2026-06-03T16:29:56.377389,GPU510_CPU1036,510,1036,3199,510,3199,p2048_o128,2048,128,mixed,1,88.3528069825843,78.41796629904498,10047.968689003028,128,12.73889319938758,478.822,47.882,49.575,3.740796875,0.26732272117822486,36.432,0.419,11.031,71.6,20,Qwen2.5-14B-Instruct-Q4_K_M,llama.cpp,finegrained_gpu_emc
2026-06-03T16:30:07.246900,GPU510_CPU1036,510,1036,3199,510,3199,p2048_o128,2048,128,mixed,2,88.82449800148606,78.48538601529,10056.989116943441,128,12.727467287833981,480.268,48.027,49.959,3.75209375,0.2665178608610193,36.531,0.439,11.057,71.5,20,Qwen2.5-14B-Instruct-Q4_K_M,llama.cpp,finegrained_gpu_emc
2026-06-03T16:30:48.515439,GPU510_CPU1036,510,1036,3199,510,3199,p2048_o512,2048,512,mixed,0,88.49016204476357,78.97560258301198,40446.98415300809,512,12.658545766061076,1928.142,48.814,49.661,3.76590234375,0.2655406085236461,37.182,0.449,11.182,71.6,79,Qwen2.5-14B-Instruct-Q4_K_M,llama.cpp,finegrained_gpu_emc
2026-06-03T16:31:29.805239,GPU510_CPU1036,510,1036,3199,510,3199,p2048_o512,2048,512,mixed,1,94.11058202385902,79.00655563189895,40468.39611197356,512,12.651848088649906,1927.894,48.807,49.959,3.76541796875,0.26557476707744304,37.212,0.434,11.161,71.7,79,Qwen2.5-14B-Instruct-Q4_K_M,llama.cpp,finegrained_gpu_emc
2026-06-03T16:32:11.100478,GPU510_CPU1036,510,1036,3199,510,3199,p2048_o512,2048,512,mixed,2,93.9291319809854,79.01664389640916,40473.694941960275,512,12.650191704370298,1930.019,48.861,49.959,3.769568359375,0.26528236250523957,37.231,0.444,11.186,71.7,79,Qwen2.5-14B-Instruct-Q4_K_M,llama.cpp,finegrained_gpu_emc
2026-06-03T16:32:26.120955,GPU612_CPU1036,612,1036,3199,612,3199,p64_o64,64,64,decode,0,77.3381480248645,75.96738766583185,4863.534669042565,64,13.159153651638107,237.638,47.528,49.576,3.71309375,0.2693171967446284,36.197,0.399,10.932,70.9,10,Qwen2.5-14B-Instruct-Q4_K_M,llama.cpp,finegrained_gpu_emc
2026-06-03T16:32:31.792037,GPU612_CPU1036,612,1036,3199,612,3199,p64_o64,64,64,decode,1,77.41876202635467,75.91568545940967,4860.382842947729,64,13.167687004916104,233.864,46.773,49.56,3.654125,0.2736633256935655,35.554,0.439,10.78,71.0,10,Qwen2.5-14B-Instruct-Q4_K_M,llama.cpp,finegrained_gpu_emc
2026-06-03T16:32:37.451216,GPU612_CPU1036,612,1036,3199,612,3199,p64_o64,64,64,decode,2,76.96889294311404,75.7335485550501,4848.43124600593,64,13.200145934362235,233.372,46.674,49.56,3.6464375,0.27424026875546337,35.476,0.439,10.76,70.8,10,Qwen2.5-14B-Instruct-Q4_K_M,llama.cpp,finegrained_gpu_emc
2026-06-03T16:32:47.987365,GPU612_CPU1036,612,1036,3199,612,3199,p128_o128,128,128,decode,0,77.27577199693769,75.95315135421421,9723.805407062173,128,13.16357070525461,472.099,47.21,49.576,3.6882734375,0.27112957239900953,35.936,0.419,10.855,71.0,20,Qwen2.5-14B-Instruct-Q4_K_M,llama.cpp,finegrained_gpu_emc
2026-06-03T16:32:58.516574,GPU612_CPU1036,612,1036,3199,612,3199,p128_o128,128,128,decode,1,77.68435298930854,75.89740497628446,9717.141270055436,128,13.172598446669467,457.594,48.168,49.661,3.574953125,0.2797239474293806,36.733,0.399,11.036,71.0,19,Qwen2.5-14B-Instruct-Q4_K_M,llama.cpp,finegrained_gpu_emc
2026-06-03T16:33:09.046158,GPU612_CPU1036,612,1036,3199,612,3199,p128_o128,128,128,decode,2,77.16962497215718,75.90473222080618,9717.550253961235,128,13.1720440496639,458.342,48.247,50.06,3.580796875,0.27926744657919195,36.754,0.441,11.051,71.0,19,Qwen2.5-14B-Instruct-Q4_K_M,llama.cpp,finegrained_gpu_emc
2026-06-03T16:33:50.204420,GPU612_CPU1036,612,1036,3199,612,3199,p128_o512,128,512,decode,0,77.10266602225602,78.78218670630802,40336.712255026214,512,12.69315150830622,1907.813,48.299,50.06,3.726197265625,0.2683701180356775,36.858,0.444,10.996,71.2,79,Qwen2.5-14B-Instruct-Q4_K_M,llama.cpp,finegrained_gpu_emc
2026-06-03T16:34:31.366797,GPU612_CPU1036,612,1036,3199,612,3199,p128_o512,128,512,decode,1,82.7158410102129,78.77970990586348,40341.04349894915,512,12.69178869935125,1905.293,48.235,49.576,3.721275390625,0.2687250727315956,36.839,0.424,10.972,71.3,79,Qwen2.5-14B-Instruct-Q4_K_M,llama.cpp,finegrained_gpu_emc
2026-06-03T16:35:10.549555,GPU612_CPU1036,612,1036,3199,612,3199,p128_o512,128,512,decode,2,83.10097001958638,78.7559994268375,38361.71084805392,486,12.668882311453393,1815.684,48.418,50.06,3.7359753086419754,0.26766772191636873,36.982,0.426,11.011,71.4,75,Qwen2.5-14B-Instruct-Q4_K_M,llama.cpp,finegrained_gpu_emc
2026-06-03T16:35:30.946261,GPU612_CPU1036,612,1036,3199,612,3199,p256_o256,256,256,decode,0,82.99410296604037,76.46210879617024,19581.76904299762,256,13.073384709924602,940.431,48.227,49.959,3.67355859375,0.2722156117780039,36.751,0.44,11.036,71.3,39,Qwen2.5-14B-Instruct-Q4_K_M,llama.cpp,finegrained_gpu_emc
2026-06-03T16:35:51.317539,GPU612_CPU1036,612,1036,3199,612,3199,p256_o256,256,256,decode,1,82.87537505384535,76.36207500792236,19556.145027047023,256,13.090514497920758,941.058,48.259,50.06,3.6760078125,0.2720342423102508,36.762,0.44,11.057,71.3,39,Qwen2.5-14B-Instruct-Q4_K_M,llama.cpp,finegrained_gpu_emc
2026-06-03T16:36:11.690234,GPU612_CPU1036,612,1036,3199,612,3199,p256_o256,256,256,decode,2,82.38894096575677,76.37025435299923,19557.729350985028,256,13.089454067279366,924.306,48.648,49.959,3.6105703125,0.27696455502831313,37.12,0.43,11.097,71.3,38,Qwen2.5-14B-Instruct-Q4_K_M,llama.cpp,finegrained_gpu_emc
2026-06-03T16:36:22.223330,GPU612_CPU1036,612,1036,3199,612,3199,p512_o128,512,128,decode,0,82.47308700811118,75.88983701512687,9720.966794993728,128,13.167414589454173,457.526,48.161,49.959,3.574421875,0.27976552152227413,36.668,0.462,11.03,71.2,19,Qwen2.5-14B-Instruct-Q4_K_M,llama.cpp,finegrained_gpu_emc
2026-06-03T16:36:32.765562,GPU612_CPU1036,612,1036,3199,612,3199,p512_o128,512,128,decode,1,78.43138405587524,75.99333137013458,9730.088297976181,128,13.155070753738533,458.263,48.238,49.959,3.5801796875,0.2793155895195554,36.709,0.504,11.025,71.2,19,Qwen2.5-14B-Instruct-Q4_K_M,llama.cpp,finegrained_gpu_emc
2026-06-03T16:36:43.302563,GPU612_CPU1036,612,1036,3199,612,3199,p512_o128,512,128,decode,2,78.96421500481665,75.93959273942782,9723.813025979325,128,13.16356039117778,457.814,48.191,49.959,3.576671875,0.2795895276247559,36.709,0.462,11.02,71.2,19,Qwen2.5-14B-Instruct-Q4_K_M,llama.cpp,finegrained_gpu_emc
2026-06-03T16:37:24.489896,GPU612_CPU1036,612,1036,3199,612,3199,p512_o512,512,512,decode,0,77.11097900755703,79.61800396824329,40365.70178391412,507,12.560168102962137,1912.175,48.409,49.959,3.7715483234714005,0.26514309621242826,36.959,0.444,11.006,71.3,79,Qwen2.5-14B-Instruct-Q4_K_M,llama.cpp,finegrained_gpu_emc
2026-06-03T16:38:05.654346,GPU612_CPU1036,612,1036,3199,612,3199,p512_o512,512,512,decode,1,82.9445970011875,78.78336377479245,40343.19240995683,512,12.691112661516513,1910.702,48.372,49.959,3.73183984375,0.2679643398080915,36.923,0.449,11.0,71.3,79,Qwen2.5-14B-Instruct-Q4_K_M,llama.cpp,finegrained_gpu_emc
2026-06-03T16:38:46.779633,GPU612_CPU1036,612,1036,3199,612,3199,p512_o512,512,512,decode,2,82.60799595154822,79.64206766936522,40303.799429908395,506,12.554647630181254,1911.609,48.395,50.06,3.777883399209486,0.26469848175019056,36.938,0.455,11.002,71.3,79,Qwen2.5-14B-Instruct-Q4_K_M,llama.cpp,finegrained_gpu_emc
2026-06-03T16:39:20.293305,GPU612_CPU1036,612,1036,3199,612,3199,p512_o1024,512,1024,decode,0,82.95592304784805,78.1961263508912,32694.33545798529,417,12.754503009730133,1551.902,48.497,50.06,3.7215875299760195,0.2687025340517636,37.034,0.43,11.033,71.3,64,Qwen2.5-14B-Instruct-Q4_K_M,llama.cpp,finegrained_gpu_emc
2026-06-03T16:40:05.460940,GPU612_CPU1036,612,1036,3199,612,3199,p512_o1024,512,1024,decode,1,83.14887003507465,78.75916405345203,44345.015133032575,562,12.673352310604276,2099.927,48.274,49.959,3.7365249110320287,0.26762835089029285,36.849,0.427,10.999,71.3,87,Qwen2.5-14B-Instruct-Q4_K_M,llama.cpp,finegrained_gpu_emc
2026-06-03T16:41:27.262588,GPU612_CPU1036,612,1036,3199,612,3199,p512_o1024,512,1024,decode,2,83.73080799356103,79.06212173411413,80968.15385099035,1024,12.646947612076191,3824.314,48.409,49.959,3.734681640625,0.2677604401730611,36.921,0.442,11.046,71.4,158,Qwen2.5-14B-Instruct-Q4_K_M,llama.cpp,finegrained_gpu_emc
2026-06-03T16:41:37.815323,GPU612_CPU1036,612,1036,3199,612,3199,p1024_o128,1024,128,decode,0,83.61123304348439,76.03391615754565,9740.396153065376,128,13.141149290906144,455.969,47.997,49.959,3.5622578125,0.28072083847805446,36.541,0.441,11.014,71.2,19,Qwen2.5-14B-Instruct-Q4_K_M,llama.cpp,finegrained_gpu_emc
2026-06-03T16:41:48.348285,GPU612_CPU1036,612,1036,3199,612,3199,p1024_o128,1024,128,decode,1,77.21218501683325,75.91214719664775,9718.53804809507,128,13.170705240495433,458.159,48.227,50.06,3.5793671875,0.27937899288238366,36.73,0.441,11.057,71.2,19,Qwen2.5-14B-Instruct-Q4_K_M,llama.cpp,finegrained_gpu_emc
2026-06-03T16:41:58.872852,GPU612_CPU1036,612,1036,3199,612,3199,p1024_o128,1024,128,decode,2,77.04288803506643,75.86411337045527,9712.259846972302,128,13.17921905064172,457.798,48.189,49.959,3.576546875,0.27959929925425625,36.729,0.462,10.999,71.2,19,Qwen2.5-14B-Instruct-Q4_K_M,llama.cpp,finegrained_gpu_emc
2026-06-03T16:42:40.015763,GPU612_CPU1036,612,1036,3199,612,3199,p1024_o512,1024,512,decode,0,77.68579991534352,78.75423732490704,40323.02978693042,512,12.6974585666167,1664.596,48.249,49.959,3.2511640625,0.3075821400507991,36.832,0.439,10.978,71.3,69,Qwen2.5-14B-Instruct-Q4_K_M,llama.cpp,finegrained_gpu_emc
2026-06-03T16:43:21.205316,GPU612_CPU1036,612,1036,3199,612,3199,p1024_o512,1024,512,decode,1,83.24220101349056,79.14112062076352,40367.984903045,510,12.63377404705505,1907.426,48.289,49.959,3.740050980392157,0.2673760345093335,36.847,0.434,11.008,71.2,79,Qwen2.5-14B-Instruct-Q4_K_M,llama.cpp,finegrained_gpu_emc
2026-06-03T16:44:02.331965,GPU612_CPU1036,612,1036,3199,612,3199,p1024_o512,1024,512,decode,2,82.83099508844316,78.7090548806698,40305.06046209484,512,12.703119512288382,1909.816,48.35,50.06,3.730109375,0.2680886535666263,36.901,0.429,11.019,71.3,79,Qwen2.5-14B-Instruct-Q4_K_M,llama.cpp,finegrained_gpu_emc
2026-06-03T16:45:24.145813,GPU612_CPU1036,612,1036,3199,612,3199,p1024_o1024,1024,1024,decode,0,82.89481094107032,79.07464639201783,80980.19086499698,1024,12.645067751286513,3824.23,48.408,49.661,3.734599609375,0.26776632158630626,36.917,0.444,11.046,71.3,158,Qwen2.5-14B-Instruct-Q4_K_M,llama.cpp,finegrained_gpu_emc
2026-06-03T16:46:45.996916,GPU612_CPU1036,612,1036,3199,612,3199,p1024_o1024,1024,1024,decode,1,84.03370098676533,79.11004845741662,81017.51091901679,1024,12.639242904210752,3822.527,48.386,50.06,3.7329365234375,0.26788561598126054,36.913,0.437,11.036,71.3,158,Qwen2.5-14B-Instruct-Q4_K_M,llama.cpp,finegrained_gpu_emc
2026-06-03T16:48:07.863548,GPU612_CPU1036,612,1036,3199,612,3199,p1024_o1024,1024,1024,decode,2,83.1110009457916,79.12625575368497,81033.16935396288,1024,12.636800561595237,3819.996,48.354,49.959,3.73046484375,0.26806310791948473,36.881,0.439,11.034,71.3,158,Qwen2.5-14B-Instruct-Q4_K_M,llama.cpp,finegrained_gpu_emc
2026-06-03T16:48:18.429419,GPU612_CPU1036,612,1036,3199,612,3199,p2048_o128,2048,128,decode,0,83.48815503995866,76.12077464573233,9751.303027034737,128,13.126450859452307,456.487,48.051,50.06,3.5663046875,0.2804022896599465,36.622,0.441,10.988,71.2,19,Qwen2.5-14B-Instruct-Q4_K_M,llama.cpp,finegrained_gpu_emc
2026-06-03T16:48:28.967754,GPU612_CPU1036,612,1036,3199,612,3199,p2048_o128,2048,128,decode,1,77.12029304821044,75.97294128334927,9726.156712975353,128,13.16038840184832,457.77,48.186,49.959,3.576328125,0.2796164012495358,36.71,0.462,11.014,71.2,19,Qwen2.5-14B-Instruct-Q4_K_M,llama.cpp,finegrained_gpu_emc
2026-06-03T16:48:39.502060,GPU612_CPU1036,612,1036,3199,612,3199,p2048_o128,2048,128,decode,2,77.03194604255259,75.9425046688723,9722.203076002188,128,13.165740213342072,457.864,48.196,49.959,3.5770625,0.27955899568430803,36.751,0.42,11.025,71.1,19,Qwen2.5-14B-Instruct-Q4_K_M,llama.cpp,finegrained_gpu_emc
2026-06-03T16:49:20.665108,GPU612_CPU1036,612,1036,3199,612,3199,p2048_o512,2048,512,decode,0,77.44722301140428,78.79205607834642,40342.11318008602,512,12.691452173425992,1907.886,48.301,49.56,3.72633984375,0.26835984959269055,36.868,0.434,10.999,71.2,79,Qwen2.5-14B-Instruct-Q4_K_M,llama.cpp,finegrained_gpu_emc
2026-06-03T16:50:01.799935,GPU612_CPU1036,612,1036,3199,612,3199,p2048_o512,2048,512,decode,1,82.8834839630872,78.7254110256159,40313.49295703694,512,12.70046236245643,1909.569,48.344,49.944,3.729626953125,0.26812333044786546,36.889,0.434,11.02,71.2,79,Qwen2.5-14B-Instruct-Q4_K_M,llama.cpp,finegrained_gpu_emc
2026-06-03T16:50:42.992352,GPU612_CPU1036,612,1036,3199,612,3199,p2048_o512,2048,512,decode,2,82.78149296529591,78.83809202162954,40370.95940695144,512,12.682383761031925,1904.271,48.209,49.959,3.719279296875,0.2688692943388835,36.792,0.434,10.983,71.1,79,Qwen2.5-14B-Instruct-Q4_K_M,llama.cpp,finegrained_gpu_emc
2026-06-03T16:50:48.750159,GPU612_CPU1036,612,1036,3199,612,3199,p64_o64,64,64,mixed,0,154.81703297700733,76.03808311146817,4945.469859987497,64,12.941136395918061,232.284,46.457,49.959,3.6294375,0.27552478862082624,35.309,0.439,10.709,70.9,10,Qwen2.5-14B-Instruct-Q4_K_M,llama.cpp,finegrained_gpu_emc
2026-06-03T16:50:54.412810,GPU612_CPU1036,612,1036,3199,612,3199,p64_o64,64,64,mixed,1,77.14181998744607,75.78167109565425,4851.645778049715,64,13.19139997597413,233.703,46.741,49.56,3.651609375,0.2738518547044753,35.552,0.399,10.79,70.8,10,Qwen2.5-14B-Instruct-Q4_K_M,llama.cpp,finegrained_gpu_emc
2026-06-03T16:51:00.077012,GPU612_CPU1036,612,1036,3199,612,3199,p64_o64,64,64,mixed,2,77.2766430163756,75.80378345982541,4853.169328067452,64,13.187258814537389,232.962,46.592,49.959,3.64003125,0.27472291618375533,35.394,0.439,10.76,70.8,10,Qwen2.5-14B-Instruct-Q4_K_M,llama.cpp,finegrained_gpu_emc
2026-06-03T16:51:10.715962,GPU612_CPU1036,612,1036,3199,612,3199,p128_o128,128,128,mixed,0,176.91055999603122,75.97858570956105,9826.670352020301,128,13.025775304824794,472.294,47.229,49.959,3.689796875,0.2710176288498266,35.95,0.439,10.841,70.8,20,Qwen2.5-14B-Instruct-Q4_K_M,llama.cpp,finegrained_gpu_emc
2026-06-03T16:51:21.235558,GPU612_CPU1036,612,1036,3199,612,3199,p128_o128,128,128,mixed,1,77.81224604696035,75.82296333807396,9707.80073304195,128,13.18527270181112,458.296,48.242,50.06,3.5804375,0.27929547715886677,36.728,0.441,11.073,70.9,19,Qwen2.5-14B-Instruct-Q4_K_M,llama.cpp,finegrained_gpu_emc
2026-06-03T16:51:31.763253,GPU612_CPU1036,612,1036,3199,612,3199,p128_o128,128,128,mixed,2,77.71643192972988,75.88712249673522,9715.862475917675,128,13.174332213662817,458.006,48.211,49.959,3.578171875,0.27947232132330146,36.75,0.441,11.02,70.8,19,Qwen2.5-14B-Instruct-Q4_K_M,llama.cpp,finegrained_gpu_emc
2026-06-03T16:52:12.881947,GPU612_CPU1036,612,1036,3199,612,3199,p128_o512,128,512,mixed,0,77.4421610403806,78.70476067712286,40297.47720295563,512,12.7055100104988,1910.263,48.361,49.959,3.730982421875,0.2680259210380979,36.923,0.439,10.999,70.9,79,Qwen2.5-14B-Instruct-Q4_K_M,llama.cpp,finegrained_gpu_emc
2026-06-03T16:52:54.059684,GPU612_CPU1036,612,1036,3199,612,3199,p128_o512,128,512,mixed,1,83.68625899311155,78.80660792568483,40355.8009249391,512,12.687147529355412,1908.22,48.309,49.959,3.7269921875,0.2683128779700454,36.862,0.444,11.002,71.0,79,Qwen2.5-14B-Instruct-Q4_K_M,llama.cpp,finegrained_gpu_emc
2026-06-03T16:53:35.246662,GPU612_CPU1036,612,1036,3199,612,3199,p128_o512,128,512,mixed,2,84.55521101132035,78.8240775184837,40365.59133697301,512,12.684070344115874,1910.517,48.368,49.959,3.731478515625,0.2679902874457542,36.927,0.439,11.001,71.0,79,Qwen2.5-14B-Instruct-Q4_K_M,llama.cpp,finegrained_gpu_emc
2026-06-03T16:53:56.440907,GPU612_CPU1036,612,1036,3199,612,3199,p256_o256,256,256,mixed,0,256.73386501148343,78.90630742744999,20378.817492048256,256,12.562063529932015,960.864,48.043,49.56,3.753375,0.26642688247244145,36.72,0.419,10.904,70.9,40,Qwen2.5-14B-Instruct-Q4_K_M,llama.cpp,finegrained_gpu_emc
2026-06-03T16:54:17.486737,GPU612_CPU1036,612,1036,3199,612,3199,p256_o256,256,256,mixed,1,83.7460090406239,79.00188197655713,20230.175900040194,256,12.654363524317718,956.836,47.842,49.959,3.737640625,0.26754846180536684,36.522,0.429,10.891,70.9,40,Qwen2.5-14B-Instruct-Q4_K_M,llama.cpp,finegrained_gpu_emc
2026-06-03T16:54:38.521966,GPU612_CPU1036,612,1036,3199,612,3199,p256_o256,256,256,mixed,2,84.12875304929912,78.95892973322714,20219.600797980092,256,12.660981913429962,958.186,47.909,49.959,3.7429140625,0.2671715094981559,36.572,0.419,10.919,70.9,40,Qwen2.5-14B-Instruct-Q4_K_M,llama.cpp,finegrained_gpu_emc
2026-06-03T16:54:49.968162,GPU612_CPU1036,612,1036,3199,612,3199,p512_o128,512,128,mixed,0,466.7950109578669,80.05032402382592,10633.687298977748,128,12.037216856311458,494.334,47.079,48.96,3.861984375,0.25893424283986133,36.007,0.418,10.655,70.8,21,Qwen2.5-14B-Instruct-Q4_K_M,llama.cpp,finegrained_gpu_emc
2026-06-03T16:55:01.032727,GPU612_CPU1036,612,1036,3199,612,3199,p512_o128,512,128,mixed,1,83.89719796832651,80.06135718145327,10252.188073005527,128,12.485139668577654,473.926,47.393,48.96,3.702546875,0.2700843591615569,36.153,0.439,10.8,70.8,20,Qwen2.5-14B-Instruct-Q4_K_M,llama.cpp,finegrained_gpu_emc
2026-06-03T16:55:12.093314,GPU612_CPU1036,612,1036,3199,612,3199,p512_o128,512,128,mixed,2,83.32116797100753,80.0315531660018,10247.820788994431,128,12.49046042427524,488.203,46.496,48.96,3.8140859375,0.2621860168823215,35.438,0.418,10.64,70.6,21,Qwen2.5-14B-Instruct-Q4_K_M,llama.cpp,finegrained_gpu_emc
2026-06-03T16:55:52.929268,GPU612_CPU1036,612,1036,3199,612,3199,p512_o512,512,512,mixed,0,85.03156492952257,78.13496153242157,40013.91605194658,512,12.795548412090309,1904.242,48.827,50.06,3.71922265625,0.26887338899152524,37.304,0.435,11.088,70.9,78,Qwen2.5-14B-Instruct-Q4_K_M,llama.cpp,finegrained_gpu_emc
2026-06-03T16:56:33.777901,GPU612_CPU1036,612,1036,3199,612,3199,p512_o512,512,512,mixed,1,89.2453589476645,78.15288845221868,40027.30083896313,512,12.791269690151381,1904.319,48.829,50.06,3.719373046875,0.26886251725682514,37.284,0.44,11.105,70.9,78,Qwen2.5-14B-Instruct-Q4_K_M,llama.cpp,finegrained_gpu_emc
2026-06-03T16:57:14.632216,GPU612_CPU1036,612,1036,3199,612,3199,p512_o512,512,512,mixed,2,89.86338402610272,78.16296835213994,40033.07692601811,512,12.789424129106683,1905.155,48.85,51.358,3.721005859375,0.26874453784600205,37.263,0.476,11.111,71.0,78,Qwen2.5-14B-Instruct-Q4_K_M,llama.cpp,finegrained_gpu_emc
2026-06-03T16:58:36.798898,GPU612_CPU1036,612,1036,3199,612,3199,p512_o1024,512,1024,mixed,0,89.44856794551015,79.41321076830724,81333.15453201067,1024,12.590191612412864,3839.444,48.601,49.959,3.74945703125,0.2667052833691545,37.094,0.437,11.069,71.1,158,Qwen2.5-14B-Instruct-Q4_K_M,llama.cpp,finegrained_gpu_emc
2026-06-03T16:59:58.985832,GPU612_CPU1036,612,1036,3199,612,3199,p512_o1024,512,1024,mixed,1,89.46293697226793,79.4329525650691,81353.42604201287,1024,12.587054409622302,3842.359,48.637,50.859,3.7523037109375,0.26650294779847483,37.068,0.49,11.08,71.1,158,Qwen2.5-14B-Instruct-Q4_K_M,llama.cpp,finegrained_gpu_emc
2026-06-03T17:01:21.119839,GPU612_CPU1036,612,1036,3199,612,3199,p512_o1024,512,1024,mixed,2,89.64922209270298,79.3811946744072,81300.51949899644,1024,12.59524547088091,3843.562,48.653,50.959,3.753478515625,0.2664195347961084,37.086,0.487,11.08,71.1,158,Qwen2.5-14B-Instruct-Q4_K_M,llama.cpp,finegrained_gpu_emc
2026-06-03T17:01:32.544029,GPU612_CPU1036,612,1036,3199,612,3199,p1024_o128,1024,128,mixed,0,932.8887721057981,76.20654512548775,10611.616086098365,128,12.062253191357444,503.081,47.912,50.16,3.9303203125,0.2544321888522922,36.654,0.456,10.803,71.0,21,Qwen2.5-14B-Instruct-Q4_K_M,llama.cpp,finegrained_gpu_emc
2026-06-03T17:01:43.130430,GPU612_CPU1036,612,1036,3199,612,3199,p1024_o128,1024,128,mixed,1,86.49814804084599,76.2787984251448,9774.409214966,128,13.095420621843205,475.978,47.598,50.06,3.718578125,0.26891999210047524,36.213,0.459,10.926,71.0,20,Qwen2.5-14B-Instruct-Q4_K_M,llama.cpp,finegrained_gpu_emc
2026-06-03T17:01:53.714452,GPU612_CPU1036,612,1036,3199,612,3199,p1024_o128,1024,128,mixed,2,86.52381901629269,76.25644480329241,9771.592520992272,128,13.099195420297985,476.36,47.636,50.459,3.7215625,0.26870434125451337,36.216,0.459,10.961,71.0,20,Qwen2.5-14B-Instruct-Q4_K_M,llama.cpp,finegrained_gpu_emc
2026-06-03T17:02:34.388925,GPU612_CPU1036,612,1036,3199,612,3199,p1024_o512,1024,512,mixed,0,86.51781093794852,77.81696169675418,39852.932550013065,512,12.847235253201767,1911.176,49.005,50.459,3.732765625,0.2678978806766096,37.433,0.435,11.137,71.1,78,Qwen2.5-14B-Instruct-Q4_K_M,llama.cpp,finegrained_gpu_emc
2026-06-03T17:03:15.059696,GPU612_CPU1036,612,1036,3199,612,3199,p1024_o512,1024,512,mixed,1,86.98259491939098,77.80908650892682,39849.3999929633,512,12.848374130862954,1915.205,49.108,51.358,3.740634765625,0.2673343062492005,37.438,0.496,11.173,71.2,78,Qwen2.5-14B-Instruct-Q4_K_M,llama.cpp,finegrained_gpu_emc
2026-06-03T17:03:55.742330,GPU612_CPU1036,612,1036,3199,612,3199,p1024_o512,1024,512,mixed,2,87.71229907870293,77.83064087661468,39861.11662106123,512,12.844597527643694,1910.806,48.995,50.459,3.73204296875,0.26794975523417863,37.403,0.445,11.147,71.2,78,Qwen2.5-14B-Instruct-Q4_K_M,llama.cpp,finegrained_gpu_emc
2026-06-03T17:05:17.988296,GPU612_CPU1036,612,1036,3199,612,3199,p1024_o1024,1024,1024,mixed,0,87.02110801823437,79.49334299210041,81412.62814495713,1024,12.577901283038592,3856.404,48.815,50.459,3.76601953125,0.2655323456774757,37.26,0.45,11.106,71.3,158,Qwen2.5-14B-Instruct-Q4_K_M,llama.cpp,finegrained_gpu_emc
2026-06-03T17:05:56.873369,GPU612_CPU1036,612,1036,3199,612,3199,p1024_o1024,1024,1024,mixed,1,87.35643909312785,77.81753905339346,38064.114275039174,488,12.820474331121101,1817.35,49.118,50.358,3.7240778688524587,0.2685228492035106,37.521,0.442,11.154,71.3,74,Qwen2.5-14B-Instruct-Q4_K_M,llama.cpp,finegrained_gpu_emc
2026-06-03T17:07:19.036362,GPU612_CPU1036,612,1036,3199,612,3199,p1024_o1024,1024,1024,mixed,2,87.16602891217917,79.41232889151894,81329.91973799653,1024,12.590692371255315,3861.14,48.875,50.06,3.77064453125,0.2652066488135628,37.317,0.444,11.114,71.2,158,Qwen2.5-14B-Instruct-Q4_K_M,llama.cpp,finegrained_gpu_emc
2026-06-03T17:07:31.698922,GPU612_CPU1036,612,1036,3199,612,3199,p2048_o128,2048,128,mixed,0,1909.5146659528837,78.26194887445492,11849.303888971917,128,10.802322330439083,560.954,46.746,50.358,4.382453125,0.22818270303803878,35.832,0.449,10.466,70.9,24,Qwen2.5-14B-Instruct-Q4_K_M,llama.cpp,finegrained_gpu_emc
2026-06-03T17:07:42.536354,GPU612_CPU1036,612,1036,3199,612,3199,p2048_o128,2048,128,mixed,1,88.21494004223496,78.23796889755698,10024.957490037195,128,12.768133942433813,484.574,48.457,50.358,3.785734375,0.26414954165927185,36.992,0.439,11.026,70.9,20,Qwen2.5-14B-Instruct-Q4_K_M,llama.cpp,finegrained_gpu_emc
2026-06-03T17:07:53.360110,GPU612_CPU1036,612,1036,3199,612,3199,p2048_o128,2048,128,mixed,2,87.75408996734768,78.135311961042,10011.462536989711,128,12.785344751286218,485.358,48.536,50.374,3.791859375,0.26372286023924607,37.071,0.459,11.006,70.9,20,Qwen2.5-14B-Instruct-Q4_K_M,llama.cpp,finegrained_gpu_emc
2026-06-03T17:08:34.515668,GPU612_CPU1036,612,1036,3199,612,3199,p2048_o512,2048,512,mixed,0,88.45439797732979,78.75439178070086,40333.95172096789,512,12.694020252268839,1948.076,49.318,50.459,3.8048359375,0.26282342167348705,37.701,0.45,11.168,71.0,79,Qwen2.5-14B-Instruct-Q4_K_M,llama.cpp,finegrained_gpu_emc
2026-06-03T17:09:15.670173,GPU612_CPU1036,612,1036,3199,612,3199,p2048_o512,2048,512,mixed,1,93.4602509951219,78.74251162831958,40332.84534502309,512,12.694368463721064,1948.468,49.328,50.358,3.8056015625,0.2627705458852801,37.742,0.439,11.147,71.1,79,Qwen2.5-14B-Instruct-Q4_K_M,llama.cpp,finegrained_gpu_emc
2026-06-03T17:09:56.844045,GPU612_CPU1036,612,1036,3199,612,3199,p2048_o512,2048,512,mixed,2,93.81791995838284,78.78012653237934,40352.41299890913,512,12.688212722590869,1948.027,49.317,50.358,3.804740234375,0.2628300326432847,37.727,0.449,11.141,71.2,79,Qwen2.5-14B-Instruct-Q4_K_M,llama.cpp,finegrained_gpu_emc
2026-06-03T17:10:11.855357,GPU714_CPU1036,714,1036,3199,714,3199,p64_o64,64,64,decode,0,77.28198601398617,75.77772379394561,4851.530547020957,64,13.191713291241397,238.613,47.723,49.959,3.728328125,0.268216735886142,36.352,0.439,10.932,70.4,10,Qwen2.5-14B-Instruct-Q4_K_M,llama.cpp,finegrained_gpu_emc
2026-06-03T17:10:17.515255,GPU714_CPU1036,714,1036,3199,714,3199,p64_o64,64,64,decode,1,76.87879598233849,75.7433106505593,4848.968449048698,64,13.198683528773204,233.81,46.762,49.661,3.65328125,0.2737265300885334,35.554,0.439,10.77,70.2,10,Qwen2.5-14B-Instruct-Q4_K_M,llama.cpp,finegrained_gpu_emc
2026-06-03T17:10:23.178178,GPU714_CPU1036,714,1036,3199,714,3199,p64_o64,64,64,decode,2,77.0932879531756,75.78546620558001,4851.82923800312,64,13.19090117572659,233.172,46.634,49.56,3.6433125,0.27447549448475805,35.476,0.399,10.76,70.3,10,Qwen2.5-14B-Instruct-Q4_K_M,llama.cpp,finegrained_gpu_emc
2026-06-03T17:10:33.710612,GPU714_CPU1036,714,1036,3199,714,3199,p128_o128,128,128,decode,0,77.47132994700223,75.92420799998699,9720.3243910335,128,13.16828480725123,457.174,48.124,49.959,3.571671875,0.27998092629939586,36.647,0.462,11.014,70.3,19,Qwen2.5-14B-Instruct-Q4_K_M,llama.cpp,finegrained_gpu_emc
2026-06-03T17:10:44.241133,GPU714_CPU1036,714,1036,3199,714,3199,p128_o128,128,128,decode,1,77.21565791871399,76.51221567472916,9718.23574998416,127,13.068215596663931,456.948,48.1,49.975,3.598015748031496,0.27793096807514206,36.613,0.462,11.025,70.3,19,Qwen2.5-14B-Instruct-Q4_K_M,llama.cpp,finegrained_gpu_emc
2026-06-03T17:10:54.787693,GPU714_CPU1036,714,1036,3199,714,3199,p128_o128,128,128,decode,2,77.46611791662872,76.03374552018354,9734.233515919186,128,13.149468809297739,456.274,48.029,49.959,3.564640625,0.280533188391186,36.547,0.462,11.02,70.3,19,Qwen2.5-14B-Instruct-Q4_K_M,llama.cpp,finegrained_gpu_emc
2026-06-03T17:11:35.986380,GPU714_CPU1036,714,1036,3199,714,3199,p128_o512,128,512,decode,0,77.43466598913074,78.8604194834216,40377.01064394787,512,12.680483072779039,1903.586,48.192,49.661,3.71794140625,0.2689660461886145,36.764,0.439,10.989,70.5,79,Qwen2.5-14B-Instruct-Q4_K_M,llama.cpp,finegrained_gpu_emc
2026-06-03T17:12:17.156425,GPU714_CPU1036,714,1036,3199,714,3199,p128_o512,128,512,decode,1,83.24846590403467,78.7934011664905,40348.581379977986,512,12.689417632265696,1907.032,48.279,49.959,3.724671875,0.26848002550560246,36.844,0.434,11.001,70.6,79,Qwen2.5-14B-Instruct-Q4_K_M,llama.cpp,finegrained_gpu_emc
2026-06-03T17:12:58.351405,GPU714_CPU1036,714,1036,3199,714,3199,p128_o512,128,512,decode,2,82.74115796666592,78.84204642457155,40372.951383003965,512,12.681758020186248,1904.692,48.22,49.959,3.7201015625,0.2688098653220573,36.829,0.419,10.972,70.6,79,Qwen2.5-14B-Instruct-Q4_K_M,llama.cpp,finegrained_gpu_emc
2026-06-03T17:13:18.756229,GPU714_CPU1036,714,1036,3199,714,3199,p256_o256,256,256,decode,0,84.06116801779717,76.4880737805666,19589.489240082912,256,13.068232502774354,936.93,48.048,49.959,3.6598828125,0.2732327922043269,36.602,0.43,11.016,70.5,39,Qwen2.5-14B-Instruct-Q4_K_M,llama.cpp,finegrained_gpu_emc
2026-06-03T17:13:39.127929,GPU714_CPU1036,714,1036,3199,714,3199,p256_o256,256,256,decode,1,82.59624510537833,76.36116276056889,19555.634649004787,256,13.090856144268791,938.864,48.147,49.576,3.6674375,0.27266995006731537,36.689,0.44,11.018,70.6,39,Qwen2.5-14B-Instruct-Q4_K_M,llama.cpp,finegrained_gpu_emc
2026-06-03T17:13:59.488347,GPU714_CPU1036,714,1036,3199,714,3199,p256_o256,256,256,decode,2,82.45701901614666,76.32203999240244,19545.544811990112,256,13.097613930053162,925.068,48.688,49.959,3.613546875,0.27673641289072803,37.132,0.441,11.115,70.6,38,Qwen2.5-14B-Instruct-Q4_K_M,llama.cpp,finegrained_gpu_emc
2026-06-03T17:14:10.046860,GPU714_CPU1036,714,1036,3199,714,3199,p512_o128,512,128,decode,0,82.90427702013403,76.69031118238641,9746.356788091362,127,13.030510041985702,456.484,48.051,49.576,3.5943622047244093,0.27821347517109035,36.648,0.441,10.962,70.5,19,Qwen2.5-14B-Instruct-Q4_K_M,llama.cpp,finegrained_gpu_emc
2026-06-03T17:14:20.592124,GPU714_CPU1036,714,1036,3199,714,3199,p512_o128,512,128,decode,1,77.50394789036363,76.00696543396604,9730.859246919863,128,13.154028514030372,456.76,48.08,49.661,3.5684375,0.28023469655836764,36.609,0.441,11.03,70.5,19,Qwen2.5-14B-Instruct-Q4_K_M,llama.cpp,finegrained_gpu_emc
2026-06-03T17:14:31.133558,GPU714_CPU1036,714,1036,3199,714,3199,p512_o128,512,128,decode,2,78.66203400772065,75.97938309493291,9728.521000011824,128,13.157190080572827,457.82,48.192,49.959,3.57671875,0.2795858634397798,36.73,0.441,11.02,70.5,19,Qwen2.5-14B-Instruct-Q4_K_M,llama.cpp,finegrained_gpu_emc
2026-06-03T17:15:12.344872,GPU714_CPU1036,714,1036,3199,714,3199,p512_o512,512,512,decode,0,77.22365902736783,78.88576995108437,40389.740938087925,512,12.676486357880522,1905.753,48.247,49.56,3.722173828125,0.26866020937655616,36.814,0.434,10.999,70.5,79,Qwen2.5-14B-Instruct-Q4_K_M,llama.cpp,finegrained_gpu_emc
2026-06-03T17:15:51.161578,GPU714_CPU1036,714,1036,3199,714,3199,p512_o512,512,512,decode,1,83.98360700812191,78.6480432598447,37995.880546979606,482,12.685585728274837,1790.105,48.381,49.661,3.713910788381743,0.2692579485560903,36.924,0.437,11.021,70.5,74,Qwen2.5-14B-Instruct-Q4_K_M,llama.cpp,finegrained_gpu_emc
2026-06-03T17:16:32.325085,GPU714_CPU1036,714,1036,3199,714,3199,p512_o512,512,512,decode,2,82.91859307792038,78.7812329217274,40342.026789090596,512,12.691479351713099,1905.54,48.242,49.959,3.7217578125,0.2686902400369449,36.809,0.439,10.994,70.6,79,Qwen2.5-14B-Instruct-Q4_K_M,llama.cpp,finegrained_gpu_emc
2026-06-03T17:17:54.162184,GPU714_CPU1036,714,1036,3199,714,3199,p512_o1024,512,1024,decode,0,82.90731208398938,79.09743845058134,81003.52337409277,1024,12.641425426285894,3816.818,48.314,49.959,3.727361328125,0.2682863055036944,36.844,0.447,11.023,70.6,158,Qwen2.5-14B-Instruct-Q4_K_M,llama.cpp,finegrained_gpu_emc
2026-06-03T17:18:39.782811,GPU714_CPU1036,714,1036,3199,714,3199,p512_o1024,512,1024,decode,1,83.44544505234808,78.86334104227336,44797.72102099378,567,12.656893857039826,2107.976,48.459,49.959,3.7177707231040564,0.2689783944409234,36.993,0.431,11.035,70.6,87,Qwen2.5-14B-Instruct-Q4_K_M,llama.cpp,finegrained_gpu_emc
2026-06-03T17:20:01.627789,GPU714_CPU1036,714,1036,3199,714,3199,p512_o1024,512,1024,decode,2,82.91763695888221,79.1058305024833,81012.13446795009,1024,12.640081720166421,3820.55,48.361,49.661,3.731005859375,0.2680242373480258,36.907,0.419,11.036,70.7,158,Qwen2.5-14B-Instruct-Q4_K_M,llama.cpp,finegrained_gpu_emc
2026-06-03T17:20:12.173728,GPU714_CPU1036,714,1036,3199,714,3199,p1024_o128,1024,128,decode,0,82.85508200060576,75.98619971618672,9733.577354927547,128,13.150355242741355,455.93,47.993,49.576,3.561953125,0.2807448511832957,36.532,0.462,10.999,70.6,19,Qwen2.5-14B-Instruct-Q4_K_M,llama.cpp,finegrained_gpu_emc
2026-06-03T17:20:22.712687,GPU714_CPU1036,714,1036,3199,714,3199,p1024_o128,1024,128,decode,1,77.30844803154469,75.9742955592879,9726.518476963975,128,13.159898919963167,456.994,48.105,49.576,3.570265625,0.28009120469852994,36.702,0.399,11.004,70.5,19,Qwen2.5-14B-Instruct-Q4_K_M,llama.cpp,finegrained_gpu_emc
2026-06-03T17:20:33.248823,GPU714_CPU1036,714,1036,3199,714,3199,p1024_o128,1024,128,decode,2,77.09998404607177,75.95434540875374,9723.787351045758,128,13.16359514857491,471.59,47.159,49.975,3.684296875,0.27142220997052524,35.905,0.419,10.835,70.5,20,Qwen2.5-14B-Instruct-Q4_K_M,llama.cpp,finegrained_gpu_emc
2026-06-03T17:21:14.409170,GPU714_CPU1036,714,1036,3199,714,3199,p1024_o512,1024,512,decode,0,77.217279933393,78.78592758509649,40338.73230800964,512,12.692515870121618,1903.498,48.19,49.576,3.71776953125,0.2689784806708491,36.815,0.409,10.965,70.6,79,Qwen2.5-14B-Instruct-Q4_K_M,llama.cpp,finegrained_gpu_emc
2026-06-03T17:21:55.554605,GPU714_CPU1036,714,1036,3199,714,3199,p1024_o512,1024,512,decode,1,84.01210396550596,78.7433765618105,40323.77187698148,512,12.697224891609688,1907.77,48.298,49.975,3.72611328125,0.2683761669383626,36.868,0.439,10.991,70.7,79,Qwen2.5-14B-Instruct-Q4_K_M,llama.cpp,finegrained_gpu_emc
2026-06-03T17:22:36.718658,GPU714_CPU1036,714,1036,3199,714,3199,p1024_o512,1024,512,decode,2,83.15019600559026,78.78168835418587,40342.526813969016,512,12.691322047351647,1907.032,48.279,49.959,3.724671875,0.26848002550560246,36.865,0.434,10.98,70.7,79,Qwen2.5-14B-Instruct-Q4_K_M,llama.cpp,finegrained_gpu_emc
2026-06-03T17:23:58.590165,GPU714_CPU1036,714,1036,3199,714,3199,p1024_o1024,1024,1024,decode,0,82.74041500408202,79.13118092179798,81037.86018106621,1024,12.636069088103202,3822.157,48.382,49.959,3.7325751953125,0.2679115483743865,36.905,0.444,11.033,70.7,158,Qwen2.5-14B-Instruct-Q4_K_M,llama.cpp,finegrained_gpu_emc
2026-06-03T17:25:20.421133,GPU714_CPU1036,714,1036,3199,714,3199,p1024_o1024,1024,1024,decode,1,83.21893599350005,79.09085205767508,80997.1095030196,1024,12.642426455499933,3822.175,48.382,49.959,3.7325927734375,0.2679102866823209,36.909,0.447,11.026,70.7,158,Qwen2.5-14B-Instruct-Q4_K_M,llama.cpp,finegrained_gpu_emc
2026-06-03T17:26:21.721168,GPU714_CPU1036,714,1036,3199,714,3199,p1024_o1024,1024,1024,decode,2,83.12477404251695,78.73237736805223,60472.25046798121,767,12.683503492335058,2856.226,48.411,49.677,3.7238930899608866,0.2685361732579985,36.949,0.443,11.019,70.7,118,Qwen2.5-14B-Instruct-Q4_K_M,llama.cpp,finegrained_gpu_emc
2026-06-03T17:26:32.259169,GPU714_CPU1036,714,1036,3199,714,3199,p2048_o128,2048,128,decode,0,83.37757899425924,75.91857196117832,9725.509491981938,128,13.16126420991392,471.092,47.109,49.576,3.68040625,0.2717091353705858,35.815,0.439,10.856,70.6,20,Qwen2.5-14B-Instruct-Q4_K_M,llama.cpp,finegrained_gpu_emc
2026-06-03T17:26:42.788711,GPU714_CPU1036,714,1036,3199,714,3199,p2048_o128,2048,128,decode,1,76.98898203670979,75.90616005472839,9717.551078996621,128,13.172042931336621,456.578,48.061,49.56,3.567015625,0.28034640302423686,36.626,0.42,11.014,70.6,19,Qwen2.5-14B-Instruct-Q4_K_M,llama.cpp,finegrained_gpu_emc
2026-06-03T17:26:53.319328,GPU714_CPU1036,714,1036,3199,714,3199,p2048_o128,2048,128,decode,2,76.9731339532882,75.91033544057731,9718.067839974537,128,13.171342504266299,457.184,48.125,49.959,3.57175,0.27997480226779586,36.711,0.42,10.993,70.5,19,Qwen2.5-14B-Instruct-Q4_K_M,llama.cpp,finegrained_gpu_emc
2026-06-03T17:27:14.733904,GPU714_CPU1036,714,1036,3199,714,3199,p2048_o512,2048,512,decode,0,77.18093099538237,76.55867425444072,20599.12622498814,268,13.010260584494976,986.916,48.142,49.576,3.682522388059702,0.2715529994447349,36.694,0.418,11.029,70.5,41,Qwen2.5-14B-Instruct-Q4_K_M,llama.cpp,finegrained_gpu_emc
2026-06-03T17:27:55.907665,GPU714_CPU1036,714,1036,3199,714,3199,p2048_o512,2048,512,decode,1,82.56833208724856,78.80224637758286,40352.44273208082,512,12.688203373446635,1907.743,48.297,49.661,3.726060546875,0.26837996522592406,36.876,0.419,11.002,70.6,79,Qwen2.5-14B-Instruct-Q4_K_M,llama.cpp,finegrained_gpu_emc
2026-06-03T17:28:37.103235,GPU714_CPU1036,714,1036,3199,714,3199,p2048_o512,2048,512,decode,2,83.56742397882044,78.84236145787371,40373.94591001794,512,12.681445631821637,1906.615,48.269,49.959,3.723857421875,0.2685387453681,36.826,0.47,10.973,70.6,79,Qwen2.5-14B-Instruct-Q4_K_M,llama.cpp,finegrained_gpu_emc
2026-06-03T17:28:42.858859,GPU714_CPU1036,714,1036,3199,714,3199,p64_o64,64,64,mixed,0,154.5958659844473,76.02688693626237,4944.553899927996,64,12.943533692884202,231.949,46.39,49.576,3.624203125,0.27592272439199994,35.282,0.439,10.669,70.3,10,Qwen2.5-14B-Instruct-Q4_K_M,llama.cpp,finegrained_gpu_emc
2026-06-03T17:28:48.520631,GPU714_CPU1036,714,1036,3199,714,3199,p64_o64,64,64,mixed,1,77.28975405916572,75.76756693592797,4850.907171028666,64,13.193408520004391,233.679,46.736,49.959,3.651234375,0.27387998065722635,35.478,0.479,10.78,70.3,10,Qwen2.5-14B-Instruct-Q4_K_M,llama.cpp,finegrained_gpu_emc
2026-06-03T17:28:54.182146,GPU714_CPU1036,714,1036,3199,714,3199,p64_o64,64,64,mixed,2,77.37701304722577,75.76801623809078,4851.021904032677,64,13.193096478660815,233.196,46.639,49.576,3.6436875,0.274447246093415,35.441,0.439,10.76,70.2,10,Qwen2.5-14B-Instruct-Q4_K_M,llama.cpp,finegrained_gpu_emc
2026-06-03T17:29:04.818531,GPU714_CPU1036,714,1036,3199,714,3199,p128_o128,128,128,mixed,0,177.21446801442653,75.95494255885541,9823.978181928396,128,13.029344897717827,471.39,47.139,49.576,3.682734375,0.27153736820891405,35.899,0.399,10.841,70.2,20,Qwen2.5-14B-Instruct-Q4_K_M,llama.cpp,finegrained_gpu_emc
2026-06-03T17:29:15.349125,GPU714_CPU1036,714,1036,3199,714,3199,p128_o128,128,128,mixed,1,77.55578495562077,75.90496625226929,9717.97522797715,128,13.1714680267449,456.336,48.035,49.576,3.565125,0.2804950738052663,36.627,0.42,10.988,70.2,19,Qwen2.5-14B-Instruct-Q4_K_M,llama.cpp,finegrained_gpu_emc
2026-06-03T17:29:25.883861,GPU714_CPU1036,714,1036,3199,714,3199,p128_o128,128,128,mixed,2,77.61910604313016,75.93868574765547,9722.31266903691,128,13.1655918048848,471.328,47.133,49.959,3.68225,0.2715730871070677,35.914,0.419,10.8,70.3,20,Qwen2.5-14B-Instruct-Q4_K_M,llama.cpp,finegrained_gpu_emc
2026-06-03T17:30:06.991993,GPU714_CPU1036,714,1036,3199,714,3199,p128_o512,128,512,mixed,0,77.84764096140862,78.68302521526398,40286.839097039774,512,12.70886501586125,1911.448,48.391,49.959,3.733296875,0.26785975867509865,36.968,0.419,11.004,70.5,79,Qwen2.5-14B-Instruct-Q4_K_M,llama.cpp,finegrained_gpu_emc
2026-06-03T17:30:48.136985,GPU714_CPU1036,714,1036,3199,714,3199,p128_o512,128,512,mixed,1,83.24936393182725,78.74451458332021,40323.645086959004,512,12.697264815615217,1911.285,48.387,49.576,3.732978515625,0.26788260254226864,36.968,0.429,10.99,70.6,79,Qwen2.5-14B-Instruct-Q4_K_M,llama.cpp,finegrained_gpu_emc
2026-06-03T17:31:29.301296,GPU714_CPU1036,714,1036,3199,714,3199,p128_o512,128,512,mixed,2,83.93922005780041,78.7805406829623,40342.72818407044,512,12.691258698814677,1909.038,48.33,49.975,3.72858984375,0.2681979091039571,36.897,0.424,11.009,70.6,79,Qwen2.5-14B-Instruct-Q4_K_M,llama.cpp,finegrained_gpu_emc
2026-06-03T17:31:50.523889,GPU714_CPU1036,714,1036,3199,714,3199,p256_o256,256,256,mixed,0,256.5415609860793,79.0168903804585,20406.803600955755,256,12.544835781533676,961.126,48.056,49.576,3.7543984375,0.26635425532136264,36.716,0.439,10.901,70.5,40,Qwen2.5-14B-Instruct-Q4_K_M,llama.cpp,finegrained_gpu_emc
2026-06-03T17:32:11.580274,GPU714_CPU1036,714,1036,3199,714,3199,p256_o256,256,256,mixed,1,84.27118591498584,79.0407748902034,20240.631583961658,256,12.647826671715627,957.218,47.861,50.06,3.7391328125,0.2674416903986344,36.536,0.429,10.896,70.5,40,Qwen2.5-14B-Instruct-Q4_K_M,llama.cpp,finegrained_gpu_emc
2026-06-03T17:32:32.639569,GPU714_CPU1036,714,1036,3199,714,3199,p256_o256,256,256,mixed,2,84.16055398993194,79.05214693735117,20243.420248036273,256,12.646084350535254,959.035,47.952,49.975,3.74623046875,0.26693499194502807,36.592,0.439,10.921,70.5,40,Qwen2.5-14B-Instruct-Q4_K_M,llama.cpp,finegrained_gpu_emc
2026-06-03T17:32:44.082629,GPU714_CPU1036,714,1036,3199,714,3199,p512_o128,512,128,mixed,0,466.42243093810976,80.03058536968187,10630.795468925498,128,12.040491266542778,494.938,47.137,48.975,3.866703125,0.2586182511748946,36.055,0.437,10.645,70.3,21,Qwen2.5-14B-Instruct-Q4_K_M,llama.cpp,finegrained_gpu_emc
2026-06-03T17:32:55.132656,GPU714_CPU1036,714,1036,3199,714,3199,p512_o128,512,128,mixed,1,83.55795801617205,79.94910814216375,10237.582812085748,128,12.502951365520822,472.488,47.249,48.875,3.6913125,0.27090635106076766,36.08,0.419,10.75,70.3,20,Qwen2.5-14B-Instruct-Q4_K_M,llama.cpp,finegrained_gpu_emc
2026-06-03T17:33:06.195476,GPU714_CPU1036,714,1036,3199,714,3199,p512_o128,512,128,mixed,2,83.44403502997011,80.04856978792434,10250.104550039396,128,12.487677503690247,488.816,46.554,48.875,3.818875,0.2618572223495139,35.501,0.418,10.635,70.2,21,Qwen2.5-14B-Instruct-Q4_K_M,llama.cpp,finegrained_gpu_emc
2026-06-03T17:33:15.330150,GPU714_CPU1036,714,1036,3199,714,3199,p512_o512,512,512,mixed,0,84.65370803605765,79.96564703952411,8321.55211805366,103,12.377498637128145,394.906,46.46,48.975,3.8340388349514565,0.2608215625997073,35.376,0.446,10.638,70.1,17,Qwen2.5-14B-Instruct-Q4_K_M,llama.cpp,finegrained_gpu_emc
2026-06-03T17:33:56.196252,GPU714_CPU1036,714,1036,3199,714,3199,p512_o512,512,512,mixed,1,83.71391205582768,78.19791638142924,40044.81398395728,512,12.785675573499155,1900.797,48.738,49.959,3.712494140625,0.26936069448762806,37.239,0.43,11.07,70.3,78,Qwen2.5-14B-Instruct-Q4_K_M,llama.cpp,finegrained_gpu_emc
2026-06-03T17:34:37.013109,GPU714_CPU1036,714,1036,3199,714,3199,p512_o512,512,512,mixed,2,89.16315389797091,78.09045033870217,39995.35348499194,512,12.80148705754346,1904.574,48.835,50.06,3.71987109375,0.26882651973617194,37.321,0.44,11.074,70.4,78,Qwen2.5-14B-Instruct-Q4_K_M,llama.cpp,finegrained_gpu_emc
2026-06-03T17:34:58.206408,GPU714_CPU1036,714,1036,3199,714,3199,p512_o1024,512,1024,mixed,0,89.26416200120002,78.95480219121964,20377.871937002055,257,12.611719260701628,965.544,48.277,50.076,3.7569805447470817,0.26617119468403305,36.844,0.449,10.984,70.4,40,Qwen2.5-14B-Instruct-Q4_K_M,llama.cpp,finegrained_gpu_emc
2026-06-03T17:36:20.314173,GPU714_CPU1036,714,1036,3199,714,3199,p512_o1024,512,1024,mixed,1,89.28991400171071,79.35518934106943,81273.58182496391,1024,12.599420094531494,3838.3,48.586,49.959,3.74833984375,0.26678477450954846,37.089,0.437,11.06,70.5,158,Qwen2.5-14B-Instruct-Q4_K_M,llama.cpp,finegrained_gpu_emc
2026-06-03T17:37:42.540355,GPU714_CPU1036,714,1036,3199,714,3199,p512_o1024,512,1024,mixed,2,89.6522190887481,79.47109663234941,81392.57395907771,1024,12.581000331981679,3836.78,48.567,49.975,3.74685546875,0.26689046544237616,37.075,0.437,11.055,70.6,158,Qwen2.5-14B-Instruct-Q4_K_M,llama.cpp,finegrained_gpu_emc
2026-06-03T17:37:53.982324,GPU714_CPU1036,714,1036,3199,714,3199,p1024_o128,1024,128,mixed,0,933.7415479822084,76.33769117281075,10629.140062024817,128,12.042366480550113,503.838,47.985,51.358,3.936234375,0.25404991286881895,36.635,0.551,10.798,70.5,21,Qwen2.5-14B-Instruct-Q4_K_M,llama.cpp,finegrained_gpu_emc
2026-06-03T17:38:04.560255,GPU714_CPU1036,714,1036,3199,714,3199,p1024_o128,1024,128,mixed,1,86.88072103541344,76.20778913411685,9765.77828405425,128,13.106994268854216,476.308,47.631,50.475,3.72115625,0.2687336765286327,36.197,0.499,10.935,70.5,20,Qwen2.5-14B-Instruct-Q4_K_M,llama.cpp,finegrained_gpu_emc
2026-06-03T17:38:15.128473,GPU714_CPU1036,714,1036,3199,714,3199,p1024_o128,1024,128,mixed,2,87.02439698390663,76.12743843383501,9755.72017300874,128,13.120507530970295,475.75,47.575,50.459,3.716796875,0.26904887020493956,36.195,0.459,10.921,70.4,20,Qwen2.5-14B-Instruct-Q4_K_M,llama.cpp,finegrained_gpu_emc
2026-06-03T17:38:55.822356,GPU714_CPU1036,714,1036,3199,714,3199,p1024_o512,1024,512,mixed,0,86.75031899474561,77.85500795102027,39872.598805930465,512,12.840898645509093,1907.04,48.898,50.358,3.7246875,0.26847889923651314,37.336,0.435,11.128,70.6,78,Qwen2.5-14B-Instruct-Q4_K_M,llama.cpp,finegrained_gpu_emc
2026-06-03T17:39:36.489740,GPU714_CPU1036,714,1036,3199,714,3199,p1024_o512,1024,512,mixed,1,87.07286498975009,77.80199224077377,39845.8240829641,512,12.849527190953575,1913.582,49.066,50.559,3.73746484375,0.2675610452021392,37.479,0.43,11.158,70.6,78,Qwen2.5-14B-Instruct-Q4_K_M,llama.cpp,finegrained_gpu_emc
2026-06-03T17:40:17.160295,GPU714_CPU1036,714,1036,3199,714,3199,p1024_o512,1024,512,mixed,2,86.95225196424872,77.80875653026665,39849.16238998994,512,12.848450740049024,1914.216,49.082,50.16,3.738703125,0.26747242735407084,37.484,0.44,11.159,70.7,78,Qwen2.5-14B-Instruct-Q4_K_M,llama.cpp,finegrained_gpu_emc
2026-06-03T17:41:39.353519,GPU714_CPU1036,714,1036,3199,714,3199,p1024_o1024,1024,1024,mixed,0,87.00123510789126,79.4420507741056,81360.18205306027,1024,12.586009202046561,3859.362,48.853,50.459,3.768908203125,0.2653288289618854,37.305,0.437,11.111,70.7,158,Qwen2.5-14B-Instruct-Q4_K_M,llama.cpp,finegrained_gpu_emc
2026-06-03T17:43:01.527762,GPU714_CPU1036,714,1036,3199,714,3199,p1024_o1024,1024,1024,mixed,1,87.1034930460155,79.42302339097607,81340.76473803725,1024,12.58901367964578,3858.608,48.843,50.475,3.768171875,0.26538067614020394,37.295,0.452,11.096,70.8,158,Qwen2.5-14B-Instruct-Q4_K_M,llama.cpp,finegrained_gpu_emc
2026-06-03T17:44:23.654264,GPU714_CPU1036,714,1036,3199,714,3199,p1024_o1024,1024,1024,mixed,2,88.37347489316016,79.37498972830859,81292.9329869803,1024,12.596420898776055,3859.588,48.856,50.076,3.76912890625,0.2653132925068686,37.326,0.432,11.098,70.8,158,Qwen2.5-14B-Instruct-Q4_K_M,llama.cpp,finegrained_gpu_emc
2026-06-03T17:44:36.305449,GPU714_CPU1036,714,1036,3199,714,3199,p2048_o128,2048,128,mixed,0,1908.5518119391054,78.18262188193043,11838.26628595125,128,10.812394054009465,561.496,46.791,50.475,4.3866875,0.22796244318748488,35.86,0.466,10.466,70.5,24,Qwen2.5-14B-Instruct-Q4_K_M,llama.cpp,finegrained_gpu_emc
2026-06-03T17:44:47.136528,GPU714_CPU1036,714,1036,3199,714,3199,p2048_o128,2048,128,mixed,1,87.874625925906,78.19133707116849,10018.699064967223,128,12.776109869152833,483.884,48.388,50.475,3.78034375,0.26452620876077737,36.923,0.459,11.006,70.5,20,Qwen2.5-14B-Instruct-Q4_K_M,llama.cpp,finegrained_gpu_emc
2026-06-03T17:44:57.982115,GPU714_CPU1036,714,1036,3199,714,3199,p2048_o128,2048,128,mixed,2,88.11890799552202,78.30219323688193,10033.041952061467,128,12.757845587768136,484.502,48.45,50.374,3.785171875,0.2641887959182831,37.02,0.419,11.011,70.5,20,Qwen2.5-14B-Instruct-Q4_K_M,llama.cpp,finegrained_gpu_emc
2026-06-03T17:45:39.120732,GPU714_CPU1036,714,1036,3199,714,3199,p2048_o512,2048,512,mixed,0,88.50158797577024,78.72198741867548,40317.40054790862,512,12.69923142469459,1943.363,49.199,50.374,3.795630859375,0.2634608150921881,37.648,0.434,11.117,70.6,79,Qwen2.5-14B-Instruct-Q4_K_M,llama.cpp,finegrained_gpu_emc
2026-06-03T17:46:20.308771,GPU714_CPU1036,714,1036,3199,714,3199,p2048_o512,2048,512,mixed,1,93.97403197363019,78.80770981812088,40366.66184302885,512,12.68373396816859,1945.334,49.249,50.374,3.79948046875,0.2631938782748875,37.684,0.444,11.121,70.7,79,Qwen2.5-14B-Instruct-Q4_K_M,llama.cpp,finegrained_gpu_emc
2026-06-03T17:47:01.450493,GPU714_CPU1036,714,1036,3199,714,3199,p2048_o512,2048,512,mixed,2,93.6350260162726,78.71772506850209,40320.32158994116,512,12.698311417430022,1943.967,49.214,50.358,3.796810546875,0.2633789565357848,37.648,0.434,11.132,70.8,79,Qwen2.5-14B-Instruct-Q4_K_M,llama.cpp,finegrained_gpu_emc
2026-06-03T17:47:16.459921,GPU816_CPU1036,816,1036,3199,816,3199,p64_o64,64,64,decode,0,77.05774495843798,75.93250741428207,4861.0565239796415,64,13.165862129824523,238.658,47.732,49.975,3.72903125,0.2681661624584133,36.321,0.439,10.972,70.1,10,Qwen2.5-14B-Instruct-Q4_K_M,llama.cpp,finegrained_gpu_emc
2026-06-03T17:47:22.124609,GPU816_CPU1036,816,1036,3199,816,3199,p64_o64,64,64,decode,1,77.7052859775722,75.80812472946174,4853.871474973857,64,13.185351184096753,233.012,46.602,49.576,3.6408125,0.2746639658043363,35.444,0.399,10.76,70.0,10,Qwen2.5-14B-Instruct-Q4_K_M,llama.cpp,finegrained_gpu_emc
2026-06-03T17:47:27.789955,GPU816_CPU1036,816,1036,3199,816,3199,p64_o64,64,64,decode,2,77.14385504368693,75.82758915876704,4854.536078986712,64,13.183546060565838,233.318,46.664,49.959,3.64559375,0.2743037399600545,35.405,0.479,10.78,70.0,10,Qwen2.5-14B-Instruct-Q4_K_M,llama.cpp,finegrained_gpu_emc
2026-06-03T17:47:38.334694,GPU816_CPU1036,816,1036,3199,816,3199,p128_o128,128,128,decode,0,77.6437830645591,76.01798905470358,9732.405793038197,128,13.151938248563495,456.352,48.037,49.576,3.56525,0.28048523946427323,36.619,0.441,10.978,70.1,19,Qwen2.5-14B-Instruct-Q4_K_M,llama.cpp,finegrained_gpu_emc
2026-06-03T17:47:48.869594,GPU816_CPU1036,816,1036,3199,816,3199,p128_o128,128,128,decode,1,77.11665495298803,75.92908539405958,9720.589532051235,128,13.167925626110609,456.58,48.061,50.076,3.56703125,0.28034517499671474,36.616,0.441,11.004,70.2,19,Qwen2.5-14B-Instruct-Q4_K_M,llama.cpp,finegrained_gpu_emc
2026-06-03T17:47:59.396150,GPU816_CPU1036,816,1036,3199,816,3199,p128_o128,128,128,decode,2,77.12075102608651,75.88082783503502,9714.45714100264,128,13.176238068902425,456.837,48.088,49.875,3.5690390625,0.2801874629244129,36.68,0.441,10.967,70.2,19,Qwen2.5-14B-Instruct-Q4_K_M,llama.cpp,finegrained_gpu_emc
2026-06-03T17:48:40.534142,GPU816_CPU1036,816,1036,3199,816,3199,p128_o512,128,512,decode,0,76.95089594926685,78.74304492576977,40316.57955201808,512,12.699490028398785,1905.404,48.238,49.975,3.7214921875,0.2687094180551736,36.827,0.439,10.972,70.4,79,Qwen2.5-14B-Instruct-Q4_K_M,llama.cpp,finegrained_gpu_emc
2026-06-03T17:49:21.709193,GPU816_CPU1036,816,1036,3199,816,3199,p128_o512,128,512,decode,1,82.8203180572018,78.80452946361534,40353.836382040754,512,12.687765176841097,1905.266,48.235,49.975,3.72122265625,0.26872888090166935,36.823,0.444,10.967,70.6,79,Qwen2.5-14B-Instruct-Q4_K_M,llama.cpp,finegrained_gpu_emc
2026-06-03T17:50:02.889198,GPU816_CPU1036,816,1036,3199,816,3199,p128_o512,128,512,decode,2,83.59264000318944,78.81221850698817,40358.55381004512,512,12.686282130172978,1905.824,48.249,50.076,3.7223125,0.2686502006481186,36.823,0.444,10.981,70.6,79,Qwen2.5-14B-Instruct-Q4_K_M,llama.cpp,finegrained_gpu_emc
2026-06-03T17:50:23.270627,GPU816_CPU1036,816,1036,3199,816,3199,p256_o256,256,256,decode,0,82.82305009197444,76.40155197632517,19566.161307040602,256,13.08381322134363,938.21,48.113,49.959,3.6648828125,0.27286002067767345,36.668,0.45,10.995,70.5,39,Qwen2.5-14B-Instruct-Q4_K_M,llama.cpp,finegrained_gpu_emc
2026-06-03T17:50:43.660694,GPU816_CPU1036,816,1036,3199,816,3199,p256_o256,256,256,decode,1,82.36264798324555,76.43746594925794,19574.907606001943,256,13.077967219702574,939.688,48.189,49.975,3.67065625,0.27243084938830764,36.738,0.43,11.021,70.5,39,Qwen2.5-14B-Instruct-Q4_K_M,llama.cpp,finegrained_gpu_emc
2026-06-03T17:51:04.023302,GPU816_CPU1036,816,1036,3199,816,3199,p256_o256,256,256,decode,2,82.43123604916036,76.32980062352384,19547.440038062632,256,13.09634404819857,940.69,48.24,49.576,3.6745703125,0.2721406627050357,36.767,0.44,11.034,70.5,39,Qwen2.5-14B-Instruct-Q4_K_M,llama.cpp,finegrained_gpu_emc
2026-06-03T17:51:14.568855,GPU816_CPU1036,816,1036,3199,816,3199,p512_o128,512,128,decode,0,82.21356302965432,75.9883298507459,9733.214945998043,128,13.150844886316737,457.376,48.145,49.959,3.57325,0.2798572727908767,36.71,0.441,10.993,70.4,19,Qwen2.5-14B-Instruct-Q4_K_M,llama.cpp,finegrained_gpu_emc
2026-06-03T17:51:25.103733,GPU816_CPU1036,816,1036,3199,816,3199,p512_o128,512,128,decode,1,77.28509698063135,75.91389237048735,9718.828152981587,128,13.170312097835742,457.098,48.116,49.959,3.571078125,0.2800274776962489,36.676,0.42,11.02,70.3,19,Qwen2.5-14B-Instruct-Q4_K_M,llama.cpp,finegrained_gpu_emc
2026-06-03T17:51:35.640478,GPU816_CPU1036,816,1036,3199,816,3199,p512_o128,512,128,decode,2,79.04002501163632,75.93794180333292,9723.639694973826,128,13.16379504129133,457.036,48.109,49.661,3.57059375,0.28006546530251447,36.711,0.399,10.999,70.3,19,Qwen2.5-14B-Instruct-Q4_K_M,llama.cpp,finegrained_gpu_emc
2026-06-03T17:52:16.774699,GPU816_CPU1036,816,1036,3199,816,3199,p512_o512,512,512,decode,0,77.11115700658411,78.73517154978403,40312.68701190129,512,12.700716274478184,1904.361,48.212,49.959,3.719455078125,0.26885658759027303,36.818,0.424,10.969,70.4,79,Qwen2.5-14B-Instruct-Q4_K_M,llama.cpp,finegrained_gpu_emc
2026-06-03T17:52:57.926497,GPU816_CPU1036,816,1036,3199,816,3199,p512_o512,512,512,decode,1,83.51406501606107,78.75609690999637,40329.8040300142,512,12.695325760049812,1906.404,48.263,49.959,3.7234453125,0.26856846712449195,36.868,0.419,10.976,70.3,79,Qwen2.5-14B-Instruct-Q4_K_M,llama.cpp,finegrained_gpu_emc
2026-06-03T17:53:39.092157,GPU816_CPU1036,816,1036,3199,816,3199,p512_o512,512,512,decode,2,83.35066807921976,79.09354879173189,40343.89484405983,510,12.641317898811932,1907.55,48.292,49.959,3.7402941176470588,0.26735865377054335,36.838,0.465,10.99,70.4,79,Qwen2.5-14B-Instruct-Q4_K_M,llama.cpp,finegrained_gpu_emc
2026-06-03T17:55:00.918150,GPU816_CPU1036,816,1036,3199,816,3199,p512_o1024,512,1024,decode,0,83.08684499934316,79.08660286110266,80992.61556589045,1024,12.643127930186903,3817.582,48.324,49.959,3.728107421875,0.2682326142568778,36.871,0.427,11.026,70.4,158,Qwen2.5-14B-Instruct-Q4_K_M,llama.cpp,finegrained_gpu_emc
2026-06-03T17:56:22.772851,GPU816_CPU1036,816,1036,3199,816,3199,p512_o1024,512,1024,decode,1,83.42190203256905,79.11423486891864,81021.24899299815,1024,12.638659767988692,3818.864,48.34,49.975,3.729359375,0.268142568051651,36.876,0.442,11.022,70.4,158,Qwen2.5-14B-Instruct-Q4_K_M,llama.cpp,finegrained_gpu_emc
2026-06-03T17:57:44.650627,GPU816_CPU1036,816,1036,3199,816,3199,p512_o1024,512,1024,decode,2,83.27585191000253,79.1369618318578,81044.3320289487,1024,12.635060026581888,3820.433,48.36,49.975,3.7308916015625,0.2680324455369326,36.91,0.437,11.013,70.6,158,Qwen2.5-14B-Instruct-Q4_K_M,llama.cpp,finegrained_gpu_emc
2026-06-03T17:57:55.200086,GPU816_CPU1036,816,1036,3199,816,3199,p1024_o128,1024,128,decode,0,83.34988309070468,76.008458125889,9736.907661077566,128,13.145857438051792,470.89,47.089,49.959,3.678828125,0.2718256917751492,35.815,0.419,10.855,70.4,20,Qwen2.5-14B-Instruct-Q4_K_M,llama.cpp,finegrained_gpu_emc
2026-06-03T17:58:05.734788,GPU816_CPU1036,816,1036,3199,816,3199,p1024_o128,1024,128,decode,1,77.4151390651241,75.94159407830819,9722.469888045453,128,13.165378908232583,457.0,48.105,49.576,3.5703125,0.2800875273522976,36.649,0.42,11.036,70.4,19,Qwen2.5-14B-Instruct-Q4_K_M,llama.cpp,finegrained_gpu_emc
2026-06-03T17:58:16.260847,GPU816_CPU1036,816,1036,3199,816,3199,p1024_o128,1024,128,decode,2,76.91393501590937,75.86273381130873,9711.969333002344,128,13.179613280392255,456.786,48.083,49.959,3.568640625,0.28021874575840766,36.648,0.42,11.014,70.4,19,Qwen2.5-14B-Instruct-Q4_K_M,llama.cpp,finegrained_gpu_emc
2026-06-03T17:58:57.436112,GPU816_CPU1036,816,1036,3199,816,3199,p1024_o512,1024,512,decode,0,76.92054810468107,82.87046748139693,40353.91432407778,487,12.06822208346277,1909.379,48.339,49.959,3.9206960985626282,0.25505674881728563,36.906,0.444,10.988,70.4,79,Qwen2.5-14B-Instruct-Q4_K_M,llama.cpp,finegrained_gpu_emc
2026-06-03T17:59:38.608522,GPU816_CPU1036,816,1036,3199,816,3199,p1024_o512,1024,512,decode,1,83.06845393963158,78.79836297067294,40350.927667925134,512,12.688679779894818,1908.12,48.307,49.959,3.726796875,0.26832693960547555,36.873,0.444,10.99,70.5,79,Qwen2.5-14B-Instruct-Q4_K_M,llama.cpp,finegrained_gpu_emc
2026-06-03T18:00:01.351339,GPU816_CPU1036,816,1036,3199,816,3199,p1024_o512,1024,512,decode,2,83.68911896832287,76.89875159733485,21926.65732000023,284,12.952270647334448,1043.959,48.556,49.959,3.675911971830986,0.272041334956641,37.028,0.436,11.092,70.5,43,Qwen2.5-14B-Instruct-Q4_K_M,llama.cpp,finegrained_gpu_emc
2026-06-03T18:01:23.193031,GPU816_CPU1036,816,1036,3199,816,3199,p1024_o1024,1024,1024,decode,0,82.75220601353794,79.10258033918717,81008.6542799836,1024,12.640624746842878,3816.688,48.313,49.576,3.727234375,0.26829544358878693,36.862,0.434,11.017,70.5,158,Qwen2.5-14B-Instruct-Q4_K_M,llama.cpp,finegrained_gpu_emc
2026-06-03T18:02:20.453505,GPU816_CPU1036,816,1036,3199,816,3199,p1024_o1024,1024,1024,decode,1,83.03892298135906,78.70277704889202,56433.98431793321,716,12.687390561797962,2661.044,48.383,49.975,3.7165418994413404,0.26906732846206227,36.934,0.417,11.031,70.6,110,Qwen2.5-14B-Instruct-Q4_K_M,llama.cpp,finegrained_gpu_emc
2026-06-03T18:02:46.169916,GPU816_CPU1036,816,1036,3199,816,3199,p1024_o1024,1024,1024,decode,2,82.84883701708168,77.2985243529547,24899.6131089516,321,12.891766574662082,1187.14,48.455,49.576,3.698255451713396,0.2703977626901629,36.983,0.432,11.04,70.6,49,Qwen2.5-14B-Instruct-Q4_K_M,llama.cpp,finegrained_gpu_emc
2026-06-03T18:02:56.708033,GPU816_CPU1036,816,1036,3199,816,3199,p2048_o128,2048,128,decode,0,82.33180199749768,75.92898291282678,9725.795559003018,128,13.160877094677605,471.624,47.162,49.576,3.6845625,0.27140264278323406,35.898,0.399,10.866,70.4,20,Qwen2.5-14B-Instruct-Q4_K_M,llama.cpp,finegrained_gpu_emc
2026-06-03T18:03:07.249123,GPU816_CPU1036,816,1036,3199,816,3199,p2048_o128,2048,128,decode,1,77.01532496139407,75.99224933921762,9728.511807043105,128,13.157202513475127,456.748,48.079,49.959,3.56834375,0.28024205907852906,36.634,0.441,11.004,70.4,19,Qwen2.5-14B-Instruct-Q4_K_M,llama.cpp,finegrained_gpu_emc
2026-06-03T18:03:17.777533,GPU816_CPU1036,816,1036,3199,816,3199,p2048_o128,2048,128,decode,2,77.08503108005971,75.8923479992031,9715.92997701373,128,13.174240685433784,456.672,48.071,49.975,3.56775,0.280288697358279,36.615,0.462,10.993,70.3,19,Qwen2.5-14B-Instruct-Q4_K_M,llama.cpp,finegrained_gpu_emc
2026-06-03T18:03:58.914498,GPU816_CPU1036,816,1036,3199,816,3199,p2048_o512,2048,512,decode,0,77.18488003592938,78.7403981899387,40315.421284059994,512,12.699854886607268,1904.674,48.22,49.661,3.72006640625,0.26881240569252274,36.811,0.419,10.99,70.4,79,Qwen2.5-14B-Instruct-Q4_K_M,llama.cpp,finegrained_gpu_emc
2026-06-03T18:04:40.065147,GPU816_CPU1036,816,1036,3199,816,3199,p2048_o512,2048,512,decode,1,82.89542398415506,78.75676412721312,40329.50026309118,512,12.69542138285738,1905.23,48.234,49.677,3.72115234375,0.26873395862966676,36.834,0.414,10.986,70.4,79,Qwen2.5-14B-Instruct-Q4_K_M,llama.cpp,finegrained_gpu_emc
2026-06-03T18:05:21.221495,GPU816_CPU1036,816,1036,3199,816,3199,p2048_o512,2048,512,decode,2,83.25196895748377,78.76672129349058,40334.957079961896,512,12.693703850607486,1907.29,48.286,49.975,3.72517578125,0.26844370808843965,36.881,0.439,10.966,70.4,79,Qwen2.5-14B-Instruct-Q4_K_M,llama.cpp,finegrained_gpu_emc
2026-06-03T18:05:26.983829,GPU816_CPU1036,816,1036,3199,816,3199,p64_o64,64,64,mixed,0,154.47093499824405,76.08189125404886,4947.8864601114765,64,12.934815807911258,232.256,46.451,49.476,3.629,0.27555800496004407,35.283,0.519,10.649,70.2,10,Qwen2.5-14B-Instruct-Q4_K_M,llama.cpp,finegrained_gpu_emc
2026-06-03T18:05:32.653067,GPU816_CPU1036,816,1036,3199,816,3199,p64_o64,64,64,mixed,1,77.43508205749094,75.88331922260483,4858.342681080103,64,13.173216506368705,232.962,46.592,49.975,3.64003125,0.27472291618375533,35.404,0.439,10.75,70.0,10,Qwen2.5-14B-Instruct-Q4_K_M,llama.cpp,finegrained_gpu_emc
2026-06-03T18:05:38.319682,GPU816_CPU1036,816,1036,3199,816,3199,p64_o64,64,64,mixed,2,77.50804501120001,75.84597879377682,4856.056828983128,64,13.17941742732895,233.304,46.661,49.975,3.645375,0.2743202002537462,35.442,0.439,10.78,70.1,10,Qwen2.5-14B-Instruct-Q4_K_M,llama.cpp,finegrained_gpu_emc
2026-06-03T18:05:48.969242,GPU816_CPU1036,816,1036,3199,816,3199,p128_o128,128,128,mixed,0,177.1889589726925,76.06066148049807,9837.374711991288,128,13.01160154486889,471.588,47.159,49.959,3.68428125,0.271423361069408,35.939,0.439,10.781,70.0,20,Qwen2.5-14B-Instruct-Q4_K_M,llama.cpp,finegrained_gpu_emc
2026-06-03T18:05:59.499391,GPU816_CPU1036,816,1036,3199,816,3199,p128_o128,128,128,mixed,1,77.37788697704673,75.90720975610215,9718.085094937123,128,13.171319117866622,457.416,48.149,49.959,3.5735625,0.2798327999020585,36.715,0.42,11.014,70.0,19,Qwen2.5-14B-Instruct-Q4_K_M,llama.cpp,finegrained_gpu_emc
2026-06-03T18:06:10.030891,GPU816_CPU1036,816,1036,3199,816,3199,p128_o128,128,128,mixed,2,77.87263207137585,75.9135789135251,9719.375987071544,128,13.16956975121265,457.784,48.188,49.959,3.5764375,0.2796078499903885,36.759,0.42,11.009,70.0,19,Qwen2.5-14B-Instruct-Q4_K_M,llama.cpp,finegrained_gpu_emc
2026-06-03T18:06:51.173162,GPU816_CPU1036,816,1036,3199,816,3199,p128_o512,128,512,mixed,0,77.54087599460036,78.75054434635321,40320.96897799056,512,12.698107535051507,1907.139,48.282,49.576,3.724880859375,0.2684649624385008,36.871,0.429,10.982,70.3,79,Qwen2.5-14B-Instruct-Q4_K_M,llama.cpp,finegrained_gpu_emc
2026-06-03T18:07:32.303090,GPU816_CPU1036,816,1036,3199,816,3199,p128_o512,128,512,mixed,1,83.5860000224784,78.71433928173305,40308.58691199683,512,12.702008163119611,1907.436,48.29,49.975,3.7254609375,0.26842316072465866,36.882,0.419,10.989,70.5,79,Qwen2.5-14B-Instruct-Q4_K_M,llama.cpp,finegrained_gpu_emc
2026-06-03T18:08:13.448920,GPU816_CPU1036,816,1036,3199,816,3199,p128_o512,128,512,mixed,2,83.4428679663688,78.74593853430163,40324.55275999382,512,12.696979010464256,1908.847,48.325,49.576,3.728216796875,0.2682247450948138,36.921,0.419,10.985,70.5,79,Qwen2.5-14B-Instruct-Q4_K_M,llama.cpp,finegrained_gpu_emc
2026-06-03T18:08:34.657997,GPU816_CPU1036,816,1036,3199,816,3199,p256_o256,256,256,mixed,0,257.10771896410733,78.96234477669293,20393.47168803215,256,12.55303677157788,962.136,48.107,50.959,3.75834375,0.2660746505691503,36.694,0.509,10.904,70.4,40,Qwen2.5-14B-Instruct-Q4_K_M,llama.cpp,finegrained_gpu_emc
2026-06-03T18:08:55.693639,GPU816_CPU1036,816,1036,3199,816,3199,p256_o256,256,256,mixed,1,83.55238090734929,78.96303002786476,20220.098192919977,256,12.660670465469739,956.156,47.808,49.959,3.734984375,0.2677387371935124,36.488,0.429,10.891,70.4,40,Qwen2.5-14B-Instruct-Q4_K_M,llama.cpp,finegrained_gpu_emc
2026-06-03T18:09:16.731620,GPU816_CPU1036,816,1036,3199,816,3199,p256_o256,256,256,mixed,2,83.62407295498997,78.97295469427299,20222.671299008653,256,12.659059538417633,957.95,47.898,49.959,3.7419921875,0.2672373297144945,36.545,0.459,10.894,70.3,40,Qwen2.5-14B-Instruct-Q4_K_M,llama.cpp,finegrained_gpu_emc
2026-06-03T18:09:28.191107,GPU816_CPU1036,816,1036,3199,816,3199,p512_o128,512,128,mixed,0,466.4669189369306,80.11735677187455,10641.874541994184,128,12.027956117589603,494.092,47.056,49.359,3.86009375,0.25906106555054526,35.97,0.437,10.65,70.2,21,Qwen2.5-14B-Instruct-Q4_K_M,llama.cpp,finegrained_gpu_emc
2026-06-03T18:09:39.243367,GPU816_CPU1036,816,1036,3199,816,3199,p512_o128,512,128,mixed,1,83.6896599503234,79.95006936239298,10237.838661996648,128,12.502638909044562,472.98,47.298,48.96,3.69515625,0.2706245507209607,36.134,0.399,10.765,70.1,20,Qwen2.5-14B-Instruct-Q4_K_M,llama.cpp,finegrained_gpu_emc
2026-06-03T18:09:50.293237,GPU816_CPU1036,816,1036,3199,816,3199,p512_o128,512,128,mixed,2,83.46240897662938,79.94742269305087,10237.284755916335,128,12.503315386047673,474.032,47.403,49.259,3.703375,0.2700239646268606,36.174,0.439,10.79,70.1,20,Qwen2.5-14B-Instruct-Q4_K_M,llama.cpp,finegrained_gpu_emc
2026-06-03T18:10:31.148344,GPU816_CPU1036,816,1036,3199,816,3199,p512_o512,512,512,mixed,0,83.31323496531695,78.17582543046304,40033.11216493603,512,12.789412871289272,1900.98,48.743,49.959,3.7128515625,0.269334764174268,37.238,0.435,11.07,70.2,78,Qwen2.5-14B-Instruct-Q4_K_M,llama.cpp,finegrained_gpu_emc
2026-06-03T18:11:11.979481,GPU816_CPU1036,816,1036,3199,816,3199,p512_o512,512,512,mixed,1,89.32562498375773,78.11830155373735,40009.71603090875,512,12.796891625135856,1904.063,48.822,50.06,3.718873046875,0.268898665642891,37.285,0.445,11.092,70.3,78,Qwen2.5-14B-Instruct-Q4_K_M,llama.cpp,finegrained_gpu_emc
2026-06-03T18:11:52.817492,GPU816_CPU1036,816,1036,3199,816,3199,p512_o512,512,512,mixed,2,89.65747803449631,78.13158313905066,40016.79679006338,512,12.794627283289584,1903.604,48.81,49.959,3.7179765625,0.2689635029134211,37.29,0.44,11.08,70.4,78,Qwen2.5-14B-Instruct-Q4_K_M,llama.cpp,finegrained_gpu_emc
2026-06-03T18:13:14.958685,GPU816_CPU1036,816,1036,3199,816,3199,p512_o1024,512,1024,mixed,0,89.41177709493786,79.38889356592682,81308.18386201281,1024,12.594058203757431,3839.046,48.596,50.06,3.749068359375,0.2667329331297411,37.094,0.442,11.06,70.5,158,Qwen2.5-14B-Instruct-Q4_K_M,llama.cpp,finegrained_gpu_emc
2026-06-03T18:14:37.168165,GPU816_CPU1036,816,1036,3199,816,3199,p512_o1024,512,1024,mixed,1,89.11518205422908,79.45531856699711,81375.95492100809,1024,12.583569691980884,3834.091,48.533,49.959,3.7442294921875,0.2670776463052129,37.055,0.432,11.046,70.5,158,Qwen2.5-14B-Instruct-Q4_K_M,llama.cpp,finegrained_gpu_emc
2026-06-03T18:15:59.381460,GPU816_CPU1036,816,1036,3199,816,3199,p512_o1024,512,1024,mixed,2,90.35501803737134,79.5353336555659,81379.43547207396,1023,12.570743383333632,3834.09,48.533,49.677,3.7478885630498535,0.26681689788189633,37.054,0.422,11.057,70.5,158,Qwen2.5-14B-Instruct-Q4_K_M,llama.cpp,finegrained_gpu_emc
2026-06-03T18:16:10.814090,GPU816_CPU1036,816,1036,3199,816,3199,p1024_o128,1024,128,mixed,0,932.4898100458086,76.27429219703447,10619.852903997526,128,12.05289763964793,502.234,47.832,50.459,3.923703125,0.25486127980184536,36.597,0.437,10.798,70.3,21,Qwen2.5-14B-Instruct-Q4_K_M,llama.cpp,finegrained_gpu_emc
2026-06-03T18:16:21.396371,GPU816_CPU1036,816,1036,3199,816,3199,p1024_o128,1024,128,mixed,1,86.94628009106964,76.23783677108733,9769.656016025692,128,13.101791894211496,475.834,47.583,50.16,3.717453125,0.2690013744288975,36.214,0.439,10.931,70.3,20,Qwen2.5-14B-Instruct-Q4_K_M,llama.cpp,finegrained_gpu_emc
2026-06-03T18:16:31.981645,GPU816_CPU1036,816,1036,3199,816,3199,p1024_o128,1024,128,mixed,2,86.94250707048923,76.26128966890745,9772.668775985949,128,13.097752817994825,475.086,47.509,50.459,3.711609375,0.269424904122622,36.194,0.419,10.896,70.2,20,Qwen2.5-14B-Instruct-Q4_K_M,llama.cpp,finegrained_gpu_emc
2026-06-03T18:17:12.629655,GPU816_CPU1036,816,1036,3199,816,3199,p1024_o512,1024,512,mixed,0,86.85768104624003,77.76508275729307,39826.73744496424,512,12.855685221706208,1910.314,48.982,50.076,3.73108203125,0.2680187655013783,37.431,0.419,11.132,70.4,78,Qwen2.5-14B-Instruct-Q4_K_M,llama.cpp,finegrained_gpu_emc
2026-06-03T18:17:53.304003,GPU816_CPU1036,816,1036,3199,816,3199,p1024_o512,1024,512,mixed,1,87.10139594040811,77.81671891408132,39853.4022429958,512,12.847083841881618,1909.536,48.962,50.076,3.7295625,0.2681279640708528,37.393,0.44,11.129,70.4,78,Qwen2.5-14B-Instruct-Q4_K_M,llama.cpp,finegrained_gpu_emc
2026-06-03T18:18:33.967469,GPU816_CPU1036,816,1036,3199,816,3199,p1024_o512,1024,512,mixed,2,87.38255000207573,77.79420954207188,39842.1831560554,512,12.850701428548197,1911.375,49.01,50.06,3.733154296875,0.2678699888823491,37.422,0.44,11.147,70.5,78,Qwen2.5-14B-Instruct-Q4_K_M,llama.cpp,finegrained_gpu_emc
2026-06-03T18:19:56.072152,GPU816_CPU1036,816,1036,3199,816,3199,p1024_o1024,1024,1024,mixed,0,86.71630604658276,79.35570550043289,81271.5371340746,1024,12.599737080285502,3861.041,48.874,50.959,3.7705478515625,0.2652134489118349,37.304,0.462,11.107,70.6,158,Qwen2.5-14B-Instruct-Q4_K_M,llama.cpp,finegrained_gpu_emc
2026-06-03T18:21:18.240975,GPU816_CPU1036,816,1036,3199,816,3199,p1024_o1024,1024,1024,mixed,1,88.11391692142934,79.41637151325641,81335.05185099784,1024,12.589897918500402,3870.165,48.681,50.06,3.7794580078125,0.26458820231178776,37.173,0.432,11.077,70.6,159,Qwen2.5-14B-Instruct-Q4_K_M,llama.cpp,finegrained_gpu_emc
2026-06-03T18:22:40.445906,GPU816_CPU1036,816,1036,3199,816,3199,p1024_o1024,1024,1024,mixed,2,87.44089200627059,79.4524207957251,81371.19790795259,1024,12.584305335634271,3869.892,48.678,50.559,3.77919140625,0.2646068675818343,37.161,0.437,11.08,70.6,159,Qwen2.5-14B-Instruct-Q4_K_M,llama.cpp,finegrained_gpu_emc
2026-06-03T18:22:53.118753,GPU816_CPU1036,816,1036,3199,816,3199,p2048_o128,2048,128,mixed,0,1910.145447938703,78.3384616063233,11859.652023995295,128,10.792896768051985,561.561,46.797,50.459,4.3871953125,0.22793605681306214,35.849,0.466,10.482,70.4,24,Qwen2.5-14B-Instruct-Q4_K_M,llama.cpp,finegrained_gpu_emc
2026-06-03T18:23:03.944697,GPU816_CPU1036,816,1036,3199,816,3199,p2048_o128,2048,128,mixed,1,88.06862903293222,78.15035969279266,10013.680148054846,128,12.782513332509822,484.289,48.429,49.975,3.7835078125,0.264304991441061,37.034,0.399,10.996,70.4,20,Qwen2.5-14B-Instruct-Q4_K_M,llama.cpp,finegrained_gpu_emc
2026-06-03T18:23:14.769305,GPU816_CPU1036,816,1036,3199,816,3199,p2048_o128,2048,128,mixed,2,87.90801092982292,78.14034036228682,10012.256067013368,128,12.784331437717823,484.656,48.466,50.358,3.786375,0.26410484962530123,37.03,0.419,11.016,70.4,20,Qwen2.5-14B-Instruct-Q4_K_M,llama.cpp,finegrained_gpu_emc
2026-06-03T18:23:55.931112,GPU816_CPU1036,816,1036,3199,816,3199,p2048_o512,2048,512,mixed,0,88.2150400429964,78.76782135039188,40340.563195059076,512,12.691939810664564,1942.23,49.17,50.374,3.79341796875,0.2636145049762387,37.606,0.434,11.13,70.5,79,Qwen2.5-14B-Instruct-Q4_K_M,llama.cpp,finegrained_gpu_emc
2026-06-03T18:24:37.071133,GPU816_CPU1036,816,1036,3199,816,3199,p2048_o512,2048,512,mixed,1,93.78185193054378,78.7141662505191,40318.73050692957,512,12.69881252615339,1944.453,49.227,50.374,3.797759765625,0.2633131271365263,37.661,0.429,11.136,70.5,79,Qwen2.5-14B-Instruct-Q4_K_M,llama.cpp,finegrained_gpu_emc
2026-06-03T18:25:18.238219,GPU816_CPU1036,816,1036,3199,816,3199,p2048_o512,2048,512,mixed,2,94.35540600679815,78.76575669276468,40345.635012956336,512,12.690344316939854,1946.129,49.269,50.374,3.801033203125,0.26308636272312885,37.668,0.475,11.126,70.6,79,Qwen2.5-14B-Instruct-Q4_K_M,llama.cpp,finegrained_gpu_emc
2026-06-03T18:25:33.246446,GPU918_CPU1036,918,1036,3199,918,3199,p64_o64,64,64,decode,0,77.24691496696323,75.85777738131583,4856.538336025551,64,13.17811073892927,238.852,47.77,49.576,3.7320625,0.26794835295496794,36.4,0.439,10.932,69.8,10,Qwen2.5-14B-Instruct-Q4_K_M,llama.cpp,finegrained_gpu_emc
2026-06-03T18:25:38.905302,GPU918_CPU1036,918,1036,3199,918,3199,p64_o64,64,64,decode,1,77.10780703928322,75.72668993712536,4848.140781978145,64,13.200936787542426,233.238,46.648,49.576,3.64434375,0.27439782539723373,35.439,0.439,10.77,69.7,10,Qwen2.5-14B-Instruct-Q4_K_M,llama.cpp,finegrained_gpu_emc
2026-06-03T18:25:44.565537,GPU918_CPU1036,918,1036,3199,918,3199,p64_o64,64,64,decode,2,77.36227102577686,75.74520011188551,4849.560555070639,64,13.197072038430868,232.77,46.554,49.576,3.63703125,0.27494952098638137,35.366,0.439,10.75,69.8,10,Qwen2.5-14B-Instruct-Q4_K_M,llama.cpp,finegrained_gpu_emc
2026-06-03T18:25:55.106967,GPU918_CPU1036,918,1036,3199,918,3199,p128_o128,128,128,decode,0,77.03442801721394,75.99692014192678,9729.123741970398,128,13.156374961891142,456.812,48.086,49.576,3.56884375,0.2802027967741653,36.635,0.441,11.009,69.9,19,Qwen2.5-14B-Instruct-Q4_K_M,llama.cpp,finegrained_gpu_emc
2026-06-03T18:26:05.651457,GPU918_CPU1036,918,1036,3199,918,3199,p128_o128,128,128,decode,1,77.49933609738946,76.0216609919517,9732.73368109949,128,13.151495170218206,455.039,47.899,49.56,3.5549921875,0.281294570355508,36.438,0.462,10.999,70.0,19,Qwen2.5-14B-Instruct-Q4_K_M,llama.cpp,finegrained_gpu_emc
2026-06-03T18:26:15.653373,GPU918_CPU1036,918,1036,3199,918,3199,p128_o128,128,128,decode,2,77.41553906816989,75.9359964956099,9190.121068037115,120,13.057499363893621,432.055,48.006,49.959,3.6004583333333335,0.2777424170533844,36.6,0.421,10.984,69.9,18,Qwen2.5-14B-Instruct-Q4_K_M,llama.cpp,finegrained_gpu_emc
2026-06-03T18:26:46.078117,GPU918_CPU1036,918,1036,3199,918,3199,p128_o512,128,512,decode,0,77.25606299936771,77.90463565874637,29606.4055620227,379,12.801283803467118,1403.944,48.412,49.959,3.704337730870712,0.2699537873305488,36.927,0.461,11.024,70.2,58,Qwen2.5-14B-Instruct-Q4_K_M,llama.cpp,finegrained_gpu_emc
2026-06-03T18:27:27.261690,GPU918_CPU1036,918,1036,3199,918,3199,p128_o512,128,512,decode,1,82.50623103231192,78.82105702545253,40361.94646602962,512,12.685215774490004,1902.856,48.174,49.576,3.716515625,0.2690692306722106,36.758,0.439,10.976,70.4,79,Qwen2.5-14B-Instruct-Q4_K_M,llama.cpp,finegrained_gpu_emc
2026-06-03T18:28:08.444892,GPU918_CPU1036,918,1036,3199,918,3199,p128_o512,128,512,decode,2,83.0119769088924,78.81966320166288,40361.757526989095,512,12.685275155761884,1904.327,48.211,49.975,3.719388671875,0.26886138777636404,36.815,0.439,10.957,70.5,79,Qwen2.5-14B-Instruct-Q4_K_M,llama.cpp,finegrained_gpu_emc
2026-06-03T18:28:28.855083,GPU918_CPU1036,918,1036,3199,918,3199,p256_o256,256,256,decode,0,84.00540403090417,76.50789729794305,19594.453605939634,256,13.064921592016178,938.056,48.105,49.576,3.66428125,0.27290481591717336,36.655,0.43,11.021,70.5,39,Qwen2.5-14B-Instruct-Q4_K_M,llama.cpp,finegrained_gpu_emc
2026-06-03T18:28:49.249601,GPU918_CPU1036,918,1036,3199,918,3199,p256_o256,256,256,decode,1,82.73292903322726,76.45373776071139,19579.362479038537,256,13.074991602717962,938.886,48.148,49.975,3.6675234375,0.2726635608582938,36.7,0.44,11.008,70.5,39,Qwen2.5-14B-Instruct-Q4_K_M,llama.cpp,finegrained_gpu_emc
2026-06-03T18:29:09.640948,GPU918_CPU1036,918,1036,3199,918,3199,p256_o256,256,256,decode,2,82.20836403779685,76.44338751732208,19576.232488034293,256,13.077082127854608,937.001,48.051,49.959,3.66016015625,0.273212088354228,36.619,0.419,11.013,70.4,39,Qwen2.5-14B-Instruct-Q4_K_M,llama.cpp,finegrained_gpu_emc
2026-06-03T18:29:20.179504,GPU918_CPU1036,918,1036,3199,918,3199,p512_o128,512,128,decode,0,82.88179198279977,75.92829482677561,9726.249915896915,128,13.160262290895119,456.989,48.104,49.975,3.5702265625,0.28009426922748687,36.68,0.42,11.004,70.3,19,Qwen2.5-14B-Instruct-Q4_K_M,llama.cpp,finegrained_gpu_emc
2026-06-03T18:29:30.704985,GPU918_CPU1036,918,1036,3199,918,3199,p512_o128,512,128,decode,1,77.15053507126868,75.86894523605382,9712.981869000942,128,13.178239363188046,456.888,48.093,49.576,3.5694375,0.2801561870742939,36.701,0.42,10.972,70.3,19,Qwen2.5-14B-Instruct-Q4_K_M,llama.cpp,finegrained_gpu_emc
2026-06-03T18:29:41.236927,GPU918_CPU1036,918,1036,3199,918,3199,p512_o128,512,128,decode,2,77.12448097299784,75.9234298194766,9719.881852040999,128,13.168884349465866,457.148,48.121,49.959,3.57146875,0.27999685003543706,36.697,0.42,11.004,70.2,19,Qwen2.5-14B-Instruct-Q4_K_M,llama.cpp,finegrained_gpu_emc
2026-06-03T18:30:21.438757,GPU918_CPU1036,918,1036,3199,918,3199,p512_o512,512,512,decode,0,77.24279607646167,78.75659135726643,39379.758710972965,499,12.671484446169455,1861.74,48.357,49.975,3.730941883767535,0.2680288332420209,36.921,0.44,10.996,70.3,77,Qwen2.5-14B-Instruct-Q4_K_M,llama.cpp,finegrained_gpu_emc
2026-06-03T18:31:02.595687,GPU918_CPU1036,918,1036,3199,918,3199,p512_o512,512,512,decode,1,83.49160093348473,78.7662950666975,40335.003626998514,512,12.693689201934006,1905.042,48.229,49.959,3.72078515625,0.26876047877159664,36.814,0.439,10.976,70.3,79,Qwen2.5-14B-Instruct-Q4_K_M,llama.cpp,finegrained_gpu_emc
2026-06-03T18:31:43.753887,GPU918_CPU1036,918,1036,3199,918,3199,p512_o512,512,512,decode,2,83.1351070664823,78.77076520933542,40336.87600702979,512,12.693099979055647,1903.88,48.199,50.06,3.718515625,0.2689245120490787,36.798,0.424,10.977,70.5,79,Qwen2.5-14B-Instruct-Q4_K_M,llama.cpp,finegrained_gpu_emc
2026-06-03T18:33:05.577733,GPU918_CPU1036,918,1036,3199,918,3199,p512_o1024,512,1024,decode,0,82.78340403921902,79.08480143880531,80990.43043400161,1024,12.643469043351345,3818.87,48.34,49.975,3.729365234375,0.268142146760691,36.88,0.439,11.02,70.5,158,Qwen2.5-14B-Instruct-Q4_K_M,llama.cpp,finegrained_gpu_emc
2026-06-03T18:34:27.617014,GPU918_CPU1036,918,1036,3199,918,3199,p512_o1024,512,1024,decode,1,83.44919700175524,79.29431648769271,81205.45179594774,1024,12.609990799301224,3843.238,48.649,49.959,3.753162109375,0.2664419950052534,36.888,0.71,11.051,70.4,158,Qwen2.5-14B-Instruct-Q4_K_M,llama.cpp,finegrained_gpu_emc
2026-06-03T18:35:49.471502,GPU918_CPU1036,918,1036,3199,918,3199,p512_o1024,512,1024,decode,2,83.34972895681858,79.11368478103226,81020.58469690382,1024,12.638763393658055,3818.936,48.341,49.959,3.7294296875,0.2681375126475018,36.874,0.444,11.023,70.3,158,Qwen2.5-14B-Instruct-Q4_K_M,llama.cpp,finegrained_gpu_emc
2026-06-03T18:36:00.021474,GPU918_CPU1036,918,1036,3199,918,3199,p1024_o128,1024,128,decode,0,83.47878698259592,76.01343457473398,9737.696891999803,128,13.144791979011066,455.457,47.943,49.576,3.5582578125,0.2810364095842198,36.551,0.42,10.972,70.1,19,Qwen2.5-14B-Instruct-Q4_K_M,llama.cpp,finegrained_gpu_emc
2026-06-03T18:36:10.550263,GPU918_CPU1036,918,1036,3199,918,3199,p1024_o128,1024,128,decode,1,77.74886698462069,75.87368799168176,9714.18737899512,128,13.176603971709767,457.624,48.171,49.975,3.5751875,0.27970560984563747,36.716,0.441,11.014,70.1,19,Qwen2.5-14B-Instruct-Q4_K_M,llama.cpp,finegrained_gpu_emc
2026-06-03T18:36:21.088523,GPU918_CPU1036,918,1036,3199,918,3199,p1024_o128,1024,128,decode,2,77.61243800632656,75.93909754256505,9722.359242965467,128,13.165528736516638,457.124,48.118,49.975,3.57128125,0.28001155047645715,36.652,0.441,11.025,70.1,19,Qwen2.5-14B-Instruct-Q4_K_M,llama.cpp,finegrained_gpu_emc
2026-06-03T18:36:56.613903,GPU918_CPU1036,918,1036,3199,918,3199,p1024_o512,1024,512,decode,0,77.2047369973734,78.33725821317644,34705.437876982614,442,12.73575632633478,1647.088,48.444,49.576,3.726443438914027,0.2683523891862487,36.964,0.452,11.028,70.3,68,Qwen2.5-14B-Instruct-Q4_K_M,llama.cpp,finegrained_gpu_emc
2026-06-03T18:37:37.770679,GPU918_CPU1036,918,1036,3199,918,3199,p1024_o512,1024,512,decode,1,82.70961500238627,78.7683203463295,40335.26709896978,512,12.69360628612466,1905.97,48.252,49.975,3.72259765625,0.26862962166246057,36.819,0.439,10.994,70.5,79,Qwen2.5-14B-Instruct-Q4_K_M,llama.cpp,finegrained_gpu_emc
2026-06-03T18:38:18.995262,GPU918_CPU1036,918,1036,3199,918,3199,p1024_o512,1024,512,decode,2,82.98171102069318,78.89947119563519,40402.528763981536,512,12.672474116433104,1907.996,48.304,49.975,3.7265546875,0.2683443780804572,36.835,0.48,10.988,70.6,79,Qwen2.5-14B-Instruct-Q4_K_M,llama.cpp,finegrained_gpu_emc
2026-06-03T18:39:22.213617,GPU918_CPU1036,918,1036,3199,918,3199,p1024_o1024,1024,1024,decode,0,83.20252399425954,78.66818965109496,62389.762091916054,792,12.694390448759552,2952.244,48.397,49.975,3.727580808080808,0.2682705088061827,36.911,0.474,11.012,70.4,122,Qwen2.5-14B-Instruct-Q4_K_M,llama.cpp,finegrained_gpu_emc
2026-06-03T18:40:08.474748,GPU918_CPU1036,918,1036,3199,918,3199,p1024_o1024,1024,1024,decode,1,83.29931099433452,78.74232041750751,45438.12266900204,576,12.676580064628157,2151.557,48.35,49.959,3.7353420138888884,0.267713102650778,36.897,0.457,10.996,70.3,89,Qwen2.5-14B-Instruct-Q4_K_M,llama.cpp,finegrained_gpu_emc
2026-06-03T18:40:57.602552,GPU918_CPU1036,918,1036,3199,918,3199,p1024_o1024,1024,1024,decode,2,82.97280396800488,78.66449823361073,48303.769340971485,613,12.690521016546228,2277.452,48.456,49.959,3.715256117455139,0.2691604477284263,36.976,0.45,11.031,70.3,94,Qwen2.5-14B-Instruct-Q4_K_M,llama.cpp,finegrained_gpu_emc
2026-06-03T18:41:08.149574,GPU918_CPU1036,918,1036,3199,918,3199,p2048_o128,2048,128,decode,0,83.85178295429796,75.98609490573084,9734.60033594165,128,13.148973309916402,456.785,48.083,50.06,3.5686328125,0.28021935921713714,36.648,0.441,10.993,70.2,19,Qwen2.5-14B-Instruct-Q4_K_M,llama.cpp,finegrained_gpu_emc
2026-06-03T18:41:18.683492,GPU918_CPU1036,918,1036,3199,918,3199,p2048_o128,2048,128,decode,1,77.40621000993997,75.93361616471972,9721.461290027946,128,13.166744811430714,456.836,48.088,49.975,3.56903125,0.28018807624618025,36.648,0.42,11.02,70.1,19,Qwen2.5-14B-Instruct-Q4_K_M,llama.cpp,finegrained_gpu_emc
2026-06-03T18:41:29.221679,GPU918_CPU1036,918,1036,3199,918,3199,p2048_o128,2048,128,decode,2,76.9970630062744,75.969134866238,9725.588362081908,128,13.161157478044823,457.03,48.108,49.959,3.570546875,0.2800691420694484,36.627,0.462,11.02,70.1,19,Qwen2.5-14B-Instruct-Q4_K_M,llama.cpp,finegrained_gpu_emc
2026-06-03T18:42:07.676567,GPU918_CPU1036,918,1036,3199,918,3199,p2048_o512,2048,512,decode,0,77.57349102757871,78.56207584695738,37633.771435008384,478,12.701357896735962,1786.358,48.28,49.959,3.737150627615063,0.2675835414849655,36.842,0.458,10.98,70.2,74,Qwen2.5-14B-Instruct-Q4_K_M,llama.cpp,finegrained_gpu_emc
2026-06-03T18:42:48.861317,GPU918_CPU1036,918,1036,3199,918,3199,p2048_o512,2048,512,decode,1,83.33141705952585,78.82152761650725,40363.018915988505,512,12.684878726878077,1910.567,48.369,51.258,3.731576171875,0.2679832740751829,36.846,0.53,10.992,70.2,79,Qwen2.5-14B-Instruct-Q4_K_M,llama.cpp,finegrained_gpu_emc
2026-06-03T18:43:14.334041,GPU918_CPU1036,918,1036,3199,918,3199,p2048_o512,2048,512,decode,2,82.86185492761433,77.26050896844782,24655.582217033952,318,12.89768772040197,1165.578,48.566,49.661,3.6653396226415094,0.2728260142178387,37.027,0.457,11.081,70.3,48,Qwen2.5-14B-Instruct-Q4_K_M,llama.cpp,finegrained_gpu_emc
2026-06-03T18:43:20.084566,GPU918_CPU1036,918,1036,3199,918,3199,p64_o64,64,64,mixed,0,154.68316292390227,75.94729441269818,4939.6223599324,64,12.956456047963119,232.06,46.412,49.56,3.6259375,0.2757907437731621,35.274,0.439,10.699,70.1,10,Qwen2.5-14B-Instruct-Q4_K_M,llama.cpp,finegrained_gpu_emc
2026-06-03T18:43:25.746125,GPU918_CPU1036,918,1036,3199,918,3199,p64_o64,64,64,mixed,1,77.24376197438687,75.76522525466446,4850.718906032853,64,13.193920579566674,233.917,46.783,49.56,3.654953125,0.2736013201263696,35.515,0.479,10.79,70.1,10,Qwen2.5-14B-Instruct-Q4_K_M,llama.cpp,finegrained_gpu_emc
2026-06-03T18:43:31.408612,GPU918_CPU1036,918,1036,3199,918,3199,p64_o64,64,64,mixed,2,77.33220001682639,75.77781933396759,4851.597249973565,64,13.191531922883483,233.71,46.742,49.661,3.65171875,0.27384365238971375,35.554,0.399,10.79,70.0,10,Qwen2.5-14B-Instruct-Q4_K_M,llama.cpp,finegrained_gpu_emc
2026-06-03T18:43:42.048450,GPU918_CPU1036,918,1036,3199,918,3199,p128_o128,128,128,mixed,0,177.0162129541859,75.980670070899,9827.053889981471,128,13.025266924657249,472.274,47.227,49.959,3.689640625,0.27102910598508495,35.953,0.439,10.836,70.1,20,Qwen2.5-14B-Instruct-Q4_K_M,llama.cpp,finegrained_gpu_emc
2026-06-03T18:43:52.595932,GPU918_CPU1036,918,1036,3199,918,3199,p128_o128,128,128,mixed,1,77.635309076868,76.03852319674141,9735.016396036372,128,13.148411342390283,457.222,48.129,50.06,3.572046875,0.2799515333907817,36.668,0.462,10.999,70.2,19,Qwen2.5-14B-Instruct-Q4_K_M,llama.cpp,finegrained_gpu_emc
2026-06-03T18:44:03.143270,GPU918_CPU1036,918,1036,3199,918,3199,p128_o128,128,128,mixed,2,78.06716405320913,76.03547519611884,9735.059874947183,128,13.148352618703791,455.841,47.983,49.959,3.5612578125,0.28079966479540014,36.607,0.42,10.957,70.2,19,Qwen2.5-14B-Instruct-Q4_K_M,llama.cpp,finegrained_gpu_emc
2026-06-03T18:44:44.325167,GPU918_CPU1036,918,1036,3199,918,3199,p128_o512,128,512,mixed,0,77.59840902872384,78.82726309390888,40360.27397995349,512,12.685741436103848,1908.527,48.317,49.959,3.727591796875,0.2682697179552608,36.874,0.444,10.999,70.4,79,Qwen2.5-14B-Instruct-Q4_K_M,llama.cpp,finegrained_gpu_emc
2026-06-03T18:45:25.515481,GPU918_CPU1036,918,1036,3199,918,3199,p128_o512,128,512,mixed,1,83.82055698893964,78.83106385528086,40368.443147977814,512,12.683174283515754,1908.592,48.319,49.959,3.72771875,0.2682605816224735,36.888,0.449,10.981,70.5,79,Qwen2.5-14B-Instruct-Q4_K_M,llama.cpp,finegrained_gpu_emc
2026-06-03T18:46:06.687488,GPU918_CPU1036,918,1036,3199,918,3199,p128_o512,128,512,mixed,2,84.29005998186767,79.26007746842572,40350.33219703473,509,12.61451820308447,1906.247,48.259,49.56,3.7450825147347744,0.2670168136658051,36.863,0.429,10.967,70.4,79,Qwen2.5-14B-Instruct-Q4_K_M,llama.cpp,finegrained_gpu_emc
2026-06-03T18:46:27.901676,GPU918_CPU1036,918,1036,3199,918,3199,p256_o256,256,256,mixed,0,256.74387998878956,78.983531741188,20398.508920916356,256,12.549936909236589,961.454,48.073,49.959,3.7556796875,0.26626338857605253,36.743,0.439,10.891,70.3,40,Qwen2.5-14B-Instruct-Q4_K_M,llama.cpp,finegrained_gpu_emc
2026-06-03T18:46:48.927406,GPU918_CPU1036,918,1036,3199,918,3199,p256_o256,256,256,mixed,1,84.04305693693459,78.92108164298548,20209.886041935533,256,12.667067962125058,957.174,47.859,49.576,3.7389609375,0.26745398433304707,36.524,0.449,10.886,70.3,40,Qwen2.5-14B-Instruct-Q4_K_M,llama.cpp,finegrained_gpu_emc
2026-06-03T18:47:09.964923,GPU918_CPU1036,918,1036,3199,918,3199,p256_o256,256,256,mixed,2,83.93592608626932,78.96880524315159,20221.97806206532,256,12.659493508215888,958.381,47.919,49.959,3.74367578125,0.26711714860791275,36.566,0.459,10.894,70.2,40,Qwen2.5-14B-Instruct-Q4_K_M,llama.cpp,finegrained_gpu_emc
2026-06-03T18:47:21.415780,GPU918_CPU1036,918,1036,3199,918,3199,p512_o128,512,128,mixed,0,465.7449549995363,80.09584873225393,10638.409967068583,128,12.031873221301552,494.892,47.133,48.96,3.86634375,0.25864228963086894,35.994,0.494,10.645,70.1,21,Qwen2.5-14B-Instruct-Q4_K_M,llama.cpp,finegrained_gpu_emc
2026-06-03T18:47:32.467373,GPU918_CPU1036,918,1036,3199,918,3199,p512_o128,512,128,mixed,1,83.17073399666697,79.94862326776506,10237.148544052616,128,12.503481750722765,473.956,47.396,48.975,3.70278125,0.2700672636278473,36.156,0.459,10.78,70.0,20,Qwen2.5-14B-Instruct-Q4_K_M,llama.cpp,finegrained_gpu_emc
2026-06-03T18:47:43.519782,GPU918_CPU1036,918,1036,3199,918,3199,p512_o128,512,128,mixed,2,83.37190398015082,79.97151609422184,10240.254382952116,128,12.499689481649328,473.872,47.387,49.359,3.702125,0.2701151365769659,36.138,0.439,10.81,70.0,20,Qwen2.5-14B-Instruct-Q4_K_M,llama.cpp,finegrained_gpu_emc
2026-06-03T18:48:24.356018,GPU918_CPU1036,918,1036,3199,918,3199,p512_o512,512,512,mixed,0,83.98337801918387,78.13696424844046,40013.905383995734,512,12.795551823461436,1904.17,48.825,50.06,3.71908203125,0.2688835555648918,37.296,0.445,11.084,70.2,78,Qwen2.5-14B-Instruct-Q4_K_M,llama.cpp,finegrained_gpu_emc
2026-06-03T18:49:05.228984,GPU918_CPU1036,918,1036,3199,918,3199,p512_o512,512,512,mixed,1,89.51787801925093,78.19965426420971,40051.45553709008,512,12.783555382297079,1902.177,48.774,50.06,3.715189453125,0.26916527746892116,37.233,0.45,11.091,70.4,78,Qwen2.5-14B-Instruct-Q4_K_M,llama.cpp,finegrained_gpu_emc
2026-06-03T18:49:46.045966,GPU918_CPU1036,918,1036,3199,918,3199,p512_o512,512,512,mixed,2,88.99479394312948,78.09143257919706,39995.623650960624,512,12.801400584928812,1905.509,48.859,50.06,3.721697265625,0.26869461125610006,37.299,0.46,11.1,70.5,78,Qwen2.5-14B-Instruct-Q4_K_M,llama.cpp,finegrained_gpu_emc
2026-06-03T18:51:08.177583,GPU918_CPU1036,918,1036,3199,918,3199,p512_o1024,512,1024,mixed,0,88.94684899132699,79.37944662472268,81298.09708008543,1024,12.595620768236117,3838.625,48.59,50.459,3.7486572265625,0.26676218698101534,37.095,0.447,11.048,70.5,158,Qwen2.5-14B-Instruct-Q4_K_M,llama.cpp,finegrained_gpu_emc
2026-06-03T18:52:30.319496,GPU918_CPU1036,918,1036,3199,918,3199,p512_o1024,512,1024,mixed,1,89.59192491602153,79.38840943010831,81307.91321594734,1024,12.594100125043642,3839.367,48.6,50.06,3.7493818359375,0.2667106322474512,37.08,0.452,11.068,70.4,158,Qwen2.5-14B-Instruct-Q4_K_M,llama.cpp,finegrained_gpu_emc
2026-06-03T18:53:52.478668,GPU918_CPU1036,918,1036,3199,918,3199,p512_o1024,512,1024,mixed,2,89.48763692751527,79.40566289932345,81325.52719197702,1024,12.591372418438135,3837.992,48.582,50.076,3.7480390625,0.26680618406708506,37.084,0.447,11.052,70.3,158,Qwen2.5-14B-Instruct-Q4_K_M,llama.cpp,finegrained_gpu_emc
2026-06-03T18:54:03.915772,GPU918_CPU1036,918,1036,3199,918,3199,p1024_o128,1024,128,mixed,0,932.6083189807832,76.30705251175118,10624.097201041877,128,12.048082540834375,501.3,47.743,50.459,3.91640625,0.25533612607221223,36.484,0.475,10.784,70.1,21,Qwen2.5-14B-Instruct-Q4_K_M,llama.cpp,finegrained_gpu_emc
2026-06-03T18:54:14.495990,GPU918_CPU1036,918,1036,3199,918,3199,p1024_o128,1024,128,mixed,1,86.72941697295755,76.22421652767954,9767.704272991978,128,13.104409841105058,475.978,47.598,50.459,3.718578125,0.26891999210047524,36.214,0.479,10.905,70.0,20,Qwen2.5-14B-Instruct-Q4_K_M,llama.cpp,finegrained_gpu_emc
2026-06-03T18:54:25.075950,GPU918_CPU1036,918,1036,3199,918,3199,p1024_o128,1024,128,mixed,2,86.58653206657618,76.22069382662409,9767.123221070506,128,13.105189430176024,475.942,47.594,50.475,3.718296875,0.26894033306579374,36.215,0.459,10.92,70.0,20,Qwen2.5-14B-Instruct-Q4_K_M,llama.cpp,finegrained_gpu_emc
2026-06-03T18:55:04.527088,GPU918_CPU1036,918,1036,3199,918,3199,p1024_o512,1024,512,mixed,0,86.47923008538783,77.86333879129772,38630.43213507626,495,12.813731885503351,1841.937,49.118,50.459,3.7210848484848484,0.26873883308712515,37.527,0.442,11.15,70.1,75,Qwen2.5-14B-Instruct-Q4_K_M,llama.cpp,finegrained_gpu_emc
2026-06-03T18:55:45.166134,GPU918_CPU1036,918,1036,3199,918,3199,p1024_o512,1024,512,mixed,1,87.29210100136697,77.74590018775802,39817.346508963965,512,12.858717239852608,1914.322,49.085,50.06,3.73891015625,0.2674576168481583,37.467,0.455,11.163,70.2,78,Qwen2.5-14B-Instruct-Q4_K_M,llama.cpp,finegrained_gpu_emc
2026-06-03T18:56:25.812098,GPU918_CPU1036,918,1036,3199,918,3199,p1024_o512,1024,512,mixed,2,87.08004909567535,77.76462644021484,39826.7329800874,512,12.85568666292538,1509.897,48.706,50.459,2.949017578125,0.3390959780700273,37.155,0.457,11.094,70.2,62,Qwen2.5-14B-Instruct-Q4_K_M,llama.cpp,finegrained_gpu_emc
2026-06-03T18:57:48.035569,GPU918_CPU1036,918,1036,3199,918,3199,p1024_o1024,1024,1024,mixed,0,87.37058890983462,79.47104287589605,81390.18374599982,1024,12.581369802477289,3855.702,48.806,50.459,3.765333984375,0.2655806906239123,37.255,0.457,11.095,70.2,158,Qwen2.5-14B-Instruct-Q4_K_M,llama.cpp,finegrained_gpu_emc
2026-06-03T18:58:05.181419,GPU918_CPU1036,918,1036,3199,918,3199,p1024_o1024,1024,1024,mixed,1,88.37171096820384,76.59834713269008,16327.86651107017,212,12.983937604846634,781.99,48.874,50.358,3.6886320754716984,0.2711032110385043,37.317,0.436,11.121,70.1,32,Qwen2.5-14B-Instruct-Q4_K_M,llama.cpp,finegrained_gpu_emc
2026-06-03T18:59:27.322633,GPU918_CPU1036,918,1036,3199,918,3199,p1024_o1024,1024,1024,mixed,2,86.99632005300373,79.3906406040612,81307.50718305353,1024,12.594163017377891,3857.148,48.825,50.459,3.76674609375,0.2654811275066448,37.287,0.447,11.091,70.2,158,Qwen2.5-14B-Instruct-Q4_K_M,llama.cpp,finegrained_gpu_emc
2026-06-03T18:59:39.973963,GPU918_CPU1036,918,1036,3199,918,3199,p2048_o128,2048,128,mixed,0,1908.0075069796294,78.18491278696571,11838.010807987303,128,10.81262739797773,561.231,46.769,50.358,4.3846171875,0.22807008165978002,35.856,0.482,10.432,70.0,24,Qwen2.5-14B-Instruct-Q4_K_M,llama.cpp,finegrained_gpu_emc
2026-06-03T18:59:50.801498,GPU918_CPU1036,918,1036,3199,918,3199,p2048_o128,2048,128,mixed,1,87.84139901399612,78.16259877107245,10015.038980985992,128,12.780779010747121,485.442,48.544,50.358,3.792515625,0.26367722611558125,37.089,0.439,11.016,70.1,20,Qwen2.5-14B-Instruct-Q4_K_M,llama.cpp,finegrained_gpu_emc
2026-06-03T19:00:01.629627,GPU918_CPU1036,918,1036,3199,918,3199,p2048_o128,2048,128,mixed,2,87.8476349171251,78.16624889007264,10015.48542198725,128,12.780209306580222,484.108,48.411,50.358,3.78209375,0.264403810719922,36.951,0.459,11.001,70.1,20,Qwen2.5-14B-Instruct-Q4_K_M,llama.cpp,finegrained_gpu_emc
2026-06-03T19:00:42.818598,GPU918_CPU1036,918,1036,3199,918,3199,p2048_o512,2048,512,mixed,0,88.14947702921927,78.82075335027618,40367.528661037795,512,12.683461608443116,1942.778,49.184,50.374,3.79448828125,0.26354014715011187,37.604,0.46,11.121,70.3,79,Qwen2.5-14B-Instruct-Q4_K_M,llama.cpp,finegrained_gpu_emc
2026-06-03T19:01:23.958696,GPU918_CPU1036,918,1036,3199,918,3199,p2048_o512,2048,512,mixed,1,94.8678069980815,78.71171473976545,40318.51168698631,512,12.698881446193344,1944.105,49.218,50.374,3.797080078125,0.26336026089125847,37.63,0.449,11.139,70.5,79,Qwen2.5-14B-Instruct-Q4_K_M,llama.cpp,finegrained_gpu_emc
2026-06-03T19:02:05.117368,GPU918_CPU1036,918,1036,3199,918,3199,p2048_o512,2048,512,mixed,2,94.07595591619611,78.75015150114106,40337.35215989873,512,12.692950146316333,1948.732,49.335,50.475,3.8061171875,0.2627349476480091,37.713,0.455,11.168,70.5,79,Qwen2.5-14B-Instruct-Q4_K_M,llama.cpp,finegrained_gpu_emc
2026-06-03T19:02:20.120750,GPU1020_CPU1036,1020,1036,3199,1020,3199,p64_o64,64,64,decode,0,77.30262901168317,75.74284357196163,4849.351016106084,64,13.197642279850987,238.778,47.756,49.677,3.73090625,0.26803139317692587,36.285,0.479,10.992,69.8,10,Qwen2.5-14B-Instruct-Q4_K_M,llama.cpp,finegrained_gpu_emc
2026-06-03T19:02:25.789330,GPU1020_CPU1036,1020,1036,3199,1020,3199,p64_o64,64,64,decode,1,77.57421606220305,75.87275110990814,4857.807802036405,64,13.174666970803383,232.834,46.567,49.576,3.63803125,0.2748739445270021,35.368,0.479,10.719,69.7,10,Qwen2.5-14B-Instruct-Q4_K_M,llama.cpp,finegrained_gpu_emc
2026-06-03T19:02:31.458203,GPU1020_CPU1036,1020,1036,3199,1020,3199,p64_o64,64,64,decode,2,77.27407396305352,75.88245814281797,4858.126180013642,64,13.173803567164715,232.828,46.566,49.476,3.6379375,0.27488102805504494,35.367,0.439,10.76,69.7,10,Qwen2.5-14B-Instruct-Q4_K_M,llama.cpp,finegrained_gpu_emc
2026-06-03T19:02:41.996348,GPU1020_CPU1036,1020,1036,3199,1020,3199,p128_o128,128,128,decode,0,77.44396605994552,75.96691278740764,9725.719318958,128,13.160980262970796,472.209,47.221,50.076,3.6891328125,0.2710664133889867,35.887,0.459,10.875,69.8,20,Qwen2.5-14B-Instruct-Q4_K_M,llama.cpp,finegrained_gpu_emc
2026-06-03T19:02:52.516336,GPU1020_CPU1036,1020,1036,3199,1020,3199,p128_o128,128,128,decode,1,76.98572205845267,75.83076238547869,9707.973495009355,128,13.185038058231395,457.796,48.189,50.076,3.57653125,0.2796005207559699,36.723,0.462,11.004,69.9,19,Qwen2.5-14B-Instruct-Q4_K_M,llama.cpp,finegrained_gpu_emc
2026-06-03T19:03:03.052520,GPU1020_CPU1036,1020,1036,3199,1020,3199,p128_o128,128,128,decode,2,77.56562903523445,75.94806240966881,9723.453031969257,128,13.164047749205471,457.166,48.123,49.677,3.571609375,0.279985825717573,36.678,0.42,11.025,69.8,19,Qwen2.5-14B-Instruct-Q4_K_M,llama.cpp,finegrained_gpu_emc
2026-06-03T19:03:44.190210,GPU1020_CPU1036,1020,1036,3199,1020,3199,p128_o512,128,512,decode,0,77.62065401766449,78.74131259880231,40316.3429669803,512,12.699564551758472,1908.636,48.32,49.975,3.7278046875,0.26825439738116647,36.888,0.434,10.997,70.1,79,Qwen2.5-14B-Instruct-Q4_K_M,llama.cpp,finegrained_gpu_emc
2026-06-03T19:04:25.368292,GPU1020_CPU1036,1020,1036,3199,1020,3199,p128_o512,128,512,decode,1,83.02123902831227,78.80909934251727,40356.40865901951,512,12.686956471424518,1905.862,48.25,49.975,3.72238671875,0.2686448441702495,36.833,0.444,10.972,70.2,79,Qwen2.5-14B-Instruct-Q4_K_M,llama.cpp,finegrained_gpu_emc
2026-06-03T19:05:06.555487,GPU1020_CPU1036,1020,1036,3199,1020,3199,p128_o512,128,512,decode,2,83.06488301604986,78.82643213113788,40365.28244800866,512,12.684167406965798,1904.99,48.228,49.975,3.72068359375,0.26876781505414726,36.811,0.449,10.967,70.3,79,Qwen2.5-14B-Instruct-Q4_K_M,llama.cpp,finegrained_gpu_emc
2026-06-03T19:05:26.966248,GPU1020_CPU1036,1020,1036,3199,1020,3199,p256_o256,256,256,decode,0,83.13213696237653,76.51355960771588,19595.043513923883,256,13.06452827308554,936.608,48.031,49.959,3.658625,0.2733267279374082,36.581,0.44,11.01,70.3,39,Qwen2.5-14B-Instruct-Q4_K_M,llama.cpp,finegrained_gpu_emc
2026-06-03T19:05:47.353246,GPU1020_CPU1036,1020,1036,3199,1020,3199,p256_o256,256,256,decode,1,82.64679799322039,76.42452260798902,19571.849963977,256,13.080010345020076,936.296,48.015,49.959,3.65740625,0.2734178080436101,36.601,0.43,10.985,70.4,39,Qwen2.5-14B-Instruct-Q4_K_M,llama.cpp,finegrained_gpu_emc
2026-06-03T19:06:07.718090,GPU1020_CPU1036,1020,1036,3199,1020,3199,p256_o256,256,256,decode,2,82.5331910746172,76.33752881951045,19549.549645977095,256,13.094930810985698,938.704,48.139,49.959,3.6668125,0.27271642605123664,36.701,0.44,10.997,70.4,39,Qwen2.5-14B-Instruct-Q4_K_M,llama.cpp,finegrained_gpu_emc
2026-06-03T19:06:18.261811,GPU1020_CPU1036,1020,1036,3199,1020,3199,p512_o128,512,128,decode,0,82.61497505009174,75.96920543225615,9731.222999980673,128,13.153536816518768,456.378,48.04,49.959,3.565453125,0.28046926013085643,36.563,0.462,11.014,70.3,19,Qwen2.5-14B-Instruct-Q4_K_M,llama.cpp,finegrained_gpu_emc
2026-06-03T19:06:28.800206,GPU1020_CPU1036,1020,1036,3199,1020,3199,p512_o128,512,128,decode,1,77.01976399403065,75.97324399985226,9726.107566966675,128,13.160454901273514,456.306,48.032,49.959,3.564890625,0.2805135150534948,36.587,0.441,11.004,70.3,19,Qwen2.5-14B-Instruct-Q4_K_M,llama.cpp,finegrained_gpu_emc
2026-06-03T19:06:39.336497,GPU1020_CPU1036,1020,1036,3199,1020,3199,p512_o128,512,128,decode,2,77.4320550262928,75.95081707851331,9723.667831043713,128,13.163756950987992,456.778,48.082,49.959,3.568578125,0.2802236535034524,36.626,0.441,11.014,70.2,19,Qwen2.5-14B-Instruct-Q4_K_M,llama.cpp,finegrained_gpu_emc
2026-06-03T19:07:20.509368,GPU1020_CPU1036,1020,1036,3199,1020,3199,p512_o512,512,512,decode,0,77.08160800393671,78.80956818210234,40350.68160202354,512,12.688757157805329,1908.311,48.312,49.959,3.727169921875,0.26830008316254533,36.878,0.45,10.985,70.4,79,Qwen2.5-14B-Instruct-Q4_K_M,llama.cpp,finegrained_gpu_emc
2026-06-03T19:07:39.912589,GPU1020_CPU1036,1020,1036,3199,1020,3199,p512_o512,512,512,decode,1,83.04534805938601,76.15025975637538,18588.095001061447,243,13.07288347655442,890.921,48.158,49.975,3.6663415637860086,0.27275145607747486,36.713,0.442,11.003,70.4,37,Qwen2.5-14B-Instruct-Q4_K_M,llama.cpp,finegrained_gpu_emc
2026-06-03T19:08:21.084761,GPU1020_CPU1036,1020,1036,3199,1020,3199,p512_o512,512,512,decode,2,77.06278702244163,78.8102469825297,40350.97896202933,512,12.688663650064031,1905.892,48.25,49.975,3.7224453125,0.2686406155228103,36.821,0.449,10.98,70.4,79,Qwen2.5-14B-Instruct-Q4_K_M,llama.cpp,finegrained_gpu_emc
2026-06-03T19:09:31.876691,GPU1020_CPU1036,1020,1036,3199,1020,3199,p512_o1024,512,1024,decode,0,83.36498402059078,78.77904401685302,69961.93126798607,887,12.678323538588234,3299.114,48.516,49.975,3.7194069898534385,0.26886006364132914,37.022,0.449,11.046,70.5,136,Qwen2.5-14B-Instruct-Q4_K_M,llama.cpp,finegrained_gpu_emc
2026-06-03T19:10:53.757851,GPU1020_CPU1036,1020,1036,3199,1020,3199,p512_o1024,512,1024,decode,1,83.35301198530942,79.1396476871872,81047.22808394581,1024,12.63460853885561,3819.288,48.345,49.975,3.7297734375,0.2681128000821095,36.864,0.46,11.022,70.4,158,Qwen2.5-14B-Instruct-Q4_K_M,llama.cpp,finegrained_gpu_emc
2026-06-03T19:12:04.223469,GPU1020_CPU1036,1020,1036,3199,1020,3199,p512_o1024,512,1024,decode,2,83.76327296718955,78.85467567429302,69635.04535099491,882,12.666036125262584,3289.37,48.373,50.06,3.7294444444444443,0.26813645166095634,36.896,0.452,11.025,70.3,136,Qwen2.5-14B-Instruct-Q4_K_M,llama.cpp,finegrained_gpu_emc
2026-06-03T19:12:14.782609,GPU1020_CPU1036,1020,1036,3199,1020,3199,p1024_o128,1024,128,decode,0,83.19663594011217,76.08741652000491,9746.776542975567,128,13.132546892361937,470.268,47.027,49.959,3.67396875,0.2721852220436007,35.733,0.459,10.835,70.1,20,Qwen2.5-14B-Instruct-Q4_K_M,llama.cpp,finegrained_gpu_emc
2026-06-03T19:12:25.314866,GPU1020_CPU1036,1020,1036,3199,1020,3199,p1024_o128,1024,128,decode,1,77.6654640212655,75.89226376309287,9716.459210962057,128,13.173523113809924,456.674,48.071,49.56,3.567765625,0.2802874698362508,36.626,0.42,11.025,70.1,19,Qwen2.5-14B-Instruct-Q4_K_M,llama.cpp,finegrained_gpu_emc
2026-06-03T19:12:35.840643,GPU1020_CPU1036,1020,1036,3199,1020,3199,p1024_o128,1024,128,decode,2,77.06400600727648,75.87299857464598,9713.411937933415,128,13.177655886303608,456.567,48.06,49.959,3.5669296875,0.2803531573679219,36.625,0.42,11.014,70.0,19,Qwen2.5-14B-Instruct-Q4_K_M,llama.cpp,finegrained_gpu_emc
2026-06-03T19:13:17.010793,GPU1020_CPU1036,1020,1036,3199,1020,3199,p1024_o512,1024,512,decode,0,76.99633296579123,78.80547493942257,40348.54529390577,512,12.689428981156658,1905.718,48.246,49.959,3.72210546875,0.2686651435312045,36.838,0.434,10.973,70.1,79,Qwen2.5-14B-Instruct-Q4_K_M,llama.cpp,finegrained_gpu_emc
2026-06-03T19:13:58.196353,GPU1020_CPU1036,1020,1036,3199,1020,3199,p1024_o512,1024,512,decode,1,83.19785993080586,78.8233252310553,40363.86080097873,512,12.684614153351387,1903.503,48.19,49.875,3.717779296875,0.26897777413537044,36.769,0.449,10.972,70.2,79,Qwen2.5-14B-Instruct-Q4_K_M,llama.cpp,finegrained_gpu_emc
2026-06-03T19:14:39.389699,GPU1020_CPU1036,1020,1036,3199,1020,3199,p1024_o512,1024,512,decode,2,82.88057206664234,78.83877988445433,40371.371368994005,512,12.682254346039528,1906.586,48.268,49.959,3.72380078125,0.2685428299588899,36.845,0.444,10.978,70.3,79,Qwen2.5-14B-Instruct-Q4_K_M,llama.cpp,finegrained_gpu_emc
2026-06-03T19:16:01.363329,GPU1020_CPU1036,1020,1036,3199,1020,3199,p1024_o1024,1024,1024,decode,0,83.124298020266,79.23054035294633,81139.87019204069,1024,12.620182871582262,3793.512,48.019,49.576,3.7046015625,0.269934561957363,36.553,0.442,11.024,70.3,158,Qwen2.5-14B-Instruct-Q4_K_M,llama.cpp,finegrained_gpu_emc
2026-06-03T19:17:23.477015,GPU1020_CPU1036,1020,1036,3199,1020,3199,p1024_o1024,1024,1024,decode,1,83.24196108151227,79.36747933128886,81280.11895902455,1024,12.598406758191697,3779.925,47.847,49.262,3.6913330078125,0.2709048459956216,36.373,0.452,11.022,70.3,158,Qwen2.5-14B-Instruct-Q4_K_M,llama.cpp,finegrained_gpu_emc
2026-06-03T19:18:45.612539,GPU1020_CPU1036,1020,1036,3199,1020,3199,p1024_o1024,1024,1024,decode,2,83.8763159699738,79.38790817110947,81301.7974869581,1024,12.595047485441677,3779.446,47.841,49.161,3.690865234375,0.27093917997505457,36.386,0.45,11.006,70.3,158,Qwen2.5-14B-Instruct-Q4_K_M,llama.cpp,finegrained_gpu_emc
2026-06-03T19:18:56.198898,GPU1020_CPU1036,1020,1036,3199,1020,3199,p2048_o128,2048,128,decode,0,84.21143901068717,76.28804749596542,9773.274264065549,128,13.096941366992166,465.338,46.534,49.161,3.635453125,0.275068874667446,35.254,0.439,10.841,70.2,20,Qwen2.5-14B-Instruct-Q4_K_M,llama.cpp,finegrained_gpu_emc
2026-06-03T19:19:06.759513,GPU1020_CPU1036,1020,1036,3199,1020,3199,p2048_o128,2048,128,decode,1,77.92048691771924,76.13750562203799,9747.881549992599,128,13.131058204138435,465.834,46.583,49.161,3.639328125,0.27477599316494716,35.329,0.399,10.856,70.2,20,Qwen2.5-14B-Instruct-Q4_K_M,llama.cpp,finegrained_gpu_emc
2026-06-03T19:19:17.328015,GPU1020_CPU1036,1020,1036,3199,1020,3199,p2048_o128,2048,128,decode,2,77.60190207045525,76.20655180332727,9756.320695043541,128,13.119699936168278,465.066,46.507,49.046,3.633328125,0.27522975233622754,35.253,0.419,10.835,70.1,20,Qwen2.5-14B-Instruct-Q4_K_M,llama.cpp,finegrained_gpu_emc
2026-06-03T19:19:58.646260,GPU1020_CPU1036,1020,1036,3199,1020,3199,p2048_o512,2048,512,decode,0,77.17445399612188,79.56250045470541,40496.833779034205,509,12.568883848482907,1885.85,47.743,49.262,3.705009823182711,0.26990481745631945,36.323,0.444,10.976,70.3,79,Qwen2.5-14B-Instruct-Q4_K_M,llama.cpp,finegrained_gpu_emc
2026-06-03T19:20:39.957690,GPU1020_CPU1036,1020,1036,3199,1020,3199,p2048_o512,2048,512,decode,1,83.58477707952261,79.06838630325181,40489.46682503447,512,12.64526406861531,1887.307,47.78,49.161,3.686146484375,0.271286017590143,36.34,0.419,11.02,70.3,79,Qwen2.5-14B-Instruct-Q4_K_M,llama.cpp,finegrained_gpu_emc
2026-06-03T19:21:21.287520,GPU1020_CPU1036,1020,1036,3199,1020,3199,p2048_o512,2048,512,decode,2,82.87234895396978,79.10580190017987,40507.91917392053,512,12.639503841254616,1884.991,47.721,49.161,3.681623046875,0.27161933399151506,36.304,0.439,10.978,70.3,79,Qwen2.5-14B-Instruct-Q4_K_M,llama.cpp,finegrained_gpu_emc
2026-06-03T19:21:27.053486,GPU1020_CPU1036,1020,1036,3199,1020,3199,p64_o64,64,64,mixed,0,155.1989949075505,76.18442074661809,4955.076633952558,64,12.916046456570859,229.466,45.893,49.161,3.58540625,0.27890842216276046,34.755,0.439,10.699,70.0,10,Qwen2.5-14B-Instruct-Q4_K_M,llama.cpp,finegrained_gpu_emc
2026-06-03T19:21:32.732730,GPU1020_CPU1036,1020,1036,3199,1020,3199,p64_o64,64,64,mixed,1,77.80355995055288,76.03347869885583,4868.17837797571,64,13.146601260451868,230.088,46.018,48.777,3.595125,0.27815444525572824,34.879,0.399,10.74,70.0,10,Qwen2.5-14B-Instruct-Q4_K_M,llama.cpp,finegrained_gpu_emc
2026-06-03T19:21:38.411962,GPU1020_CPU1036,1020,1036,3199,1020,3199,p64_o64,64,64,mixed,2,77.7606499614194,76.03276806462202,4868.115113931708,64,13.146772108334703,231.721,46.344,49.176,3.620640625,0.27619421632048885,35.076,0.439,10.83,69.9,10,Qwen2.5-14B-Instruct-Q4_K_M,llama.cpp,finegrained_gpu_emc
2026-06-03T19:21:49.077870,GPU1020_CPU1036,1020,1036,3199,1020,3199,p128_o128,128,128,mixed,0,177.61979694478214,76.18447975622212,9853.537807939574,128,12.990258168681596,467.004,46.7,49.262,3.64846875,0.27408758811487693,35.396,0.459,10.846,70.0,20,Qwen2.5-14B-Instruct-Q4_K_M,llama.cpp,finegrained_gpu_emc
2026-06-03T19:21:59.633644,GPU1020_CPU1036,1020,1036,3199,1020,3199,p128_o128,128,128,mixed,1,77.90324208326638,76.10200046411327,9743.387502036057,128,13.137114784078133,465.841,46.584,49.161,3.6393828125,0.27477186421976596,35.275,0.459,10.85,69.9,20,Qwen2.5-14B-Instruct-Q4_K_M,llama.cpp,finegrained_gpu_emc
2026-06-03T19:22:10.188636,GPU1020_CPU1036,1020,1036,3199,1020,3199,p128_o128,128,128,mixed,2,77.72017503157258,76.09638539381237,9742.454073973931,128,13.138373455815431,466.136,46.614,49.161,3.6416875,0.2745979714074862,35.315,0.459,10.84,69.9,20,Qwen2.5-14B-Instruct-Q4_K_M,llama.cpp,finegrained_gpu_emc
2026-06-03T19:22:51.423098,GPU1020_CPU1036,1020,1036,3199,1020,3199,p128_o512,128,512,mixed,0,77.92894099839032,78.93001784341786,40413.11952203978,512,12.669153137776823,1889.906,47.846,49.161,3.69122265625,0.2709129448766235,36.427,0.439,10.98,70.1,79,Qwen2.5-14B-Instruct-Q4_K_M,llama.cpp,finegrained_gpu_emc
2026-06-03T19:23:32.665895,GPU1020_CPU1036,1020,1036,3199,1020,3199,p128_o512,128,512,mixed,1,83.66983500309289,78.93387162046409,40420.800736988895,512,12.66674560287647,1891.616,47.889,49.277,3.6945625,0.27066804256254967,36.45,0.439,11.0,70.1,79,Qwen2.5-14B-Instruct-Q4_K_M,llama.cpp,finegrained_gpu_emc
2026-06-03T19:24:13.968976,GPU1020_CPU1036,1020,1036,3199,1020,3199,p128_o512,128,512,mixed,2,84.61286791134626,79.05058866346695,40481.38268990442,512,12.647789328789077,1890.13,47.851,49.461,3.69166015625,0.2708808388840979,36.368,0.49,10.994,70.2,79,Qwen2.5-14B-Instruct-Q4_K_M,llama.cpp,finegrained_gpu_emc
2026-06-03T19:24:35.244380,GPU1020_CPU1036,1020,1036,3199,1020,3199,p256_o256,256,256,mixed,0,258.2788879517466,79.21741014510832,20459.66444700025,256,12.512424173092151,949.646,47.482,49.56,3.7095546875,0.2695741360464847,36.167,0.419,10.896,70.1,40,Qwen2.5-14B-Instruct-Q4_K_M,llama.cpp,finegrained_gpu_emc
2026-06-03T19:24:56.332294,GPU1020_CPU1036,1020,1036,3199,1020,3199,p256_o256,256,256,mixed,1,83.83627899456769,79.16681907441028,20272.32399501372,256,12.628053895693803,951.846,47.592,49.86,3.7181484375,0.2689510698159156,36.147,0.519,10.926,70.2,40,Qwen2.5-14B-Instruct-Q4_K_M,llama.cpp,finegrained_gpu_emc
2026-06-03T19:25:17.412499,GPU1020_CPU1036,1020,1036,3199,1020,3199,p256_o256,256,256,mixed,2,84.05573607888073,79.13550933704292,20264.587596990168,256,12.63287489936498,949.128,47.456,49.176,3.70753125,0.26972125993543544,36.129,0.429,10.899,70.1,40,Qwen2.5-14B-Instruct-Q4_K_M,llama.cpp,finegrained_gpu_emc
2026-06-03T19:25:28.886214,GPU1020_CPU1036,1020,1036,3199,1020,3199,p512_o128,512,128,mixed,0,467.93700207490474,80.25728292876899,10661.104056052864,128,12.006261202124534,489.378,46.607,48.576,3.823265625,0.2615565064224383,35.516,0.437,10.655,70.0,21,Qwen2.5-14B-Instruct-Q4_K_M,llama.cpp,finegrained_gpu_emc
2026-06-03T19:25:39.963328,GPU1020_CPU1036,1020,1036,3199,1020,3199,p512_o128,512,128,mixed,1,83.64384097512811,80.1625298821976,10264.7902170429,128,12.469811588304868,483.721,46.069,48.476,3.7790703125,0.26461534644970963,35.025,0.399,10.644,69.9,21,Qwen2.5-14B-Instruct-Q4_K_M,llama.cpp,finegrained_gpu_emc
2026-06-03T19:25:51.038859,GPU1020_CPU1036,1020,1036,3199,1020,3199,p512_o128,512,128,mixed,2,83.70915404520929,80.15058544926404,10263.334268005565,128,12.47158054658915,483.132,46.013,48.476,3.77446875,0.2649379465653279,34.988,0.418,10.606,69.9,21,Qwen2.5-14B-Instruct-Q4_K_M,llama.cpp,finegrained_gpu_emc
2026-06-03T19:26:31.992399,GPU1020_CPU1036,1020,1036,3199,1020,3199,p512_o512,512,512,mixed,0,83.36647099349648,78.36822505266663,40131.47050491534,512,12.758067261385046,1884.379,48.317,49.56,3.680427734375,0.27170754927750734,36.752,0.496,11.069,70.1,78,Qwen2.5-14B-Instruct-Q4_K_M,llama.cpp,finegrained_gpu_emc
2026-06-03T19:27:12.975530,GPU1020_CPU1036,1020,1036,3199,1020,3199,p512_o512,512,512,mixed,1,89.67932395171374,78.41490271616064,40161.665083956905,512,12.748475416287583,1895.562,47.989,49.661,3.70226953125,0.27010459167254885,36.531,0.444,11.014,70.1,79,Qwen2.5-14B-Instruct-Q4_K_M,llama.cpp,finegrained_gpu_emc
2026-06-03T19:27:53.988954,GPU1020_CPU1036,1020,1036,3199,1020,3199,p512_o512,512,512,mixed,2,89.91593401879072,78.4727684090027,40191.445719101466,512,12.739029184925933,1895.896,47.997,49.661,3.702921875,0.27005700734639454,36.51,0.444,11.043,70.2,79,Qwen2.5-14B-Instruct-Q4_K_M,llama.cpp,finegrained_gpu_emc
2026-06-03T19:29:16.391376,GPU1020_CPU1036,1020,1036,3199,1020,3199,p512_o1024,512,1024,mixed,0,90.58469801675528,79.64242761476714,81568.77523392905,1024,12.553823409304554,3816.642,48.008,50.16,3.727189453125,0.26829867721415845,36.498,0.469,11.041,70.3,159,Qwen2.5-14B-Instruct-Q4_K_M,llama.cpp,finegrained_gpu_emc
2026-06-03T19:30:38.747001,GPU1020_CPU1036,1020,1036,3199,1020,3199,p512_o1024,512,1024,mixed,1,90.60768189374357,79.59677912520185,81522.08896598313,1024,12.561012763390869,3813.836,47.973,49.56,3.72444921875,0.2684960758669225,36.497,0.434,11.042,70.2,159,Qwen2.5-14B-Instruct-Q4_K_M,llama.cpp,finegrained_gpu_emc
2026-06-03T19:32:01.066654,GPU1020_CPU1036,1020,1036,3199,1020,3199,p512_o1024,512,1024,mixed,2,89.75201798602939,79.56196532360772,81485.64024001826,1024,12.56663133508897,3814.21,47.977,49.661,3.724814453125,0.2684697486504414,36.486,0.439,11.052,70.3,159,Qwen2.5-14B-Instruct-Q4_K_M,llama.cpp,finegrained_gpu_emc
2026-06-03T19:32:12.527744,GPU1020_CPU1036,1020,1036,3199,1020,3199,p1024_o128,1024,128,mixed,0,936.4109359448776,76.46672606310536,10648.201189935207,128,12.020809685769926,496.338,47.27,49.661,3.877640625,0.25788877740571947,36.064,0.437,10.769,70.1,21,Qwen2.5-14B-Instruct-Q4_K_M,llama.cpp,finegrained_gpu_emc
2026-06-03T19:32:23.126949,GPU1020_CPU1036,1020,1036,3199,1020,3199,p1024_o128,1024,128,mixed,1,86.86174696777016,76.37439239366846,9786.918969010003,128,13.078681902374825,471.286,47.129,49.661,3.681921875,0.271597289119558,35.774,0.439,10.916,70.1,20,Qwen2.5-14B-Instruct-Q4_K_M,llama.cpp,finegrained_gpu_emc
2026-06-03T19:32:33.722782,GPU1020_CPU1036,1020,1036,3199,1020,3199,p1024_o128,1024,128,mixed,2,86.69144590385258,76.34584669309749,9783.118758001365,128,13.083762260916238,470.934,47.093,49.661,3.679171875,0.2718002947334446,35.774,0.439,10.881,70.1,20,Qwen2.5-14B-Instruct-Q4_K_M,llama.cpp,finegrained_gpu_emc
2026-06-03T19:33:14.464879,GPU1020_CPU1036,1020,1036,3199,1020,3199,p1024_o512,1024,512,mixed,0,86.90545405261219,77.94818475932692,39920.45746801887,512,12.825504327203017,1893.67,48.556,49.661,3.69857421875,0.2703744580629149,36.986,0.425,11.145,70.2,78,Qwen2.5-14B-Instruct-Q4_K_M,llama.cpp,finegrained_gpu_emc
2026-06-03T19:33:55.232197,GPU1020_CPU1036,1020,1036,3199,1020,3199,p1024_o512,1024,512,mixed,1,87.1673310175538,77.9970077357625,39945.625310065225,512,12.817423585831056,1894.414,48.575,50.16,3.70002734375,0.2702682729329492,36.982,0.435,11.158,70.3,78,Qwen2.5-14B-Instruct-Q4_K_M,llama.cpp,finegrained_gpu_emc
2026-06-03T19:34:36.052609,GPU1020_CPU1036,1020,1036,3199,1020,3199,p1024_o512,1024,512,mixed,2,87.74246892426163,78.10092632113837,39999.23485994805,512,12.80024484950023,1899.54,48.706,49.661,3.7100390625,0.26953894100677006,36.936,0.614,11.156,70.4,78,Qwen2.5-14B-Instruct-Q4_K_M,llama.cpp,finegrained_gpu_emc
2026-06-03T19:35:58.828522,GPU1020_CPU1036,1020,1036,3199,1020,3199,p1024_o1024,1024,1024,mixed,0,87.68095797859132,80.01004131376573,81941.91494397819,1024,12.4966569392488,3895.571,48.695,50.66,3.8042685546875,0.2628626201396406,36.6,0.97,11.124,70.6,160,Qwen2.5-14B-Instruct-Q4_K_M,llama.cpp,finegrained_gpu_emc
2026-06-03T19:37:15.623502,GPU1020_CPU1036,1020,1036,3199,1020,3199,p1024_o1024,1024,1024,mixed,1,87.39222399890423,79.95019126157885,75962.21415593755,949,12.493053428535719,3625.584,48.994,50.16,3.820425711275026,0.2617509344701433,36.64,1.159,11.195,70.6,148,Qwen2.5-14B-Instruct-Q4_K_M,llama.cpp,finegrained_gpu_emc
2026-06-03T19:38:47.899167,GPU1020_CPU1036,1020,1036,3199,1020,3199,p1024_o1024,1024,1024,mixed,2,87.72202907130122,89.29299708204991,91438.45918006264,1024,11.198788881421509,3601.815,40.47,51.459,3.5173974609375,0.2843011093018381,28.678,1.067,10.724,69.3,178,Qwen2.5-14B-Instruct-Q4_K_M,llama.cpp,finegrained_gpu_emc
2026-06-03T19:39:02.540849,GPU1020_CPU1036,1020,1036,3199,1020,3199,p2048_o128,2048,128,mixed,0,2338.2742289686576,90.46111352774717,13827.364992001094,128,9.257005949726931,509.393,36.385,39.891,3.9796328125,0.2512794639894934,25.42,1.026,9.939,67.9,28,Qwen2.5-14B-Instruct-Q4_K_M,llama.cpp,finegrained_gpu_emc
2026-06-03T19:39:14.951730,GPU1020_CPU1036,1020,1036,3199,1020,3199,p2048_o128,2048,128,mixed,1,100.98270594608039,90.52429981089718,11598.094991990365,128,11.036295192305003,439.559,38.223,39.493,3.4340546875,0.2912009536831233,26.589,1.145,10.488,67.7,23,Qwen2.5-14B-Instruct-Q4_K_M,llama.cpp,finegrained_gpu_emc
2026-06-03T19:39:27.384151,GPU1020_CPU1036,1020,1036,3199,1020,3199,p2048_o128,2048,128,mixed,2,100.86638503707945,90.69470150348562,11619.609543005936,128,11.015860690176602,433.115,37.662,39.392,3.3837109375,0.2955335188114011,26.502,0.694,10.466,67.5,23,Qwen2.5-14B-Instruct-Q4_K_M,llama.cpp,finegrained_gpu_emc
2026-06-03T19:40:14.754017,GPU1020_CPU1036,1020,1036,3199,1020,3199,p2048_o512,2048,512,mixed,0,100.70378705859184,90.88786579249336,46546.422490035184,512,10.99977125222912,1763.51,38.758,39.891,3.44435546875,0.29033008035111796,27.07,1.07,10.618,67.4,91,Qwen2.5-14B-Instruct-Q4_K_M,llama.cpp,finegrained_gpu_emc
2026-06-03T19:41:02.123036,GPU1020_CPU1036,1020,1036,3199,1020,3199,p2048_o512,2048,512,mixed,1,107.06835496239364,90.8729694519418,46545.121371978894,512,11.000078738826415,1750.974,38.483,39.093,3.41987109375,0.2924086822534201,27.096,0.776,10.611,67.2,91,Qwen2.5-14B-Instruct-Q4_K_M,llama.cpp,finegrained_gpu_emc
2026-06-03T19:41:50.179674,GPU1020_CPU1036,1020,1036,3199,1020,3199,p2048_o512,2048,512,mixed,2,107.05385904293507,92.21856192951756,47232.73129097652,512,10.839940566761467,1808.24,39.31,40.392,3.53171875,0.28314825465646154,26.914,1.714,10.682,67.2,92,Qwen2.5-14B-Instruct-Q4_K_M,llama.cpp,finegrained_gpu_emc
2026-06-03T19:42:05.885890,GPU1122_CPU1036,1122,1036,3199,1122,3199,p64_o64,64,64,decode,0,84.00499098934233,82.80003042928578,5300.674767000601,64,12.073934510834844,229.563,41.739,43.888,3.586921875,0.27879057165135496,29.065,1.923,10.751,67.0,11,Qwen2.5-14B-Instruct-Q4_K_M,llama.cpp,finegrained_gpu_emc
2026-06-03T19:42:12.059436,GPU1122_CPU1036,1122,1036,3199,1122,3199,p64_o64,64,64,decode,1,84.40102892927825,83.76703026985365,5361.987410928123,64,11.93587285743404,234.174,42.577,45.287,3.65896875,0.2733010496468438,28.414,3.23,10.934,67.4,11,Qwen2.5-14B-Instruct-Q4_K_M,llama.cpp,finegrained_gpu_emc
2026-06-03T19:42:18.173035,GPU1122_CPU1036,1122,1036,3199,1122,3199,p64_o64,64,64,decode,2,84.39026994165033,82.81562990501583,5302.035485976376,64,12.07083584583258,225.107,40.929,43.488,3.517296875,0.28430923960605403,28.337,1.959,10.632,67.1,11,Qwen2.5-14B-Instruct-Q4_K_M,llama.cpp,finegrained_gpu_emc
2026-06-03T19:42:29.732857,GPU1122_CPU1036,1122,1036,3199,1122,3199,p128_o128,128,128,decode,0,83.60143494792283,83.9591600004525,10746.90238002222,128,11.91040873674851,447.084,40.644,42.786,3.49284375,0.28629966628195147,28.866,1.234,10.545,66.9,22,Qwen2.5-14B-Instruct-Q4_K_M,llama.cpp,finegrained_gpu_emc
2026-06-03T19:42:41.270536,GPU1122_CPU1036,1122,1036,3199,1122,3199,p128_o128,128,128,decode,1,83.76435399986804,83.76849639343142,10722.854700987227,128,11.937119691476875,432.759,41.215,42.787,3.3809296875,0.29577663318382746,29.349,1.198,10.669,66.8,21,Qwen2.5-14B-Instruct-Q4_K_M,llama.cpp,finegrained_gpu_emc
2026-06-03T19:42:52.943727,GPU1122_CPU1036,1122,1036,3199,1122,3199,p128_o128,128,128,decode,2,83.6197950411588,84.85059788923593,10860.132744070143,128,11.786227941816886,453.15,41.196,43.787,3.540234375,0.2824671742248704,28.872,1.688,10.636,67.1,22,Qwen2.5-14B-Instruct-Q4_K_M,llama.cpp,finegrained_gpu_emc
2026-06-03T19:43:38.011079,GPU1122_CPU1036,1122,1036,3199,1122,3199,p128_o512,128,512,decode,0,83.80085497628897,86.41561023287709,44244.207323063165,512,11.572136353612779,1796.02,41.288,43.387,3.5078515625,0.2850747764501509,29.463,1.165,10.659,67.2,87,Qwen2.5-14B-Instruct-Q4_K_M,llama.cpp,finegrained_gpu_emc
2026-06-03T19:44:23.152951,GPU1122_CPU1036,1122,1036,3199,1122,3199,p128_o512,128,512,decode,1,89.60866299457848,86.55096413686128,44319.077591993846,512,11.552587008094497,1798.61,41.347,42.888,3.51291015625,0.28466426851846705,29.439,1.248,10.661,67.3,87,Qwen2.5-14B-Instruct-Q4_K_M,llama.cpp,finegrained_gpu_emc
2026-06-03T19:45:08.339060,GPU1122_CPU1036,1122,1036,3199,1122,3199,p128_o512,128,512,decode,2,89.79530597571284,86.63656681601994,44363.00400691107,512,11.541148113419874,1800.676,41.395,42.988,3.5169453125,0.2843376598566316,29.431,1.303,10.661,67.3,87,Qwen2.5-14B-Instruct-Q4_K_M,llama.cpp,finegrained_gpu_emc
2026-06-03T19:45:30.612500,GPU1122_CPU1036,1122,1036,3199,1122,3199,p256_o256,256,256,decode,0,89.63299100287259,83.79150368227606,21457.41797599476,256,11.93060601636213,889.539,42.359,44.686,3.47476171875,0.2877895179413157,29.759,1.74,10.861,67.4,42,Qwen2.5-14B-Instruct-Q4_K_M,llama.cpp,finegrained_gpu_emc
2026-06-03T19:45:52.983949,GPU1122_CPU1036,1122,1036,3199,1122,3199,p256_o256,256,256,decode,1,89.27819109521806,84.17201446250593,21554.191598086618,256,11.87704019587194,886.851,41.249,42.489,3.46426171875,0.2886617932437354,29.355,1.216,10.678,67.4,43,Qwen2.5-14B-Instruct-Q4_K_M,llama.cpp,finegrained_gpu_emc
2026-06-03T19:46:15.408866,GPU1122_CPU1036,1122,1036,3199,1122,3199,p256_o256,256,256,decode,2,89.35601310804486,84.38432018783892,21608.30376809463,256,11.847297351400272,886.394,41.228,42.888,3.4624765625,0.2888106192054549,29.326,1.216,10.685,67.3,43,Qwen2.5-14B-Instruct-Q4_K_M,llama.cpp,finegrained_gpu_emc
2026-06-03T19:46:26.870303,GPU1122_CPU1036,1122,1036,3199,1122,3199,p512_o128,512,128,decode,0,89.38087103888392,83.13965740958302,10648.607998969965,128,12.02035045448019,435.366,41.463,42.988,3.401296875,0.29400550341551707,29.368,1.35,10.746,67.3,21,Qwen2.5-14B-Instruct-Q4_K_M,llama.cpp,finegrained_gpu_emc
2026-06-03T19:46:38.386744,GPU1122_CPU1036,1122,1036,3199,1122,3199,p512_o128,512,128,decode,1,84.18826898559928,83.6135005985394,10703.587690019049,128,11.958607123792547,437.368,41.654,43.488,3.4169375,0.2926597281922774,29.35,1.54,10.765,67.4,21,Qwen2.5-14B-Instruct-Q4_K_M,llama.cpp,finegrained_gpu_emc
2026-06-03T19:46:49.778365,GPU1122_CPU1036,1122,1036,3199,1122,3199,p512_o128,512,128,decode,2,83.65881093777716,82.62775080392181,10577.864969032817,128,12.100740591293787,435.074,41.436,42.888,3.399015625,0.2942028252665064,29.464,1.255,10.717,67.1,21,Qwen2.5-14B-Instruct-Q4_K_M,llama.cpp,finegrained_gpu_emc
2026-06-03T19:47:34.649469,GPU1122_CPU1036,1122,1036,3199,1122,3199,p512_o512,512,512,decode,0,83.8069940218702,86.03282885921212,44048.516422044486,512,11.623546979297693,1784.613,41.503,42.787,3.485572265625,0.2868969350778012,29.642,1.216,10.644,67.3,86,Qwen2.5-14B-Instruct-Q4_K_M,llama.cpp,finegrained_gpu_emc
2026-06-03T19:48:19.765081,GPU1122_CPU1036,1122,1036,3199,1122,3199,p512_o512,512,512,decode,1,89.73081293515861,86.49911200778045,44292.78667399194,512,11.559444289845025,1802.125,41.428,42.888,3.519775390625,0.28410903794131925,29.449,1.326,10.654,67.4,87,Qwen2.5-14B-Instruct-Q4_K_M,llama.cpp,finegrained_gpu_emc
2026-06-03T19:49:04.902360,GPU1122_CPU1036,1122,1036,3199,1122,3199,p512_o512,512,512,decode,2,90.08558792993426,86.53991675544749,44313.87130601797,512,11.553944282238069,1802.62,41.44,44.275,3.5207421875,0.2840310215131309,29.487,1.271,10.681,67.4,87,Qwen2.5-14B-Instruct-Q4_K_M,llama.cpp,finegrained_gpu_emc
2026-06-03T19:50:35.117487,GPU1122_CPU1036,1122,1036,3199,1122,3199,p512_o1024,512,1024,decode,0,89.86168599221855,87.27590629525068,89377.01580999419,1024,11.457084248336423,3604.047,41.426,42.988,3.5195771484375,0.2841250405446988,29.493,1.245,10.688,67.4,174,Qwen2.5-14B-Instruct-Q4_K_M,llama.cpp,finegrained_gpu_emc
2026-06-03T19:52:04.749430,GPU1122_CPU1036,1122,1036,3199,1122,3199,p512_o1024,512,1024,decode,1,90.57670005131513,86.70660788065891,88795.36456696223,1024,11.53213351838634,3573.468,41.312,43.388,3.48971484375,0.2865563648534141,29.579,1.029,10.704,67.4,173,Qwen2.5-14B-Instruct-Q4_K_M,llama.cpp,finegrained_gpu_emc
2026-06-03T19:52:49.579658,GPU1122_CPU1036,1122,1036,3199,1122,3199,p512_o1024,512,1024,decode,2,89.79554497636855,85.77907521326875,44007.40267697256,512,11.63440623292932,1760.387,40.939,42.588,3.438255859375,0.29084513802930834,29.646,0.626,10.667,67.2,86,Qwen2.5-14B-Instruct-Q4_K_M,llama.cpp,finegrained_gpu_emc
2026-06-03T19:53:00.970047,GPU1122_CPU1036,1122,1036,3199,1122,3199,p1024_o128,1024,128,decode,0,89.7733939345926,82.57816375625562,10577.69947196357,128,12.100929917631605,427.254,40.691,42.077,3.337921875,0.29958759894582615,29.462,0.589,10.64,67.1,21,Qwen2.5-14B-Instruct-Q4_K_M,llama.cpp,finegrained_gpu_emc
2026-06-03T19:53:12.349968,GPU1122_CPU1036,1122,1036,3199,1122,3199,p1024_o128,1024,128,decode,1,83.64479499869049,82.54445692080652,10567.300057038665,128,12.112838597285954,427.646,40.728,42.488,3.340984375,0.29931298316832144,29.461,0.608,10.659,67.1,21,Qwen2.5-14B-Instruct-Q4_K_M,llama.cpp,finegrained_gpu_emc
2026-06-03T19:53:23.724905,GPU1122_CPU1036,1122,1036,3199,1122,3199,p1024_o128,1024,128,decode,2,83.6223759688437,82.50567003145932,10562.404628959484,128,12.118452615331158,426.995,40.666,41.988,3.3358984375,0.2997693181418986,29.518,0.513,10.635,67.0,21,Qwen2.5-14B-Instruct-Q4_K_M,llama.cpp,finegrained_gpu_emc
2026-06-03T19:54:08.484976,GPU1122_CPU1036,1122,1036,3199,1122,3199,p1024_o512,1024,512,decode,0,83.59550894238055,85.81498402549927,43937.10902100429,512,11.653019768670639,1762.703,40.993,42.089,3.442779296875,0.2904629991552746,29.604,0.752,10.637,67.1,86,Qwen2.5-14B-Instruct-Q4_K_M,llama.cpp,finegrained_gpu_emc
2026-06-03T19:54:53.294413,GPU1122_CPU1036,1122,1036,3199,1122,3199,p1024_o512,1024,512,decode,1,89.69095908105373,85.90003314866354,43986.506819026545,512,11.639933175564927,1776.905,41.323,42.488,3.470517578125,0.2881414594477476,29.617,1.016,10.69,67.2,86,Qwen2.5-14B-Instruct-Q4_K_M,llama.cpp,finegrained_gpu_emc
2026-06-03T19:55:38.272191,GPU1122_CPU1036,1122,1036,3199,1122,3199,p1024_o512,1024,512,decode,2,90.19915002863854,86.22806489630739,44154.67664110474,512,11.595600714316314,1791.687,41.188,43.387,3.499388671875,0.28576419876909304,29.387,1.17,10.631,67.3,87,Qwen2.5-14B-Instruct-Q4_K_M,llama.cpp,finegrained_gpu_emc
2026-06-03T19:57:07.849019,GPU1122_CPU1036,1122,1036,3199,1122,3199,p1024_o1024,1024,1024,decode,0,89.70528596546501,86.65653292869445,88743.40587994084,1024,11.53888550756491,3227.752,41.381,43.786,3.1521015625,0.3172486609875852,29.502,1.164,10.715,67.3,156,Qwen2.5-14B-Instruct-Q4_K_M,llama.cpp,finegrained_gpu_emc
2026-06-03T19:57:37.505361,GPU1122_CPU1036,1122,1036,3199,1122,3199,p1024_o1024,1024,1024,decode,1,89.88157799467444,84.54164302671619,28837.949192966335,340,11.790020078228276,1176.419,41.278,43.387,3.4600558823529415,0.28901267320572005,29.49,1.106,10.682,67.4,57,Qwen2.5-14B-Instruct-Q4_K_M,llama.cpp,finegrained_gpu_emc
2026-06-03T19:58:23.240693,GPU1122_CPU1036,1122,1036,3199,1122,3199,p1024_o1024,1024,1024,decode,2,89.29511799942702,86.03564772683268,44912.08427795209,521,11.600441359515472,1820.265,41.37,43.786,3.4937907869481766,0.286222061073525,29.542,1.138,10.689,67.4,88,Qwen2.5-14B-Instruct-Q4_K_M,llama.cpp,finegrained_gpu_emc
2026-06-03T19:58:34.631021,GPU1122_CPU1036,1122,1036,3199,1122,3199,p2048_o128,2048,128,decode,0,89.95279599912465,82.57666088211695,10577.677226974629,128,12.100955366040214,427.747,40.738,42.077,3.3417734375,0.29924230912198096,29.437,0.665,10.635,67.2,21,Qwen2.5-14B-Instruct-Q4_K_M,llama.cpp,finegrained_gpu_emc
2026-06-03T19:58:46.009825,GPU1122_CPU1036,1122,1036,3199,1122,3199,p2048_o128,2048,128,decode,1,83.70001101866364,82.53525932297462,10566.19226699695,128,12.1141085421853,430.378,40.988,42.077,3.362328125,0.2974129718526505,29.512,0.76,10.717,67.2,21,Qwen2.5-14B-Instruct-Q4_K_M,llama.cpp,finegrained_gpu_emc
2026-06-03T19:58:57.388149,GPU1122_CPU1036,1122,1036,3199,1122,3199,p2048_o128,2048,128,decode,2,83.76123302150518,82.53117563023312,10565.705836983398,128,12.11466625844896,429.182,40.875,42.089,3.352984375,0.298241771556123,29.479,0.703,10.693,67.2,21,Qwen2.5-14B-Instruct-Q4_K_M,llama.cpp,finegrained_gpu_emc
2026-06-03T19:59:42.104485,GPU1122_CPU1036,1122,1036,3199,1122,3199,p2048_o512,2048,512,decode,0,83.53190193884075,85.73001609985769,43893.515420961194,512,11.664593165748038,1758.321,40.891,42.488,3.434220703125,0.29118687657145653,29.623,0.626,10.642,67.3,86,Qwen2.5-14B-Instruct-Q4_K_M,llama.cpp,finegrained_gpu_emc
2026-06-03T20:00:26.768512,GPU1122_CPU1036,1122,1036,3199,1122,3199,p2048_o512,2048,512,decode,1,89.84158199746162,85.61526712120389,43841.18667792063,512,11.67851599824177,1750.138,40.701,42.089,3.41823828125,0.29254835904368687,29.58,0.496,10.624,67.2,86,Qwen2.5-14B-Instruct-Q4_K_M,llama.cpp,finegrained_gpu_emc
2026-06-03T20:00:34.100635,GPU1122_CPU1036,1122,1036,3199,1122,3199,p2048_o512,2048,512,decode,2,89.52702197711915,82.45265840359225,6520.697092986666,78,11.961911263121374,259.059,39.855,41.976,3.3212692307692313,0.30108971315414634,28.885,0.43,10.541,67.1,13,Qwen2.5-14B-Instruct-Q4_K_M,llama.cpp,finegrained_gpu_emc
2026-06-03T20:00:40.276096,GPU1122_CPU1036,1122,1036,3199,1122,3199,p64_o64,64,64,mixed,0,167.4437300534919,82.48764990518491,5364.448323030956,64,11.93039733931848,215.512,39.184,41.976,3.367375,0.29696722224284494,28.41,0.435,10.339,66.9,11,Qwen2.5-14B-Instruct-Q4_K_M,llama.cpp,finegrained_gpu_emc
2026-06-03T20:00:46.354083,GPU1122_CPU1036,1122,1036,3199,1122,3199,p64_o64,64,64,mixed,1,83.87581596616656,82.27147393682529,5267.2321709105745,64,12.150594073573176,214.771,39.049,41.976,3.355796875,0.29799181453734447,28.266,0.435,10.348,66.9,11,Qwen2.5-14B-Instruct-Q4_K_M,llama.cpp,finegrained_gpu_emc
2026-06-03T20:00:52.431111,GPU1122_CPU1036,1122,1036,3199,1122,3199,p64_o64,64,64,mixed,2,83.87741900514811,82.25244931721438,5266.040630987845,64,12.15334337213315,213.953,38.901,41.876,3.343015625,0.2991311175818988,28.154,0.435,10.311,66.8,11,Qwen2.5-14B-Instruct-Q4_K_M,llama.cpp,finegrained_gpu_emc
2026-06-03T20:01:03.912361,GPU1122_CPU1036,1122,1036,3199,1122,3199,p128_o128,128,128,mixed,0,194.09684208221734,82.47128228279286,10668.445359100588,128,11.997999304632625,423.71,40.353,41.976,3.310234375,0.3020934129475349,29.362,0.399,10.592,66.8,21,Qwen2.5-14B-Instruct-Q4_K_M,llama.cpp,finegrained_gpu_emc
2026-06-03T20:01:15.271188,GPU1122_CPU1036,1122,1036,3199,1122,3199,p128_o128,128,128,mixed,1,84.59193608723581,82.37235230672371,10546.363738016225,128,12.136884634331496,426.33,40.603,41.976,3.330703125,0.3002369056833908,29.55,0.418,10.635,66.9,21,Qwen2.5-14B-Instruct-Q4_K_M,llama.cpp,finegrained_gpu_emc
2026-06-03T20:01:26.627060,GPU1122_CPU1036,1122,1036,3199,1122,3199,p128_o128,128,128,mixed,2,84.1285289498046,82.35138678725251,10543.242253945209,128,12.140477939990735,426.477,40.617,41.988,3.3318515625,0.3001334186837743,29.516,0.418,10.683,66.8,21,Qwen2.5-14B-Instruct-Q4_K_M,llama.cpp,finegrained_gpu_emc
2026-06-03T20:02:11.311789,GPU1122_CPU1036,1122,1036,3199,1122,3199,p128_o512,128,512,mixed,0,84.40849499311298,85.66716838552418,43862.32201603707,512,11.672888631222056,1740.069,40.943,42.488,3.398572265625,0.29424120537748794,29.64,0.648,10.655,67.0,85,Qwen2.5-14B-Instruct-Q4_K_M,llama.cpp,finegrained_gpu_emc
2026-06-03T20:02:56.082074,GPU1122_CPU1036,1122,1036,3199,1122,3199,p128_o512,128,512,mixed,1,90.34192701801658,85.82241687679448,43947.53510900773,512,11.650255212949535,1745.192,41.063,42.588,3.408578125,0.29337746219327154,29.63,0.756,10.677,67.1,85,Qwen2.5-14B-Instruct-Q4_K_M,llama.cpp,finegrained_gpu_emc
2026-06-03T20:03:40.849600,GPU1122_CPU1036,1122,1036,3199,1122,3199,p128_o512,128,512,mixed,2,90.10438399855047,85.81957885714834,43945.832011057064,512,11.65070671255416,1635.214,40.88,42.077,3.19377734375,0.3131088652616722,29.464,0.783,10.634,67.2,80,Qwen2.5-14B-Instruct-Q4_K_M,llama.cpp,finegrained_gpu_emc
2026-06-03T20:04:04.440812,GPU1122_CPU1036,1122,1036,3199,1122,3199,p256_o256,256,256,mixed,0,283.4433619864285,86.16173432948177,22255.640567978844,256,11.502701942820275,845.012,40.239,42.875,3.300828125,0.3029542775723895,28.683,1.083,10.472,67.1,42,Qwen2.5-14B-Instruct-Q4_K_M,llama.cpp,finegrained_gpu_emc
2026-06-03T20:04:27.293770,GPU1122_CPU1036,1122,1036,3199,1122,3199,p256_o256,256,256,mixed,1,90.16795794013888,86.06212229842284,22037.004287005402,256,11.616823986868122,880.038,40.932,42.375,3.4376484375,0.2908965294680457,29.51,0.789,10.634,67.1,43,Qwen2.5-14B-Instruct-Q4_K_M,llama.cpp,finegrained_gpu_emc
2026-06-03T20:04:50.097407,GPU1122_CPU1036,1122,1036,3199,1122,3199,p256_o256,256,256,mixed,2,90.2062050299719,85.867689654925,21987.442723009735,256,11.643009295123596,873.592,40.632,41.988,3.41246875,0.29304297658403466,29.53,0.529,10.573,67.1,43,Qwen2.5-14B-Instruct-Q4_K_M,llama.cpp,finegrained_gpu_emc
2026-06-03T20:05:02.518363,GPU1122_CPU1036,1122,1036,3199,1122,3199,p512_o128,512,128,mixed,0,521.797853987664,87.29052432266424,11608.188205980696,128,11.02669923408484,437.236,39.749,41.376,3.41590625,0.292748081127812,28.952,0.453,10.344,67.0,22,Qwen2.5-14B-Instruct-Q4_K_M,llama.cpp,finegrained_gpu_emc
2026-06-03T20:05:14.486617,GPU1122_CPU1036,1122,1036,3199,1122,3199,p512_o128,512,128,mixed,1,90.40157694835216,87.12312197642709,11155.536022037268,128,11.474123676992452,439.62,39.965,41.376,3.43453125,0.29116054774578043,29.082,0.453,10.43,67.0,22,Qwen2.5-14B-Instruct-Q4_K_M,llama.cpp,finegrained_gpu_emc
2026-06-03T20:05:26.445699,GPU1122_CPU1036,1122,1036,3199,1122,3199,p512_o128,512,128,mixed,2,90.59477399569005,87.04760888184414,11146.127055981196,128,11.483809520304462,439.207,39.928,41.388,3.4313046875,0.29143433506296573,29.08,0.435,10.412,66.9,22,Qwen2.5-14B-Instruct-Q4_K_M,llama.cpp,finegrained_gpu_emc
2026-06-03T20:06:10.726672,GPU1122_CPU1036,1122,1036,3199,1122,3199,p512_o512,512,512,mixed,0,90.30854690354317,84.86556166549688,43458.58563494403,512,11.781331410572019,1684.352,41.082,42.089,3.28975,0.3039744661448438,29.94,0.443,10.699,67.0,82,Qwen2.5-14B-Instruct-Q4_K_M,llama.cpp,finegrained_gpu_emc
2026-06-03T20:06:55.013463,GPU1122_CPU1036,1122,1036,3199,1122,3199,p512_o512,512,512,mixed,1,96.73856210429221,84.86414705667418,43464.273838093504,512,11.779789578614023,1736.72,40.864,42.077,3.39203125,0.29480860472615045,29.769,0.427,10.668,67.1,85,Qwen2.5-14B-Instruct-Q4_K_M,llama.cpp,finegrained_gpu_emc
2026-06-03T20:07:39.940431,GPU1122_CPU1036,1122,1036,3199,1122,3199,p512_o512,512,512,mixed,2,96.42325399909168,84.91715143066548,43491.02248204872,512,11.772544557013628,1560.38,41.063,42.077,3.0476171875,0.32812520027172865,29.902,0.451,10.71,67.2,76,Qwen2.5-14B-Instruct-Q4_K_M,llama.cpp,finegrained_gpu_emc
2026-06-03T20:09:09.006609,GPU1122_CPU1036,1122,1036,3199,1122,3199,p512_o1024,512,1024,mixed,0,96.77890199236572,86.14852158650883,88230.63186299987,1024,11.60594657862154,3458.078,40.924,42.476,3.377029296875,0.29611824834488987,29.725,0.503,10.696,67.2,169,Qwen2.5-14B-Instruct-Q4_K_M,llama.cpp,finegrained_gpu_emc
2026-06-03T20:10:38.435350,GPU1122_CPU1036,1122,1036,3199,1122,3199,p512_o1024,512,1024,mixed,1,96.88102302607149,86.50171906252156,88592.17083198018,1024,11.558583454762285,3589.467,41.497,43.786,3.5053388671875,0.2852791236136173,29.732,0.992,10.773,67.4,173,Qwen2.5-14B-Instruct-Q4_K_M,llama.cpp,finegrained_gpu_emc
2026-06-03T20:12:07.814533,GPU1122_CPU1036,1122,1036,3199,1122,3199,p512_o1024,512,1024,mixed,2,97.0076349331066,86.45342025513928,88542.80836402904,1024,11.565027345755674,3578.746,41.373,43.288,3.494869140625,0.2861337462899015,29.712,0.907,10.754,67.5,173,Qwen2.5-14B-Instruct-Q4_K_M,llama.cpp,finegrained_gpu_emc
2026-06-03T20:12:20.263010,GPU1122_CPU1036,1122,1036,3199,1122,3199,p1024_o128,1024,128,mixed,0,1056.2787159578875,83.29488803892887,11635.22773294244,128,11.001073888532305,474.912,41.297,43.887,3.71025,0.2695236170069402,29.359,1.336,10.602,67.5,23,Qwen2.5-14B-Instruct-Q4_K_M,llama.cpp,finegrained_gpu_emc
2026-06-03T20:12:31.736827,GPU1122_CPU1036,1122,1036,3199,1122,3199,p1024_o128,1024,128,mixed,1,93.47416192758828,83.20263624429614,10660.709376912564,128,12.006705696077228,439.485,41.856,43.488,3.4334765625,0.2912499857788093,29.688,1.311,10.856,67.6,21,Qwen2.5-14B-Instruct-Q4_K_M,llama.cpp,finegrained_gpu_emc
2026-06-03T20:12:43.197823,GPU1122_CPU1036,1122,1036,3199,1122,3199,p1024_o128,1024,128,mixed,2,93.43039593659341,83.10475725200261,10648.270401987247,128,12.020731552432387,437.341,41.652,43.887,3.4167265625,0.292677796044734,29.766,1.083,10.803,67.5,21,Qwen2.5-14B-Instruct-Q4_K_M,llama.cpp,finegrained_gpu_emc
2026-06-03T20:13:27.568512,GPU1122_CPU1036,1122,1036,3199,1122,3199,p1024_o512,1024,512,mixed,0,93.31655304413289,85.03422041085535,43547.7574680699,512,11.757207024389459,1797.01,42.283,43.089,3.50978515625,0.284917724442268,30.066,1.291,10.926,67.7,85,Qwen2.5-14B-Instruct-Q4_K_M,llama.cpp,finegrained_gpu_emc
2026-06-03T20:14:11.942655,GPU1122_CPU1036,1122,1036,3199,1122,3199,p1024_o512,1024,512,mixed,1,93.99314096663147,85.03975435419814,43551.22932395898,512,11.75626975283409,1802.198,42.405,43.887,3.51991796875,0.2840975297941735,30.1,1.357,10.948,67.8,85,Qwen2.5-14B-Instruct-Q4_K_M,llama.cpp,finegrained_gpu_emc
2026-06-03T20:14:56.940021,GPU1122_CPU1036,1122,1036,3199,1122,3199,p1024_o512,1024,512,mixed,2,93.85262196883559,86.2594681995631,44174.40609796904,512,11.59042181267808,1826.611,41.991,43.774,3.567599609375,0.2803005128075983,29.708,1.459,10.824,67.8,87,Qwen2.5-14B-Instruct-Q4_K_M,llama.cpp,finegrained_gpu_emc
2026-06-03T20:16:27.473576,GPU1122_CPU1036,1122,1036,3199,1122,3199,p1024_o1024,1024,1024,mixed,0,93.84279605001211,87.58438974873819,89696.63841999136,1024,11.416258379776398,3718.032,42.492,43.774,3.630890625,0.2754145203699161,29.785,1.818,10.889,68.0,175,Qwen2.5-14B-Instruct-Q4_K_M,llama.cpp,finegrained_gpu_emc
2026-06-03T20:17:58.278179,GPU1122_CPU1036,1122,1036,3199,1122,3199,p1024_o1024,1024,1024,mixed,1,94.57956603728235,87.84761852293457,89966.86692303047,1024,11.381967995796328,3733.366,42.667,44.385,3.645865234375,0.2742833143067141,29.789,1.934,10.944,68.2,175,Qwen2.5-14B-Instruct-Q4_K_M,llama.cpp,finegrained_gpu_emc
2026-06-03T20:19:29.113631,GPU1122_CPU1036,1122,1036,3199,1122,3199,p1024_o1024,1024,1024,mixed,2,94.49150098953396,87.87749821018839,89997.1323380014,1024,11.378140318451178,3739.776,42.497,44.874,3.652125,0.2738131909504741,29.694,1.894,10.91,68.3,176,Qwen2.5-14B-Instruct-Q4_K_M,llama.cpp,finegrained_gpu_emc
2026-06-03T20:19:43.088280,GPU1122_CPU1036,1122,1036,3199,1122,3199,p2048_o128,2048,128,mixed,0,2156.512137968093,86.63595222050368,13159.798222011887,128,9.726592903673808,536.866,41.297,44.274,4.194265625,0.23842076048771949,28.964,1.903,10.43,68.2,26,Qwen2.5-14B-Instruct-Q4_K_M,llama.cpp,finegrained_gpu_emc
2026-06-03T20:19:55.001113,GPU1122_CPU1036,1122,1036,3199,1122,3199,p2048_o128,2048,128,mixed,1,95.3968649264425,86.64001057503789,11099.21128791757,128,11.532350964373371,469.016,42.638,44.785,3.6641875,0.272911798318181,29.605,2.141,10.892,68.3,22,Qwen2.5-14B-Instruct-Q4_K_M,llama.cpp,finegrained_gpu_emc
2026-06-03T20:20:06.908008,GPU1122_CPU1036,1122,1036,3199,1122,3199,p2048_o128,2048,128,mixed,2,95.57675698306412,86.59652059835447,11093.868272961117,128,11.537905160815011,467.747,42.522,43.987,3.6542734375,0.2736522094209049,29.643,1.996,10.883,68.2,22,Qwen2.5-14B-Instruct-Q4_K_M,llama.cpp,finegrained_gpu_emc
2026-06-03T20:20:52.335931,GPU1122_CPU1036,1122,1036,3199,1122,3199,p2048_o512,2048,512,mixed,0,95.18468799069524,87.09926303333025,44604.83283700887,512,11.478576814106807,1868.466,42.953,44.374,3.64934765625,0.2740215770583998,30.174,1.817,10.962,68.3,87,Qwen2.5-14B-Instruct-Q4_K_M,llama.cpp,finegrained_gpu_emc
2026-06-03T20:21:37.697185,GPU1122_CPU1036,1122,1036,3199,1122,3199,p2048_o512,2048,512,mixed,1,101.91585100255907,86.95560825625051,44538.265238981694,512,11.495732877172703,1875.71,43.12,44.374,3.66349609375,0.27296330456200585,30.199,1.922,10.998,68.4,87,Qwen2.5-14B-Instruct-Q4_K_M,llama.cpp,finegrained_gpu_emc
2026-06-03T20:22:23.115800,GPU1122_CPU1036,1122,1036,3199,1122,3199,p2048_o512,2048,512,mixed,2,101.57444595824927,87.06814764589691,44595.36541404668,512,11.481013671405636,1879.394,43.204,44.673,3.67069140625,0.27242824016677714,30.18,2.005,11.02,68.5,87,Qwen2.5-14B-Instruct-Q4_K_M,llama.cpp,finegrained_gpu_emc
2026-06-03T20:22:38.228997,GPU1224_CPU1036,1224,1036,3199,1224,3199,p64_o64,64,64,decode,0,79.91919806227088,79.01586395215303,5058.175039011985,64,12.652784750703514,231.89,46.378,48.066,3.62328125,0.2759929276812282,33.32,1.996,11.062,68.4,10,Qwen2.5-14B-Instruct-Q4_K_M,llama.cpp,finegrained_gpu_emc
2026-06-03T20:22:44.087473,GPU1224_CPU1036,1224,1036,3199,1224,3199,p64_o64,64,64,decode,1,79.82197997625917,78.84754479441438,5047.480497974902,64,12.67959331901875,226.088,45.218,47.965,3.532625,0.28307561657407737,32.441,1.916,10.861,68.3,10,Qwen2.5-14B-Instruct-Q4_K_M,llama.cpp,finegrained_gpu_emc
2026-06-03T20:22:49.951389,GPU1224_CPU1036,1224,1036,3199,1224,3199,p64_o64,64,64,decode,2,80.64894110430032,78.9185575235428,5052.78042901773,64,12.66629351880262,228.987,45.797,48.465,3.577921875,0.279491848882251,32.6,2.235,10.962,68.4,10,Qwen2.5-14B-Instruct-Q4_K_M,llama.cpp,finegrained_gpu_emc
2026-06-03T20:23:01.037542,GPU1224_CPU1036,1224,1036,3199,1224,3199,p128_o128,128,128,decode,0,79.87186103127897,80.25886304676533,10273.223428986967,128,12.459575213640804,478.232,45.546,48.066,3.7361875,0.2676525201157597,32.494,2.11,10.942,68.5,21,Qwen2.5-14B-Instruct-Q4_K_M,llama.cpp,finegrained_gpu_emc
2026-06-03T20:23:12.047354,GPU1224_CPU1036,1224,1036,3199,1224,3199,p128_o128,128,128,decode,1,79.93038406129926,79.65792780265389,10196.968424017541,128,12.552750452626077,461.594,46.159,48.066,3.606203125,0.2772999649042232,33.281,1.796,11.082,68.6,20,Qwen2.5-14B-Instruct-Q4_K_M,llama.cpp,finegrained_gpu_emc
2026-06-03T20:23:22.972422,GPU1224_CPU1036,1224,1036,3199,1224,3199,p128_o128,128,128,decode,2,80.28310898225754,78.98852396041418,10112.307787989266,128,12.65784257002442,460.372,46.037,47.267,3.59665625,0.2780360230422354,33.359,1.596,11.082,68.7,20,Qwen2.5-14B-Instruct-Q4_K_M,llama.cpp,finegrained_gpu_emc
2026-06-03T20:24:05.834170,GPU1224_CPU1036,1224,1036,3199,1224,3199,p128_o512,128,512,decode,0,80.2337609929964,82.10818663420822,42039.45396398194,512,12.179035447003313,1903.78,46.434,48.081,3.7183203125,0.26893863786782085,33.689,1.674,11.071,69.0,82,Qwen2.5-14B-Instruct-Q4_K_M,llama.cpp,finegrained_gpu_emc
2026-06-03T20:24:48.660778,GPU1224_CPU1036,1224,1036,3199,1224,3199,p128_o512,128,512,decode,1,85.96744202077389,82.02685768476373,42003.666725941,512,12.189412018255883,1900.481,46.353,48.066,3.711876953125,0.2694054820858509,33.714,1.591,11.047,69.1,82,Qwen2.5-14B-Instruct-Q4_K_M,llama.cpp,finegrained_gpu_emc
2026-06-03T20:25:31.495914,GPU1224_CPU1036,1224,1036,3199,1224,3199,p128_o512,128,512,decode,2,85.92361595947295,82.04415529363091,42012.45762605686,512,12.186861443745883,1900.504,46.354,48.579,3.711921875,0.2694022217264473,33.669,1.655,11.03,69.2,82,Qwen2.5-14B-Instruct-Q4_K_M,llama.cpp,finegrained_gpu_emc
2026-06-03T20:25:42.997690,GPU1224_CPU1036,1224,1036,3199,1224,3199,p256_o256,256,256,decode,0,85.70296294055879,80.33351736669321,10688.616451923735,132,12.349587113890934,484.976,46.188,47.681,3.674060606060606,0.2721784170763089,33.397,1.711,11.081,69.2,21,Qwen2.5-14B-Instruct-Q4_K_M,llama.cpp,finegrained_gpu_emc
2026-06-03T20:26:04.145995,GPU1224_CPU1036,1224,1036,3199,1224,3199,p256_o256,256,256,decode,1,79.92891105823219,79.41776258807045,20332.37934706267,256,12.590754659364706,934.051,46.703,48.08,3.64863671875,0.27407497021040605,33.838,1.686,11.178,69.3,40,Qwen2.5-14B-Instruct-Q4_K_M,llama.cpp,finegrained_gpu_emc
2026-06-03T20:26:25.577984,GPU1224_CPU1036,1224,1036,3199,1224,3199,p256_o256,256,256,decode,2,85.41969198267907,80.5090514783218,20616.160282981582,256,12.417443233176899,946.997,46.195,48.08,3.69920703125,0.2703282058971676,33.373,1.782,11.04,69.3,41,Qwen2.5-14B-Instruct-Q4_K_M,llama.cpp,finegrained_gpu_emc
2026-06-03T20:26:36.667889,GPU1224_CPU1036,1224,1036,3199,1224,3199,p512_o128,512,128,decode,0,85.57296195067465,80.24278359843315,10276.882758946158,128,12.455138683816779,473.506,45.096,47.979,3.699265625,0.2703239240896631,32.501,1.729,10.865,69.3,21,Qwen2.5-14B-Instruct-Q4_K_M,llama.cpp,finegrained_gpu_emc
2026-06-03T20:26:47.711090,GPU1224_CPU1036,1224,1036,3199,1224,3199,p512_o128,512,128,decode,1,79.96671705041081,79.91995376362429,10230.28634104412,128,12.511868752535435,475.127,45.25,47.879,3.7119296875,0.26940165471547606,32.636,1.749,10.866,69.3,21,Qwen2.5-14B-Instruct-Q4_K_M,llama.cpp,finegrained_gpu_emc
2026-06-03T20:26:58.629262,GPU1224_CPU1036,1224,1036,3199,1224,3199,p512_o128,512,128,decode,2,80.58363094460219,78.92966851148402,10105.130371986888,128,12.666833112300798,463.929,46.393,47.681,3.6244453125,0.27590428707841075,33.369,1.916,11.108,69.3,20,Qwen2.5-14B-Instruct-Q4_K_M,llama.cpp,finegrained_gpu_emc
2026-06-03T20:27:41.545708,GPU1224_CPU1036,1224,1036,3199,1224,3199,p512_o512,512,512,decode,0,80.08561993483454,82.21308275357384,42093.24325295165,512,12.16347233980593,1912.926,46.657,48.08,3.73618359375,0.26765279995148794,33.709,1.855,11.093,69.5,82,Qwen2.5-14B-Instruct-Q4_K_M,llama.cpp,finegrained_gpu_emc
2026-06-03T20:28:24.394356,GPU1224_CPU1036,1224,1036,3199,1224,3199,p512_o512,512,512,decode,1,86.07232198119164,82.07095854591265,42026.280072983354,512,12.182853184028053,1907.776,46.531,48.18,3.726125,0.26837532288906035,33.64,1.83,11.061,69.6,82,Qwen2.5-14B-Instruct-Q4_K_M,llama.cpp,finegrained_gpu_emc
2026-06-03T20:29:07.525944,GPU1224_CPU1036,1224,1036,3199,1224,3199,p512_o512,512,512,decode,2,85.66044503822923,82.62374331498494,42308.332221000455,512,12.101635141880164,1916.09,46.171,47.579,3.74236328125,0.2672108303889692,33.499,1.668,11.004,69.6,83,Qwen2.5-14B-Instruct-Q4_K_M,llama.cpp,finegrained_gpu_emc
2026-06-03T20:30:33.377918,GPU1224_CPU1036,1224,1036,3199,1224,3199,p512_o1024,512,1024,decode,0,85.82404698245227,83.02562579172113,85024.94626794942,1024,12.043524223737169,2569.628,46.3,48.066,2.50940234375,0.39850126166122096,33.499,1.776,11.024,69.6,111,Qwen2.5-14B-Instruct-Q4_K_M,llama.cpp,finegrained_gpu_emc
2026-06-03T20:31:58.934380,GPU1224_CPU1036,1224,1036,3199,1224,3199,p512_o1024,512,1024,decode,1,85.80022107344121,82.74392731476826,84736.83174501639,1024,12.084473527182874,1427.016,46.033,48.066,1.3935703125,0.7175813025221861,33.361,1.7,10.973,69.6,62,Qwen2.5-14B-Instruct-Q4_K_M,llama.cpp,finegrained_gpu_emc
2026-06-03T20:32:37.378034,GPU1224_CPU1036,1224,1036,3199,1224,3199,p512_o1024,512,1024,decode,2,85.97143297083676,81.59684487375023,37623.85845195968,460,12.226284568536602,1469.167,45.911,47.565,3.193841304347826,0.31310259487178793,33.583,1.328,11.0,69.6,64,Qwen2.5-14B-Instruct-Q4_K_M,llama.cpp,finegrained_gpu_emc
2026-06-03T20:32:48.307617,GPU1224_CPU1036,1224,1036,3199,1224,3199,p1024_o128,1024,128,decode,0,85.85430902894586,78.98083914118988,10116.897927015088,128,12.65209957868631,460.448,46.045,48.18,3.59725,0.27799013135033707,33.461,1.516,11.067,69.6,20,Qwen2.5-14B-Instruct-Q4_K_M,llama.cpp,finegrained_gpu_emc
2026-06-03T20:32:59.235652,GPU1224_CPU1036,1224,1036,3199,1224,3199,p1024_o128,1024,128,decode,1,79.85684601590037,79.01336206306564,10115.035228081979,128,12.654429481831025,461.592,46.159,47.68,3.6061875,0.27730116639803115,33.461,1.596,11.102,69.5,20,Qwen2.5-14B-Instruct-Q4_K_M,llama.cpp,finegrained_gpu_emc
2026-06-03T20:33:10.142471,GPU1224_CPU1036,1224,1036,3199,1224,3199,p1024_o128,1024,128,decode,2,79.86378902569413,78.84477214946405,10093.630355084315,128,12.681264866760694,458.502,45.85,47.579,3.582046875,0.279169992715408,33.462,1.357,11.032,69.4,20,Qwen2.5-14B-Instruct-Q4_K_M,llama.cpp,finegrained_gpu_emc
2026-06-03T20:33:52.949135,GPU1224_CPU1036,1224,1036,3199,1224,3199,p1024_o512,1024,512,decode,0,79.9197539454326,82.00051471246535,41984.21246395446,512,12.195060236977827,1901.604,46.381,48.066,3.7140703125,0.26924638357933617,33.746,1.577,11.057,69.6,82,Qwen2.5-14B-Instruct-Q4_K_M,llama.cpp,finegrained_gpu_emc
2026-06-03T20:34:35.761232,GPU1224_CPU1036,1224,1036,3199,1224,3199,p1024_o512,1024,512,decode,1,86.06498199515045,81.99965552250998,41989.81999105308,512,12.19343164864945,1898.722,46.31,48.066,3.70844140625,0.2696550627211356,33.702,1.543,11.066,69.7,82,Qwen2.5-14B-Instruct-Q4_K_M,llama.cpp,finegrained_gpu_emc
2026-06-03T20:35:18.497927,GPU1224_CPU1036,1224,1036,3199,1224,3199,p1024_o512,1024,512,decode,2,85.75227705296129,81.85243206654553,41914.2580840271,512,12.215413642144739,1888.165,46.053,47.565,3.687822265625,0.2711627426628499,33.739,1.299,11.014,69.7,82,Qwen2.5-14B-Instruct-Q4_K_M,llama.cpp,finegrained_gpu_emc
2026-06-03T20:35:49.991045,GPU1224_CPU1036,1224,1036,3199,1224,3199,p1024_o1024,1024,1024,decode,0,85.87735798209906,80.91269276136983,30674.14660193026,378,12.323081222289433,1386.872,46.229,47.667,3.668973544973545,0.27255579462271934,33.755,1.39,11.084,69.7,60,Qwen2.5-14B-Instruct-Q4_K_M,llama.cpp,finegrained_gpu_emc
2026-06-03T20:37:14.962169,GPU1224_CPU1036,1224,1036,3199,1224,3199,p1024_o1024,1024,1024,decode,1,85.34763590432703,82.15776207241869,84136.72235491686,1024,12.17066664042872,3778.729,46.082,47.667,3.6901650390625,0.2709905896929894,33.761,1.277,11.044,69.7,164,Qwen2.5-14B-Instruct-Q4_K_M,llama.cpp,finegrained_gpu_emc
2026-06-03T20:38:10.021618,GPU1224_CPU1036,1224,1036,3199,1224,3199,p1024_o1024,1024,1024,decode,2,86.03532600682229,81.67055461487487,54233.09693206102,663,12.225007191283112,2447.18,46.173,48.18,3.691070889894419,0.27092408404776114,33.781,1.337,11.055,69.8,106,Qwen2.5-14B-Instruct-Q4_K_M,llama.cpp,finegrained_gpu_emc
2026-06-03T20:38:20.937512,GPU1224_CPU1036,1224,1036,3199,1224,3199,p2048_o128,2048,128,decode,0,85.7219509780407,78.87216778765396,10102.97547490336,128,12.6695348630671,457.176,45.718,47.565,3.5716875,0.2799797014716433,33.479,1.237,11.002,69.6,20,Qwen2.5-14B-Instruct-Q4_K_M,llama.cpp,finegrained_gpu_emc
2026-06-03T20:38:31.843944,GPU1224_CPU1036,1224,1036,3199,1224,3199,p2048_o128,2048,128,decode,1,79.88266495522112,78.84636408682384,10093.858830980025,128,12.680977824570222,459.823,45.982,47.666,3.5923671875,0.2783679807230173,33.519,1.396,11.067,69.6,20,Qwen2.5-14B-Instruct-Q4_K_M,llama.cpp,finegrained_gpu_emc
2026-06-03T20:38:42.763354,GPU1224_CPU1036,1224,1036,3199,1224,3199,p2048_o128,2048,128,decode,2,79.91488801781088,78.94488745717346,10106.425026082434,128,12.66521046459658,462.468,46.247,48.066,3.61303125,0.2767759066573255,33.538,1.596,11.113,69.6,20,Qwen2.5-14B-Instruct-Q4_K_M,llama.cpp,finegrained_gpu_emc
2026-06-03T20:39:25.486299,GPU1224_CPU1036,1224,1036,3199,1224,3199,p2048_o512,2048,512,decode,0,80.1044839899987,81.8366216221795,41900.53261897992,512,12.219415076553858,1886.312,46.008,47.565,3.684203125,0.27142911671027914,33.673,1.314,11.02,69.6,82,Qwen2.5-14B-Instruct-Q4_K_M,llama.cpp,finegrained_gpu_emc
2026-06-03T20:40:08.238489,GPU1224_CPU1036,1224,1036,3199,1224,3199,p2048_o512,2048,512,decode,1,85.72444203309715,81.88262015855425,41929.68457902316,512,12.210919427143663,1884.142,45.955,47.565,3.67996484375,0.27174172647284545,33.718,1.246,10.991,69.6,82,Qwen2.5-14B-Instruct-Q4_K_M,llama.cpp,finegrained_gpu_emc
2026-06-03T20:40:51.001999,GPU1224_CPU1036,1224,1036,3199,1224,3199,p2048_o512,2048,512,decode,2,85.6838159961626,81.90538000006505,41941.25035800971,512,12.207552126595601,1888.416,46.059,47.667,3.6883125,0.27112670089641266,33.714,1.328,11.017,69.6,82,Qwen2.5-14B-Instruct-Q4_K_M,llama.cpp,finegrained_gpu_emc
2026-06-03T20:40:56.945060,GPU1224_CPU1036,1224,1036,3199,1224,3199,p64_o64,64,64,mixed,0,160.05072905682027,78.9106711264818,5131.6893440671265,64,12.471526569314253,236.346,42.972,47.267,3.69290625,0.2707894358271348,31.163,1.233,10.576,69.3,11,Qwen2.5-14B-Instruct-Q4_K_M,llama.cpp,finegrained_gpu_emc
2026-06-03T20:41:02.793860,GPU1224_CPU1036,1224,1036,3199,1224,3199,p64_o64,64,64,mixed,1,80.04431496374309,78.68944872946788,5037.742430926301,64,12.704103252105364,223.183,44.637,48.066,3.487234375,0.286760192308554,32.479,1.317,10.841,69.3,10,Qwen2.5-14B-Instruct-Q4_K_M,llama.cpp,finegrained_gpu_emc
2026-06-03T20:41:08.639400,GPU1224_CPU1036,1224,1036,3199,1224,3199,p64_o64,64,64,mixed,2,80.17019205726683,78.63458258558124,5034.413564950228,64,12.712503487113246,222.134,44.427,46.767,3.47084375,0.2881143814094196,32.359,1.237,10.831,69.3,10,Qwen2.5-14B-Instruct-Q4_K_M,llama.cpp,finegrained_gpu_emc
2026-06-03T20:41:19.667935,GPU1224_CPU1036,1224,1036,3199,1224,3199,p128_o128,128,128,mixed,0,184.01833402458578,78.98700185024774,10215.853998088278,128,12.529544766786312,457.957,45.796,48.066,3.5777890625,0.2795022240079309,33.398,1.417,10.981,69.3,20,Qwen2.5-14B-Instruct-Q4_K_M,llama.cpp,finegrained_gpu_emc
2026-06-03T20:41:30.567747,GPU1224_CPU1036,1224,1036,3199,1224,3199,p128_o128,128,128,mixed,1,80.35951002966613,78.79088444847936,10087.292039068416,128,12.689233096875927,456.128,45.613,47.565,3.5635,0.28062298302230954,33.359,1.237,11.017,69.3,20,Qwen2.5-14B-Instruct-Q4_K_M,llama.cpp,finegrained_gpu_emc
2026-06-03T20:41:41.467209,GPU1224_CPU1036,1224,1036,3199,1224,3199,p128_o128,128,128,mixed,2,80.34557406790555,78.78776273220836,10086.875532986596,128,12.689757059201147,457.982,45.798,47.565,3.577984375,0.27948696673668394,33.459,1.297,11.042,69.3,20,Qwen2.5-14B-Instruct-Q4_K_M,llama.cpp,finegrained_gpu_emc
2026-06-03T20:42:24.279057,GPU1224_CPU1036,1224,1036,3199,1224,3199,p128_o512,128,512,mixed,0,80.61746007297188,82.00983332293272,41989.57788699772,512,12.193501953696545,1905.127,46.467,48.066,3.720951171875,0.26874848763363285,33.74,1.66,11.067,69.5,82,Qwen2.5-14B-Instruct-Q4_K_M,llama.cpp,finegrained_gpu_emc
2026-06-03T20:43:06.980031,GPU1224_CPU1036,1224,1036,3199,1224,3199,p128_o512,128,512,mixed,1,86.18992695119232,81.78173365762161,41878.70339094661,512,12.225784433208712,1888.304,46.056,48.066,3.68809375,0.2711427820944085,33.779,1.27,11.007,69.5,82,Qwen2.5-14B-Instruct-Q4_K_M,llama.cpp,finegrained_gpu_emc
2026-06-03T20:43:49.616185,GPU1224_CPU1036,1224,1036,3199,1224,3199,p128_o512,128,512,mixed,2,86.12023794557899,81.65504203525184,41813.85274603963,512,12.244745852760333,1871.568,45.648,47.066,3.65540625,0.27356740444376054,33.745,0.964,10.939,69.4,82,Qwen2.5-14B-Instruct-Q4_K_M,llama.cpp,finegrained_gpu_emc
2026-06-03T20:44:11.562899,GPU1224_CPU1036,1224,1036,3199,1224,3199,p256_o256,256,256,mixed,0,267.6793379941955,81.81132993697389,21130.536429933272,256,12.115168057794945,945.839,45.04,47.066,3.69468359375,0.27065917138117584,33.301,0.941,10.798,69.4,42,Qwen2.5-14B-Instruct-Q4_K_M,llama.cpp,finegrained_gpu_emc
2026-06-03T20:44:33.321491,GPU1224_CPU1036,1224,1036,3199,1224,3199,p256_o256,256,256,mixed,1,86.3844120176509,81.78484027054819,20942.524750949815,256,12.223932073347056,929.251,45.329,46.667,3.62988671875,0.2754906908897596,33.539,0.915,10.876,69.3,41,Qwen2.5-14B-Instruct-Q4_K_M,llama.cpp,finegrained_gpu_emc
2026-06-03T20:44:38.068931,GPU1224_CPU1036,1224,1036,3199,1224,3199,p256_o256,256,256,mixed,2,86.35085192508996,78.5826195012002,3936.8439039681107,49,12.446518377477664,174.137,43.534,47.08,3.553816326530612,0.2813876430626461,31.924,0.948,10.663,69.1,8,Qwen2.5-14B-Instruct-Q4_K_M,llama.cpp,finegrained_gpu_emc
2026-06-03T20:44:49.908861,GPU1224_CPU1036,1224,1036,3199,1224,3199,p512_o128,512,128,mixed,0,488.43998997472227,82.97779503201436,11027.142641949467,128,11.607721433933598,488.094,44.372,46.082,3.813234375,0.26224456764475695,32.856,0.907,10.609,69.1,22,Qwen2.5-14B-Instruct-Q4_K_M,llama.cpp,finegrained_gpu_emc
2026-06-03T20:45:01.345535,GPU1224_CPU1036,1224,1036,3199,1224,3199,p512_o128,512,128,mixed,1,86.18504309561104,82.94642034562408,10620.87408604566,128,12.051738770556941,469.222,44.688,46.082,3.665796875,0.27279198332559,33.035,0.931,10.722,69.1,21,Qwen2.5-14B-Instruct-Q4_K_M,llama.cpp,finegrained_gpu_emc
2026-06-03T20:45:12.776330,GPU1224_CPU1036,1224,1036,3199,1224,3199,p512_o128,512,128,mixed,2,86.17751102428883,82.92557656632985,10618.224833044223,128,12.054745686083072,468.76,44.644,46.365,3.6621875,0.2730608413687175,33.01,0.893,10.741,69.0,21,Qwen2.5-14B-Instruct-Q4_K_M,llama.cpp,finegrained_gpu_emc
2026-06-03T20:45:55.050624,GPU1224_CPU1036,1224,1036,3199,1224,3199,p512_o512,512,512,mixed,0,86.17881208192557,80.94622999786922,41451.65057503618,512,12.351739747327374,1860.354,45.935,47.18,3.63350390625,0.27521643730171785,34.036,0.906,10.993,69.2,81,Qwen2.5-14B-Instruct-Q4_K_M,llama.cpp,finegrained_gpu_emc
2026-06-03T20:46:37.326984,GPU1224_CPU1036,1224,1036,3199,1224,3199,p512_o512,512,512,mixed,1,92.27361099328846,80.93967946581616,41454.40067502204,512,12.350920328429709,1861.156,45.954,47.166,3.6350703125,0.27509784241621876,34.022,0.906,11.026,69.2,81,Qwen2.5-14B-Instruct-Q4_K_M,llama.cpp,finegrained_gpu_emc
2026-06-03T20:46:49.776575,GPU1224_CPU1036,1224,1036,3199,1224,3199,p512_o512,512,512,mixed,2,92.19027601648122,83.05105262274003,11636.41064800322,139,11.945264240382583,513.722,44.671,46.081,3.695841726618705,0.2705743573372369,33.036,0.885,10.751,69.1,23,Qwen2.5-14B-Instruct-Q4_K_M,llama.cpp,finegrained_gpu_emc
2026-06-03T20:48:14.735812,GPU1224_CPU1036,1224,1036,3199,1224,3199,p512_o1024,512,1024,mixed,0,86.25983993988484,82.14506046732255,84124.62864595,1024,12.172416288571615,3759.391,45.846,47.18,3.6712802734375,0.272384543134779,33.903,0.937,11.007,69.3,164,Qwen2.5-14B-Instruct-Q4_K_M,llama.cpp,finegrained_gpu_emc
2026-06-03T20:49:39.729398,GPU1224_CPU1036,1224,1036,3199,1224,3199,p512_o1024,512,1024,mixed,1,92.36359898932278,82.17259412023711,84158.94684905652,1024,12.16745263978407,3758.256,45.832,47.667,3.670171875,0.2724668037515273,33.894,0.937,11.002,69.4,164,Qwen2.5-14B-Instruct-Q4_K_M,llama.cpp,finegrained_gpu_emc
2026-06-03T20:51:04.736202,GPU1224_CPU1036,1224,1036,3199,1224,3199,p512_o1024,512,1024,mixed,2,92.28619490750134,82.1860831016711,84172.49321797863,1024,12.165494460858872,3754.907,45.792,47.282,3.6669013671875,0.27270981678108136,33.861,0.929,11.001,69.5,164,Qwen2.5-14B-Instruct-Q4_K_M,llama.cpp,finegrained_gpu_emc
2026-06-03T20:51:16.566614,GPU1224_CPU1036,1224,1036,3199,1224,3199,p1024_o128,1024,128,mixed,0,981.4135109772906,79.01931103175932,11017.36747706309,128,11.61802039066787,496.682,45.153,47.565,3.880328125,0.25771016465263485,33.446,0.961,10.746,69.3,22,Qwen2.5-14B-Instruct-Q4_K_M,llama.cpp,finegrained_gpu_emc
2026-06-03T20:51:27.483414,GPU1224_CPU1036,1224,1036,3199,1224,3199,p1024_o128,1024,128,mixed,1,89.0199460554868,78.85604861419736,10104.23526505474,128,12.667955232860125,456.21,45.621,47.166,3.564140625,0.28057254334626597,33.697,0.918,11.006,69.3,20,Qwen2.5-14B-Instruct-Q4_K_M,llama.cpp,finegrained_gpu_emc
2026-06-03T20:51:38.406833,GPU1224_CPU1036,1224,1036,3199,1224,3199,p1024_o128,1024,128,mixed,2,89.10294692032039,78.90766274869647,10110.880587948486,128,12.659629286154136,456.43,45.643,47.267,3.565859375,0.2804373069254869,33.698,0.898,11.047,69.3,20,Qwen2.5-14B-Instruct-Q4_K_M,llama.cpp,finegrained_gpu_emc
2026-06-03T20:52:20.509022,GPU1224_CPU1036,1224,1036,3199,1224,3199,p1024_o512,1024,512,mixed,0,89.07753298990428,80.60489436010091,41280.087227001786,512,12.40307456678761,1870.925,46.196,47.565,3.654150390625,0.2736614241618451,34.176,0.936,11.083,69.4,81,Qwen2.5-14B-Instruct-Q4_K_M,llama.cpp,finegrained_gpu_emc
2026-06-03T20:53:02.624640,GPU1224_CPU1036,1224,1036,3199,1224,3199,p1024_o512,1024,512,mixed,1,89.52237106859684,80.63084699410341,41293.8425000757,512,12.398943014301985,1871.406,46.208,48.465,3.65508984375,0.2735910860604273,34.166,0.956,11.086,69.4,81,Qwen2.5-14B-Instruct-Q4_K_M,llama.cpp,finegrained_gpu_emc
2026-06-03T20:53:44.723167,GPU1224_CPU1036,1224,1036,3199,1224,3199,p1024_o512,1024,512,mixed,2,89.82605906203389,80.59626917601717,41276.47538704332,512,12.404159880393197,1869.772,46.167,47.166,3.6518984375,0.27383017822493866,34.176,0.921,11.07,69.5,81,Qwen2.5-14B-Instruct-Q4_K_M,llama.cpp,finegrained_gpu_emc
2026-06-03T20:55:09.722401,GPU1224_CPU1036,1224,1036,3199,1224,3199,p1024_o1024,1024,1024,mixed,0,89.76757898926735,82.18089316130406,84164.78317405563,1024,12.166608899619373,3772.832,46.01,47.565,3.68440625,0.27141415255171714,34.052,0.92,11.038,69.5,164,Qwen2.5-14B-Instruct-Q4_K_M,llama.cpp,finegrained_gpu_emc
2026-06-03T20:56:34.755026,GPU1224_CPU1036,1224,1036,3199,1224,3199,p1024_o1024,1024,1024,mixed,1,89.86348297912627,82.21329734895109,84197.9548339732,1024,12.161815593017518,3778.319,46.077,47.666,3.6897646484375,0.27101999592940673,34.088,0.959,11.031,69.6,164,Qwen2.5-14B-Instruct-Q4_K_M,llama.cpp,finegrained_gpu_emc
2026-06-03T20:57:59.855625,GPU1224_CPU1036,1224,1036,3199,1224,3199,p1024_o1024,1024,1024,mixed,2,89.93791998364031,82.27858408891349,84264.91373090539,1024,12.152151526198418,3798.695,46.045,47.181,3.7096630859375,0.26956625893892505,34.013,1.004,11.028,69.6,165,Qwen2.5-14B-Instruct-Q4_K_M,llama.cpp,finegrained_gpu_emc
2026-06-03T20:58:13.003136,GPU1224_CPU1036,1224,1036,3199,1224,3199,p2048_o128,2048,128,mixed,0,2006.606713985093,81.31264048852174,12333.839567028917,128,10.377952405200107,555.152,44.412,47.565,4.337125,0.23056748422053777,32.61,1.309,10.494,69.5,25,Qwen2.5-14B-Instruct-Q4_K_M,llama.cpp,finegrained_gpu_emc
2026-06-03T20:58:24.221035,GPU1224_CPU1036,1224,1036,3199,1224,3199,p2048_o128,2048,128,mixed,1,90.90226294938475,81.21047535449208,10405.152047984302,128,12.301598228427263,480.911,45.801,47.964,3.7571171875,0.2661615142926654,33.557,1.254,10.99,69.5,21,Qwen2.5-14B-Instruct-Q4_K_M,llama.cpp,finegrained_gpu_emc
2026-06-03T20:58:35.454320,GPU1224_CPU1036,1224,1036,3199,1224,3199,p2048_o128,2048,128,mixed,2,91.2450400646776,81.32209633862028,10419.681122060865,128,12.28444503248708,485.118,46.202,48.565,3.789984375,0.2638533305298917,33.463,1.672,11.067,69.6,21,Qwen2.5-14B-Instruct-Q4_K_M,llama.cpp,finegrained_gpu_emc
2026-06-03T20:59:18.247046,GPU1224_CPU1036,1224,1036,3199,1224,3199,p2048_o512,2048,512,mixed,0,91.53795999009162,81.9477130879453,41968.76805298962,512,12.199547991343245,1939.005,47.293,49.064,3.787119140625,0.26405295499495873,34.414,1.625,11.253,69.7,82,Qwen2.5-14B-Instruct-Q4_K_M,llama.cpp,finegrained_gpu_emc
2026-06-03T21:00:01.070251,GPU1224_CPU1036,1224,1036,3199,1224,3199,p2048_o512,2048,512,mixed,1,97.18765201978385,81.99754327789874,42000.05594501272,512,12.190459952489594,1940.427,47.327,48.565,3.789896484375,0.2638594494923025,34.415,1.664,11.248,69.9,82,Qwen2.5-14B-Instruct-Q4_K_M,llama.cpp,finegrained_gpu_emc
2026-06-03T21:00:43.879319,GPU1224_CPU1036,1224,1036,3199,1224,3199,p2048_o512,2048,512,mixed,2,97.20002696849406,81.97043068891978,41986.06447700877,512,12.194522310619684,1938.139,47.272,48.465,3.785427734375,0.26417093923604035,34.472,1.577,11.223,70.0,82,Qwen2.5-14B-Instruct-Q4_K_M,llama.cpp,finegrained_gpu_emc
2026-06-03T21:00:58.693523,GPU1300_CPU1036,1300,1036,3199,1300,3199,p64_o64,64,64,decode,0,77.72606192156672,76.48175985862811,4896.337984944694,64,13.07099309663422,245.052,49.01,51.06,3.8289375,0.26116905799585394,36.231,1.596,11.183,69.6,10,Qwen2.5-14B-Instruct-Q4_K_M,llama.cpp,finegrained_gpu_emc
2026-06-03T21:01:04.397949,GPU1300_CPU1036,1300,1036,3199,1300,3199,p64_o64,64,64,decode,1,77.43185793515295,76.43821130188861,4893.299069954082,64,13.07911065419522,238.597,47.719,50.559,3.728078125,0.26823472214654837,35.351,1.396,10.972,69.6,10,Qwen2.5-14B-Instruct-Q4_K_M,llama.cpp,finegrained_gpu_emc
2026-06-03T21:01:10.112744,GPU1300_CPU1036,1300,1036,3199,1300,3199,p64_o64,64,64,decode,2,77.7480440447107,76.59784674511424,4903.672704007477,64,13.051442023790996,240.953,48.191,51.06,3.764890625,0.26561196581906016,35.392,1.716,11.082,69.6,10,Qwen2.5-14B-Instruct-Q4_K_M,llama.cpp,finegrained_gpu_emc
2026-06-03T21:01:20.745533,GPU1300_CPU1036,1300,1036,3199,1300,3199,p128_o128,128,128,decode,0,77.80381792690605,76.7068303544001,9820.05737698637,128,13.034547058754692,487.428,48.743,51.858,3.80803125,0.26260288699048884,35.894,1.716,11.133,69.8,20,Qwen2.5-14B-Instruct-Q4_K_M,llama.cpp,finegrained_gpu_emc
2026-06-03T21:01:31.382233,GPU1300_CPU1036,1300,1036,3199,1300,3199,p128_o128,128,128,decode,1,77.78224896173924,76.73445124432122,9823.825864004903,128,13.02954691705192,487.722,48.772,51.06,3.810328125,0.2624445893357282,35.913,1.716,11.143,69.9,20,Qwen2.5-14B-Instruct-Q4_K_M,llama.cpp,finegrained_gpu_emc
2026-06-03T21:01:42.013723,GPU1300_CPU1036,1300,1036,3199,1300,3199,p128_o128,128,128,decode,2,77.68743392080069,76.69148484325608,9818.012848962098,128,13.037261406062571,486.631,48.663,51.06,3.8018046875,0.26303297570438383,35.914,1.596,11.153,69.9,20,Qwen2.5-14B-Instruct-Q4_K_M,llama.cpp,finegrained_gpu_emc
2026-06-03T21:02:23.551532,GPU1300_CPU1036,1300,1036,3199,1300,3199,p128_o512,128,512,decode,0,77.56141806021333,79.52163111734698,40715.08963801898,512,12.575190293131618,1977.28,49.432,51.358,3.861875,0.2589415763068458,36.692,1.571,11.169,70.2,80,Qwen2.5-14B-Instruct-Q4_K_M,llama.cpp,finegrained_gpu_emc
2026-06-03T21:03:05.065586,GPU1300_CPU1036,1300,1036,3199,1300,3199,p128_o512,128,512,decode,1,83.28989404253662,79.46471185715042,40691.69880496338,512,12.582418897132618,1967.314,49.183,50.559,3.84241015625,0.26025332000890555,36.661,1.397,11.125,70.4,80,Qwen2.5-14B-Instruct-Q4_K_M,llama.cpp,finegrained_gpu_emc
2026-06-03T21:03:46.620262,GPU1300_CPU1036,1300,1036,3199,1300,3199,p128_o512,128,512,decode,2,83.70722597464919,79.54321570836605,40732.27560403757,512,12.569884505771345,1977.836,49.446,50.958,3.8629609375,0.2588687838627672,36.666,1.616,11.164,70.7,80,Qwen2.5-14B-Instruct-Q4_K_M,llama.cpp,finegrained_gpu_emc
2026-06-03T21:04:07.177141,GPU1300_CPU1036,1300,1036,3199,1300,3199,p256_o256,256,256,decode,0,83.32108298782259,77.08561980786423,19741.15072505083,256,12.967835743999713,969.892,49.738,50.958,3.788640625,0.2639469136769867,36.878,1.586,11.274,70.7,39,Qwen2.5-14B-Instruct-Q4_K_M,llama.cpp,finegrained_gpu_emc
2026-06-03T21:04:27.726079,GPU1300_CPU1036,1300,1036,3199,1300,3199,p256_o256,256,256,decode,1,82.83596893306822,77.0549045451095,19732.776100980118,256,12.97333931576331,968.635,49.674,50.943,3.78373046875,0.26428943823008666,36.86,1.576,11.238,70.8,39,Qwen2.5-14B-Instruct-Q4_K_M,llama.cpp,finegrained_gpu_emc
2026-06-03T21:04:48.276387,GPU1300_CPU1036,1300,1036,3199,1300,3199,p256_o256,256,256,decode,2,82.77132909279317,77.06228228212863,19734.596527996473,256,12.972142584056673,970.358,49.762,51.06,3.7904609375,0.2638201570966592,36.872,1.586,11.305,70.7,39,Qwen2.5-14B-Instruct-Q4_K_M,llama.cpp,finegrained_gpu_emc
2026-06-03T21:04:58.927691,GPU1300_CPU1036,1300,1036,3199,1300,3199,p512_o128,512,128,decode,0,82.9846989363432,76.81185418948913,9838.5847969912,128,13.010001198459406,488.307,48.831,51.857,3.8148984375,0.2621301763030225,35.907,1.756,11.168,70.7,20,Qwen2.5-14B-Instruct-Q4_K_M,llama.cpp,finegrained_gpu_emc
2026-06-03T21:05:09.555493,GPU1300_CPU1036,1300,1036,3199,1300,3199,p512_o128,512,128,decode,1,77.50498095992953,76.67217481107723,9815.356549923308,128,13.040789639068192,486.376,48.638,50.959,3.7998125,0.26317088014211226,35.884,1.616,11.138,70.6,20,Qwen2.5-14B-Instruct-Q4_K_M,llama.cpp,finegrained_gpu_emc
2026-06-03T21:05:20.170843,GPU1300_CPU1036,1300,1036,3199,1300,3199,p512_o128,512,128,decode,2,77.97546801157296,76.57007139366794,9802.852062974125,128,13.057424428902948,485.149,48.515,50.959,3.7902265625,0.2638364708574067,35.871,1.536,11.108,70.5,20,Qwen2.5-14B-Instruct-Q4_K_M,llama.cpp,finegrained_gpu_emc
2026-06-03T21:06:01.744074,GPU1300_CPU1036,1300,1036,3199,1300,3199,p512_o512,512,512,decode,0,78.99570697918534,79.58748993357194,40750.15896593686,512,12.564368164256287,1981.04,49.526,51.741,3.86921875,0.25845010701449744,36.679,1.646,11.201,70.7,80,Qwen2.5-14B-Instruct-Q4_K_M,llama.cpp,finegrained_gpu_emc
2026-06-03T21:06:43.339323,GPU1300_CPU1036,1300,1036,3199,1300,3199,p512_o512,512,512,decode,1,83.38628499768674,79.62344007438081,40773.056000005454,512,12.557312358434244,1978.632,49.466,51.358,3.864515625,0.2587646414290277,36.693,1.596,11.177,70.7,80,Qwen2.5-14B-Instruct-Q4_K_M,llama.cpp,finegrained_gpu_emc
2026-06-03T21:07:24.919440,GPU1300_CPU1036,1300,1036,3199,1300,3199,p512_o512,512,512,decode,2,83.20804499089718,79.59400148722371,40757.68792396411,512,12.562047213158078,1978.913,49.473,51.06,3.865064453125,0.2587278975882214,36.686,1.596,11.19,70.7,80,Qwen2.5-14B-Instruct-Q4_K_M,llama.cpp,finegrained_gpu_emc
2026-06-03T21:07:50.141196,GPU1300_CPU1036,1300,1036,3199,1300,3199,p512_o1024,512,1024,decode,0,83.1975459586829,76.72451363846739,18190.338621963747,236,12.973920106965139,498.975,39.918,51.16,2.1143008474576273,0.4729695876546921,28.521,1.532,9.864,70.1,25,Qwen2.5-14B-Instruct-Q4_K_M,llama.cpp,finegrained_gpu_emc
2026-06-03T21:08:08.129764,GPU1300_CPU1036,1300,1036,3199,1300,3199,p512_o1024,512,1024,decode,1,184.9148409673944,76.86997758626768,17173.649374977686,221,12.868551999320596,789.621,49.351,51.358,3.572945701357466,0.27988110751867035,36.421,1.708,11.222,69.8,32,Qwen2.5-14B-Instruct-Q4_K_M,llama.cpp,finegrained_gpu_emc
2026-06-03T21:09:30.973374,GPU1300_CPU1036,1300,1036,3199,1300,3199,p512_o1024,512,1024,decode,2,77.46221497654915,79.79825184269028,81715.09022999089,1024,12.531345154461738,3079.512,49.272,51.06,3.0073359375,0.33252021748900473,36.501,1.599,11.172,70.5,125,Qwen2.5-14B-Instruct-Q4_K_M,llama.cpp,finegrained_gpu_emc
2026-06-03T21:09:41.613100,GPU1300_CPU1036,1300,1036,3199,1300,3199,p1024_o128,1024,128,decode,0,83.4158060606569,76.71767095283525,9827.046153019182,128,13.025277179620685,485.641,48.564,50.959,3.7940703125,0.2635691797027022,35.836,1.636,11.092,70.7,20,Qwen2.5-14B-Instruct-Q4_K_M,llama.cpp,finegrained_gpu_emc
2026-06-03T21:09:52.245038,GPU1300_CPU1036,1300,1036,3199,1300,3199,p1024_o128,1024,128,decode,1,77.74908596184105,76.70157543277206,9819.333700928837,128,13.035507693143389,487.038,48.704,51.06,3.804984375,0.2628131685823283,35.855,1.696,11.153,70.7,20,Qwen2.5-14B-Instruct-Q4_K_M,llama.cpp,finegrained_gpu_emc
2026-06-03T21:10:02.868570,GPU1300_CPU1036,1300,1036,3199,1300,3199,p1024_o128,1024,128,decode,2,77.53564801532775,76.63406485757666,9810.543540981598,128,13.047187392350425,485.94,48.594,50.959,3.79640625,0.26340700498003866,35.835,1.616,11.143,70.6,20,Qwen2.5-14B-Instruct-Q4_K_M,llama.cpp,finegrained_gpu_emc
2026-06-03T21:10:44.385193,GPU1300_CPU1036,1300,1036,3199,1300,3199,p1024_o512,1024,512,decode,0,77.41811394225806,79.48175403530985,40694.492985960096,512,12.581554958226015,1970.584,49.265,51.358,3.848796875,0.2598214539446174,36.627,1.486,11.151,70.6,80,Qwen2.5-14B-Instruct-Q4_K_M,llama.cpp,finegrained_gpu_emc
2026-06-03T21:11:07.329022,GPU1300_CPU1036,1300,1036,3199,1300,3199,p1024_o512,1024,512,decode,1,83.26812402810901,77.60531966765362,22127.362122992054,284,12.834787916491043,1088.888,49.495,51.06,3.8341126760563378,0.26081653944207306,36.611,1.651,11.233,70.6,44,Qwen2.5-14B-Instruct-Q4_K_M,llama.cpp,finegrained_gpu_emc
2026-06-03T21:11:48.925952,GPU1300_CPU1036,1300,1036,3199,1300,3199,p1024_o512,1024,512,decode,2,82.77507591992617,79.6267147945539,40774.03970994055,512,12.557009402116622,1982.308,49.558,51.06,3.8716953125,0.2582847872278173,36.696,1.666,11.195,70.7,80,Qwen2.5-14B-Instruct-Q4_K_M,llama.cpp,finegrained_gpu_emc
2026-06-03T21:13:11.583831,GPU1300_CPU1036,1300,1036,3199,1300,3199,p1024_o1024,1024,1024,decode,0,83.57275696471334,79.89827250535595,81823.46661493648,1024,12.514747203500589,3964.886,49.561,51.459,3.871958984375,0.2582671986029359,36.739,1.599,11.224,70.7,160,Qwen2.5-14B-Instruct-Q4_K_M,llama.cpp,finegrained_gpu_emc
2026-06-03T21:14:34.307909,GPU1300_CPU1036,1300,1036,3199,1300,3199,p1024_o1024,1024,1024,decode,1,83.7116950424388,79.9620036871736,81888.82470398676,1024,12.504758783650567,3968.38,49.605,51.06,3.87537109375,0.2580398046558041,36.697,1.671,11.236,70.7,160,Qwen2.5-14B-Instruct-Q4_K_M,llama.cpp,finegrained_gpu_emc
2026-06-03T21:15:57.072808,GPU1300_CPU1036,1300,1036,3199,1300,3199,p1024_o1024,1024,1024,decode,2,84.53153097070754,81.92365212613964,81930.18929392565,1000,12.205513115714728,3958.104,49.476,51.459,3.9581039999999996,0.25264621647132063,36.605,1.631,11.24,70.7,160,Qwen2.5-14B-Instruct-Q4_K_M,llama.cpp,finegrained_gpu_emc
2026-06-03T21:16:07.743775,GPU1300_CPU1036,1300,1036,3199,1300,3199,p2048_o128,2048,128,decode,0,84.03920999262482,76.95607020424342,9857.940129935741,128,12.984457027822744,482.846,48.285,50.661,3.772234375,0.2650948749704875,35.476,1.656,11.153,70.5,20,Qwen2.5-14B-Instruct-Q4_K_M,llama.cpp,finegrained_gpu_emc
2026-06-03T21:16:18.396027,GPU1300_CPU1036,1300,1036,3199,1300,3199,p2048_o128,2048,128,decode,1,77.94175401795655,76.86017248797869,9839.66750302352,128,13.008569645332866,483.048,48.305,50.661,3.7738125,0.26498401815140527,35.516,1.656,11.133,70.5,20,Qwen2.5-14B-Instruct-Q4_K_M,llama.cpp,finegrained_gpu_emc
2026-06-03T21:16:29.037296,GPU1300_CPU1036,1300,1036,3199,1300,3199,p2048_o128,2048,128,decode,2,77.95959105715156,76.77323137791313,9828.641034080647,128,13.023163584483568,479.898,47.99,50.661,3.749203125,0.2667233453775594,35.476,1.417,11.098,70.3,20,Qwen2.5-14B-Instruct-Q4_K_M,llama.cpp,finegrained_gpu_emc
2026-06-03T21:17:10.699333,GPU1300_CPU1036,1300,1036,3199,1300,3199,p2048_o512,2048,512,decode,0,77.65736302826554,79.76618247154968,40840.13017301913,512,12.536688738035677,1959.636,48.991,50.56,3.8274140625,0.26127301192670477,36.248,1.566,11.177,70.4,80,Qwen2.5-14B-Instruct-Q4_K_M,llama.cpp,finegrained_gpu_emc
2026-06-03T21:17:52.365294,GPU1300_CPU1036,1300,1036,3199,1300,3199,p2048_o512,2048,512,decode,1,83.49418197758496,79.7619577438011,40843.78097602166,512,12.535568151748294,1959.046,48.976,50.56,3.82626171875,0.26135169873499653,36.248,1.551,11.177,70.4,80,Qwen2.5-14B-Instruct-Q4_K_M,llama.cpp,finegrained_gpu_emc
2026-06-03T21:18:34.031342,GPU1300_CPU1036,1300,1036,3199,1300,3199,p2048_o512,2048,512,decode,2,83.64178298506886,79.7619893092119,40843.96162698977,512,12.535512707505568,1960.283,49.007,51.958,3.828677734375,0.261186777623435,36.249,1.571,11.187,70.4,80,Qwen2.5-14B-Instruct-Q4_K_M,llama.cpp,finegrained_gpu_emc
2026-06-03T21:18:39.844840,GPU1300_CPU1036,1300,1036,3199,1300,3199,p64_o64,64,64,mixed,0,155.58580495417118,76.92592403119696,5002.184825949371,64,12.794409288515915,235.566,47.113,50.16,3.68071875,0.2716860667498705,34.516,1.636,10.962,70.2,10,Qwen2.5-14B-Instruct-Q4_K_M,llama.cpp,finegrained_gpu_emc
2026-06-03T21:18:45.561092,GPU1300_CPU1036,1300,1036,3199,1300,3199,p64_o64,64,64,mixed,1,78.21615191642195,76.61166788995384,4905.016299919225,64,13.04786693594758,237.164,47.433,50.16,3.7056875,0.2698554586699499,34.954,1.476,11.002,70.1,10,Qwen2.5-14B-Instruct-Q4_K_M,llama.cpp,finegrained_gpu_emc
2026-06-03T21:18:51.272936,GPU1300_CPU1036,1300,1036,3199,1300,3199,p64_o64,64,64,mixed,2,77.94825395103544,76.54893263575754,4900.797744048759,64,13.059098404482787,236.316,47.263,50.16,3.6924375,0.27082381218368623,34.954,1.317,10.992,69.9,10,Qwen2.5-14B-Instruct-Q4_K_M,llama.cpp,finegrained_gpu_emc
2026-06-03T21:19:02.036608,GPU1300_CPU1036,1300,1036,3199,1300,3199,p128_o128,128,128,mixed,0,177.59374098386616,76.95114583521348,9950.881063006818,128,12.863182585494872,483.928,48.393,50.959,3.7806875,0.26450215734572086,35.655,1.616,11.122,70.1,20,Qwen2.5-14B-Instruct-Q4_K_M,llama.cpp,finegrained_gpu_emc
2026-06-03T21:19:12.694538,GPU1300_CPU1036,1300,1036,3199,1300,3199,p128_o128,128,128,mixed,1,78.17637699190527,76.90192756745378,9845.21704306826,128,13.001236990516242,482.941,48.294,50.661,3.7729765625,0.2650427277866241,35.515,1.616,11.163,70.2,20,Qwen2.5-14B-Instruct-Q4_K_M,llama.cpp,finegrained_gpu_emc
2026-06-03T21:19:23.352284,GPU1300_CPU1036,1300,1036,3199,1300,3199,p128_o128,128,128,mixed,2,78.57332995627075,76.89660013374674,9844.935170956887,128,13.001609231273275,482.743,48.274,50.56,3.7714296875,0.2651514366857728,35.516,1.616,11.143,70.2,20,Qwen2.5-14B-Instruct-Q4_K_M,llama.cpp,finegrained_gpu_emc
2026-06-03T21:20:05.008911,GPU1300_CPU1036,1300,1036,3199,1300,3199,p128_o512,128,512,mixed,0,79.07970494125038,79.7516157966355,40834.14749894291,512,12.538525507683351,1961.928,49.048,50.661,3.831890625,0.2609677827116999,36.263,1.596,11.189,70.4,80,Qwen2.5-14B-Instruct-Q4_K_M,llama.cpp,finegrained_gpu_emc
2026-06-03T21:20:46.643029,GPU1300_CPU1036,1300,1036,3199,1300,3199,p128_o512,128,512,mixed,1,84.58695106673986,79.69762364182796,40812.00442404952,512,12.545328445036894,1952.752,48.819,50.661,3.81396875,0.2621940727752423,36.238,1.422,11.159,70.5,80,Qwen2.5-14B-Instruct-Q4_K_M,llama.cpp,finegrained_gpu_emc
2026-06-03T21:21:28.276841,GPU1300_CPU1036,1300,1036,3199,1300,3199,p128_o512,128,512,mixed,2,84.05982493422925,80.80517902387314,40811.80363101885,505,12.373871161532708,1954.884,48.872,50.661,3.8710574257425745,0.2583273483234811,36.239,1.457,11.177,70.7,80,Qwen2.5-14B-Instruct-Q4_K_M,llama.cpp,finegrained_gpu_emc
2026-06-03T21:21:49.716792,GPU1300_CPU1036,1300,1036,3199,1300,3199,p256_o256,256,256,mixed,0,258.4641680587083,79.85973000782086,20623.650202993304,256,12.412933572876653,989.489,48.268,50.06,3.86519140625,0.2587193996092933,35.768,1.45,11.05,70.7,41,Qwen2.5-14B-Instruct-Q4_K_M,llama.cpp,finegrained_gpu_emc
2026-06-03T21:22:11.009639,GPU1300_CPU1036,1300,1036,3199,1300,3199,p256_o256,256,256,mixed,1,84.53706302680075,79.96638997631403,20477.02183900401,256,12.50181798958572,978.568,48.928,50.959,3.82253125,0.2616067559944736,36.102,1.656,11.17,70.6,40,Qwen2.5-14B-Instruct-Q4_K_M,llama.cpp,finegrained_gpu_emc
2026-06-03T21:22:32.288993,GPU1300_CPU1036,1300,1036,3199,1300,3199,p256_o256,256,256,mixed,2,84.59472190588713,79.91441978442975,20463.785688974895,256,12.509904271423396,974.937,48.747,50.56,3.80834765625,0.26258106934089076,36.003,1.586,11.158,70.5,40,Qwen2.5-14B-Instruct-Q4_K_M,llama.cpp,finegrained_gpu_emc
2026-06-03T21:22:43.866129,GPU1300_CPU1036,1300,1036,3199,1300,3199,p512_o128,512,128,mixed,0,470.4331759130582,81.04839462211253,10764.111789991148,128,11.891366654053048,517.739,47.067,49.96,4.0448359375,0.24722881606369232,34.716,1.596,10.755,70.3,22,Qwen2.5-14B-Instruct-Q4_K_M,llama.cpp,finegrained_gpu_emc
2026-06-03T21:22:55.043520,GPU1300_CPU1036,1300,1036,3199,1300,3199,p512_o128,512,128,mixed,1,84.47774907108396,80.94060347199176,10364.432102069259,128,12.349928943472436,499.314,47.554,49.96,3.900890625,0.25635171455236583,35.077,1.558,10.918,70.3,21,Qwen2.5-14B-Instruct-Q4_K_M,llama.cpp,finegrained_gpu_emc
2026-06-03T21:23:06.224044,GPU1300_CPU1036,1300,1036,3199,1300,3199,p512_o128,512,128,mixed,2,84.15613893885165,80.96811533850567,10367.609009961598,128,12.34614460065119,501.386,47.751,49.96,3.917078125,0.2552923296621764,35.189,1.615,10.947,70.2,21,Qwen2.5-14B-Instruct-Q4_K_M,llama.cpp,finegrained_gpu_emc
2026-06-03T21:23:47.559220,GPU1300_CPU1036,1300,1036,3199,1300,3199,p512_o512,512,512,mixed,0,84.41560401115566,79.11144795694521,40512.282140087336,512,12.638142631154578,1951.658,49.409,50.661,3.81183203125,0.26234104540857056,36.538,1.606,11.265,70.3,79,Qwen2.5-14B-Instruct-Q4_K_M,llama.cpp,finegrained_gpu_emc
2026-06-03T21:24:28.839040,GPU1300_CPU1036,1300,1036,3199,1300,3199,p512_o512,512,512,mixed,1,90.09880397934467,78.99384090399876,40457.93837297242,512,12.65511839184661,1940.218,49.119,50.56,3.78948828125,0.2638878723937207,36.588,1.338,11.193,70.4,79,Qwen2.5-14B-Instruct-Q4_K_M,llama.cpp,finegrained_gpu_emc
2026-06-03T21:25:10.212303,GPU1300_CPU1036,1300,1036,3199,1300,3199,p512_o512,512,512,mixed,2,89.7620910545811,79.17662200776755,40550.9927830426,512,12.626078052868422,1950.094,49.369,50.959,3.80877734375,0.2625514462379762,36.529,1.591,11.249,70.5,79,Qwen2.5-14B-Instruct-Q4_K_M,llama.cpp,finegrained_gpu_emc
2026-06-03T21:26:33.345968,GPU1300_CPU1036,1300,1036,3199,1300,3199,p512_o1024,512,1024,mixed,0,90.06615297403187,80.35618119351001,82298.40566997882,1024,12.442525364419536,3952.674,49.102,50.661,3.860033203125,0.2590651290746467,36.349,1.527,11.226,70.5,161,Qwen2.5-14B-Instruct-Q4_K_M,llama.cpp,finegrained_gpu_emc
2026-06-03T21:27:56.331416,GPU1300_CPU1036,1300,1036,3199,1300,3199,p512_o1024,512,1024,mixed,1,90.07321507669985,80.21188604295844,82150.77727602329,1024,12.464885104609557,3912.256,48.903,50.959,3.8205625,0.2617415629243076,36.427,1.287,11.19,70.6,160,Qwen2.5-14B-Instruct-Q4_K_M,llama.cpp,finegrained_gpu_emc
2026-06-03T21:29:19.327338,GPU1300_CPU1036,1300,1036,3199,1300,3199,p512_o1024,512,1024,mixed,2,90.25047800969332,80.22188480837836,82161.24793700874,1024,12.463296574865547,3907.051,48.838,50.459,3.8154794921875,0.26209025682029746,36.417,1.242,11.179,70.7,160,Qwen2.5-14B-Instruct-Q4_K_M,llama.cpp,finegrained_gpu_emc
2026-06-03T21:29:30.861523,GPU1300_CPU1036,1300,1036,3199,1300,3199,p1024_o128,1024,128,mixed,0,938.7839729897678,77.0062746619439,10719.098942005076,128,11.941302220693634,505.636,48.156,50.559,3.95028125,0.2531465322880491,35.969,1.216,10.971,70.4,21,Qwen2.5-14B-Instruct-Q4_K_M,llama.cpp,finegrained_gpu_emc
2026-06-03T21:29:41.530236,GPU1300_CPU1036,1300,1036,3199,1300,3199,p1024_o128,1024,128,mixed,1,87.19465497415513,76.91615702415722,9856.1082680244,128,12.986870326421126,481.037,48.104,50.16,3.7581015625,0.2660917975124575,35.774,1.217,11.113,70.4,20,Qwen2.5-14B-Instruct-Q4_K_M,llama.cpp,finegrained_gpu_emc
2026-06-03T21:29:52.200961,GPU1300_CPU1036,1300,1036,3199,1300,3199,p1024_o128,1024,128,mixed,2,87.18966704327613,76.93260526797903,9858.140398049727,128,12.984193248589026,481.49,48.149,50.459,3.761640625,0.26584145049741426,35.854,1.217,11.078,70.3,20,Qwen2.5-14B-Instruct-Q4_K_M,llama.cpp,finegrained_gpu_emc
2026-06-03T21:30:33.279523,GPU1300_CPU1036,1300,1036,3199,1300,3199,p1024_o512,1024,512,mixed,0,87.05520408693701,78.60581449109063,40256.59731007181,512,12.718412240765877,1945.069,49.242,50.559,3.798962890625,0.2632297363229788,36.741,1.242,11.258,70.4,79,Qwen2.5-14B-Instruct-Q4_K_M,llama.cpp,finegrained_gpu_emc
2026-06-03T21:31:14.354724,GPU1300_CPU1036,1300,1036,3199,1300,3199,p1024_o512,1024,512,mixed,1,87.5315529992804,78.59872541674677,40253.438051906414,512,12.719410434949209,1945.938,49.264,50.56,3.80066015625,0.2631121854858685,36.727,1.258,11.28,70.4,79,Qwen2.5-14B-Instruct-Q4_K_M,llama.cpp,finegrained_gpu_emc
2026-06-03T21:31:55.439586,GPU1300_CPU1036,1300,1036,3199,1300,3199,p1024_o512,1024,512,mixed,2,87.4798089498654,78.61735075739543,40262.936654966325,512,12.716409743968494,1944.74,49.234,50.559,3.7983203125,0.2632742680255458,36.767,1.222,11.244,70.4,79,Qwen2.5-14B-Instruct-Q4_K_M,llama.cpp,finegrained_gpu_emc
2026-06-03T21:33:18.403382,GPU1300_CPU1036,1300,1036,3199,1300,3199,p1024_o1024,1024,1024,mixed,0,87.7389219822362,80.193494840658,82129.6478509903,1024,12.468091935056956,3920.014,49.0,50.559,3.828138671875,0.2612235568546439,36.559,1.227,11.214,70.6,160,Qwen2.5-14B-Instruct-Q4_K_M,llama.cpp,finegrained_gpu_emc
2026-06-03T21:34:41.378592,GPU1300_CPU1036,1300,1036,3199,1300,3199,p1024_o1024,1024,1024,mixed,1,87.83754601608962,80.2040229628194,82140.58608200867,1024,12.466431624649532,3923.351,49.042,50.66,3.8313974609375,0.26100137357070524,36.586,1.234,11.221,70.7,160,Qwen2.5-14B-Instruct-Q4_K_M,llama.cpp,finegrained_gpu_emc
2026-06-03T21:36:04.336691,GPU1300_CPU1036,1300,1036,3199,1300,3199,p1024_o1024,1024,1024,mixed,2,87.7638739766553,80.18742425024476,82123.51774598937,1024,12.469022615023192,3924.102,49.051,50.958,3.832130859375,0.26095142277137545,36.594,1.227,11.231,70.6,160,Qwen2.5-14B-Instruct-Q4_K_M,llama.cpp,finegrained_gpu_emc
2026-06-03T21:36:17.101187,GPU1300_CPU1036,1300,1036,3199,1300,3199,p2048_o128,2048,128,mixed,0,1921.0903340717778,78.97159027570022,11951.005053007975,128,10.710396274812334,568.402,47.367,50.06,4.440640625,0.22519273331198691,35.465,1.247,10.655,70.4,24,Qwen2.5-14B-Instruct-Q4_K_M,llama.cpp,finegrained_gpu_emc
2026-06-03T21:36:28.019419,GPU1300_CPU1036,1300,1036,3199,1300,3199,p2048_o128,2048,128,mixed,1,88.66508898790926,78.86962459044986,10105.631253914908,128,12.666205285336627,487.405,48.74,50.16,3.8078515625,0.2626152788748577,36.411,1.197,11.133,70.3,20,Qwen2.5-14B-Instruct-Q4_K_M,llama.cpp,finegrained_gpu_emc
2026-06-03T21:36:38.938261,GPU1300_CPU1036,1300,1036,3199,1300,3199,p2048_o128,2048,128,mixed,2,88.58376299031079,78.86961685020594,10105.593233020045,128,12.666252940179678,487.458,48.746,50.559,3.808265625,0.2625867254204465,36.391,1.197,11.158,70.3,20,Qwen2.5-14B-Instruct-Q4_K_M,llama.cpp,finegrained_gpu_emc
2026-06-03T21:37:20.493237,GPU1300_CPU1036,1300,1036,3199,1300,3199,p2048_o512,2048,512,mixed,0,88.52208603639156,79.53514289630326,40732.96238400508,512,12.569672570661124,1977.68,49.442,50.358,3.86265625,0.25888920351118483,36.96,1.217,11.265,70.5,80,Qwen2.5-14B-Instruct-Q4_K_M,llama.cpp,finegrained_gpu_emc
2026-06-03T21:38:02.055948,GPU1300_CPU1036,1300,1036,3199,1300,3199,p2048_o512,2048,512,mixed,1,94.89997592754662,79.53753183165715,40740.57167500723,512,12.567324879098155,1979.328,49.483,50.559,3.865875,0.25867365085523975,36.985,1.232,11.266,70.5,80,Qwen2.5-14B-Instruct-Q4_K_M,llama.cpp,finegrained_gpu_emc
2026-06-03T21:38:43.600007,GPU1300_CPU1036,1300,1036,3199,1300,3199,p2048_o512,2048,512,mixed,2,94.40168598666787,79.50194835035884,40721.97742399294,512,12.573063303609006,1979.038,49.476,50.959,3.86530859375,0.2587115558165129,36.981,1.237,11.258,70.6,80,Qwen2.5-14B-Instruct-Q4_K_M,llama.cpp,finegrained_gpu_emc
