timestamp,config_name,gpu_freq_mhz,cpu_freq_mhz,emc_freq_mhz,target_gpu_mhz,target_emc_mhz,workload,prompt_length,output_length,phase,repeat,ttft_ms,tpot_ms,total_time_ms,output_tokens,tokens_per_second,total_energy_j,avg_power_w,max_power_w,energy_per_token_j,tokens_per_joule,avg_gpu_soc_w,avg_cpu_cv_w,avg_sys_5v0_w,avg_temp_cpu_c,power_samples,model,runtime,experiment
2026-05-16T05:53:45.939974,GPU306_EMC204_CPU1036,306,1036,204,306,204,p128_o64,128,64,mixed,0,82.9244451597333,80.62213388759466,5162.387199001387,64,12.397365314322059,86.873,15.795,16.404,1.357390625,0.7367076076571547,8.383,0.399,7.013,47.9,11,Phi-3-mini-Q4,llama.cpp,finegrained_gpu_emc
2026-05-16T05:53:51.916450,GPU306_EMC204_CPU1036,306,1036,204,306,204,p128_o64,128,64,mixed,1,82.88316614925861,80.6571394907281,5164.549096021801,64,12.392175736948369,85.669,15.576,16.404,1.338578125,0.7470613640873596,8.238,0.399,6.939,48.0,11,Phi-3-mini-Q4,llama.cpp,finegrained_gpu_emc
2026-05-16T05:53:57.973222,GPU306_EMC204_CPU1036,306,1036,204,306,204,p128_o64,128,64,mixed,2,82.91654102504253,86.0377852184077,5245.45686901547,61,11.629110966543742,86.266,15.685,16.404,1.4141967213114754,0.7071152018176338,8.31,0.399,6.976,48.2,11,Phi-3-mini-Q4,llama.cpp,finegrained_gpu_emc
2026-05-16T05:54:11.019815,GPU306_EMC204_CPU1036,306,1036,204,306,204,p512_o128,512,128,mixed,0,845.7942451350391,89.66206780297492,12233.369910158217,128,10.463183974655479,191.375,15.948,16.702,1.4951171875,0.6688438928804703,8.516,0.515,6.917,48.4,24,Phi-3-mini-Q4,llama.cpp,finegrained_gpu_emc
2026-05-16T05:54:23.305248,GPU306_EMC204_CPU1036,306,1036,204,306,204,p512_o128,512,128,mixed,1,93.40339503251016,89.59518979472203,11472.478960175067,128,11.157135301300805,183.936,15.994,16.702,1.437,0.6958942240779401,8.557,0.451,6.987,48.7,23,Phi-3-mini-Q4,llama.cpp,finegrained_gpu_emc
2026-05-16T05:54:35.581026,GPU306_EMC204_CPU1036,306,1036,204,306,204,p512_o128,512,128,mixed,2,361.8400120176375,89.51863724993721,11462.643508799374,125,10.904988880099335,183.034,15.916,16.303,1.464272,0.6829332255209415,8.557,0.399,6.96,48.9,23,Phi-3-mini-Q4,llama.cpp,finegrained_gpu_emc
2026-05-16T05:54:37.637798,GPU306_EMC204_CPU1036,306,1036,204,306,204,p1024_o128,1024,128,mixed,0,1246.8685891944915,1246.8685891944915,1246.8685891944915,0,0.0,18.542,12.361,13.195,0.0,0.0,6.521,0.399,5.441,48.8,3,Phi-3-mini-Q4,llama.cpp,finegrained_gpu_emc
2026-05-16T05:54:49.097996,GPU306_EMC204_CPU1036,306,1036,204,306,204,p1024_o128,1024,128,mixed,1,94.30719795636833,83.08873655215844,10647.090401966125,128,12.022063790907902,171.688,16.351,17.003,1.3413125,0.7455384185266297,8.725,0.399,7.227,49.1,21,Phi-3-mini-Q4,llama.cpp,finegrained_gpu_emc
2026-05-16T05:54:50.001745,GPU306_EMC204_CPU1036,306,1036,204,306,204,p1024_o128,1024,128,mixed,2,94.1391340456903,94.1391340456903,94.1391340456903,0,0.0,5.15,10.299,10.299,0.0,0.0,4.792,0.399,5.108,49.0,1,Phi-3-mini-Q4,llama.cpp,finegrained_gpu_emc
2026-05-16T05:55:12.293624,GPU306_EMC204_CPU1036,306,1036,204,306,204,p128_o256,128,256,mixed,0,88.88604305684566,83.86628875673256,21475.778437918052,256,11.920406086328466,340.628,16.22,16.407,1.330578125,0.7515530138450157,8.697,0.399,7.125,49.5,42,Phi-3-mini-Q4,llama.cpp,finegrained_gpu_emc
2026-05-16T05:55:34.627756,GPU306_EMC204_CPU1036,306,1036,204,306,204,p128_o256,128,256,mixed,1,89.3343910574913,84.03071355275517,21518.115014070645,256,11.89695286193062,341.829,16.278,16.903,1.33526953125,0.7489124679298713,8.697,0.437,7.144,49.8,42,Phi-3-mini-Q4,llama.cpp,finegrained_gpu_emc
2026-05-16T05:55:56.968068,GPU306_EMC204_CPU1036,306,1036,204,306,204,p128_o256,128,256,mixed,2,88.83045800030231,84.05734085130925,21524.43761797622,256,11.893458242374733,343.477,16.356,16.903,1.34170703125,0.7453191916780455,8.697,0.513,7.146,50.2,42,Phi-3-mini-Q4,llama.cpp,finegrained_gpu_emc
2026-05-16T05:56:43.837763,GPU306_EMC204_CPU1036,306,1036,204,306,204,p1024_o512,1024,512,mixed,0,2056.1032579280436,86.08309756791303,46046.53957602568,512,11.11918517035697,737.917,16.398,17.402,1.441244140625,0.6938449717244622,8.738,0.421,7.239,50.6,90,Phi-3-mini-Q4,llama.cpp,finegrained_gpu_emc
2026-05-16T05:57:28.786098,GPU306_EMC204_CPU1036,306,1036,204,306,204,p1024_o512,1024,512,mixed,1,95.87569790892303,86.16075954999621,44125.971113098785,512,11.603144068777512,712.912,16.579,17.402,1.39240625,0.7181812060955629,8.847,0.418,7.315,51.1,86,Phi-3-mini-Q4,llama.cpp,finegrained_gpu_emc
2026-05-16T05:58:13.740139,GPU306_EMC204_CPU1036,306,1036,204,306,204,p1024_o512,1024,512,mixed,2,95.73064092546701,86.17187025063761,44131.612967001274,512,11.601660704829438,714.388,16.614,17.402,1.3952890625,0.7166973689367683,8.834,0.422,7.358,51.5,86,Phi-3-mini-Q4,llama.cpp,finegrained_gpu_emc
2026-05-16T05:58:29.034025,GPU306_EMC665_CPU1036,306,1036,665,306,665,p128_o64,128,64,mixed,0,83.19093310274184,80.66170444224207,5165.143463993445,64,12.390749733506574,87.328,15.878,16.507,1.3645,0.7328691828508611,8.42,0.399,7.059,51.5,11,Phi-3-mini-Q4,llama.cpp,finegrained_gpu_emc
2026-05-16T05:58:35.008529,GPU306_EMC665_CPU1036,306,1036,665,306,665,p128_o64,128,64,mixed,1,83.0307740252465,80.63436938183648,5163.289547897875,64,12.39519872095034,86.586,15.743,16.507,1.35290625,0.7391495160880512,8.313,0.399,7.031,51.6,11,Phi-3-mini-Q4,llama.cpp,finegrained_gpu_emc
2026-05-16T05:58:40.986877,GPU306_EMC665_CPU1036,306,1036,665,306,665,p128_o64,128,64,mixed,2,82.9205340705812,80.69779953756739,5167.138895951211,64,12.385964706725447,87.378,15.887,17.006,1.36528125,0.7324498157430932,8.312,0.544,7.031,51.7,11,Phi-3-mini-Q4,llama.cpp,finegrained_gpu_emc
2026-05-16T05:58:54.035698,GPU306_EMC665_CPU1036,306,1036,665,306,665,p512_o128,512,128,mixed,0,843.876939965412,89.69106418117295,12235.13069585897,128,10.461678193868588,191.841,15.987,16.806,1.4987578125,0.667219207572938,8.517,0.482,6.988,51.7,24,Phi-3-mini-Q4,llama.cpp,finegrained_gpu_emc
2026-05-16T05:59:06.316222,GPU306_EMC665_CPU1036,306,1036,665,306,665,p512_o128,512,128,mixed,1,93.44108402729034,89.55500146381439,11467.419611057267,128,11.16205775504876,184.396,16.034,16.702,1.44059375,0.6941582246903404,8.557,0.451,7.026,51.8,23,Phi-3-mini-Q4,llama.cpp,finegrained_gpu_emc
2026-05-16T05:59:18.598450,GPU306_EMC665_CPU1036,306,1036,665,306,665,p512_o128,512,128,mixed,2,361.1400839872658,89.57541242782628,11469.069205923006,125,10.898879216409808,183.946,15.995,16.702,1.471568,0.6795472584345406,8.557,0.416,7.022,51.9,23,Phi-3-mini-Q4,llama.cpp,finegrained_gpu_emc
2026-05-16T05:59:31.214829,GPU306_EMC665_CPU1036,306,1036,665,306,665,p1024_o128,1024,128,mixed,0,1244.653597008437,83.13371874135369,11803.186241071671,128,10.844529382633738,193.54,16.128,17.007,1.51203125,0.661361992353002,8.633,0.399,7.096,51.9,24,Phi-3-mini-Q4,llama.cpp,finegrained_gpu_emc
2026-05-16T05:59:32.118614,GPU306_EMC665_CPU1036,306,1036,665,306,665,p1024_o128,1024,128,mixed,1,94.18475907295942,94.18475907295942,94.18475907295942,0,0.0,5.1,10.199,10.199,0.0,0.0,4.792,0.399,5.008,51.9,1,Phi-3-mini-Q4,llama.cpp,finegrained_gpu_emc
2026-05-16T05:59:43.588602,GPU306_EMC665_CPU1036,306,1036,665,306,665,p1024_o128,1024,128,mixed,2,93.28210796229541,83.1765461416079,10657.210825011134,128,12.010647260500852,175.497,16.714,17.507,1.3710703125,0.7293571969891223,8.897,0.494,7.323,52.0,21,Phi-3-mini-Q4,llama.cpp,finegrained_gpu_emc
2026-05-16T06:00:05.877373,GPU306_EMC665_CPU1036,306,1036,665,306,665,p128_o256,128,256,mixed,0,89.05422710813582,83.85444224684262,21472.91612997651,256,11.921995058818313,343.588,16.361,17.003,1.342140625,0.7450784078605771,8.697,0.456,7.208,52.1,42,Phi-3-mini-Q4,llama.cpp,finegrained_gpu_emc
2026-05-16T06:00:28.215912,GPU306_EMC665_CPU1036,306,1036,665,306,665,p128_o256,128,256,mixed,1,89.53918400220573,84.04695548244989,21522.479481995106,256,11.894540320698642,344.544,16.407,17.203,1.345875,0.7430110522894029,8.697,0.523,7.187,52.2,42,Phi-3-mini-Q4,llama.cpp,finegrained_gpu_emc
2026-05-16T06:00:50.604415,GPU306_EMC665_CPU1036,306,1036,665,306,665,p128_o256,128,256,mixed,2,88.88488309457898,84.24492752106458,21572.294228011742,256,11.867073445882385,370.259,17.221,18.405,1.44632421875,0.6914079063574416,8.747,1.151,7.323,52.5,43,Phi-3-mini-Q4,llama.cpp,finegrained_gpu_emc
2026-05-16T06:01:37.562545,GPU306_EMC665_CPU1036,306,1036,665,306,665,p1024_o512,1024,512,mixed,0,2053.195172920823,86.26122572805565,46134.60979796946,512,11.097958826185517,778.3,17.296,18.103,1.5201171875,0.6578440190158037,8.993,0.829,7.473,52.7,90,Phi-3-mini-Q4,llama.cpp,finegrained_gpu_emc
2026-05-16T06:02:16.365291,GPU306_EMC665_CPU1036,306,1036,665,306,665,p1024_o512,1024,512,mixed,1,94.564019003883,85.71002567387576,37981.81828507222,442,11.637146928632344,634.996,17.162,18.901,1.4366425339366515,0.6960673768023736,8.982,0.728,7.452,52.9,74,Phi-3-mini-Q4,llama.cpp,finegrained_gpu_emc
2026-05-16T06:02:17.269146,GPU306_EMC665_CPU1036,306,1036,665,306,665,p1024_o512,1024,512,mixed,2,94.35893082991242,94.35893082991242,94.35893082991242,0,0.0,5.749,11.498,11.498,0.0,0.0,4.792,1.198,5.508,52.7,1,Phi-3-mini-Q4,llama.cpp,finegrained_gpu_emc
2026-05-16T06:02:25.415189,GPU306_EMC2133_CPU1036,306,1036,2133,306,2133,p128_o64,128,64,mixed,0,26.34721389040351,24.239410620389712,1553.6874260287732,64,41.19232667254318,78.932,39.466,46.061,1.2333125,0.8108245071707292,29.535,0.798,9.133,54.1,4,Phi-3-mini-Q4,llama.cpp,finegrained_gpu_emc
2026-05-16T06:02:27.775309,GPU306_EMC2133_CPU1036,306,1036,2133,306,2133,p128_o64,128,64,mixed,1,26.211501797661185,24.184118494361876,1550.1196689438075,64,41.287134975590085,74.236,37.118,45.562,1.1599375,0.8621154157012769,27.538,0.798,8.782,54.4,4,Phi-3-mini-Q4,llama.cpp,finegrained_gpu_emc
2026-05-16T06:02:30.137470,GPU306_EMC2133_CPU1036,306,1036,2133,306,2133,p128_o64,128,64,mixed,2,26.273261988535523,24.205298791269936,1551.4676929451525,64,41.25126181551918,74.286,37.143,45.662,1.16071875,0.8615351479417387,27.538,0.798,8.807,54.7,4,Phi-3-mini-Q4,llama.cpp,finegrained_gpu_emc
2026-05-16T06:02:31.741081,GPU306_EMC2133_CPU1036,306,1036,2133,306,2133,p512_o128,512,128,mixed,0,225.91560799628496,27.041217649821192,793.6418589670211,21,26.460297882136572,33.308,33.308,40.153,1.586095238095238,0.6304791641647652,24.736,0.798,7.774,54.7,2,Phi-3-mini-Q4,llama.cpp,finegrained_gpu_emc
2026-05-16T06:02:35.987092,GPU306_EMC2133_CPU1036,306,1036,2133,306,2133,p512_o128,512,128,mixed,1,30.092857079580426,26.807904835629063,3435.2009610738605,128,37.2612844053195,147.815,42.233,45.562,1.1548046875,0.8659472989886007,31.865,0.798,9.57,55.2,7,Phi-3-mini-Q4,llama.cpp,finegrained_gpu_emc
2026-05-16T06:02:40.235218,GPU306_EMC2133_CPU1036,306,1036,2133,306,2133,p512_o128,512,128,mixed,2,30.30143096111715,40.07902114159044,3437.4982570298016,86,25.018194503554163,149.041,42.583,46.076,1.7330348837209302,0.5770224300695782,31.987,0.969,9.628,55.8,7,Phi-3-mini-Q4,llama.cpp,finegrained_gpu_emc
2026-05-16T06:02:44.607477,GPU306_EMC2133_CPU1036,306,1036,2133,306,2133,p1024_o128,1024,128,mixed,0,337.0491969399154,25.383305992549797,3561.2279989290982,128,35.9426579928303,165.184,41.296,47.276,1.2905,0.7748934521503293,30.833,0.998,9.465,56.1,8,Phi-3-mini-Q4,llama.cpp,finegrained_gpu_emc
2026-05-16T06:02:48.679728,GPU306_EMC2133_CPU1036,306,1036,2133,306,2133,p1024_o128,1024,128,mixed,1,33.902692142874,25.40998525851531,3261.4762890152633,128,39.24603113967356,149.798,42.8,46.876,1.170296875,0.854484038505187,32.045,0.912,9.843,56.4,7,Phi-3-mini-Q4,llama.cpp,finegrained_gpu_emc
2026-05-16T06:02:52.752167,GPU306_EMC2133_CPU1036,306,1036,2133,306,2133,p1024_o128,1024,128,mixed,2,34.01024313643575,25.411134723236593,3261.761374073103,128,39.242600950958234,150.349,42.957,47.275,1.1746015625,0.8513525198039229,32.043,1.026,9.888,56.8,7,Phi-3-mini-Q4,llama.cpp,finegrained_gpu_emc
2026-05-16T06:03:00.084383,GPU306_EMC2133_CPU1036,306,1036,2133,306,2133,p128_o256,128,256,mixed,0,29.532540123909712,25.45060424280225,6520.400200039148,256,39.26139380194225,287.952,44.3,46.574,1.1248125,0.889037061732511,33.55,0.798,9.952,57.4,13,Phi-3-mini-Q4,llama.cpp,finegrained_gpu_emc
2026-05-16T06:03:07.449369,GPU306_EMC2133_CPU1036,306,1036,2133,306,2133,p128_o256,128,256,mixed,1,29.37938878312707,25.57979691043204,6553.214186802506,256,39.06479976124654,288.17,44.334,46.761,1.1256640625,0.8883645070618037,33.491,0.798,10.045,58.0,13,Phi-3-mini-Q4,llama.cpp,finegrained_gpu_emc
2026-05-16T06:03:14.803392,GPU306_EMC2133_CPU1036,306,1036,2133,306,2133,p128_o256,128,256,mixed,2,29.627355048432946,25.537060937095507,6542.509793071076,256,39.12871483526396,288.828,44.435,46.761,1.128234375,0.886340659492847,33.552,0.798,10.085,58.5,13,Phi-3-mini-Q4,llama.cpp,finegrained_gpu_emc
2026-05-16T06:03:29.887265,GPU306_EMC2133_CPU1036,306,1036,2133,306,2133,p1024_o512,1024,512,mixed,0,558.8191619608551,26.82705402534652,14269.361902028322,512,35.88107187380408,626.096,44.721,47.361,1.22284375,0.8177659656027191,33.993,0.556,10.172,59.0,28,Phi-3-mini-Q4,llama.cpp,finegrained_gpu_emc
2026-05-16T06:03:44.430464,GPU306_EMC2133_CPU1036,306,1036,2133,306,2133,p1024_o512,1024,512,mixed,1,34.0517139993608,26.79709594745969,13729.283476015553,512,37.292550692426246,605.263,44.834,46.862,1.182154296875,0.8459132641512862,34.143,0.429,10.263,59.8,27,Phi-3-mini-Q4,llama.cpp,finegrained_gpu_emc
2026-05-16T06:03:57.975789,GPU306_EMC2133_CPU1036,306,1036,2133,306,2133,p1024_o512,1024,512,mixed,2,34.05680204741657,26.670911498857958,12731.123765930533,476,37.38868687097463,561.322,44.906,46.761,1.1792478991596638,0.8479981187268627,34.195,0.447,10.264,60.6,25,Phi-3-mini-Q4,llama.cpp,finegrained_gpu_emc
2026-05-16T06:04:06.096370,GPU306_EMC3199_CPU1036,1300,1036,3199,306,3199,p128_o64,128,64,mixed,0,25.84756794385612,24.10507457153428,1544.7252478916198,64,41.43131607860554,78.136,39.068,45.762,1.220875,0.8190846728780589,29.532,0.399,9.136,59.9,4,Phi-3-mini-Q4,llama.cpp,finegrained_gpu_emc
2026-05-16T06:04:08.453188,GPU306_EMC3199_CPU1036,1300,1036,3199,306,3199,p128_o64,128,64,mixed,1,26.145198149606586,24.129208524726213,1546.5425811707973,64,41.3826303777225,73.187,36.594,45.263,1.143546875,0.8744722423381202,27.438,0.399,8.756,59.9,4,Phi-3-mini-Q4,llama.cpp,finegrained_gpu_emc
2026-05-16T06:04:10.812446,GPU306_EMC3199_CPU1036,1300,1036,3199,306,3199,p128_o64,128,64,mixed,2,25.936271995306015,24.176074033011755,1549.2880060337484,64,41.3092980457798,73.386,36.693,45.263,1.14665625,0.8721009456844631,27.438,0.498,8.756,60.0,4,Phi-3-mini-Q4,llama.cpp,finegrained_gpu_emc
2026-05-16T06:04:15.250005,GPU306_EMC3199_CPU1036,1300,1036,3199,306,3199,p512_o128,512,128,mixed,0,287.02489589340985,29.03828213153326,3626.912778010592,116,31.983123692218342,160.922,40.23,45.263,1.387258620689655,0.7208461242092442,30.63,0.399,9.201,60.2,8,Phi-3-mini-Q4,llama.cpp,finegrained_gpu_emc
2026-05-16T06:04:19.485518,GPU306_EMC3199_CPU1036,1300,1036,3199,306,3199,p512_o128,512,128,mixed,1,30.362774850800633,26.72358698534273,3424.749871948734,128,37.37499227269584,147.224,42.064,45.662,1.1501875,0.8694234635657231,31.981,0.456,9.627,60.4,7,Phi-3-mini-Q4,llama.cpp,finegrained_gpu_emc
2026-05-16T06:04:23.722611,GPU306_EMC3199_CPU1036,1300,1036,3199,306,3199,p512_o128,512,128,mixed,2,109.75046106614172,28.10352090627776,3426.4661809429526,119,34.72965840487343,147.386,42.11,45.676,1.2385378151260504,0.8074036882743273,32.042,0.456,9.613,60.6,7,Phi-3-mini-Q4,llama.cpp,finegrained_gpu_emc
2026-05-16T06:04:28.085381,GPU306_EMC3199_CPU1036,1300,1036,3199,306,3199,p1024_o128,1024,128,mixed,0,336.6206840146333,25.314443323057233,3552.0504389423877,128,36.03552432608801,162.73,40.682,47.261,1.271328125,0.7865789958827506,30.881,0.399,9.402,60.6,8,Phi-3-mini-Q4,llama.cpp,finegrained_gpu_emc
2026-05-16T06:04:32.152465,GPU306_EMC3199_CPU1036,1300,1036,3199,306,3199,p1024_o128,1024,128,mixed,1,34.069953951984644,25.368226952410822,3256.329430034384,128,39.30806226771977,148.543,42.441,46.862,1.1604921875,0.8617033451593141,32.214,0.399,9.828,60.8,7,Phi-3-mini-Q4,llama.cpp,finegrained_gpu_emc
2026-05-16T06:04:36.215054,GPU306_EMC3199_CPU1036,1300,1036,3199,306,3199,p1024_o128,1024,128,mixed,2,33.83219498209655,25.334741267573644,3251.839308999479,128,39.36233861426039,148.494,42.427,46.862,1.160109375,0.861987689738306,32.214,0.399,9.814,61.0,7,Phi-3-mini-Q4,llama.cpp,finegrained_gpu_emc
2026-05-16T06:04:43.509176,GPU306_EMC3199_CPU1036,1300,1036,3199,306,3199,p128_o256,128,256,mixed,0,29.679035069420934,25.300474325194955,6482.272047083825,256,39.49232586052394,287.692,44.26,46.676,1.123796875,0.8898405238936085,33.831,0.46,9.969,61.3,13,Phi-3-mini-Q4,llama.cpp,finegrained_gpu_emc
2026-05-16T06:04:50.826516,GPU306_EMC3199_CPU1036,1300,1036,3199,306,3199,p128_o256,128,256,mixed,1,29.527483973652124,25.392159318332286,6505.47216902487,256,39.351486463798494,286.549,44.084,46.676,1.11933203125,0.8933899612282716,33.71,0.46,9.914,61.6,13,Phi-3-mini-Q4,llama.cpp,finegrained_gpu_emc
2026-05-16T06:04:58.137018,GPU306_EMC3199_CPU1036,1300,1036,3199,306,3199,p128_o256,128,256,mixed,2,29.367868090048432,25.36758243051522,6499.068615026772,256,39.39025961475334,286.88,44.135,46.676,1.120625,0.8923591745677636,33.745,0.43,9.96,61.8,13,Phi-3-mini-Q4,llama.cpp,finegrained_gpu_emc
2026-05-16T06:05:12.048525,GPU306_EMC3199_CPU1036,1300,1036,3199,306,3199,p1024_o512,1024,512,mixed,0,557.7775929123163,26.62010361499926,13097.544437972829,471,35.960939260832845,580.708,44.67,47.276,1.2329256900212313,0.8110788899068034,34.097,0.399,10.174,62.2,26,Phi-3-mini-Q4,llama.cpp,finegrained_gpu_emc
2026-05-16T06:05:26.585229,GPU306_EMC3199_CPU1036,1300,1036,3199,306,3199,p1024_o512,1024,512,mixed,1,34.247169038280845,26.78391009791519,13722.754338057712,512,37.310294084333755,607.236,44.98,46.877,1.1860078125,0.8431647662523303,34.255,0.399,10.326,62.7,27,Phi-3-mini-Q4,llama.cpp,finegrained_gpu_emc
2026-05-16T06:05:41.125224,GPU306_EMC3199_CPU1036,1300,1036,3199,306,3199,p1024_o512,1024,512,mixed,2,34.005697816610336,26.79114984968083,13726.219228003174,512,37.30087590000436,607.66,45.012,46.877,1.1868359375,0.8425764407728006,34.268,0.429,10.315,63.1,27,Phi-3-mini-Q4,llama.cpp,finegrained_gpu_emc
2026-05-16T06:05:49.807997,GPU408_EMC204_CPU1036,408,1036,204,408,204,p128_o64,128,64,mixed,0,26.366347912698984,24.15720101756354,1548.5255618114024,64,41.32963741659866,78.192,39.096,46.161,1.22175,0.8184980560671169,29.535,0.399,9.162,62.3,4,Phi-3-mini-Q4,llama.cpp,finegrained_gpu_emc
2026-05-16T06:05:52.166528,GPU408_EMC204_CPU1036,408,1036,204,408,204,p128_o64,128,64,mixed,1,26.283917017281055,24.157812050174154,1548.4818830154836,64,41.33080322216469,73.649,36.824,45.662,1.150765625,0.8689866800635446,27.64,0.399,8.786,62.2,4,Phi-3-mini-Q4,llama.cpp,finegrained_gpu_emc
2026-05-16T06:05:54.526699,GPU408_EMC204_CPU1036,408,1036,204,408,204,p128_o64,128,64,mixed,2,26.19761391542852,24.18419360257094,1550.0699379481375,64,41.28845959345437,73.748,36.874,45.762,1.1523125,0.8678201442750989,27.44,0.598,8.836,62.2,4,Phi-3-mini-Q4,llama.cpp,finegrained_gpu_emc
2026-05-16T06:05:58.965350,GPU408_EMC204_CPU1036,408,1036,204,408,204,p512_o128,512,128,mixed,0,225.93966615386307,26.781993203129122,3627.7413121424615,128,35.28366247382896,161.61,40.403,45.776,1.262578125,0.7920301961512282,30.738,0.399,9.266,62.5,8,Phi-3-mini-Q4,llama.cpp,finegrained_gpu_emc
2026-05-16T06:06:03.198297,GPU408_EMC204_CPU1036,408,1036,204,408,204,p512_o128,512,128,mixed,1,30.36415111273527,26.705162629015803,3422.403577947989,128,37.400615410981565,147.851,42.243,45.676,1.1550859375,0.8657364508863653,32.215,0.399,9.63,62.6,7,Phi-3-mini-Q4,llama.cpp,finegrained_gpu_emc
2026-05-16T06:06:07.435861,GPU408_EMC204_CPU1036,408,1036,204,408,204,p512_o128,512,128,mixed,2,30.61198885552585,26.73517895393132,3426.4709448907524,128,37.356219287620746,147.31,42.088,45.377,1.150859375,0.8689158916570497,32.046,0.399,9.644,62.7,7,Phi-3-mini-Q4,llama.cpp,finegrained_gpu_emc
2026-05-16T06:06:11.806441,GPU408_EMC204_CPU1036,408,1036,204,408,204,p1024_o128,1024,128,mixed,0,337.30816398747265,25.343727943758797,3556.4614499453455,128,35.99083015562198,148.916,42.548,47.261,1.16340625,0.8595449783770717,32.435,0.399,9.714,62.8,7,Phi-3-mini-Q4,llama.cpp,finegrained_gpu_emc
2026-05-16T06:06:15.871034,GPU408_EMC204_CPU1036,408,1036,204,408,204,p1024_o128,1024,128,mixed,1,34.11004994995892,25.350478134946677,3254.117697943002,128,39.33477884985892,148.724,42.493,46.877,1.16190625,0.8606546354320755,32.22,0.399,9.874,62.9,7,Phi-3-mini-Q4,llama.cpp,finegrained_gpu_emc
2026-05-16T06:06:19.937602,GPU408_EMC204_CPU1036,408,1036,204,408,204,p1024_o128,1024,128,mixed,2,33.81648403592408,25.36941496068685,3256.228980841115,128,39.30927485539926,148.766,42.504,46.877,1.162234375,0.8604116532003281,32.275,0.399,9.83,62.9,7,Phi-3-mini-Q4,llama.cpp,finegrained_gpu_emc
2026-05-16T06:06:25.107051,GPU408_EMC204_CPU1036,408,1036,204,408,204,p128_o256,128,256,mixed,0,29.918360989540815,24.44042220965705,4358.530438039452,177,40.61001810500557,197.424,43.872,46.676,1.1153898305084746,0.8965475322149282,33.572,0.399,9.901,63.1,9,Phi-3-mini-Q4,llama.cpp,finegrained_gpu_emc
2026-05-16T06:06:32.425039,GPU408_EMC204_CPU1036,408,1036,204,408,204,p128_o256,128,256,mixed,1,29.42191599868238,25.39567805497962,6506.273349979892,256,39.34664073110165,287.572,44.242,46.776,1.123328125,0.8902118425994185,33.712,0.522,10.008,63.3,13,Phi-3-mini-Q4,llama.cpp,finegrained_gpu_emc
2026-05-16T06:06:39.523722,GPU408_EMC204_CPU1036,408,1036,204,408,204,p128_o256,128,256,mixed,2,29.431676026433706,25.32714226839655,6287.369833094999,247,39.285107534132855,282.863,43.517,46.676,1.1451943319838056,0.8732142415232816,33.22,0.43,9.868,63.5,13,Phi-3-mini-Q4,llama.cpp,finegrained_gpu_emc
2026-05-16T06:06:52.684171,GPU408_EMC204_CPU1036,408,1036,204,408,204,p1024_o512,1024,512,mixed,0,558.577231131494,26.54654226364656,12346.947103971615,444,35.96030632197165,552.218,44.177,46.877,1.2437342342342341,0.8040302923845294,33.624,0.431,10.122,63.8,25,Phi-3-mini-Q4,llama.cpp,finegrained_gpu_emc
2026-05-16T06:07:07.234370,GPU408_EMC204_CPU1036,408,1036,204,408,204,p1024_o512,1024,512,mixed,1,34.081346122547984,26.810955032961417,13736.464957008138,512,37.2730539918704,608.256,45.056,46.977,1.188,0.8417508417508418,34.283,0.414,10.36,64.2,27,Phi-3-mini-Q4,llama.cpp,finegrained_gpu_emc
2026-05-16T06:07:21.778210,GPU408_EMC204_CPU1036,408,1036,204,408,204,p1024_o512,1024,512,mixed,2,34.33190402574837,26.79752516049943,13729.790865909308,512,37.29117253135165,609.676,45.161,46.977,1.1907734375,0.8397903148557594,34.355,0.429,10.378,64.5,27,Phi-3-mini-Q4,llama.cpp,finegrained_gpu_emc
2026-05-16T06:07:29.917580,GPU408_EMC665_CPU1036,1300,1036,665,408,665,p128_o64,128,64,mixed,0,26.36062097735703,24.187497524840254,1550.4300519824028,64,41.27886963889061,78.936,39.468,46.661,1.233375,0.8107834194790716,29.632,0.598,9.237,63.5,4,Phi-3-mini-Q4,llama.cpp,finegrained_gpu_emc
2026-05-16T06:07:32.273215,GPU408_EMC665_CPU1036,1300,1036,665,408,665,p128_o64,128,64,mixed,1,25.922255124896765,24.11328790162409,1545.31657602638,64,41.41546204375113,73.99,36.995,45.762,1.15609375,0.8649817542911205,27.736,0.399,8.861,63.7,4,Phi-3-mini-Q4,llama.cpp,finegrained_gpu_emc
2026-05-16T06:07:34.633239,GPU408_EMC665_CPU1036,1300,1036,665,408,665,p128_o64,128,64,mixed,2,25.876590982079506,24.18120371709977,1549.552712123841,64,41.30224128502257,73.444,36.722,45.363,1.1475625,0.871412232449213,27.538,0.399,8.785,63.6,4,Phi-3-mini-Q4,llama.cpp,finegrained_gpu_emc
2026-05-16T06:07:39.067762,GPU408_EMC665_CPU1036,1300,1036,665,408,665,p512_o128,512,128,mixed,0,226.01652797311544,26.748751968468035,3623.597178142518,128,35.3240147034262,161.922,40.48,45.776,1.265015625,0.7905040698607972,30.78,0.399,9.302,63.7,8,Phi-3-mini-Q4,llama.cpp,finegrained_gpu_emc
2026-05-16T06:07:43.299983,GPU408_EMC665_CPU1036,1300,1036,665,408,665,p512_o128,512,128,mixed,1,83.39345292188227,29.024211122937825,3421.7031688895077,116,33.90124574647049,148.124,42.321,45.762,1.2769310344827587,0.7831276498069185,32.207,0.399,9.716,64.0,7,Phi-3-mini-Q4,llama.cpp,finegrained_gpu_emc
2026-05-16T06:07:47.533120,GPU408_EMC665_CPU1036,1300,1036,665,408,665,p512_o128,512,128,mixed,2,30.01336893066764,26.708951480246668,3422.533564036712,128,37.399194954579265,148.522,42.435,45.762,1.160328125,0.8618251841478031,32.321,0.399,9.716,64.0,7,Phi-3-mini-Q4,llama.cpp,finegrained_gpu_emc
2026-05-16T06:07:51.897418,GPU408_EMC665_CPU1036,1300,1036,665,408,665,p1024_o128,1024,128,mixed,0,336.63802105002105,25.32574862945737,3553.5110379569232,128,36.020712650886566,163.823,40.956,47.462,1.2798671875,0.7813310707287743,31.027,0.399,9.53,64.1,8,Phi-3-mini-Q4,llama.cpp,finegrained_gpu_emc
2026-05-16T06:07:55.967549,GPU408_EMC665_CPU1036,1300,1036,665,408,665,p1024_o128,1024,128,mixed,1,33.97600189782679,25.391477765148785,3259.191626915708,128,39.27354223143089,149.802,42.8,46.962,1.170328125,0.8544612221465668,32.328,0.513,9.96,64.1,7,Phi-3-mini-Q4,llama.cpp,finegrained_gpu_emc
2026-05-16T06:08:00.037694,GPU408_EMC665_CPU1036,1300,1036,665,408,665,p1024_o128,1024,128,mixed,2,34.16214510798454,25.393270251275165,3259.6110799349844,128,39.26848843652632,150.242,42.926,47.063,1.173765625,0.8519588397385552,32.325,0.57,10.031,64.3,7,Phi-3-mini-Q4,llama.cpp,finegrained_gpu_emc
2026-05-16T06:08:07.339210,GPU408_EMC665_CPU1036,1300,1036,665,408,665,p128_o256,128,256,mixed,0,29.73429812118411,25.330712329413668,6490.000849124044,256,39.44529530139466,288.003,44.308,46.761,1.12501171875,0.8888796297260793,33.886,0.399,10.023,64.4,13,Phi-3-mini-Q4,llama.cpp,finegrained_gpu_emc
2026-05-16T06:08:14.653298,GPU408_EMC665_CPU1036,1300,1036,665,408,665,p128_o256,128,256,mixed,1,29.342556139454246,25.381012650791046,6502.473511965945,256,39.369633652317866,287.722,44.265,46.676,1.1239140625,0.8897477426126609,33.827,0.43,10.008,64.6,13,Phi-3-mini-Q4,llama.cpp,finegrained_gpu_emc
2026-05-16T06:08:21.977560,GPU408_EMC665_CPU1036,1300,1036,665,408,665,p128_o256,128,256,mixed,2,29.928633011877537,25.418186638796445,6512.527629034594,256,39.30885434691799,288.902,44.447,47.16,1.1285234375,0.8861136302275513,33.825,0.552,10.07,64.7,13,Phi-3-mini-Q4,llama.cpp,finegrained_gpu_emc
2026-05-16T06:08:23.345567,GPU408_EMC665_CPU1036,1300,1036,665,408,665,p1024_o512,1024,512,mixed,0,558.4969390183687,558.4969390183687,558.4969390183687,0,0.0,24.528,24.528,24.767,0.0,0.0,17.76,0.398,6.37,64.2,2,Phi-3-mini-Q4,llama.cpp,finegrained_gpu_emc
2026-05-16T06:08:37.888294,GPU408_EMC665_CPU1036,1300,1036,665,408,665,p1024_o512,1024,512,mixed,1,33.74595521017909,26.796752132690436,13728.863436030224,512,37.293691672706125,608.966,45.109,47.261,1.18938671875,0.8407694354036186,34.273,0.473,10.363,64.9,27,Phi-3-mini-Q4,llama.cpp,finegrained_gpu_emc
2026-05-16T06:08:38.731653,GPU408_EMC665_CPU1036,1300,1036,665,408,665,p1024_o512,1024,512,mixed,2,33.91296206973493,33.91296206973493,33.91296206973493,0,0.0,7.246,14.492,14.492,0.0,0.0,8.785,0.399,5.308,64.2,1,Phi-3-mini-Q4,llama.cpp,finegrained_gpu_emc
2026-05-16T06:08:46.861731,GPU408_EMC2133_CPU1036,1300,1036,2133,408,2133,p128_o64,128,64,mixed,0,26.096557965502143,24.098208761729655,1544.5407321676612,64,41.43626559474428,78.836,39.418,46.362,1.2318125,0.8118118626008423,29.732,0.399,9.287,64.0,4,Phi-3-mini-Q4,llama.cpp,finegrained_gpu_emc
2026-05-16T06:08:49.219254,GPU408_EMC2133_CPU1036,1300,1036,2133,408,2133,p128_o64,128,64,mixed,1,26.100237853825092,24.142773844124306,1547.3547000437975,64,41.36091097806372,73.74,36.87,45.363,1.1521875,0.8679142934635206,27.636,0.399,8.836,63.9,4,Phi-3-mini-Q4,llama.cpp,finegrained_gpu_emc
2026-05-16T06:08:51.576861,GPU408_EMC2133_CPU1036,1300,1036,2133,408,2133,p128_o64,128,64,mixed,2,25.98311798647046,24.11517525269162,1545.498773921281,64,41.41057960053729,73.734,36.867,45.263,1.15209375,0.8679849187620365,27.533,0.499,8.836,63.9,4,Phi-3-mini-Q4,llama.cpp,finegrained_gpu_emc
2026-05-16T06:08:56.014347,GPU408_EMC2133_CPU1036,1300,1036,2133,408,2133,p512_o128,512,128,mixed,0,226.5595959033817,26.762199314956472,3625.850905897096,128,35.30205828149756,161.915,40.479,45.762,1.2649609375,0.7905382453756601,30.776,0.399,9.303,64.1,8,Phi-3-mini-Q4,llama.cpp,finegrained_gpu_emc
2026-05-16T06:09:00.249171,GPU408_EMC2133_CPU1036,1300,1036,2133,408,2133,p512_o128,512,128,mixed,1,30.245142988860607,26.719566975448895,3424.1205470170826,128,37.381861486011935,148.12,42.32,45.762,1.1571875,0.8641641911963273,32.205,0.399,9.716,64.3,7,Phi-3-mini-Q4,llama.cpp,finegrained_gpu_emc
2026-05-16T06:09:01.088823,GPU408_EMC2133_CPU1036,1300,1036,2133,408,2133,p512_o128,512,128,mixed,2,30.220439191907644,30.220439191907644,30.220439191907644,0,0.0,7.244,14.489,14.489,0.0,0.0,8.782,0.399,5.308,63.8,1,Phi-3-mini-Q4,llama.cpp,finegrained_gpu_emc
2026-05-16T06:09:02.234510,GPU408_EMC2133_CPU1036,1300,1036,2133,408,2133,p1024_o128,1024,128,mixed,0,336.21277404017746,336.21277404017746,336.21277404017746,0,0.0,11.386,22.771,22.771,0.0,0.0,16.354,0.398,6.019,63.3,1,Phi-3-mini-Q4,llama.cpp,finegrained_gpu_emc
2026-05-16T06:09:03.077700,GPU408_EMC2133_CPU1036,1300,1036,2133,408,2133,p1024_o128,1024,128,mixed,1,33.7142429780215,33.7142429780215,33.7142429780215,0,0.0,6.496,12.991,12.991,0.0,0.0,7.584,0.399,5.008,63.0,1,Phi-3-mini-Q4,llama.cpp,finegrained_gpu_emc
2026-05-16T06:09:07.132980,GPU408_EMC2133_CPU1036,1300,1036,2133,408,2133,p1024_o128,1024,128,mixed,2,38.53783197700977,25.24089074040961,3244.6379540488124,128,39.44970188130714,146.994,41.998,46.962,1.148390625,0.8707838415173409,31.812,0.399,9.788,63.9,7,Phi-3-mini-Q4,llama.cpp,finegrained_gpu_emc
2026-05-16T06:09:20.567813,GPU408_EMC2133_CPU1036,1300,1036,2133,408,2133,p128_o256,128,256,mixed,0,29.847444035112858,49.37226870188526,12620.753241935745,256,20.28405080842348,301.376,24.11,47.16,1.17725,0.8494372478233171,15.374,0.463,8.273,63.2,25,Phi-3-mini-Q4,llama.cpp,finegrained_gpu_emc
2026-05-16T06:09:37.830884,GPU408_EMC2133_CPU1036,1300,1036,2133,408,2133,p128_o256,128,256,mixed,1,68.42608517035842,64.23130195642658,16448.38150194846,256,15.563841340236086,304.986,18.484,19.501,1.1913515625,0.8393827913412419,10.27,0.472,7.742,61.9,33,Phi-3-mini-Q4,llama.cpp,finegrained_gpu_emc
2026-05-16T06:09:55.573510,GPU408_EMC2133_CPU1036,1300,1036,2133,408,2133,p128_o256,128,256,mixed,2,74.78507095947862,66.08655243180692,16927.795810159296,256,15.12305576408007,311.89,18.346,19.102,1.2183203125,0.8208022059059285,9.945,0.681,7.721,61.0,34,Phi-3-mini-Q4,llama.cpp,finegrained_gpu_emc
2026-05-16T06:10:31.569038,GPU408_EMC2133_CPU1036,1300,1036,2133,408,2133,p1024_o512,1024,512,mixed,0,1557.5706558302045,65.78476861285122,35175.50292192027,512,14.555584354728236,642.197,18.614,19.302,1.254291015625,0.7972631451096782,10.269,0.422,7.923,60.0,69,Phi-3-mini-Q4,llama.cpp,finegrained_gpu_emc
2026-05-16T06:11:04.717967,GPU408_EMC2133_CPU1036,1300,1036,2133,408,2133,p1024_o512,1024,512,mixed,1,73.34170513786376,65.69007706533813,32329.87686409615,491,15.18719053784206,593.34,18.836,20.6,1.2084317718940938,0.8275187919236862,10.379,0.469,7.988,59.2,63,Phi-3-mini-Q4,llama.cpp,finegrained_gpu_emc
2026-05-16T06:11:05.600874,GPU408_EMC2133_CPU1036,1300,1036,2133,408,2133,p1024_o512,1024,512,mixed,2,73.52781691588461,73.52781691588461,73.52781691588461,0,0.0,5.399,10.798,10.798,0.0,0.0,4.792,0.798,5.208,58.8,1,Phi-3-mini-Q4,llama.cpp,finegrained_gpu_emc
2026-05-16T06:11:13.725766,GPU408_EMC3199_CPU1036,408,1036,3199,408,3199,p128_o64,128,64,mixed,0,26.05655207298696,24.143264584598086,1547.3369678948075,64,41.36138496521134,78.198,39.099,45.776,1.22184375,0.8184352540985703,29.539,0.399,9.162,59.6,4,Phi-3-mini-Q4,llama.cpp,finegrained_gpu_emc
2026-05-16T06:11:16.080728,GPU408_EMC3199_CPU1036,408,1036,3199,408,3199,p128_o64,128,64,mixed,1,25.93610598705709,24.110434111207724,1545.1551438309252,64,41.419788980751726,73.144,36.572,45.263,1.142875,0.8749863283386197,27.438,0.399,8.735,59.7,4,Phi-3-mini-Q4,llama.cpp,finegrained_gpu_emc
2026-05-16T06:11:18.434493,GPU408_EMC3199_CPU1036,408,1036,3199,408,3199,p128_o64,128,64,mixed,2,25.90816793963313,24.0859591756903,1543.5805509332567,64,41.4620409419549,73.144,36.572,45.263,1.142875,0.8749863283386197,27.438,0.399,8.735,59.9,4,Phi-3-mini-Q4,llama.cpp,finegrained_gpu_emc
2026-05-16T06:11:22.870761,GPU408_EMC3199_CPU1036,408,1036,3199,408,3199,p512_o128,512,128,mixed,0,225.47272592782974,26.76967651157926,3625.712455017492,128,35.30340632028484,160.586,40.146,45.177,1.254578125,0.7970806919656757,30.584,0.399,9.164,60.2,8,Phi-3-mini-Q4,llama.cpp,finegrained_gpu_emc
2026-05-16T06:11:27.103300,GPU408_EMC3199_CPU1036,408,1036,3199,408,3199,p512_o128,512,128,mixed,1,29.975602170452476,26.70523109405822,3422.0253261737525,128,37.40474946838568,146.966,41.99,45.662,1.148171875,0.8709497434780833,31.979,0.399,9.613,60.7,7,Phi-3-mini-Q4,llama.cpp,finegrained_gpu_emc
2026-05-16T06:11:31.342223,GPU408_EMC3199_CPU1036,408,1036,3199,408,3199,p512_o128,512,128,mixed,2,30.237344093620777,26.751750258831528,3428.1980090308934,128,37.33739990012535,146.734,41.924,45.277,1.146359375,0.8723267954257363,31.924,0.399,9.601,60.8,7,Phi-3-mini-Q4,llama.cpp,finegrained_gpu_emc
2026-05-16T06:11:35.709427,GPU408_EMC3199_CPU1036,408,1036,3199,408,3199,p1024_o128,1024,128,mixed,0,335.9463589731604,25.355277133841565,3556.566582992673,128,35.98976625717897,162.74,40.685,46.862,1.27140625,0.7865306624062922,30.884,0.399,9.402,61.0,8,Phi-3-mini-Q4,llama.cpp,finegrained_gpu_emc
2026-05-16T06:11:39.771002,GPU408_EMC3199_CPU1036,408,1036,3199,408,3199,p1024_o128,1024,128,mixed,1,33.67808903567493,25.328750205116243,3250.9377761743963,128,39.373254369275095,148.394,42.398,46.761,1.159328125,0.8625685674622963,32.212,0.399,9.787,61.4,7,Phi-3-mini-Q4,llama.cpp,finegrained_gpu_emc
2026-05-16T06:11:43.833782,GPU408_EMC3199_CPU1036,408,1036,3199,408,3199,p1024_o128,1024,128,mixed,2,34.15398811921477,25.334085929977494,3252.082323189825,128,39.35939723519988,148.49,42.426,46.862,1.160078125,0.8620109098255774,32.211,0.399,9.816,61.6,7,Phi-3-mini-Q4,llama.cpp,finegrained_gpu_emc
2026-05-16T06:11:51.127152,GPU408_EMC3199_CPU1036,408,1036,3199,408,3199,p128_o256,128,256,mixed,0,29.75205099210143,25.298758066606286,6481.880554929376,256,39.49471111517409,287.464,44.225,46.661,1.12290625,0.8905462944925278,33.857,0.399,9.969,61.9,13,Phi-3-mini-Q4,llama.cpp,finegrained_gpu_emc
2026-05-16T06:11:58.439928,GPU408_EMC3199_CPU1036,408,1036,3199,408,3199,p128_o256,128,256,mixed,1,29.58926698192954,25.374991541691855,6501.148798968643,256,39.377655844550496,287.442,44.222,47.06,1.1228203125,0.8906144543942778,33.769,0.491,9.962,62.2,13,Phi-3-mini-Q4,llama.cpp,finegrained_gpu_emc
2026-05-16T06:12:05.750743,GPU408_EMC3199_CPU1036,408,1036,3199,408,3199,p128_o256,128,256,mixed,2,29.414321994408965,25.36844254434839,6499.317267909646,256,39.38875261006245,286.25,44.038,46.661,1.1181640625,0.8943231441048035,33.647,0.46,9.931,62.5,13,Phi-3-mini-Q4,llama.cpp,finegrained_gpu_emc
2026-05-16T06:12:20.839123,GPU408_EMC3199_CPU1036,408,1036,3199,408,3199,p1024_o512,1024,512,mixed,0,558.0172929912806,26.837570688900502,14273.956782883033,512,35.869521520057944,627.425,44.816,47.276,1.225439453125,0.8160337888990716,34.113,0.513,10.19,63.0,28,Phi-3-mini-Q4,llama.cpp,finegrained_gpu_emc
2026-05-16T06:12:21.682630,GPU408_EMC3199_CPU1036,408,1036,3199,408,3199,p1024_o512,1024,512,mixed,1,33.943683141842484,33.943683141842484,33.943683141842484,0,0.0,7.246,14.492,14.492,0.0,0.0,8.785,0.399,5.308,62.3,1,Phi-3-mini-Q4,llama.cpp,finegrained_gpu_emc
2026-05-16T06:12:36.240929,GPU408_EMC3199_CPU1036,408,1036,3199,408,3199,p1024_o512,1024,512,mixed,2,35.082577960565686,26.82445233244879,13744.3467839621,512,37.2516794030138,606.525,44.928,46.877,1.184619140625,0.8441531676352995,34.147,0.473,10.307,63.4,27,Phi-3-mini-Q4,llama.cpp,finegrained_gpu_emc
2026-05-16T06:12:44.923964,GPU510_EMC204_CPU1036,510,1036,204,510,204,p128_o64,128,64,mixed,0,26.050716871395707,24.131913669407368,1546.6210888698697,64,41.38052976295919,78.56,39.28,46.276,1.2275,0.8146639511201629,29.644,0.399,9.237,62.7,4,Phi-3-mini-Q4,llama.cpp,finegrained_gpu_emc
2026-05-16T06:12:47.281523,GPU510_EMC204_CPU1036,510,1036,204,510,204,p128_o64,128,64,mixed,1,25.924952002242208,24.147299428780872,1547.4628990050405,64,41.35801901367041,73.496,36.748,45.263,1.148375,0.8707956895613367,27.538,0.399,8.811,62.7,4,Phi-3-mini-Q4,llama.cpp,finegrained_gpu_emc
2026-05-16T06:12:49.638564,GPU510_EMC204_CPU1036,510,1036,204,510,204,p128_o64,128,64,mixed,2,25.853147031739354,24.138733552443604,1546.8496209941804,64,41.37441618847627,73.594,36.797,45.662,1.14990625,0.8696361116395359,27.638,0.399,8.76,62.7,4,Phi-3-mini-Q4,llama.cpp,finegrained_gpu_emc
2026-05-16T06:12:54.082299,GPU510_EMC204_CPU1036,510,1036,204,510,204,p512_o128,512,128,mixed,0,225.55520199239254,26.82534456766379,3632.8627120237797,128,35.23392160577802,161.984,40.496,45.662,1.2655,0.7902015013828526,30.781,0.449,9.266,62.9,8,Phi-3-mini-Q4,llama.cpp,finegrained_gpu_emc
2026-05-16T06:12:58.316909,GPU510_EMC204_CPU1036,510,1036,204,510,204,p512_o128,512,128,mixed,1,30.038766097277403,26.722013173023548,3424.224373186007,128,37.380728027732815,147.188,42.054,45.277,1.14990625,0.8696361116395359,32.04,0.399,9.615,63.1,7,Phi-3-mini-Q4,llama.cpp,finegrained_gpu_emc
2026-05-16T06:13:02.550569,GPU510_EMC204_CPU1036,510,1036,204,510,204,p512_o128,512,128,mixed,2,30.099658062681556,26.71274355810693,3423.108313931152,128,37.39291552039811,148.087,42.311,45.762,1.1569296875,0.8643567632540332,32.211,0.399,9.701,63.2,7,Phi-3-mini-Q4,llama.cpp,finegrained_gpu_emc
2026-05-16T06:13:06.915666,GPU510_EMC204_CPU1036,510,1036,204,510,204,p1024_o128,1024,128,mixed,0,336.1613091547042,25.33493084121701,3554.1981470305473,128,36.01374901029115,163.472,40.868,47.261,1.277125,0.7830087109719095,31.027,0.399,9.442,63.2,8,Phi-3-mini-Q4,llama.cpp,finegrained_gpu_emc
2026-05-16T06:13:10.987579,GPU510_EMC204_CPU1036,510,1036,204,510,204,p1024_o128,1024,128,mixed,1,33.97544613108039,25.407851416998962,3261.2756290473044,128,39.24844587189701,149.54,42.726,46.962,1.16828125,0.8559582720342384,32.325,0.513,9.888,63.4,7,Phi-3-mini-Q4,llama.cpp,finegrained_gpu_emc
2026-05-16T06:13:11.831411,GPU510_EMC204_CPU1036,510,1036,204,510,204,p1024_o128,1024,128,mixed,2,34.136862959712744,34.136862959712744,34.136862959712744,0,0.0,7.246,14.492,14.492,0.0,0.0,8.785,0.399,5.308,62.7,1,Phi-3-mini-Q4,llama.cpp,finegrained_gpu_emc
2026-05-16T06:13:19.129525,GPU510_EMC204_CPU1036,510,1036,204,510,204,p128_o256,128,256,mixed,0,29.433172894641757,25.318267533336492,6486.573796952143,256,39.46613543813949,286.003,44.0,46.676,1.11719921875,0.8950955059911959,33.617,0.43,9.954,63.5,13,Phi-3-mini-Q4,llama.cpp,finegrained_gpu_emc
2026-05-16T06:13:26.444988,GPU510_EMC204_CPU1036,510,1036,204,510,204,p128_o256,128,256,mixed,1,29.361164197325706,25.38630963102275,6503.838481148705,256,39.36137109524058,287.907,44.293,46.761,1.12463671875,0.8891760186449097,33.825,0.43,10.039,63.8,13,Phi-3-mini-Q4,llama.cpp,finegrained_gpu_emc
2026-05-16T06:13:33.755692,GPU510_EMC204_CPU1036,510,1036,204,510,204,p128_o256,128,256,mixed,2,29.59692501462996,25.365995172885995,6498.85797011666,256,39.39153635564136,287.265,44.195,46.761,1.12212890625,0.8911632116686683,33.796,0.399,10.0,64.0,13,Phi-3-mini-Q4,llama.cpp,finegrained_gpu_emc
2026-05-16T06:13:48.817826,GPU510_EMC204_CPU1036,510,1036,204,510,204,p1024_o512,1024,512,mixed,0,558.6377698928118,26.784638696534234,14247.505876934156,512,35.9361143222195,627.947,44.853,47.361,1.226458984375,0.8153554360479467,34.11,0.428,10.315,64.4,28,Phi-3-mini-Q4,llama.cpp,finegrained_gpu_emc
2026-05-16T06:14:03.527397,GPU510_EMC204_CPU1036,510,1036,204,510,204,p1024_o512,1024,512,mixed,1,34.227547934278846,27.121604370124594,13895.34290204756,512,36.84687766320282,635.876,45.42,47.577,1.2419453125,0.8051884329649177,33.671,1.311,10.438,65.0,28,Phi-3-mini-Q4,llama.cpp,finegrained_gpu_emc
2026-05-16T06:14:04.371926,GPU510_EMC204_CPU1036,510,1036,204,510,204,p1024_o512,1024,512,mixed,2,34.66357593424618,34.66357593424618,34.66357593424618,0,0.0,7.95,15.901,15.901,0.0,0.0,8.785,1.198,5.918,64.4,1,Phi-3-mini-Q4,llama.cpp,finegrained_gpu_emc
2026-05-16T06:14:12.520564,GPU510_EMC665_CPU1036,1300,1036,665,510,665,p128_o64,128,64,mixed,0,26.153898099437356,24.25495072800134,1554.473692085594,64,41.17149124224353,81.401,40.7,47.56,1.271890625,0.7862311273817275,29.737,1.497,9.466,64.3,4,Phi-3-mini-Q4,llama.cpp,finegrained_gpu_emc
2026-05-16T06:14:14.884558,GPU510_EMC665_CPU1036,1300,1036,665,510,665,p128_o64,128,64,mixed,1,26.191154960542917,24.237339251807757,1553.4062259830534,64,41.19978337250349,75.894,37.947,46.262,1.18584375,0.8432814188209871,27.638,1.197,9.112,64.2,4,Phi-3-mini-Q4,llama.cpp,finegrained_gpu_emc
2026-05-16T06:14:17.250134,GPU510_EMC665_CPU1036,1300,1036,665,510,665,p128_o64,128,64,mixed,2,26.13397384993732,24.26933982808675,1555.3681838791817,64,41.14781352951438,75.944,37.972,46.761,1.186625,0.8427262193194985,27.638,1.197,9.137,64.2,4,Phi-3-mini-Q4,llama.cpp,finegrained_gpu_emc
2026-05-16T06:14:21.710542,GPU510_EMC665_CPU1036,1300,1036,665,510,665,p512_o128,512,128,mixed,0,225.72741308249533,26.953299535350418,3649.2875220719725,128,35.075339837110135,167.082,41.77,46.675,1.305328125,0.766090901473528,30.981,1.247,9.542,64.3,8,Phi-3-mini-Q4,llama.cpp,finegrained_gpu_emc
2026-05-16T06:14:25.968888,GPU510_EMC665_CPU1036,1300,1036,665,510,665,p512_o128,512,128,mixed,1,83.55489396490157,27.57036694340774,3447.622282896191,123,35.676762100711706,151.036,43.153,46.376,1.2279349593495934,0.8143753807039381,32.04,1.197,9.916,64.5,7,Phi-3-mini-Q4,llama.cpp,finegrained_gpu_emc
2026-05-16T06:14:30.244393,GPU510_EMC665_CPU1036,1300,1036,665,510,665,p512_o128,512,128,mixed,2,30.72097199037671,27.03445466917272,3464.6119389217347,128,36.944974576239694,150.885,43.11,46.775,1.1787890625,0.8483281969712033,31.983,1.254,9.873,64.5,7,Phi-3-mini-Q4,llama.cpp,finegrained_gpu_emc
2026-05-16T06:14:34.627982,GPU510_EMC665_CPU1036,1300,1036,665,510,665,p1024_o128,1024,128,mixed,0,337.18886598944664,25.47027129225257,3572.4116531200707,128,35.83013729344641,170.366,42.591,48.759,1.330984375,0.7513236209102755,31.177,1.596,9.818,64.8,8,Phi-3-mini-Q4,llama.cpp,finegrained_gpu_emc
2026-05-16T06:14:38.703580,GPU510_EMC665_CPU1036,1300,1036,665,510,665,p1024_o128,1024,128,mixed,1,34.1943318489939,25.433125614195944,3264.707743888721,128,39.20718485126457,154.89,44.254,48.461,1.210078125,0.8263929240105883,32.44,1.596,10.218,64.9,7,Phi-3-mini-Q4,llama.cpp,finegrained_gpu_emc
2026-05-16T06:14:42.783992,GPU510_EMC665_CPU1036,1300,1036,665,510,665,p1024_o128,1024,128,mixed,2,34.43670202977955,25.471803204222457,3269.8914108332247,128,39.145030803143214,154.91,44.26,48.276,1.210234375,0.8262862307146085,32.503,1.596,10.16,65.0,7,Phi-3-mini-Q4,llama.cpp,finegrained_gpu_emc
2026-05-16T06:14:50.120155,GPU510_EMC665_CPU1036,1300,1036,665,510,665,p128_o256,128,256,mixed,0,29.83032399788499,25.464583819220756,6524.252994917333,256,39.23820860402482,296.713,45.648,48.175,1.15903515625,0.8627865984975379,33.897,1.504,10.247,65.1,13,Phi-3-mini-Q4,llama.cpp,finegrained_gpu_emc
2026-05-16T06:14:57.484582,GPU510_EMC665_CPU1036,1300,1036,665,510,665,p128_o256,128,256,mixed,1,29.70493701286614,25.57644525853296,6552.642038790509,256,39.06821072851595,295.188,45.414,47.775,1.153078125,0.8672439259048471,33.831,1.289,10.294,65.1,13,Phi-3-mini-Q4,llama.cpp,finegrained_gpu_emc
2026-05-16T06:15:04.845909,GPU510_EMC665_CPU1036,1300,1036,665,510,665,p128_o256,128,256,mixed,2,29.563263058662415,25.563448709527066,6549.287571106106,256,39.088221004283106,296.522,45.619,47.976,1.1582890625,0.8633423489656754,33.958,1.197,10.464,65.2,13,Phi-3-mini-Q4,llama.cpp,finegrained_gpu_emc
2026-05-16T06:15:20.008211,GPU510_EMC665_CPU1036,1300,1036,665,510,665,p1024_o512,1024,512,mixed,0,560.4291609488428,26.97815476513947,14348.255921155214,512,35.68377946514754,642.386,45.885,48.561,1.25466015625,0.7970285778332654,34.152,1.14,10.592,65.6,28,Phi-3-mini-Q4,llama.cpp,finegrained_gpu_emc
2026-05-16T06:15:34.542937,GPU510_EMC665_CPU1036,1300,1036,665,510,665,p1024_o512,1024,512,mixed,1,34.4573799520731,26.779093561828894,13720.528262900189,512,37.316347460500445,610.08,45.191,46.977,1.1915625,0.8392341987936007,34.355,0.399,10.438,65.7,27,Phi-3-mini-Q4,llama.cpp,finegrained_gpu_emc
2026-05-16T06:15:49.079391,GPU510_EMC665_CPU1036,1300,1036,665,510,665,p1024_o512,1024,512,mixed,2,34.51609006151557,26.782589283846537,13722.357808146626,512,37.31137222613727,610.418,45.216,47.063,1.19222265625,0.8387694989335177,34.324,0.429,10.464,65.9,27,Phi-3-mini-Q4,llama.cpp,finegrained_gpu_emc
2026-05-16T06:15:57.214983,GPU510_EMC2133_CPU1036,1300,1036,2133,510,2133,p128_o64,128,64,mixed,0,26.266929926350713,24.175738017739995,1549.5963948778808,64,41.301076984658096,78.947,39.474,46.761,1.233546875,0.8106704497954323,29.637,0.499,9.338,65.0,4,Phi-3-mini-Q4,llama.cpp,finegrained_gpu_emc
2026-05-16T06:15:59.571906,GPU510_EMC2133_CPU1036,1300,1036,2133,510,2133,p128_o64,128,64,mixed,1,25.842283852398396,24.136782161861895,1546.7194819357246,64,41.3778973805281,73.896,36.948,45.863,1.154625,0.8660820612753058,27.638,0.399,8.911,64.9,4,Phi-3-mini-Q4,llama.cpp,finegrained_gpu_emc
2026-05-16T06:16:01.927485,GPU510_EMC2133_CPU1036,1300,1036,2133,510,2133,p128_o64,128,64,mixed,2,25.88462410494685,24.116191636061384,1545.4908541869372,64,41.41079180547437,73.895,36.948,45.863,1.154609375,0.8660937817173017,27.638,0.399,8.911,64.9,4,Phi-3-mini-Q4,llama.cpp,finegrained_gpu_emc
2026-05-16T06:16:06.364804,GPU510_EMC2133_CPU1036,1300,1036,2133,510,2133,p512_o128,512,128,mixed,0,225.59381485916674,26.774943646732865,3626.5066429041326,128,35.2956750404562,162.486,40.621,45.877,1.269421875,0.7877601762613395,30.831,0.399,9.392,65.1,8,Phi-3-mini-Q4,llama.cpp,finegrained_gpu_emc
2026-05-16T06:16:07.204066,GPU510_EMC2133_CPU1036,1300,1036,2133,510,2133,p512_o128,512,128,mixed,1,29.991723829880357,29.991723829880357,29.991723829880357,0,0.0,7.246,14.492,14.492,0.0,0.0,8.785,0.399,5.308,64.7,1,Phi-3-mini-Q4,llama.cpp,finegrained_gpu_emc
2026-05-16T06:16:08.043083,GPU510_EMC2133_CPU1036,1300,1036,2133,510,2133,p512_o128,512,128,mixed,2,29.82251299545169,29.82251299545169,29.82251299545169,0,0.0,6.048,12.095,12.095,0.0,0.0,6.789,0.399,4.907,64.1,1,Phi-3-mini-Q4,llama.cpp,finegrained_gpu_emc
2026-05-16T06:16:12.414738,GPU510_EMC2133_CPU1036,1300,1036,2133,510,2133,p1024_o128,1024,128,mixed,0,336.739415070042,25.38388536135688,3561.0020470339805,128,35.94493861822219,162.118,40.53,47.078,1.266546875,0.7895483536683157,30.638,0.399,9.492,64.8,8,Phi-3-mini-Q4,llama.cpp,finegrained_gpu_emc
2026-05-16T06:16:16.479747,GPU510_EMC2133_CPU1036,1300,1036,2133,510,2133,p1024_o128,1024,128,mixed,1,34.49338302016258,25.349658668246562,3254.396267933771,128,39.3314118692951,148.78,42.509,46.977,1.16234375,0.8603306896088184,32.222,0.399,9.888,65.1,7,Phi-3-mini-Q4,llama.cpp,finegrained_gpu_emc
2026-05-16T06:16:20.544713,GPU510_EMC2133_CPU1036,1300,1036,2133,510,2133,p1024_o128,1024,128,mixed,2,33.8717638514936,25.354538873703344,3254.4018579646945,128,39.33134431039543,149.822,42.806,47.376,1.170484375,0.8543471586282388,32.391,0.456,9.96,65.1,7,Phi-3-mini-Q4,llama.cpp,finegrained_gpu_emc
2026-05-16T06:16:27.839006,GPU510_EMC2133_CPU1036,1300,1036,2133,510,2133,p128_o256,128,256,mixed,0,29.6544439624995,25.30144772163647,6482.597765978426,256,39.49034156392111,289.079,44.474,46.776,1.12921484375,0.8855710722674425,33.959,0.43,10.085,65.3,13,Phi-3-mini-Q4,llama.cpp,finegrained_gpu_emc
2026-05-16T06:16:35.162627,GPU510_EMC2133_CPU1036,1300,1036,2133,510,2133,p128_o256,128,256,mixed,1,29.81274388730526,25.417258513762672,6512.157056946307,256,39.31109120394034,285.392,43.906,46.376,1.1148125,0.8970118293434994,33.438,0.399,10.069,65.4,13,Phi-3-mini-Q4,llama.cpp,finegrained_gpu_emc
2026-05-16T06:16:42.494198,GPU510_EMC2133_CPU1036,1300,1036,2133,510,2133,p128_o256,128,256,mixed,2,29.96662398800254,25.446114670850484,6519.690599059686,256,39.26566699912448,284.687,43.798,46.376,1.11205859375,0.8992331929452345,33.345,0.399,10.054,65.6,13,Phi-3-mini-Q4,llama.cpp,finegrained_gpu_emc
2026-05-16T06:16:57.187920,GPU510_EMC2133_CPU1036,1300,1036,2133,510,2133,p1024_o512,1024,512,mixed,0,560.9611470717937,26.794634330379328,13879.578080959618,497,35.80800490483195,615.76,43.983,46.977,1.238953722334004,0.8071326490840587,33.33,0.399,10.254,65.7,28,Phi-3-mini-Q4,llama.cpp,finegrained_gpu_emc
2026-05-16T06:17:10.759103,GPU510_EMC2133_CPU1036,1300,1036,2133,510,2133,p1024_o512,1024,512,mixed,1,34.30871805176139,26.6700603152007,12757.761833025143,477,37.389003356781814,563.492,45.079,46.577,1.1813249475890986,0.8465071376346072,34.216,0.399,10.465,66.0,25,Phi-3-mini-Q4,llama.cpp,finegrained_gpu_emc
2026-05-16T06:17:25.286639,GPU510_EMC2133_CPU1036,1300,1036,2133,510,2133,p1024_o512,1024,512,mixed,2,33.9522089343518,26.76686626055265,13713.752147043124,512,37.3347858784508,611.745,45.314,47.078,1.194814453125,0.8369500363713639,34.426,0.414,10.475,66.2,27,Phi-3-mini-Q4,llama.cpp,finegrained_gpu_emc
2026-05-16T06:17:33.402508,GPU510_EMC3199_CPU1036,1300,1036,3199,510,3199,p128_o64,128,64,mixed,0,26.10954688861966,24.11746992064374,1545.7673920318484,64,41.40338341325379,78.592,39.296,46.262,1.228,0.8143322475570033,29.634,0.399,9.262,65.3,4,Phi-3-mini-Q4,llama.cpp,finegrained_gpu_emc
2026-05-16T06:17:35.756789,GPU510_EMC3199_CPU1036,1300,1036,3199,510,3199,p128_o64,128,64,mixed,1,26.002023136243224,24.09401885603392,1544.1805319860578,64,41.445931142316624,74.044,37.022,45.863,1.1569375,0.8643509264761493,27.738,0.399,8.886,65.3,4,Phi-3-mini-Q4,llama.cpp,finegrained_gpu_emc
2026-05-16T06:17:38.115563,GPU510_EMC3199_CPU1036,1300,1036,3199,510,3199,p128_o64,128,64,mixed,2,26.112166000530124,24.164859730277268,1548.7586080562323,64,41.32341842498175,73.95,36.975,45.863,1.15546875,0.8654496281271129,27.64,0.399,8.936,65.2,4,Phi-3-mini-Q4,llama.cpp,finegrained_gpu_emc
2026-05-16T06:17:42.548859,GPU510_EMC3199_CPU1036,1300,1036,3199,510,3199,p512_o128,512,128,mixed,0,225.71890312246978,26.74361636246166,3622.6412751711905,128,35.33333561820892,162.648,40.662,45.877,1.2706875,0.7869755545718361,30.884,0.399,9.379,65.4,8,Phi-3-mini-Q4,llama.cpp,finegrained_gpu_emc
2026-05-16T06:17:46.778269,GPU510_EMC3199_CPU1036,1300,1036,3199,510,3199,p512_o128,512,128,mixed,1,30.28701082803309,26.678877543496686,3418.9922239165753,128,37.43793247162508,148.834,42.524,45.877,1.162765625,0.8600185441498582,32.323,0.399,9.802,65.5,7,Phi-3-mini-Q4,llama.cpp,finegrained_gpu_emc
2026-05-16T06:17:51.008947,GPU510_EMC3199_CPU1036,1300,1036,3199,510,3199,p512_o128,512,128,mixed,2,30.009226873517036,26.690311275246575,3420.163164846599,128,37.42511506925169,148.373,42.392,45.762,1.1591640625,0.8626906512640441,32.264,0.399,9.73,65.5,7,Phi-3-mini-Q4,llama.cpp,finegrained_gpu_emc
2026-05-16T06:17:55.369152,GPU510_EMC3199_CPU1036,1300,1036,3199,510,3199,p1024_o128,1024,128,mixed,0,336.19037782773376,25.297236078836786,3549.441491952166,128,36.06201152779137,164.174,41.044,47.462,1.282609375,0.7796606039933242,31.077,0.399,9.568,65.6,8,Phi-3-mini-Q4,llama.cpp,finegrained_gpu_emc
2026-05-16T06:17:59.427782,GPU510_EMC3199_CPU1036,1300,1036,3199,510,3199,p1024_o128,1024,128,mixed,1,34.131179098039865,25.302036566381144,3247.985172085464,128,39.40904690701339,149.611,42.746,47.078,1.1688359375,0.855552065021957,32.33,0.399,10.017,65.7,7,Phi-3-mini-Q4,llama.cpp,finegrained_gpu_emc
2026-05-16T06:18:00.271146,GPU510_EMC3199_CPU1036,1300,1036,3199,510,3199,p1024_o128,1024,128,mixed,2,34.101131139323115,34.101131139323115,34.101131139323115,0,0.0,7.25,14.5,14.5,0.0,0.0,8.785,0.399,5.316,65.0,1,Phi-3-mini-Q4,llama.cpp,finegrained_gpu_emc
2026-05-16T06:18:07.567087,GPU510_EMC3199_CPU1036,1300,1036,3199,510,3199,p128_o256,128,256,mixed,0,29.717189026996493,25.3085221766549,6484.323741169646,256,39.47983015940881,286.779,44.12,46.776,1.12023046875,0.8926734523797071,33.675,0.399,10.046,65.7,13,Phi-3-mini-Q4,llama.cpp,finegrained_gpu_emc
2026-05-16T06:18:14.880534,GPU510_EMC3199_CPU1036,1300,1036,3199,510,3199,p128_o256,128,256,mixed,1,29.569315956905484,25.37725302755979,6501.697980798781,256,39.37432971448922,288.486,44.383,46.776,1.1268984375,0.8873914158746006,33.922,0.399,10.062,65.8,13,Phi-3-mini-Q4,llama.cpp,finegrained_gpu_emc
2026-05-16T06:18:22.208955,GPU510_EMC3199_CPU1036,1300,1036,3199,510,3199,p128_o256,128,256,mixed,2,29.535957844927907,25.435976475002427,6516.685719834641,256,39.283772611715875,288.872,44.442,47.261,1.12840625,0.8862056550998365,33.858,0.491,10.093,65.9,13,Phi-3-mini-Q4,llama.cpp,finegrained_gpu_emc
2026-05-16T06:18:37.280329,GPU510_EMC3199_CPU1036,1300,1036,3199,510,3199,p1024_o512,1024,512,mixed,0,558.0913592129946,26.804283659070467,14257.038364186883,512,35.91208685291356,630.29,45.021,47.462,1.23103515625,0.8123244855542687,34.234,0.399,10.388,66.1,28,Phi-3-mini-Q4,llama.cpp,finegrained_gpu_emc
2026-05-16T06:18:51.809213,GPU510_EMC3199_CPU1036,1300,1036,3199,510,3199,p1024_o512,1024,512,mixed,1,33.990703988820314,26.770069474336125,13715.17098788172,511,37.258011617318004,610.978,45.258,47.063,1.195651663405088,0.8363639934662133,34.365,0.399,10.494,66.4,27,Phi-3-mini-Q4,llama.cpp,finegrained_gpu_emc
2026-05-16T06:18:52.652953,GPU510_EMC3199_CPU1036,1300,1036,3199,510,3199,p1024_o512,1024,512,mixed,2,34.27453199401498,34.27453199401498,34.27453199401498,0,0.0,7.25,14.5,14.5,0.0,0.0,8.785,0.399,5.316,65.5,1,Phi-3-mini-Q4,llama.cpp,finegrained_gpu_emc
2026-05-16T06:19:01.330748,GPU612_EMC204_CPU1036,612,1036,204,612,204,p128_o64,128,64,mixed,0,25.823689997196198,24.107436206014384,1544.847367098555,64,41.428040959283365,78.604,39.302,46.276,1.2281875,0.8142079283497023,29.641,0.399,9.262,65.2,4,Phi-3-mini-Q4,llama.cpp,finegrained_gpu_emc
2026-05-16T06:19:03.686071,GPU612_EMC204_CPU1036,612,1036,204,612,204,p128_o64,128,64,mixed,1,25.94329882413149,24.110579604489935,1545.167570002377,64,41.41945588458186,74.095,37.048,45.863,1.157734375,0.8637559889331264,27.738,0.399,8.911,65.2,4,Phi-3-mini-Q4,llama.cpp,finegrained_gpu_emc
2026-05-16T06:19:06.041100,GPU612_EMC204_CPU1036,612,1036,204,612,204,p128_o64,128,64,mixed,2,26.353267021477222,24.103039968019676,1545.1034689322114,64,41.421174236460075,74.094,37.047,45.863,1.15771875,0.8637676465030908,27.738,0.399,8.911,65.3,4,Phi-3-mini-Q4,llama.cpp,finegrained_gpu_emc
2026-05-16T06:19:10.481193,GPU612_EMC204_CPU1036,612,1036,204,612,204,p512_o128,512,128,mixed,0,225.55197891779244,26.796970960104794,3629.25192900002,128,35.26897622543064,162.495,40.624,45.877,1.2694921875,0.7877165451244653,30.833,0.399,9.392,65.4,8,Phi-3-mini-Q4,llama.cpp,finegrained_gpu_emc
2026-05-16T06:19:14.713405,GPU612_EMC204_CPU1036,612,1036,204,612,204,p512_o128,512,128,mixed,1,29.943140223622322,26.700173117821727,3421.3508830871433,128,37.41212298123115,148.224,42.35,45.863,1.158,0.8635578583765113,32.207,0.399,9.744,65.5,7,Phi-3-mini-Q4,llama.cpp,finegrained_gpu_emc
2026-05-16T06:19:15.553107,GPU612_EMC204_CPU1036,612,1036,204,612,204,p512_o128,512,128,mixed,2,30.511471908539534,30.511471908539534,30.511471908539534,0,0.0,7.25,14.5,14.5,0.0,0.0,8.785,0.399,5.316,65.0,1,Phi-3-mini-Q4,llama.cpp,finegrained_gpu_emc
2026-05-16T06:19:19.924365,GPU612_EMC204_CPU1036,612,1036,204,612,204,p1024_o128,1024,128,mixed,0,335.82910196855664,25.385611228586182,3560.337655013427,128,35.95164627707685,162.526,40.631,47.462,1.269734375,0.7875662970847741,30.728,0.399,9.504,65.3,8,Phi-3-mini-Q4,llama.cpp,finegrained_gpu_emc
2026-05-16T06:19:23.987375,GPU612_EMC204_CPU1036,612,1036,204,612,204,p1024_o128,1024,128,mixed,1,34.02065183036029,25.33683872517697,3252.2902397904545,128,39.35688101694363,149.604,42.744,47.063,1.16878125,0.8555920964680088,32.328,0.399,10.017,65.5,7,Phi-3-mini-Q4,llama.cpp,finegrained_gpu_emc
2026-05-16T06:19:28.050947,GPU612_EMC204_CPU1036,612,1036,204,612,204,p1024_o128,1024,128,mixed,2,33.84009096771479,25.343297590230275,3252.9420179780573,128,39.348995245713425,149.008,42.574,46.962,1.164125,0.8590142811124234,32.273,0.399,9.902,65.5,7,Phi-3-mini-Q4,llama.cpp,finegrained_gpu_emc
2026-05-16T06:19:35.343374,GPU612_EMC204_CPU1036,612,1036,204,612,204,p128_o256,128,256,mixed,0,29.5273179654032,25.297163023302954,6481.241266941652,256,39.49860674154482,288.952,44.454,46.862,1.12871875,0.8859602979041502,33.924,0.399,10.132,65.8,13,Phi-3-mini-Q4,llama.cpp,finegrained_gpu_emc
2026-05-16T06:19:42.655865,GPU612_EMC204_CPU1036,612,1036,204,612,204,p128_o256,128,256,mixed,1,29.508250998333097,25.373298105071573,6500.6397508550435,256,39.380739405891205,289.144,44.484,47.261,1.12946875,0.8853719945770965,33.953,0.43,10.101,65.9,13,Phi-3-mini-Q4,llama.cpp,finegrained_gpu_emc
2026-05-16T06:19:49.974895,GPU612_EMC204_CPU1036,612,1036,204,612,204,p128_o256,128,256,mixed,2,29.342163121327758,25.40045570143882,6507.41126597859,256,39.339760395718976,288.571,44.396,47.16,1.12723046875,0.8871300303911341,33.889,0.43,10.077,66.0,13,Phi-3-mini-Q4,llama.cpp,finegrained_gpu_emc
2026-05-16T06:20:02.307142,GPU612_EMC204_CPU1036,612,1036,204,612,204,p1024_o512,1024,512,mixed,0,557.5586538761854,26.408683415277352,11519.05248593539,415,36.02726877985055,516.065,44.875,47.361,1.2435301204819278,0.8041622663811728,34.185,0.399,10.292,66.2,23,Phi-3-mini-Q4,llama.cpp,finegrained_gpu_emc
2026-05-16T06:20:16.836649,GPU612_EMC204_CPU1036,612,1036,204,612,204,p1024_o512,1024,512,mixed,1,33.96744909696281,26.770120514410962,13715.451871044934,512,37.330159065403976,611.196,45.274,47.078,1.1937421875,0.837701817420271,34.4,0.399,10.475,66.4,27,Phi-3-mini-Q4,llama.cpp,finegrained_gpu_emc
2026-05-16T06:20:31.369258,GPU612_EMC204_CPU1036,612,1036,204,612,204,p1024_o512,1024,512,mixed,2,34.29564507678151,26.775743886591492,13718.618131009862,512,37.321543256799615,611.791,45.318,47.477,1.194904296875,0.8368871068714642,34.418,0.414,10.486,66.6,27,Phi-3-mini-Q4,llama.cpp,finegrained_gpu_emc
2026-05-16T06:20:39.501105,GPU612_EMC665_CPU1036,1300,1036,665,612,665,p128_o64,128,64,mixed,0,26.191310957074165,24.136045493096823,1547.0198411494493,64,41.369863719684055,78.654,39.327,46.276,1.22896875,0.8136903399699952,29.641,0.399,9.287,65.8,4,Phi-3-mini-Q4,llama.cpp,finegrained_gpu_emc
2026-05-16T06:20:41.857647,GPU612_EMC665_CPU1036,1300,1036,665,612,665,p128_o64,128,64,mixed,1,26.096354005858302,24.12787574668607,1546.4097431395203,64,41.38618518405558,74.094,37.047,45.863,1.15771875,0.8637676465030908,27.738,0.399,8.911,65.6,4,Phi-3-mini-Q4,llama.cpp,finegrained_gpu_emc
2026-05-16T06:20:44.213760,GPU612_EMC665_CPU1036,1300,1036,665,612,665,p128_o64,128,64,mixed,2,25.797426933422685,24.123406444217952,1545.8253130782396,64,41.40183205601365,74.144,37.072,45.762,1.1585,0.8631851532153646,27.638,0.499,8.936,65.7,4,Phi-3-mini-Q4,llama.cpp,finegrained_gpu_emc
2026-05-16T06:20:48.650333,GPU612_EMC665_CPU1036,1300,1036,665,612,665,p512_o128,512,128,mixed,0,286.72376391477883,39.2758522703148,3625.6523318588734,86,23.71986945474934,162.942,40.735,45.877,1.8946744186046514,0.5277951663782204,30.882,0.449,9.404,65.8,8,Phi-3-mini-Q4,llama.cpp,finegrained_gpu_emc
2026-05-16T06:20:52.882733,GPU612_EMC665_CPU1036,1300,1036,665,612,665,p512_o128,512,128,mixed,1,30.521702021360397,26.69298302338231,3421.0156712215394,128,37.415788847963725,148.853,42.529,45.877,1.1629140625,0.8599087690540331,32.329,0.399,9.802,65.8,7,Phi-3-mini-Q4,llama.cpp,finegrained_gpu_emc
2026-05-16T06:20:57.116780,GPU612_EMC665_CPU1036,1300,1036,665,612,665,p512_o128,512,128,mixed,2,30.28767299838364,26.713726220755127,3423.424026928842,128,37.38946709292946,148.546,42.442,45.877,1.160515625,0.8616859424016803,32.27,0.399,9.773,65.9,7,Phi-3-mini-Q4,llama.cpp,finegrained_gpu_emc
2026-05-16T06:20:58.264000,GPU612_EMC665_CPU1036,1300,1036,665,612,665,p1024_o128,1024,128,mixed,0,336.02522499859333,336.02522499859333,336.02522499859333,0,0.0,12.887,25.774,25.774,0.0,0.0,18.355,0.798,6.621,65.4,1,Phi-3-mini-Q4,llama.cpp,finegrained_gpu_emc
2026-05-16T06:21:02.326533,GPU612_EMC665_CPU1036,1300,1036,665,612,665,p1024_o128,1024,128,mixed,1,34.351360984146595,25.329358732753146,3251.676500076428,128,39.36430945605797,148.41,42.403,47.063,1.159453125,0.8624755744222088,32.102,0.399,9.902,65.7,7,Phi-3-mini-Q4,llama.cpp,finegrained_gpu_emc
2026-05-16T06:21:06.387851,GPU612_EMC665_CPU1036,1300,1036,665,612,665,p1024_o128,1024,128,mixed,2,34.10593816079199,25.32450895111157,3250.8523671422154,128,39.37428881537406,149.873,42.821,47.477,1.1708828125,0.8540564344478325,32.334,0.513,9.974,65.9,7,Phi-3-mini-Q4,llama.cpp,finegrained_gpu_emc
2026-05-16T06:21:13.678981,GPU612_EMC665_CPU1036,1300,1036,665,612,665,p128_o256,128,256,mixed,0,29.70174909569323,25.289584972037403,6479.481070069596,256,39.509336817500774,289.491,44.537,46.877,1.13082421875,0.8843107385030968,33.96,0.399,10.178,66.1,13,Phi-3-mini-Q4,llama.cpp,finegrained_gpu_emc
2026-05-16T06:21:20.996179,GPU612_EMC665_CPU1036,1300,1036,665,612,665,p128_o256,128,256,mixed,1,29.68558785505593,25.39097640809475,6505.349641898647,256,39.35222764218466,288.432,44.374,46.877,1.1266875,0.8875575525600488,33.867,0.399,10.108,66.2,13,Phi-3-mini-Q4,llama.cpp,finegrained_gpu_emc
2026-05-16T06:21:28.301622,GPU612_EMC665_CPU1036,1300,1036,665,612,665,p128_o256,128,256,mixed,2,29.345338931307197,25.346898223620418,6493.801197037101,256,39.42221084883289,289.132,44.482,46.776,1.129421875,0.8854087406444116,33.928,0.399,10.155,66.3,13,Phi-3-mini-Q4,llama.cpp,finegrained_gpu_emc
2026-05-16T06:21:43.351848,GPU612_EMC665_CPU1036,1300,1036,665,612,665,p1024_o512,1024,512,mixed,0,558.2824319135398,26.762548215330057,14235.918838065118,512,35.96536379731066,631.092,45.078,47.477,1.2326015625,0.8112921729319973,34.259,0.428,10.392,66.5,28,Phi-3-mini-Q4,llama.cpp,finegrained_gpu_emc
2026-05-16T06:21:57.876749,GPU612_EMC665_CPU1036,1300,1036,665,612,665,p1024_o512,1024,512,mixed,1,34.36442883685231,26.760525460156327,13710.934574948624,512,37.342458108981134,612.23,45.35,46.977,1.19576171875,0.836287016317397,34.477,0.399,10.475,66.7,27,Phi-3-mini-Q4,llama.cpp,finegrained_gpu_emc
2026-05-16T06:22:12.415172,GPU612_EMC665_CPU1036,1300,1036,665,612,665,p1024_o512,1024,512,mixed,2,34.7010949626565,26.78680450267317,13724.722552811727,512,37.3049435447501,612.142,45.344,47.078,1.19558984375,0.8364072388432748,34.403,0.429,10.512,66.9,27,Phi-3-mini-Q4,llama.cpp,finegrained_gpu_emc
2026-05-16T06:22:20.551850,GPU612_EMC2133_CPU1036,1300,1036,2133,612,2133,p128_o64,128,64,mixed,0,26.303710183128715,24.15713144185406,1548.458131030202,64,41.33143720032022,78.904,39.452,46.362,1.232875,0.8111122376558857,29.737,0.399,9.316,65.9,4,Phi-3-mini-Q4,llama.cpp,finegrained_gpu_emc
2026-05-16T06:22:22.910859,GPU612_EMC2133_CPU1036,1300,1036,2133,612,2133,p128_o64,128,64,mixed,1,26.23975509777665,24.168407348620278,1549.1140931844711,64,41.31393567560732,74.144,37.072,45.863,1.1585,0.8631851532153646,27.738,0.399,8.936,65.8,4,Phi-3-mini-Q4,llama.cpp,finegrained_gpu_emc
2026-05-16T06:22:25.266987,GPU612_EMC2133_CPU1036,1300,1036,2133,612,2133,p128_o64,128,64,mixed,2,26.16265299730003,24.118125634563583,1545.8649231586605,64,41.400771206600005,74.0,37.0,45.863,1.15625,0.8648648648648649,27.64,0.399,8.961,65.7,4,Phi-3-mini-Q4,llama.cpp,finegrained_gpu_emc
2026-05-16T06:22:29.703616,GPU612_EMC2133_CPU1036,1300,1036,2133,612,2133,p512_o128,512,128,mixed,0,225.61275609768927,26.768070447632645,3625.6600480992347,128,35.30391661157103,162.536,40.634,45.877,1.2698125,0.7875178422011123,30.831,0.399,9.404,65.9,8,Phi-3-mini-Q4,llama.cpp,finegrained_gpu_emc
2026-05-16T06:22:33.938060,GPU612_EMC2133_CPU1036,1300,1036,2133,612,2133,p512_o128,512,128,mixed,1,30.19170486368239,26.718209968791818,3423.901244997978,128,37.38425580673417,149.052,42.586,45.877,1.16446875,0.8587607009634222,32.329,0.456,9.802,66.0,7,Phi-3-mini-Q4,llama.cpp,finegrained_gpu_emc
2026-05-16T06:22:38.171293,GPU612_EMC2133_CPU1036,1300,1036,2133,612,2133,p512_o128,512,128,mixed,2,30.029400950297713,26.70943771679629,3422.6313601247966,128,37.39812633380793,148.889,42.54,45.877,1.1631953125,0.8597008509695141,32.325,0.399,9.816,66.0,7,Phi-3-mini-Q4,llama.cpp,finegrained_gpu_emc
2026-05-16T06:22:42.534483,GPU612_EMC2133_CPU1036,1300,1036,2133,612,2133,p1024_o128,1024,128,mixed,0,336.6551941726357,25.31715997634089,3552.4396731052548,128,36.03157598116586,164.088,41.022,47.477,1.2819375,0.7800692311442641,31.081,0.399,9.542,66.0,8,Phi-3-mini-Q4,llama.cpp,finegrained_gpu_emc
2026-05-16T06:22:46.597458,GPU612_EMC2133_CPU1036,1300,1036,2133,612,2133,p1024_o128,1024,128,mixed,1,33.89841900207102,25.339406731677805,3252.506027929485,128,39.35426987709032,150.01,42.86,47.078,1.171953125,0.8532764482367843,32.387,0.456,10.017,66.1,7,Phi-3-mini-Q4,llama.cpp,finegrained_gpu_emc
2026-05-16T06:22:50.661124,GPU612_EMC2133_CPU1036,1300,1036,2133,612,2133,p1024_o128,1024,128,mixed,2,33.784301951527596,25.3437141884177,3252.939373953268,128,39.34902722900819,149.531,42.723,47.078,1.1682109375,0.8560097906119801,32.336,0.399,9.988,66.1,7,Phi-3-mini-Q4,llama.cpp,finegrained_gpu_emc
2026-05-16T06:22:57.958710,GPU612_EMC2133_CPU1036,1300,1036,2133,612,2133,p128_o256,128,256,mixed,0,30.1406760700047,25.31314333718197,6485.933406976983,256,39.47003213517707,288.71,44.417,46.877,1.1277734375,0.8867029198850058,33.894,0.399,10.124,66.3,13,Phi-3-mini-Q4,llama.cpp,finegrained_gpu_emc
2026-05-16T06:23:05.271788,GPU612_EMC2133_CPU1036,1300,1036,2133,612,2133,p128_o256,128,256,mixed,1,29.35691294260323,25.378026105646118,6501.710716867819,256,39.37425258491464,288.764,44.425,46.776,1.127984375,0.8865371029629732,33.926,0.399,10.1,66.3,13,Phi-3-mini-Q4,llama.cpp,finegrained_gpu_emc
2026-05-16T06:23:12.591047,GPU612_EMC2133_CPU1036,1300,1036,2133,612,2133,p128_o256,128,256,mixed,2,29.556627152487636,25.401280983807702,6507.854504045099,256,39.33708103659626,289.267,44.503,47.16,1.12994921875,0.8849955231671778,33.895,0.46,10.147,66.4,13,Phi-3-mini-Q4,llama.cpp,finegrained_gpu_emc
2026-05-16T06:23:26.553363,GPU612_EMC2133_CPU1036,1300,1036,2133,612,2133,p1024_o512,1024,512,mixed,0,557.7849640976638,26.67216305727744,13148.84672802873,472,35.896684307214684,586.58,45.122,47.477,1.2427542372881357,0.8046643254117085,34.236,0.506,10.379,66.6,26,Phi-3-mini-Q4,llama.cpp,finegrained_gpu_emc
2026-05-16T06:23:41.089593,GPU612_EMC2133_CPU1036,1300,1036,2133,612,2133,p1024_o512,1024,512,mixed,1,34.23118614591658,26.78306359449609,13722.306854091585,512,37.31151077177208,611.503,45.297,47.078,1.194341796875,0.8372812561835347,34.401,0.429,10.467,66.9,27,Phi-3-mini-Q4,llama.cpp,finegrained_gpu_emc
2026-05-16T06:23:55.631075,GPU612_EMC2133_CPU1036,1300,1036,2133,612,2133,p1024_o512,1024,512,mixed,2,34.32220499962568,26.79208467291657,13726.988288806751,512,37.29878610135441,612.498,45.37,47.078,1.19628515625,0.8359210968852142,34.433,0.443,10.494,67.0,27,Phi-3-mini-Q4,llama.cpp,finegrained_gpu_emc
2026-05-16T06:24:03.758274,GPU612_EMC3199_CPU1036,1300,1036,3199,612,3199,p128_o64,128,64,mixed,0,26.10859600827098,24.136479064408277,1546.9655350316316,64,41.371316005880736,79.011,39.506,46.775,1.234546875,0.8100137955474555,29.641,0.499,9.366,65.9,4,Phi-3-mini-Q4,llama.cpp,finegrained_gpu_emc
2026-05-16T06:24:06.116925,GPU612_EMC3199_CPU1036,1300,1036,3199,612,3199,p128_o64,128,64,mixed,1,26.437914930284023,24.15359688789717,1548.3708779793233,64,41.33376628958701,74.206,37.103,45.977,1.15946875,0.8624639517020186,27.644,0.499,8.961,66.0,4,Phi-3-mini-Q4,llama.cpp,finegrained_gpu_emc
2026-05-16T06:24:08.474011,GPU612_EMC3199_CPU1036,1300,1036,3199,612,3199,p128_o64,128,64,mixed,2,25.85058705881238,24.142560109289157,1547.0906009431928,64,41.36797157256468,73.906,36.953,45.877,1.15478125,0.8659648742997862,27.644,0.399,8.911,65.9,4,Phi-3-mini-Q4,llama.cpp,finegrained_gpu_emc
2026-05-16T06:24:12.913053,GPU612_EMC3199_CPU1036,1300,1036,3199,612,3199,p512_o128,512,128,mixed,0,226.296461885795,26.783587662209793,3628.30459093675,128,35.27818483589691,162.716,40.679,45.877,1.27121875,0.7866466727304013,30.889,0.399,9.392,66.0,8,Phi-3-mini-Q4,llama.cpp,finegrained_gpu_emc
2026-05-16T06:24:17.147827,GPU612_EMC3199_CPU1036,1300,1036,3199,612,3199,p512_o128,512,128,mixed,1,109.55531196668744,28.084365195215884,3424.0339698735625,119,34.75432809575609,148.41,42.403,45.877,1.247142857142857,0.8018327605956472,32.217,0.399,9.787,66.1,7,Phi-3-mini-Q4,llama.cpp,finegrained_gpu_emc
2026-05-16T06:24:21.386112,GPU612_EMC3199_CPU1036,1300,1036,3199,612,3199,p512_o128,512,128,mixed,2,30.02028400078416,26.750751945197464,3427.858308888972,128,37.34110002974044,148.646,42.47,45.877,1.161296875,0.8611062524386799,32.213,0.456,9.802,66.1,7,Phi-3-mini-Q4,llama.cpp,finegrained_gpu_emc
2026-05-16T06:24:25.750144,GPU612_EMC3199_CPU1036,1300,1036,3199,612,3199,p1024_o128,1024,128,mixed,0,336.3602780736983,25.327236771099564,3553.422979079187,128,36.02160529540144,164.146,41.036,47.477,1.282390625,0.7797935983819283,31.082,0.399,9.555,66.2,8,Phi-3-mini-Q4,llama.cpp,finegrained_gpu_emc
2026-05-16T06:24:26.593595,GPU612_EMC3199_CPU1036,1300,1036,3199,612,3199,p1024_o128,1024,128,mixed,1,33.90652290545404,33.90652290545404,33.90652290545404,0,0.0,7.55,15.1,15.1,0.0,0.0,8.785,0.798,5.517,65.6,1,Phi-3-mini-Q4,llama.cpp,finegrained_gpu_emc
2026-05-16T06:24:30.668314,GPU612_EMC3199_CPU1036,1300,1036,3199,612,3199,p1024_o128,1024,128,mixed,2,34.84585485421121,25.416316977870746,3263.2231819443405,128,39.22502166208969,148.82,42.52,47.078,1.16265625,0.8600994489987905,31.99,0.57,9.96,66.0,7,Phi-3-mini-Q4,llama.cpp,finegrained_gpu_emc
2026-05-16T06:24:38.016832,GPU612_EMC3199_CPU1036,1300,1036,3199,612,3199,p128_o256,128,256,mixed,0,30.333921080455184,25.51074572930149,6536.524102091789,256,39.16454617188301,291.38,44.828,47.376,1.138203125,0.8785778021827167,33.775,0.798,10.255,66.3,13,Phi-3-mini-Q4,llama.cpp,finegrained_gpu_emc
2026-05-16T06:24:45.362114,GPU612_EMC3199_CPU1036,1300,1036,3199,612,3199,p128_o256,128,256,mixed,1,29.393841978162527,25.50273361141045,6533.529991051182,256,39.1824940500215,291.735,44.882,47.276,1.13958984375,0.8775086979621917,33.868,0.829,10.186,66.4,13,Phi-3-mini-Q4,llama.cpp,finegrained_gpu_emc
2026-05-16T06:24:52.676229,GPU612_EMC3199_CPU1036,1300,1036,3199,612,3199,p128_o256,128,256,mixed,2,29.51868111267686,25.37992738424709,6502.343050902709,256,39.370423552854525,289.241,44.499,46.877,1.12984765625,0.8850750758018401,33.868,0.46,10.17,66.3,13,Phi-3-mini-Q4,llama.cpp,finegrained_gpu_emc
2026-05-16T06:24:59.724257,GPU612_EMC3199_CPU1036,1300,1036,3199,612,3199,p1024_o512,1024,512,mixed,0,558.1212469842285,25.69086348151111,6236.53607792221,221,35.43633793482828,282.249,43.423,47.462,1.2771447963800906,0.7829965739471175,33.009,0.399,10.015,66.3,13,Phi-3-mini-Q4,llama.cpp,finegrained_gpu_emc
2026-05-16T06:25:14.252785,GPU612_EMC3199_CPU1036,1300,1036,3199,612,3199,p1024_o512,1024,512,mixed,1,33.753679832443595,26.76883627024503,13714.576608035713,512,37.332541472698935,611.587,45.303,47.477,1.194505859375,0.8371662576215649,34.418,0.429,10.456,66.5,27,Phi-3-mini-Q4,llama.cpp,finegrained_gpu_emc
2026-05-16T06:25:15.096422,GPU612_EMC3199_CPU1036,1300,1036,3199,612,3199,p1024_o512,1024,512,mixed,2,34.32544297538698,34.32544297538698,34.32544297538698,0,0.0,7.25,14.5,14.5,0.0,0.0,8.785,0.399,5.316,65.8,1,Phi-3-mini-Q4,llama.cpp,finegrained_gpu_emc
2026-05-16T06:25:23.774664,GPU714_EMC204_CPU1036,714,1036,204,714,204,p128_o64,128,64,mixed,0,26.232452131807804,24.11593164923409,1545.791962184012,64,41.402725312128,78.654,39.327,46.376,1.22896875,0.8136903399699952,29.641,0.399,9.287,65.5,4,Phi-3-mini-Q4,llama.cpp,finegrained_gpu_emc
2026-05-16T06:25:26.128639,GPU714_EMC204_CPU1036,714,1036,204,714,204,p128_o64,128,64,mixed,1,25.86961188353598,24.0913134304777,1543.8803180586547,64,41.453990475425265,74.056,37.028,45.776,1.157125,0.8642108674516582,27.743,0.399,8.886,65.4,4,Phi-3-mini-Q4,llama.cpp,finegrained_gpu_emc
2026-05-16T06:25:28.486298,GPU714_EMC204_CPU1036,714,1036,204,714,204,p128_o64,128,64,mixed,2,26.30035998299718,24.14142119047779,1547.4656790029258,64,41.35794471463622,73.906,36.953,45.776,1.15478125,0.8659648742997862,27.644,0.399,8.911,65.4,4,Phi-3-mini-Q4,llama.cpp,finegrained_gpu_emc
2026-05-16T06:25:32.917470,GPU714_EMC204_CPU1036,714,1036,204,714,204,p512_o128,512,128,mixed,0,225.5798599217087,26.728655622289406,3620.5945999827236,128,35.35330909475775,162.51,40.627,45.877,1.269609375,0.7876438373023199,30.837,0.399,9.392,65.6,8,Phi-3-mini-Q4,llama.cpp,finegrained_gpu_emc
2026-05-16T06:25:37.149582,GPU714_EMC204_CPU1036,714,1036,204,714,204,p512_o128,512,128,mixed,1,29.956616926938295,26.697468599231225,3421.026828000322,128,37.41566682621407,148.654,42.472,45.877,1.161359375,0.8610599109341155,32.272,0.399,9.802,65.7,7,Phi-3-mini-Q4,llama.cpp,finegrained_gpu_emc
2026-05-16T06:25:41.384223,GPU714_EMC204_CPU1036,714,1036,204,714,204,p512_o128,512,128,mixed,2,30.069672036916018,26.719400417206327,3423.9601010922343,128,37.38361319081035,148.464,42.418,45.877,1.159875,0.8621618708912598,32.275,0.399,9.744,65.8,7,Phi-3-mini-Q4,llama.cpp,finegrained_gpu_emc
2026-05-16T06:25:45.745284,GPU714_EMC204_CPU1036,714,1036,204,714,204,p1024_o128,1024,128,mixed,0,335.9050410799682,25.3055044321534,3550.2051790244877,128,36.05425420374475,164.168,41.042,47.376,1.2825625,0.779689098971785,31.038,0.449,9.555,65.8,8,Phi-3-mini-Q4,llama.cpp,finegrained_gpu_emc
2026-05-16T06:25:49.806965,GPU714_EMC204_CPU1036,714,1036,204,714,204,p1024_o128,1024,128,mixed,1,33.978459890931845,25.32731265372296,3251.0427699889988,128,39.37198279321103,149.481,42.709,46.977,1.1678203125,0.8562961179012718,32.336,0.399,9.974,65.8,7,Phi-3-mini-Q4,llama.cpp,finegrained_gpu_emc
2026-05-16T06:25:53.870702,GPU714_EMC204_CPU1036,714,1036,204,714,204,p1024_o128,1024,128,mixed,2,34.129112027585506,25.34334950413056,3253.235189942643,128,39.34544923026507,149.682,42.766,47.178,1.169390625,0.8551462433692762,32.336,0.399,10.031,65.9,7,Phi-3-mini-Q4,llama.cpp,finegrained_gpu_emc
2026-05-16T06:26:01.171668,GPU714_EMC204_CPU1036,714,1036,204,714,204,p128_o256,128,256,mixed,0,30.174215091392398,25.32701966279716,6489.492306020111,256,39.44838639573027,289.237,44.498,46.776,1.12983203125,0.8850873159381406,33.929,0.46,10.108,66.0,13,Phi-3-mini-Q4,llama.cpp,finegrained_gpu_emc
2026-05-16T06:26:08.477913,GPU714_EMC204_CPU1036,714,1036,204,714,204,p128_o256,128,256,mixed,1,29.759165132418275,25.348067983948425,6494.493789970875,256,39.418006742161815,288.738,44.421,46.776,1.1278828125,0.8866169329980813,33.929,0.399,10.093,66.2,13,Phi-3-mini-Q4,llama.cpp,finegrained_gpu_emc
2026-05-16T06:26:15.802013,GPU714_EMC204_CPU1036,714,1036,204,714,204,p128_o256,128,256,mixed,2,29.555934015661478,25.420291995739234,6512.683653039858,256,39.30791262684923,287.642,44.253,46.877,1.1236015625,0.8899952023696123,33.684,0.43,10.139,66.2,13,Phi-3-mini-Q4,llama.cpp,finegrained_gpu_emc
2026-05-16T06:26:30.189082,GPU714_EMC204_CPU1036,714,1036,204,714,204,p1024_o512,1024,512,mixed,0,561.1908030696213,26.770565569035938,13573.443942004815,486,35.80520920678125,600.452,44.478,47.078,1.2354979423868313,0.8093902593379654,33.679,0.429,10.371,66.4,27,Phi-3-mini-Q4,llama.cpp,finegrained_gpu_emc
2026-05-16T06:26:44.754719,GPU714_EMC204_CPU1036,714,1036,204,714,204,p1024_o512,1024,512,mixed,1,34.32746999897063,26.84005906663237,13751.5241750516,512,37.23223647665797,605.301,44.837,46.678,1.182228515625,0.8458601588300696,33.945,0.429,10.464,66.6,27,Phi-3-mini-Q4,llama.cpp,finegrained_gpu_emc
2026-05-16T06:26:55.909437,GPU714_EMC204_CPU1036,714,1036,204,714,204,p1024_o512,1024,512,mixed,2,34.70238693989813,26.35672814093339,10341.922456864268,391,37.807284054859714,465.13,44.298,46.678,1.1895907928388747,0.8406252015565541,33.532,0.399,10.367,66.7,21,Phi-3-mini-Q4,llama.cpp,finegrained_gpu_emc
2026-05-16T06:27:04.039066,GPU714_EMC665_CPU1036,1300,1036,665,714,665,p128_o64,128,64,mixed,0,25.884967064484954,24.12977576300147,1546.3159859646112,64,41.38869453650251,79.061,39.53,46.376,1.235328125,0.8095015241395883,29.641,0.499,9.391,65.8,4,Phi-3-mini-Q4,llama.cpp,finegrained_gpu_emc
2026-05-16T06:27:06.395379,GPU714_EMC665_CPU1036,1300,1036,665,714,665,p128_o64,128,64,mixed,1,25.897003011777997,24.125676650169588,1546.0727859754115,64,41.395205051502565,73.906,36.953,45.877,1.15478125,0.8659648742997862,27.644,0.399,8.911,65.7,4,Phi-3-mini-Q4,llama.cpp,finegrained_gpu_emc
2026-05-16T06:27:08.750927,GPU714_EMC665_CPU1036,1300,1036,665,714,665,p128_o64,128,64,mixed,2,26.19342878460884,24.11160987639238,1545.4825249034911,64,41.41101498640143,73.95,36.975,45.863,1.15546875,0.8654496281271129,27.64,0.399,8.936,65.6,4,Phi-3-mini-Q4,llama.cpp,finegrained_gpu_emc
2026-05-16T06:27:13.188601,GPU714_EMC665_CPU1036,1300,1036,665,714,665,p512_o128,512,128,mixed,0,225.6637190002948,26.77705270186888,3626.840922050178,128,35.29242190408623,162.764,40.691,45.877,1.27159375,0.7864146862942665,30.888,0.399,9.404,65.8,8,Phi-3-mini-Q4,llama.cpp,finegrained_gpu_emc
2026-05-16T06:27:17.422791,GPU714_EMC665_CPU1036,1300,1036,665,714,665,p512_o128,512,128,mixed,1,83.62354920245707,41.22728808426562,3423.511764034629,82,23.952013503047677,149.06,42.588,46.276,1.8178048780487805,0.5501140480343486,32.274,0.513,9.802,65.9,7,Phi-3-mini-Q4,llama.cpp,finegrained_gpu_emc
2026-05-16T06:27:18.660245,GPU714_EMC665_CPU1036,1300,1036,665,714,665,p512_o128,512,128,mixed,2,83.26814603060484,26.513721328228712,427.9206278733909,13,30.379465613997734,14.132,28.265,28.265,1.087076923076923,0.9198981035946787,20.342,0.399,7.524,65.5,1,Phi-3-mini-Q4,llama.cpp,finegrained_gpu_emc
2026-05-16T06:27:23.026467,GPU714_EMC665_CPU1036,1300,1036,665,714,665,p1024_o128,1024,128,mixed,0,336.11025498248637,25.347336811402183,3555.7203891221434,128,35.99833113750583,163.269,40.817,47.477,1.2755390625,0.7839822624013132,30.888,0.399,9.53,65.7,8,Phi-3-mini-Q4,llama.cpp,finegrained_gpu_emc
2026-05-16T06:27:23.869784,GPU714_EMC665_CPU1036,1300,1036,665,714,665,p1024_o128,1024,128,mixed,1,33.70246384292841,33.70246384292841,33.70246384292841,0,0.0,7.25,14.5,14.5,0.0,0.0,8.785,0.399,5.316,65.2,1,Phi-3-mini-Q4,llama.cpp,finegrained_gpu_emc
2026-05-16T06:27:27.938741,GPU714_EMC665_CPU1036,1300,1036,665,714,665,p1024_o128,1024,128,mixed,2,34.880287013947964,25.37798302387452,3258.3824570756406,128,39.283295219701884,155.328,38.832,47.078,1.2135,0.8240626287597858,29.092,0.399,9.342,65.6,8,Phi-3-mini-Q4,llama.cpp,finegrained_gpu_emc
2026-05-16T06:27:35.229179,GPU714_EMC665_CPU1036,1300,1036,665,714,665,p128_o256,128,256,mixed,0,29.600927839055657,25.28773256139282,6478.9427309297025,256,39.512619671398916,289.59,44.552,47.276,1.1312109375,0.8840084257053076,33.991,0.399,10.163,66.0,13,Phi-3-mini-Q4,llama.cpp,finegrained_gpu_emc
2026-05-16T06:27:42.561576,GPU714_EMC665_CPU1036,1300,1036,665,714,665,p128_o256,128,256,mixed,1,29.36278493143618,25.451682234986446,6520.518665900454,256,39.26068049444768,289.122,44.48,46.776,1.1293828125,0.8854393646972558,33.774,0.614,10.093,66.2,13,Phi-3-mini-Q4,llama.cpp,finegrained_gpu_emc
2026-05-16T06:27:49.894955,GPU714_EMC665_CPU1036,1300,1036,665,714,665,p128_o256,128,256,mixed,2,29.468132881447673,25.45633778049081,6521.785324905068,256,39.25305529797186,291.372,44.826,47.276,1.138171875,0.8786019246873412,33.835,0.798,10.193,66.5,13,Phi-3-mini-Q4,llama.cpp,finegrained_gpu_emc
2026-05-16T06:28:04.960447,GPU714_EMC665_CPU1036,1300,1036,665,714,665,p1024_o512,1024,512,mixed,0,558.5189929697663,26.790560123377613,14250.45121810399,512,35.92868690007145,633.847,45.275,48.36,1.237982421875,0.8077659119629816,34.27,0.57,10.435,66.5,28,Phi-3-mini-Q4,llama.cpp,finegrained_gpu_emc
2026-05-16T06:28:19.566131,GPU714_EMC665_CPU1036,1300,1036,665,714,665,p1024_o512,1024,512,mixed,1,34.501240123063326,26.918929420619357,13791.965766111389,512,37.12306198279936,616.623,45.676,47.961,1.204341796875,0.8303290665447121,34.343,0.828,10.505,66.8,27,Phi-3-mini-Q4,llama.cpp,finegrained_gpu_emc
2026-05-16T06:28:36.780716,GPU714_EMC665_CPU1036,1300,1036,665,714,665,p1024_o512,1024,512,mixed,2,34.34499306604266,32.02290382188856,16400.001907953992,512,31.21950856308622,585.646,36.603,47.48,1.14383984375,0.8742482660173553,26.17,0.524,9.909,66.4,32,Phi-3-mini-Q4,llama.cpp,finegrained_gpu_emc
2026-05-16T06:28:44.914170,GPU714_EMC2133_CPU1036,714,1036,2133,714,2133,p128_o64,128,64,mixed,0,26.083545060828328,24.105146649249253,1544.9644681066275,64,41.42490090949002,79.104,39.552,46.376,1.236,0.8090614886731392,29.84,0.399,9.312,65.3,4,Phi-3-mini-Q4,llama.cpp,finegrained_gpu_emc
2026-05-16T06:28:47.269982,GPU714_EMC2133_CPU1036,714,1036,2133,714,2133,p128_o64,128,64,mixed,1,25.892269099131227,24.121748823081216,1545.8261999301612,64,41.40180830347645,74.294,37.147,45.863,1.16084375,0.8614423775809622,27.738,0.498,8.911,65.4,4,Phi-3-mini-Q4,llama.cpp,finegrained_gpu_emc
2026-05-16T06:28:49.624727,GPU714_EMC2133_CPU1036,714,1036,2133,714,2133,p128_o64,128,64,mixed,2,25.865713134407997,24.102185206073855,1544.5602249819785,64,41.43574265661718,74.044,37.022,45.863,1.1569375,0.8643509264761493,27.738,0.399,8.886,65.4,4,Phi-3-mini-Q4,llama.cpp,finegrained_gpu_emc
2026-05-16T06:28:54.065660,GPU714_EMC2133_CPU1036,714,1036,2133,714,2133,p512_o128,512,128,mixed,0,225.71018594317138,26.80307578874796,3630.190531956032,128,35.259857264580155,162.355,40.589,45.877,1.2683984375,0.7883957993286318,30.836,0.399,9.354,65.5,8,Phi-3-mini-Q4,llama.cpp,finegrained_gpu_emc
2026-05-16T06:28:54.904704,GPU714_EMC2133_CPU1036,714,1036,2133,714,2133,p512_o128,512,128,mixed,1,29.935230035334826,29.935230035334826,29.935230035334826,0,0.0,7.25,14.5,14.5,0.0,0.0,8.785,0.399,5.316,65.2,1,Phi-3-mini-Q4,llama.cpp,finegrained_gpu_emc
2026-05-16T06:28:59.136277,GPU714_EMC2133_CPU1036,714,1036,2133,714,2133,p512_o128,512,128,mixed,2,29.95171002112329,26.694840945919434,3420.718037057668,128,37.41904436826932,154.04,38.51,45.776,1.2034375,0.8309529992209816,28.983,0.399,9.128,65.4,8,Phi-3-mini-Q4,llama.cpp,finegrained_gpu_emc
2026-05-16T06:29:03.504647,GPU714_EMC2133_CPU1036,714,1036,2133,714,2133,p1024_o128,1024,128,mixed,0,336.00417897105217,25.364123952142368,3557.7476588077843,128,35.97781863002991,164.196,41.049,47.477,1.28278125,0.7795561402226607,31.083,0.399,9.567,65.6,8,Phi-3-mini-Q4,llama.cpp,finegrained_gpu_emc
2026-05-16T06:29:07.562496,GPU714_EMC2133_CPU1036,714,1036,2133,714,2133,p1024_o128,1024,128,mixed,1,33.746883971616626,25.298629315408665,3247.1670729573816,128,39.41897571763163,149.503,42.715,47.063,1.1679921875,0.8561701102987901,32.328,0.399,9.988,65.7,7,Phi-3-mini-Q4,llama.cpp,finegrained_gpu_emc
2026-05-16T06:29:12.878316,GPU714_EMC2133_CPU1036,714,1036,2133,714,2133,p1024_o128,1024,128,mixed,2,33.71201502159238,35.203943945702136,4505.1223281770945,128,28.41210308528794,135.489,30.109,42.568,1.0585078125,0.944726140129457,20.268,0.576,9.265,65.3,9,Phi-3-mini-Q4,llama.cpp,finegrained_gpu_emc
2026-05-16T06:29:23.628611,GPU714_EMC2133_CPU1036,714,1036,2133,714,2133,p128_o256,128,256,mixed,0,44.06601097434759,38.796393690156,9938.105943845585,256,25.759435595324305,254.462,25.446,26.707,0.9939921875,1.0060441244665215,16.227,0.399,8.82,64.4,20,Phi-3-mini-Q4,llama.cpp,finegrained_gpu_emc
2026-05-16T06:29:34.397547,GPU714_EMC2133_CPU1036,714,1036,2133,714,2133,p128_o256,128,256,mixed,1,43.79322216846049,38.86853562686227,9956.214983016253,256,25.7125825865247,253.114,25.311,26.208,0.9887265625,1.011401976974802,16.108,0.399,8.805,63.9,20,Phi-3-mini-Q4,llama.cpp,finegrained_gpu_emc
2026-05-16T06:29:45.170238,GPU714_EMC2133_CPU1036,714,1036,2133,714,2133,p128_o256,128,256,mixed,2,43.8825530000031,38.88286647898163,9959.9912869744,256,25.702833729864285,254.262,25.426,26.607,0.9932109375,1.0068354689257537,16.168,0.479,8.78,63.6,20,Phi-3-mini-Q4,llama.cpp,finegrained_gpu_emc
2026-05-16T06:30:04.206842,GPU714_EMC2133_CPU1036,714,1036,2133,714,2133,p1024_o512,1024,512,mixed,0,938.1707259453833,39.910376518727624,18221.36987093836,433,23.763306659539392,465.876,25.882,26.808,1.0759260969976905,0.9294318659900919,16.514,0.399,8.969,63.2,36,Phi-3-mini-Q4,llama.cpp,finegrained_gpu_emc
2026-05-16T06:30:05.064767,GPU714_EMC2133_CPU1036,714,1036,2133,714,2133,p1024_o512,1024,512,mixed,1,48.47715492360294,48.47715492360294,48.47715492360294,0,0.0,5.599,11.198,11.198,0.0,0.0,5.591,0.399,5.208,62.5,1,Phi-3-mini-Q4,llama.cpp,finegrained_gpu_emc
2026-05-16T06:30:26.540091,GPU714_EMC2133_CPU1036,714,1036,2133,714,2133,p1024_o512,1024,512,mixed,2,48.31012897193432,40.33126983766074,20659.526793984696,512,24.78275543799366,530.015,25.854,26.815,1.035185546875,0.9660103959321906,16.448,0.399,9.008,62.7,41,Phi-3-mini-Q4,llama.cpp,finegrained_gpu_emc
2026-05-16T06:30:34.657377,GPU714_EMC3199_CPU1036,714,1036,3199,714,3199,p128_o64,128,64,mixed,0,25.82927606999874,24.09090795036819,1543.8168740365654,64,41.45569405046168,78.486,39.243,46.262,1.22634375,0.8154320515760772,29.632,0.399,9.212,62.8,4,Phi-3-mini-Q4,llama.cpp,finegrained_gpu_emc
2026-05-16T06:30:37.012123,GPU714_EMC3199_CPU1036,714,1036,3199,714,3199,p128_o64,128,64,mixed,1,25.86342114955187,24.102623792483456,1544.5841569453478,64,41.43510064648716,73.899,36.95,45.662,1.154671875,0.8660469018525284,27.64,0.499,8.811,62.8,4,Phi-3-mini-Q4,llama.cpp,finegrained_gpu_emc
2026-05-16T06:30:39.368305,GPU714_EMC3199_CPU1036,714,1036,3199,714,3199,p128_o64,128,64,mixed,2,25.949913077056408,24.127295920773157,1546.227009035647,64,41.39107623007802,73.35,36.675,45.363,1.14609375,0.87252897068848,27.44,0.399,8.836,62.9,4,Phi-3-mini-Q4,llama.cpp,finegrained_gpu_emc
2026-05-16T06:30:43.806948,GPU714_EMC3199_CPU1036,714,1036,3199,714,3199,p512_o128,512,128,mixed,0,225.89008696377277,26.784734629959924,3628.0369178857654,128,35.28078762621629,161.746,40.436,45.676,1.263640625,0.7913642377554931,30.784,0.399,9.253,63.2,8,Phi-3-mini-Q4,llama.cpp,finegrained_gpu_emc
2026-05-16T06:30:48.040289,GPU714_EMC3199_CPU1036,714,1036,3199,714,3199,p512_o128,512,128,mixed,1,30.007930006831884,26.710775629507275,3422.7972300723195,128,37.396314007562616,148.102,42.315,45.776,1.157046875,0.864269219861987,32.215,0.399,9.701,63.5,7,Phi-3-mini-Q4,llama.cpp,finegrained_gpu_emc
2026-05-16T06:30:52.274134,GPU714_EMC3199_CPU1036,714,1036,3199,714,3199,p512_o128,512,128,mixed,2,30.002207960933447,26.716043030491143,3423.433172982186,128,37.38936720312783,147.638,42.182,45.776,1.153421875,0.8669854644468226,32.097,0.399,9.687,63.6,7,Phi-3-mini-Q4,llama.cpp,finegrained_gpu_emc
2026-05-16T06:30:56.643482,GPU714_EMC3199_CPU1036,714,1036,3199,714,3199,p1024_o128,1024,128,mixed,0,336.16428496316075,25.368022417106967,3558.4038640372455,128,35.971183960770404,163.987,40.997,47.376,1.2811484375,0.7805496777183557,31.031,0.449,9.517,63.7,8,Phi-3-mini-Q4,llama.cpp,finegrained_gpu_emc
2026-05-16T06:31:00.704685,GPU714_EMC3199_CPU1036,714,1036,3199,714,3199,p1024_o128,1024,128,mixed,1,34.30513897910714,25.32081114216231,3250.5472220946103,128,39.37798507585393,149.08,42.594,46.977,1.1646875,0.8585994097129057,32.279,0.399,9.916,63.9,7,Phi-3-mini-Q4,llama.cpp,finegrained_gpu_emc
2026-05-16T06:31:04.765892,GPU714_EMC3199_CPU1036,714,1036,3199,714,3199,p1024_o128,1024,128,mixed,2,33.93899812363088,25.326129919886004,3250.85829407908,128,39.37421702850954,149.023,42.578,46.977,1.1642421875,0.8589278165115453,32.277,0.399,9.902,63.9,7,Phi-3-mini-Q4,llama.cpp,finegrained_gpu_emc
2026-05-16T06:31:08.769072,GPU714_EMC3199_CPU1036,714,1036,3199,714,3199,p128_o256,128,256,mixed,0,29.66196578927338,24.33066457408921,3192.6950209308416,130,40.71795118160019,146.32,41.806,46.776,1.1255384615384614,0.8884636413340624,31.765,0.399,9.642,64.0,7,Phi-3-mini-Q4,llama.cpp,finegrained_gpu_emc
2026-05-16T06:31:16.060008,GPU714_EMC3199_CPU1036,714,1036,3199,714,3199,p128_o256,128,256,mixed,1,25.92147095128894,25.3024341337675,6479.0824530646205,256,39.51176757735371,288.778,44.427,46.776,1.1280390625,0.8864941235135639,33.898,0.46,10.07,64.3,13,Phi-3-mini-Q4,llama.cpp,finegrained_gpu_emc
2026-05-16T06:31:21.839019,GPU714_EMC3199_CPU1036,714,1036,3199,714,3199,p128_o256,128,256,mixed,2,29.437643941491842,24.804662267508153,4967.993139987811,199,40.05641602002861,219.758,43.952,46.776,1.1043115577889449,0.9055415502507304,33.567,0.399,9.986,64.5,10,Phi-3-mini-Q4,llama.cpp,finegrained_gpu_emc
2026-05-16T06:31:36.892014,GPU714_EMC3199_CPU1036,714,1036,3199,714,3199,p1024_o512,1024,512,mixed,0,559.0562550351024,26.766885686647548,14238.910157931969,512,35.95780816938323,629.214,44.944,47.361,1.22893359375,0.8137136173066715,34.2,0.428,10.316,64.8,28,Phi-3-mini-Q4,llama.cpp,finegrained_gpu_emc
2026-05-16T06:31:57.966391,GPU714_EMC3199_CPU1036,714,1036,3199,714,3199,p1024_o512,1024,512,mixed,1,34.13900197483599,39.57377145806812,20258.329902077094,512,25.27355426014187,604.142,30.207,46.977,1.17996484375,0.8474828765422698,20.262,0.748,9.197,64.3,40,Phi-3-mini-Q4,llama.cpp,finegrained_gpu_emc
2026-05-16T06:32:23.207377,GPU714_EMC3199_CPU1036,714,1036,3199,714,3199,p1024_o512,1024,512,mixed,2,57.975705014541745,47.67764867155825,24423.261878080666,512,20.963620770881082,594.458,24.769,25.315,1.16105078125,0.8612887706112122,15.215,0.798,8.756,62.9,48,Phi-3-mini-Q4,llama.cpp,finegrained_gpu_emc
2026-05-16T06:32:33.136987,GPU816_EMC204_CPU1036,816,1036,204,816,204,p128_o64,128,64,mixed,0,42.839786037802696,38.91283850599494,2494.6133939083666,64,25.655277950596492,66.406,26.562,28.304,1.03759375,0.9637683341866697,17.008,0.798,8.756,62.1,5,Phi-3-mini-Q4,llama.cpp,finegrained_gpu_emc
2026-05-16T06:32:36.437010,GPU816_EMC204_CPU1036,816,1036,204,816,204,p128_o64,128,64,mixed,1,36.68293100781739,38.93476609687602,2489.834873005748,64,25.70451586724653,63.244,25.298,27.704,0.9881875,1.0119537031180823,16.048,0.798,8.452,62.0,5,Phi-3-mini-Q4,llama.cpp,finegrained_gpu_emc
2026-05-16T06:32:39.748392,GPU816_EMC204_CPU1036,816,1036,204,816,204,p128_o64,128,64,mixed,2,51.044387044385076,38.84670052248689,2498.65072616376,64,25.613824025041218,64.304,25.722,28.304,1.00475,0.9952724558347847,16.368,0.798,8.555,61.9,5,Phi-3-mini-Q4,llama.cpp,finegrained_gpu_emc
2026-05-16T06:32:46.455941,GPU816_EMC204_CPU1036,816,1036,204,816,204,p512_o128,512,128,mixed,0,484.8650461062789,55.77562461827987,5895.613687112927,98,16.622527390866146,155.57,25.928,27.211,1.5874489795918367,0.6299415054316385,16.635,0.798,8.495,61.8,12,Phi-3-mini-Q4,llama.cpp,finegrained_gpu_emc
2026-05-16T06:32:52.803061,GPU816_EMC204_CPU1036,816,1036,204,816,204,p512_o128,512,128,mixed,1,43.42300305142999,43.24356111052527,5535.851581953466,128,23.122007175422134,143.11,26.02,27.211,1.118046875,0.8944168821186499,16.622,0.798,8.6,61.7,11,Phi-3-mini-Q4,llama.cpp,finegrained_gpu_emc
2026-05-16T06:32:59.146789,GPU816_EMC204_CPU1036,816,1036,204,816,204,p512_o128,512,128,mixed,2,52.68555507063866,43.1443805179346,5532.515736063942,128,23.135948654538204,144.184,26.215,27.311,1.1264375,0.8877545358708318,16.769,0.798,8.648,61.7,11,Phi-3-mini-Q4,llama.cpp,finegrained_gpu_emc
2026-05-16T06:33:05.642660,GPU816_EMC204_CPU1036,816,1036,204,816,204,p1024_o128,1024,128,mixed,0,579.051200998947,40.19561685863736,5684.411276131868,128,22.51772325789585,156.03,26.005,28.405,1.218984375,0.8203550599243735,16.604,0.798,8.603,61.6,12,Phi-3-mini-Q4,llama.cpp,finegrained_gpu_emc
2026-05-16T06:33:11.609389,GPU816_EMC204_CPU1036,816,1036,204,816,204,p1024_o128,1024,128,mixed,1,43.88853604905307,40.24443167672441,5155.43394908309,128,24.828171840464606,144.285,26.234,28.311,1.1272265625,0.8871331046193298,16.699,0.798,8.737,61.6,11,Phi-3-mini-Q4,llama.cpp,finegrained_gpu_emc
2026-05-16T06:33:17.602986,GPU816_EMC204_CPU1036,816,1036,204,816,204,p1024_o128,1024,128,mixed,2,50.060195149853826,40.405487117364885,5182.066273177043,128,24.700571789778603,145.415,26.439,28.405,1.1360546875,0.8802393150637831,16.877,0.798,8.764,61.4,11,Phi-3-mini-Q4,llama.cpp,finegrained_gpu_emc
2026-05-16T06:33:28.827917,GPU816_EMC204_CPU1036,816,1036,204,816,204,p128_o256,128,256,mixed,0,51.23010906390846,40.62606450992034,10411.83713497594,256,24.587399580044583,280.714,26.735,27.812,1.0965390625,0.9119602157355885,17.19,0.798,8.747,61.5,21,Phi-3-mini-Q4,llama.cpp,finegrained_gpu_emc
2026-05-16T06:33:40.058945,GPU816_EMC204_CPU1036,816,1036,204,816,204,p128_o256,128,256,mixed,1,43.513778829947114,40.6806295646318,10418.068427825347,256,24.572693275488216,281.286,26.789,27.812,1.0987734375,0.91010572868895,17.228,0.798,8.763,61.4,21,Phi-3-mini-Q4,llama.cpp,finegrained_gpu_emc
2026-05-16T06:33:50.542527,GPU816_EMC204_CPU1036,816,1036,204,816,204,p128_o256,128,256,mixed,2,39.326807018369436,40.45807440442972,9671.167558990419,238,24.60923136201406,256.659,27.017,28.311,1.0783991596638656,0.9273004258568762,17.381,0.798,8.838,61.2,19,Phi-3-mini-Q4,llama.cpp,finegrained_gpu_emc
2026-05-16T06:34:13.797330,GPU816_EMC204_CPU1036,816,1036,204,816,204,p1024_o512,1024,512,mixed,0,953.8342549931258,42.04032354014917,22438.38317017071,512,22.8180433553094,603.232,27.42,28.505,1.1781875,0.8487613389210122,17.596,0.807,9.016,61.2,44,Phi-3-mini-Q4,llama.cpp,finegrained_gpu_emc
2026-05-16T06:34:34.970479,GPU816_EMC204_CPU1036,816,1036,204,816,204,p1024_o512,1024,512,mixed,1,51.030117087066174,40.05556205552616,20357.241002144292,507,24.90514308626577,560.88,28.044,29.404,1.1062721893491123,0.9039366709456569,18.176,0.698,9.17,61.1,40,Phi-3-mini-Q4,llama.cpp,finegrained_gpu_emc
2026-05-16T06:34:54.501433,GPU816_EMC204_CPU1036,816,1036,204,816,204,p1024_o512,1024,512,mixed,2,44.10413117147982,36.53405226198428,18715.004516998306,512,27.35772783463477,534.633,28.899,29.912,1.044205078125,0.9576662869669473,19.092,0.453,9.354,61.1,37,Phi-3-mini-Q4,llama.cpp,finegrained_gpu_emc
2026-05-16T06:35:04.458068,GPU816_EMC665_CPU1036,816,1036,665,816,665,p128_o64,128,64,mixed,0,37.372143007814884,39.08978966582153,2500.296202953905,64,25.596967241076875,65.349,26.14,27.711,1.021078125,0.9793569909256453,16.689,0.798,8.653,60.5,5,Phi-3-mini-Q4,llama.cpp,finegrained_gpu_emc
2026-05-16T06:35:07.757379,GPU816_EMC665_CPU1036,816,1036,665,816,665,p128_o64,128,64,mixed,1,46.06644110754132,38.769362490653755,2488.797958008945,64,25.715225213058446,64.14,25.656,27.697,1.0021875,0.9978172747115684,16.291,0.878,8.487,60.5,5,Phi-3-mini-Q4,llama.cpp,finegrained_gpu_emc
2026-05-16T06:35:11.055256,GPU816_EMC665_CPU1036,816,1036,665,816,665,p128_o64,128,64,mixed,2,35.17558611929417,38.922006855644874,2487.520945025608,64,25.72842657987796,63.74,25.496,27.711,0.9959375,1.004079071226859,16.209,0.798,8.489,60.4,5,Phi-3-mini-Q4,llama.cpp,finegrained_gpu_emc
2026-05-16T06:35:17.754471,GPU816_EMC665_CPU1036,816,1036,665,816,665,p512_o128,512,128,mixed,0,397.5144869182259,43.22512696064481,5887.841149000451,128,21.739716945612553,155.552,25.925,27.211,1.21525,0.8228759514503189,16.605,0.798,8.522,60.4,12,Phi-3-mini-Q4,llama.cpp,finegrained_gpu_emc
2026-05-16T06:35:24.551765,GPU816_EMC665_CPU1036,816,1036,665,816,665,p512_o128,512,128,mixed,1,128.27529711648822,50.495302724122105,5985.7487480621785,117,19.546426842235483,150.578,25.096,26.798,1.286991452991453,0.7770059371222887,15.839,0.865,8.393,60.4,12,Phi-3-mini-Q4,llama.cpp,finegrained_gpu_emc
2026-05-16T06:35:30.894532,GPU816_EMC665_CPU1036,816,1036,665,816,665,p512_o128,512,128,mixed,2,49.07836997881532,43.1616165029897,5531.120464904234,128,23.1417848900921,143.58,26.105,27.211,1.12171875,0.891489065329433,16.695,0.798,8.613,60.4,11,Phi-3-mini-Q4,llama.cpp,finegrained_gpu_emc
2026-05-16T06:35:37.406378,GPU816_EMC665_CPU1036,816,1036,665,816,665,p1024_o128,1024,128,mixed,0,579.1030870750546,40.31831021310659,5700.050723040476,128,22.45594052042457,156.264,26.044,28.412,1.2208125,0.8191266062560794,16.603,0.798,8.643,60.3,12,Phi-3-mini-Q4,llama.cpp,finegrained_gpu_emc
2026-05-16T06:35:43.405126,GPU816_EMC665_CPU1036,816,1036,665,816,665,p1024_o128,1024,128,mixed,1,55.47670414671302,40.400637220224645,5186.93711515516,128,24.677376486021085,144.86,26.338,28.304,1.13171875,0.883611763081596,16.77,0.798,8.77,60.4,11,Phi-3-mini-Q4,llama.cpp,finegrained_gpu_emc
2026-05-16T06:35:44.258775,GPU816_EMC665_CPU1036,816,1036,665,816,665,p1024_o128,1024,128,mixed,2,43.80080406554043,43.80080406554043,43.80080406554043,0,0.0,6.452,12.905,12.905,0.0,0.0,6.389,0.798,5.718,59.9,1,Phi-3-mini-Q4,llama.cpp,finegrained_gpu_emc
2026-05-16T06:35:53.656337,GPU816_EMC665_CPU1036,816,1036,665,816,665,p128_o256,128,256,mixed,0,39.74733082577586,40.04222093444353,8584.864452015609,213,24.81110810666213,228.05,26.829,27.912,1.070657276995305,0.9340057005042753,17.237,0.798,8.794,60.3,17,Phi-3-mini-Q4,llama.cpp,finegrained_gpu_emc
2026-05-16T06:36:04.877437,GPU816_EMC665_CPU1036,816,1036,665,816,665,p128_o256,128,256,mixed,1,54.19674189761281,40.60017744754898,10408.17885985598,256,24.5960415791262,280.38,26.703,28.197,1.095234375,0.9130465796419146,17.151,0.817,8.735,60.5,21,Phi-3-mini-Q4,llama.cpp,finegrained_gpu_emc
2026-05-16T06:36:16.082265,GPU816_EMC665_CPU1036,816,1036,665,816,665,p128_o256,128,256,mixed,2,51.804393995553255,40.54576757674416,10391.961656976491,256,24.634424995990834,281.21,26.782,28.311,1.0984765625,0.9103516944632126,17.207,0.798,8.777,60.4,21,Phi-3-mini-Q4,llama.cpp,finegrained_gpu_emc
2026-05-16T06:36:39.456283,GPU816_EMC665_CPU1036,816,1036,665,816,665,p1024_o512,1024,512,mixed,0,956.8706899881363,42.267729833980916,22557.644674088806,512,22.697405132377003,600.792,27.309,28.412,1.173421875,0.8522084182212812,17.539,0.798,8.972,60.4,44,Phi-3-mini-Q4,llama.cpp,finegrained_gpu_emc
2026-05-16T06:37:01.827609,GPU816_EMC665_CPU1036,816,1036,665,816,665,p1024_o512,1024,512,mixed,1,45.16148194670677,42.08967590626191,21554.939191089943,512,23.753256525615384,587.501,27.326,28.311,1.147462890625,0.871487878318505,17.511,0.807,9.008,60.5,43,Phi-3-mini-Q4,llama.cpp,finegrained_gpu_emc
2026-05-16T06:37:21.093916,GPU816_EMC665_CPU1036,816,1036,665,816,665,p1024_o512,1024,512,mixed,2,45.20764504559338,41.82817493851778,18449.19553399086,440,23.849278370395204,495.366,27.52,28.405,1.125831818181818,0.8882321354311762,17.678,0.798,9.044,60.5,36,Phi-3-mini-Q4,llama.cpp,finegrained_gpu_emc
2026-05-16T06:37:31.049821,GPU816_EMC2133_CPU1036,816,1036,2133,816,2133,p128_o64,128,64,mixed,0,43.48787013441324,39.060422108464294,2504.5555031392723,64,25.55343649592944,65.528,26.211,27.79,1.023875,0.9766817238432425,16.766,0.798,8.647,60.0,5,Phi-3-mini-Q4,llama.cpp,finegrained_gpu_emc
2026-05-16T06:37:34.338378,GPU816_EMC2133_CPU1036,816,1036,2133,816,2133,p128_o64,128,64,mixed,1,44.82625494711101,38.61782073028504,2478.0144488904625,64,25.827129469990044,63.48,25.392,27.69,0.991875,1.0081915563957153,16.127,0.798,8.467,60.0,5,Phi-3-mini-Q4,llama.cpp,finegrained_gpu_emc
2026-05-16T06:37:37.276870,GPU816_EMC2133_CPU1036,816,1036,2133,816,2133,p128_o64,128,64,mixed,2,35.65164306201041,33.21125564934124,2128.220316953957,64,30.072074535779656,64.097,25.639,29.303,1.001515625,0.9984866686428383,16.608,0.559,8.472,59.9,5,Phi-3-mini-Q4,llama.cpp,finegrained_gpu_emc
2026-05-16T06:37:43.110458,GPU816_EMC2133_CPU1036,816,1036,2133,816,2133,p512_o128,512,128,mixed,0,338.6221379041672,36.87749897665161,5022.557629970834,128,25.485023653326067,135.062,27.012,28.711,1.055171875,0.9477129022226828,17.926,0.399,8.687,60.0,10,Phi-3-mini-Q4,llama.cpp,finegrained_gpu_emc
2026-05-16T06:37:48.640839,GPU816_EMC2133_CPU1036,816,1036,2133,816,2133,p512_o128,512,128,mixed,1,40.96105904318392,36.82813920469324,4718.625684035942,128,27.126542466178172,133.598,26.72,28.703,1.043734375,0.9580981751223819,17.645,0.399,8.676,60.0,10,Phi-3-mini-Q4,llama.cpp,finegrained_gpu_emc
2026-05-16T06:37:54.177611,GPU816_EMC2133_CPU1036,816,1036,2133,816,2133,p512_o128,512,128,mixed,2,41.00112407468259,36.88137964565512,4725.431764964014,128,27.087471868504437,133.649,26.73,28.703,1.0441328125,0.9577325681449169,17.645,0.399,8.686,60.0,10,Phi-3-mini-Q4,llama.cpp,finegrained_gpu_emc
2026-05-16T06:37:59.861240,GPU816_EMC2133_CPU1036,816,1036,2133,816,2133,p1024_o128,1024,128,mixed,0,501.12870894372463,34.41527291333053,4872.369874967262,128,26.270583573226784,138.502,27.7,29.904,1.082046875,0.9241743801533551,18.363,0.399,8.938,60.0,10,Phi-3-mini-Q4,llama.cpp,finegrained_gpu_emc
2026-05-16T06:38:05.091838,GPU816_EMC2133_CPU1036,816,1036,2133,816,2133,p1024_o128,1024,128,mixed,1,43.907840037718415,34.44886444811159,4419.412220129743,128,28.963127588999207,127.359,28.302,29.912,0.9949921875,1.0050330169049695,18.763,0.399,9.14,60.1,9,Phi-3-mini-Q4,llama.cpp,finegrained_gpu_emc
2026-05-16T06:38:10.323486,GPU816_EMC2133_CPU1036,816,1036,2133,816,2133,p1024_o128,1024,128,mixed,2,43.618933064863086,34.458811141873205,4420.384591212496,128,28.956756444780304,127.552,28.345,30.005,0.9965,1.0035122930255895,18.763,0.399,9.183,60.1,9,Phi-3-mini-Q4,llama.cpp,finegrained_gpu_emc
2026-05-16T06:38:20.014948,GPU816_EMC2133_CPU1036,816,1036,2133,816,2133,p128_o256,128,256,mixed,0,39.53393315896392,34.661674885736666,8879.202765179798,256,28.831417275874784,252.821,28.091,29.703,0.98758203125,1.012574113700998,18.674,0.399,9.018,60.2,18,Phi-3-mini-Q4,llama.cpp,finegrained_gpu_emc
2026-05-16T06:38:29.730189,GPU816_EMC2133_CPU1036,816,1036,2133,816,2133,p128_o256,128,256,mixed,1,39.20103097334504,34.755013160882335,8902.699954109266,256,28.755321567569705,252.234,28.026,29.211,0.9852890625,1.0149305803341342,18.655,0.399,8.972,60.2,18,Phi-3-mini-Q4,llama.cpp,finegrained_gpu_emc
2026-05-16T06:38:39.447861,GPU816_EMC2133_CPU1036,816,1036,2133,816,2133,p128_o256,128,256,mixed,2,39.21393398195505,34.763405423647924,8904.82610091567,256,28.748455848416388,252.974,28.108,29.703,0.9881796875,1.0119617035742805,18.675,0.399,9.034,60.2,18,Phi-3-mini-Q4,llama.cpp,finegrained_gpu_emc
2026-05-16T06:38:53.132886,GPU816_EMC2133_CPU1036,816,1036,2133,816,2133,p1024_o512,1024,512,mixed,0,827.9500820208341,35.21225835767485,12871.389243984595,342,26.57055843135446,368.314,28.332,29.912,1.0769415204678363,0.9285555259914094,18.811,0.399,9.122,60.3,26,Phi-3-mini-Q4,llama.cpp,finegrained_gpu_emc
2026-05-16T06:38:53.985524,GPU816_EMC2133_CPU1036,816,1036,2133,816,2133,p1024_o512,1024,512,mixed,1,43.56793290935457,43.56793290935457,43.56793290935457,0,0.0,5.798,11.597,11.597,0.0,0.0,5.99,0.399,5.208,59.8,1,Phi-3-mini-Q4,llama.cpp,finegrained_gpu_emc
2026-05-16T06:38:54.839694,GPU816_EMC2133_CPU1036,816,1036,2133,816,2133,p1024_o512,1024,512,mixed,2,44.83896307647228,44.83896307647228,44.83896307647228,0,0.0,11.047,11.047,11.597,0.0,0.0,5.59,0.399,5.058,59.7,2,Phi-3-mini-Q4,llama.cpp,finegrained_gpu_emc
2026-05-16T06:39:02.971097,GPU816_EMC3199_CPU1036,816,1036,3199,816,3199,p128_o64,128,64,mixed,0,26.33973420597613,24.154921697955285,1548.3533542137593,64,41.33423409186765,77.86,38.93,45.676,1.2165625,0.8219881839198562,29.444,0.399,9.086,60.2,4,Phi-3-mini-Q4,llama.cpp,finegrained_gpu_emc
2026-05-16T06:39:05.329942,GPU816_EMC3199_CPU1036,816,1036,3199,816,3199,p128_o64,128,64,mixed,1,25.950158014893532,24.16572630006288,1548.6477001104504,64,41.32637784270463,73.098,36.549,45.277,1.14215625,0.8755369503953596,27.444,0.399,8.706,60.6,4,Phi-3-mini-Q4,llama.cpp,finegrained_gpu_emc
2026-05-16T06:39:07.688036,GPU816_EMC3199_CPU1036,816,1036,3199,816,3199,p128_o64,128,64,mixed,2,26.13977901637554,24.150149759999106,1547.855838900432,64,41.347519834576076,73.342,36.671,45.263,1.14596875,0.8726241444192959,27.54,0.399,8.732,60.7,4,Phi-3-mini-Q4,llama.cpp,finegrained_gpu_emc
2026-05-16T06:39:12.126632,GPU816_EMC3199_CPU1036,816,1036,3199,816,3199,p512_o128,512,128,mixed,0,225.5965769290924,26.78713957434447,3628.06215393357,128,35.28054222037556,161.194,40.299,45.277,1.259328125,0.7940742211248558,30.686,0.399,9.214,61.0,8,Phi-3-mini-Q4,llama.cpp,finegrained_gpu_emc
2026-05-16T06:39:16.357171,GPU816_EMC3199_CPU1036,816,1036,3199,816,3199,p512_o128,512,128,mixed,1,30.3737111389637,26.686402235737468,3420.0350230094045,128,37.42651731307958,147.252,42.072,45.676,1.15040625,0.8692581425040067,32.046,0.399,9.627,61.2,7,Phi-3-mini-Q4,llama.cpp,finegrained_gpu_emc
2026-05-16T06:39:20.589506,GPU816_EMC3199_CPU1036,816,1036,3199,816,3199,p512_o128,512,128,mixed,2,30.378449009731412,26.698591827422263,3421.594526153058,128,37.40945895886502,147.26,42.074,45.277,1.15046875,0.8692109194621758,32.046,0.399,9.63,61.4,7,Phi-3-mini-Q4,llama.cpp,finegrained_gpu_emc
2026-05-16T06:39:24.955307,GPU816_EMC3199_CPU1036,816,1036,3199,816,3199,p1024_o128,1024,128,mixed,0,336.6709409747273,25.33809712530649,3555.1148790400475,128,36.00446240279093,148.613,42.461,47.276,1.1610390625,0.861297463882702,32.389,0.399,9.673,61.6,7,Phi-3-mini-Q4,llama.cpp,finegrained_gpu_emc
2026-05-16T06:39:29.024045,GPU816_EMC3199_CPU1036,816,1036,3199,816,3199,p1024_o128,1024,128,mixed,1,34.1916389297694,25.381350677137767,3258.151975926012,128,39.286074113722286,147.422,42.121,46.477,1.151734375,0.8682557555860049,31.936,0.399,9.785,61.9,7,Phi-3-mini-Q4,llama.cpp,finegrained_gpu_emc
2026-05-16T06:39:33.089984,GPU816_EMC3199_CPU1036,816,1036,3199,816,3199,p1024_o128,1024,128,mixed,2,33.7023891042918,25.363770212728795,3255.398649023846,128,39.31930119783692,148.631,42.466,46.877,1.1611796875,0.8611931562056367,32.222,0.399,9.845,62.0,7,Phi-3-mini-Q4,llama.cpp,finegrained_gpu_emc
2026-05-16T06:39:40.382061,GPU816_EMC3199_CPU1036,816,1036,3199,816,3199,p128_o256,128,256,mixed,0,29.933298006653786,25.293439171989174,6480.70221580565,256,39.501892152311356,287.388,44.213,46.676,1.122609375,0.8907818002143444,33.837,0.399,9.977,62.3,13,Phi-3-mini-Q4,llama.cpp,finegrained_gpu_emc
2026-05-16T06:39:47.684673,GPU816_EMC3199_CPU1036,816,1036,3199,816,3199,p128_o256,128,256,mixed,1,29.329593060538173,25.336443391792915,6491.0613228566945,256,39.4388509470028,287.342,44.207,46.776,1.1224296875,0.8909244036722791,33.807,0.399,10.0,62.6,13,Phi-3-mini-Q4,llama.cpp,finegrained_gpu_emc
2026-05-16T06:39:54.989047,GPU816_EMC3199_CPU1036,816,1036,3199,816,3199,p128_o256,128,256,mixed,2,29.504082864150405,25.34167885908163,6492.60160792619,256,39.42949459388889,286.684,44.105,46.575,1.119859375,0.8929692623236734,33.776,0.399,9.93,62.9,13,Phi-3-mini-Q4,llama.cpp,finegrained_gpu_emc
2026-05-16T06:40:10.043670,GPU816_EMC3199_CPU1036,816,1036,3199,816,3199,p1024_o512,1024,512,mixed,0,558.2506561186165,26.77157823654318,14240.494350204244,512,35.95380802160542,626.53,44.752,47.376,1.22369140625,0.8171994956346863,34.102,0.399,10.251,63.3,28,Phi-3-mini-Q4,llama.cpp,finegrained_gpu_emc
2026-05-16T06:40:24.574358,GPU816_EMC3199_CPU1036,816,1036,3199,816,3199,p1024_o512,1024,512,mixed,1,34.164912067353725,26.772345099579944,13716.854325961322,512,37.32634231093049,609.54,45.151,46.977,1.1905078125,0.83997768809266,34.345,0.429,10.378,63.9,27,Phi-3-mini-Q4,llama.cpp,finegrained_gpu_emc
2026-05-16T06:40:39.118514,GPU816_EMC3199_CPU1036,816,1036,3199,816,3199,p1024_o512,1024,512,mixed,2,34.07868300564587,26.798652680937032,13730.109869036824,512,37.290306114347004,610.189,45.199,47.077,1.191775390625,0.8390842837219288,34.3,0.517,10.382,64.3,27,Phi-3-mini-Q4,llama.cpp,finegrained_gpu_emc
2026-05-16T06:40:47.805335,GPU918_EMC204_CPU1036,918,1036,204,918,204,p128_o64,128,64,mixed,0,26.327776024118066,24.14529793895781,1547.740348149091,64,41.35060514286922,78.51,39.255,46.276,1.22671875,0.815182779263788,29.644,0.399,9.212,63.4,4,Phi-3-mini-Q4,llama.cpp,finegrained_gpu_emc
2026-05-16T06:40:50.162101,GPU918_EMC204_CPU1036,918,1036,204,918,204,p128_o64,128,64,mixed,1,26.02257882244885,24.133984066013777,1546.7223438899964,64,41.37782081756214,73.556,36.778,45.776,1.1493125,0.8700853771276307,27.544,0.399,8.836,63.4,4,Phi-3-mini-Q4,llama.cpp,finegrained_gpu_emc
2026-05-16T06:40:52.518959,GPU918_EMC204_CPU1036,918,1036,204,918,204,p128_o64,128,64,mixed,2,26.150987949222326,24.132400636546432,1546.7542288824916,64,41.37696784979157,73.506,36.753,45.377,1.14853125,0.8706772236280031,27.544,0.399,8.81,63.4,4,Phi-3-mini-Q4,llama.cpp,finegrained_gpu_emc
2026-05-16T06:40:53.553836,GPU918_EMC204_CPU1036,918,1036,204,918,204,p512_o128,512,128,mixed,0,225.46336706727743,225.46336706727743,225.46336706727743,0,0.0,12.786,25.573,25.573,0.0,0.0,18.754,0.399,6.42,63.0,1,Phi-3-mini-Q4,llama.cpp,finegrained_gpu_emc
2026-05-16T06:40:57.793785,GPU918_EMC204_CPU1036,918,1036,204,918,204,p512_o128,512,128,mixed,1,33.38676900602877,26.73614646425456,3429.3719979468733,128,37.324618057367985,146.802,41.944,45.776,1.146890625,0.8719227258484217,31.93,0.399,9.615,63.4,7,Phi-3-mini-Q4,llama.cpp,finegrained_gpu_emc
2026-05-16T06:41:02.027745,GPU918_EMC204_CPU1036,918,1036,204,918,204,p512_o128,512,128,mixed,2,83.21810909546912,26.721135038882494,3423.8867431413382,126,36.80028267652273,147.709,42.203,45.676,1.1722936507936508,0.8530285899979012,32.16,0.399,9.644,63.6,7,Phi-3-mini-Q4,llama.cpp,finegrained_gpu_emc
2026-05-16T06:41:06.398173,GPU918_EMC204_CPU1036,918,1036,204,918,204,p1024_o128,1024,128,mixed,0,335.9226160682738,25.38082377955787,3559.784839162603,128,35.957229378534706,163.666,40.916,47.376,1.278640625,0.7820805787396283,30.988,0.449,9.479,63.7,8,Phi-3-mini-Q4,llama.cpp,finegrained_gpu_emc
2026-05-16T06:41:10.462223,GPU918_EMC204_CPU1036,918,1036,204,918,204,p1024_o128,1024,128,mixed,1,34.00577907450497,25.347631921493043,3253.6486049648374,128,39.34044991972429,148.73,42.494,46.977,1.161953125,0.8606199152827272,32.222,0.399,9.874,63.8,7,Phi-3-mini-Q4,llama.cpp,finegrained_gpu_emc
2026-05-16T06:41:11.305609,GPU918_EMC204_CPU1036,918,1036,204,918,204,p1024_o128,1024,128,mixed,2,33.900218084454536,33.900218084454536,33.900218084454536,0,0.0,7.248,14.496,14.496,0.0,0.0,8.789,0.399,5.308,63.5,1,Phi-3-mini-Q4,llama.cpp,finegrained_gpu_emc
2026-05-16T06:41:18.606441,GPU918_EMC204_CPU1036,918,1036,204,918,204,p128_o256,128,256,mixed,0,29.52891495078802,25.324190376034263,6488.167454022914,256,39.456441562905425,285.94,43.991,46.776,1.116953125,0.8952927187521857,33.623,0.399,9.969,63.9,13,Phi-3-mini-Q4,llama.cpp,finegrained_gpu_emc
2026-05-16T06:41:25.917003,GPU918_EMC204_CPU1036,918,1036,204,918,204,p128_o256,128,256,mixed,1,29.770089080557227,25.364442071055663,6498.790307203308,256,39.391946485217055,288.286,44.352,46.776,1.1261171875,0.8880070485559479,33.807,0.491,10.054,64.1,13,Phi-3-mini-Q4,llama.cpp,finegrained_gpu_emc
2026-05-16T06:41:33.220644,GPU918_EMC204_CPU1036,918,1036,204,918,204,p128_o256,128,256,mixed,2,29.37293006107211,25.34043245455798,6492.139470996335,256,39.43230134590935,287.936,44.298,46.676,1.12475,0.8890864636585909,33.868,0.399,10.031,64.3,13,Phi-3-mini-Q4,llama.cpp,finegrained_gpu_emc
2026-05-16T06:41:48.272131,GPU918_EMC204_CPU1036,918,1036,204,918,204,p1024_o512,1024,512,mixed,0,558.0323128961027,26.766360186062272,14237.599730025977,512,35.961117724094485,629.13,44.938,47.775,1.22876953125,0.8138222624894695,34.216,0.413,10.308,64.6,28,Phi-3-mini-Q4,llama.cpp,finegrained_gpu_emc
2026-05-16T06:41:59.459779,GPU918_EMC204_CPU1036,918,1036,204,918,204,p1024_o512,1024,512,mixed,1,34.618050791323185,26.30663325782029,10374.785547843203,393,37.88030106142291,468.916,44.659,46.977,1.1931704834605599,0.8381031997202057,33.97,0.399,10.29,64.9,21,Phi-3-mini-Q4,llama.cpp,finegrained_gpu_emc
2026-05-16T06:42:14.000031,GPU918_EMC204_CPU1036,918,1036,204,918,204,p1024_o512,1024,512,mixed,2,33.93070097081363,26.7921260037731,13726.689569884911,512,37.299597794014424,608.478,45.072,47.078,1.18843359375,0.8414437333806646,34.239,0.399,10.434,65.2,27,Phi-3-mini-Q4,llama.cpp,finegrained_gpu_emc
2026-05-16T06:42:22.136185,GPU918_EMC665_CPU1036,1300,1036,665,918,665,p128_o64,128,64,mixed,0,25.77564585953951,24.153213001905925,1547.6911219302565,64,41.35192034970142,78.61,39.305,46.276,1.22828125,0.8141457829792648,29.644,0.399,9.262,64.3,4,Phi-3-mini-Q4,llama.cpp,finegrained_gpu_emc
2026-05-16T06:42:24.495703,GPU918_EMC665_CPU1036,1300,1036,665,918,665,p128_o64,128,64,mixed,1,25.933398166671395,24.178223521818243,1549.420153023675,64,41.30577485719723,74.056,37.028,45.776,1.157125,0.8642108674516582,27.743,0.399,8.886,64.3,4,Phi-3-mini-Q4,llama.cpp,finegrained_gpu_emc
2026-05-16T06:42:26.856069,GPU918_EMC665_CPU1036,1300,1036,665,918,665,p128_o64,128,64,mixed,2,26.08391805551946,24.189526666074045,1550.2936821430922,64,41.28250068821012,73.606,36.803,45.377,1.15009375,0.8694943347009755,27.544,0.399,8.86,64.2,4,Phi-3-mini-Q4,llama.cpp,finegrained_gpu_emc
2026-05-16T06:42:31.296417,GPU918_EMC665_CPU1036,1300,1036,665,918,665,p512_o128,512,128,mixed,0,225.9412019047886,26.797781826737594,3629.7498990315944,128,35.26413762946863,162.161,40.54,45.776,1.2668828125,0.7893389902627636,30.838,0.399,9.303,64.5,8,Phi-3-mini-Q4,llama.cpp,finegrained_gpu_emc
2026-05-16T06:42:35.531911,GPU918_EMC665_CPU1036,1300,1036,665,918,665,p512_o128,512,128,mixed,1,30.227656941860914,26.72511966913704,3424.8441299423575,128,37.3739636443409,148.238,42.354,45.776,1.158109375,0.8634763016230657,32.211,0.399,9.744,64.6,7,Phi-3-mini-Q4,llama.cpp,finegrained_gpu_emc
2026-05-16T06:42:39.766232,GPU918_EMC665_CPU1036,1300,1036,665,918,665,p512_o128,512,128,mixed,2,29.98530399054289,26.72059455974482,3423.9986101165414,128,37.383192744825124,148.408,42.402,45.776,1.1594375,0.8624871974556628,32.274,0.399,9.73,64.7,7,Phi-3-mini-Q4,llama.cpp,finegrained_gpu_emc
2026-05-16T06:42:44.127274,GPU918_EMC665_CPU1036,1300,1036,665,918,665,p1024_o128,1024,128,mixed,0,336.21953800320625,25.304844795440243,3550.440591061488,128,36.05186362567227,163.758,40.94,47.477,1.279359375,0.7816412022618742,30.986,0.399,9.555,64.7,8,Phi-3-mini-Q4,llama.cpp,finegrained_gpu_emc
2026-05-16T06:42:48.188591,GPU918_EMC665_CPU1036,1300,1036,665,918,665,p1024_o128,1024,128,mixed,1,33.76413602381945,25.3268853709923,3250.7841819897294,128,39.37511469052805,149.051,42.586,47.063,1.1644609375,0.8587664624859948,32.271,0.399,9.917,64.8,7,Phi-3-mini-Q4,llama.cpp,finegrained_gpu_emc
2026-05-16T06:42:52.249126,GPU918_EMC665_CPU1036,1300,1036,665,918,665,p1024_o128,1024,128,mixed,2,34.016540041193366,25.318240904520582,3249.944882001728,128,39.385283334762704,149.33,42.666,46.977,1.166640625,0.857161990222996,32.336,0.399,9.931,64.8,7,Phi-3-mini-Q4,llama.cpp,finegrained_gpu_emc
2026-05-16T06:42:59.540363,GPU918_EMC665_CPU1036,1300,1036,665,918,665,p128_o256,128,256,mixed,0,29.619856970384717,25.290623313619516,6479.673326015472,256,39.5081645508542,288.636,44.406,46.776,1.127484375,0.8869302512507101,33.96,0.399,10.046,65.0,13,Phi-3-mini-Q4,llama.cpp,finegrained_gpu_emc
2026-05-16T06:43:06.849294,GPU918_EMC665_CPU1036,1300,1036,665,918,665,p128_o256,128,256,mixed,1,29.51074601151049,25.36022063965599,6497.379912063479,256,39.400497348891804,288.188,44.337,46.776,1.125734375,0.8883090205005066,33.868,0.399,10.07,65.2,13,Phi-3-mini-Q4,llama.cpp,finegrained_gpu_emc
2026-05-16T06:43:14.157778,GPU918_EMC665_CPU1036,1300,1036,665,918,665,p128_o256,128,256,mixed,2,29.525146819651127,25.358264329934528,6496.823246823624,256,39.40387328917429,288.688,44.413,46.776,1.1276875,0.886770492711855,33.929,0.399,10.085,65.3,13,Phi-3-mini-Q4,llama.cpp,finegrained_gpu_emc
2026-05-16T06:43:29.211197,GPU918_EMC665_CPU1036,1300,1036,665,918,665,p1024_o512,1024,512,mixed,0,557.6846431940794,26.770835326813206,14239.514576038346,512,35.95628188488757,630.285,45.02,47.477,1.231025390625,0.8123309296588052,34.245,0.399,10.377,65.6,28,Phi-3-mini-Q4,llama.cpp,finegrained_gpu_emc
2026-05-16T06:43:40.720533,GPU918_EMC665_CPU1036,1300,1036,665,918,665,p1024_o512,1024,512,mixed,1,34.00903381407261,26.387964565972464,10696.402332978323,404,37.769708676198384,476.058,45.339,47.477,1.1783613861386137,0.8486360905603939,34.443,0.437,10.458,65.8,21,Phi-3-mini-Q4,llama.cpp,finegrained_gpu_emc
2026-05-16T06:43:55.250946,GPU918_EMC665_CPU1036,1300,1036,665,918,665,p1024_o512,1024,512,mixed,2,34.19191110879183,26.771698671041346,13716.492380946875,512,37.32732726270473,610.899,45.252,47.078,1.193162109375,0.8381090818613224,34.359,0.399,10.494,66.0,27,Phi-3-mini-Q4,llama.cpp,finegrained_gpu_emc
2026-05-16T06:44:03.384662,GPU918_EMC2133_CPU1036,1300,1036,2133,918,2133,p128_o64,128,64,mixed,0,26.285225059837103,24.119764762294906,1546.0893318522722,64,41.39476204995583,78.461,39.23,46.376,1.225953125,0.8156918723952027,29.544,0.399,9.287,65.1,4,Phi-3-mini-Q4,llama.cpp,finegrained_gpu_emc
2026-05-16T06:44:05.748508,GPU918_EMC2133_CPU1036,1300,1036,2133,918,2133,p128_o64,128,64,mixed,1,26.105877943336964,24.148094127812083,1547.6970069576055,64,41.351763111442835,73.8,36.9,45.762,1.153125,0.8672086720867209,27.64,0.399,8.861,65.0,4,Phi-3-mini-Q4,llama.cpp,finegrained_gpu_emc
2026-05-16T06:44:08.102168,GPU918_EMC2133_CPU1036,1300,1036,2133,918,2133,p128_o64,128,64,mixed,2,25.843128096312284,24.088893920951893,1543.7002601101995,64,41.45882568901767,73.813,36.906,45.776,1.153328125,0.8670559386557923,27.647,0.399,8.861,65.0,4,Phi-3-mini-Q4,llama.cpp,finegrained_gpu_emc
2026-05-16T06:44:12.538947,GPU918_EMC2133_CPU1036,1300,1036,2133,918,2133,p512_o128,512,128,mixed,0,225.4721950739622,26.771928370732258,3625.996661139652,128,35.30063923439178,162.116,40.529,45.877,1.26653125,0.78955809420415,30.789,0.399,9.341,65.2,8,Phi-3-mini-Q4,llama.cpp,finegrained_gpu_emc
2026-05-16T06:44:16.769719,GPU918_EMC2133_CPU1036,1300,1036,2133,918,2133,p512_o128,512,128,mixed,1,30.0102720502764,26.69275572384143,3420.478851068765,128,37.4216609934615,148.22,42.348,45.776,1.15796875,0.8635811631358791,32.22,0.399,9.73,65.2,7,Phi-3-mini-Q4,llama.cpp,finegrained_gpu_emc
2026-05-16T06:44:21.005240,GPU918_EMC2133_CPU1036,1300,1036,2133,918,2133,p512_o128,512,128,mixed,2,30.137195019051433,26.726235567746084,3424.8566580936313,128,37.373826930102325,148.816,42.519,46.276,1.162625,0.8601225674658639,32.275,0.456,9.787,65.3,7,Phi-3-mini-Q4,llama.cpp,finegrained_gpu_emc
2026-05-16T06:44:25.371948,GPU918_EMC2133_CPU1036,1300,1036,2133,918,2133,p1024_o128,1024,128,mixed,0,337.01982884667814,25.343099456852464,3556.122638983652,128,35.99425919590408,164.254,41.064,47.477,1.283234375,0.7792808698722711,31.084,0.399,9.58,65.3,8,Phi-3-mini-Q4,llama.cpp,finegrained_gpu_emc
2026-05-16T06:44:29.434093,GPU918_EMC2133_CPU1036,1300,1036,2133,918,2133,p1024_o128,1024,128,mixed,1,33.82572904229164,25.331593377105012,3251.439874060452,128,39.36717422369293,149.688,42.768,47.078,1.1694375,0.8551119662230774,32.395,0.399,9.974,65.4,7,Phi-3-mini-Q4,llama.cpp,finegrained_gpu_emc
2026-05-16T06:44:30.277276,GPU918_EMC2133_CPU1036,1300,1036,2133,918,2133,p1024_o128,1024,128,mixed,2,33.89962902292609,33.89962902292609,33.89962902292609,0,0.0,7.3,14.601,14.601,0.0,0.0,8.785,0.399,5.417,64.7,1,Phi-3-mini-Q4,llama.cpp,finegrained_gpu_emc
2026-05-16T06:44:37.570032,GPU918_EMC2133_CPU1036,1300,1036,2133,918,2133,p128_o256,128,256,mixed,0,29.735922114923596,25.296349541338927,6481.268047122285,256,39.49844353585488,287.092,44.168,46.877,1.121453125,0.8917002215317739,33.684,0.399,10.085,65.4,13,Phi-3-mini-Q4,llama.cpp,finegrained_gpu_emc
2026-05-16T06:44:44.882535,GPU918_EMC2133_CPU1036,1300,1036,2133,918,2133,p128_o256,128,256,mixed,1,29.3477070517838,25.376142140514418,6501.221694983542,256,39.37721431612371,287.981,44.305,46.776,1.12492578125,0.8889475347331942,33.867,0.399,10.039,65.6,13,Phi-3-mini-Q4,llama.cpp,finegrained_gpu_emc
2026-05-16T06:44:52.196157,GPU918_EMC2133_CPU1036,1300,1036,2133,918,2133,p128_o256,128,256,mixed,2,29.45743198506534,25.379118211932628,6502.072236966342,256,39.372063346906366,288.222,44.342,46.776,1.1258671875,0.8882042314604714,33.866,0.399,10.077,65.6,13,Phi-3-mini-Q4,llama.cpp,finegrained_gpu_emc
2026-05-16T06:45:06.726817,GPU918_EMC2133_CPU1036,1300,1036,2133,918,2133,p1024_o512,1024,512,mixed,0,558.1394420005381,26.686275205139555,13716.175198089331,493,35.94296462972237,607.03,44.965,47.462,1.2312981744421907,0.8121509645322307,34.218,0.399,10.348,65.9,27,Phi-3-mini-Q4,llama.cpp,finegrained_gpu_emc
2026-05-16T06:45:21.249017,GPU918_EMC2133_CPU1036,1300,1036,2133,918,2133,p1024_o512,1024,512,mixed,1,34.147392958402634,26.7559426792017,13708.345671882853,512,37.34951045552941,610.942,45.255,47.078,1.19324609375,0.8380500931348639,34.37,0.399,10.486,66.2,27,Phi-3-mini-Q4,llama.cpp,finegrained_gpu_emc
2026-05-16T06:45:35.783673,GPU918_EMC2133_CPU1036,1300,1036,2133,918,2133,p1024_o512,1024,512,mixed,2,34.52733298763633,26.779632851364795,13720.879896078259,512,37.315391132192715,611.896,45.326,47.078,1.195109375,0.8367434988952371,34.43,0.414,10.482,66.3,27,Phi-3-mini-Q4,llama.cpp,finegrained_gpu_emc
2026-05-16T06:45:43.901467,GPU918_EMC3199_CPU1036,1300,1036,3199,918,3199,p128_o64,128,64,mixed,0,25.953575037419796,24.123716064625317,1546.0122090298682,64,41.39682702775056,78.442,39.221,46.362,1.22565625,0.8158894469799343,29.535,0.399,9.287,65.3,4,Phi-3-mini-Q4,llama.cpp,finegrained_gpu_emc
2026-05-16T06:45:46.256767,GPU918_EMC3199_CPU1036,1300,1036,3199,918,3199,p128_o64,128,64,mixed,1,25.87442402727902,24.11201653913373,1545.1888530515134,64,41.41888538323954,73.806,36.903,45.776,1.15321875,0.8671381730482617,27.644,0.399,8.86,65.2,4,Phi-3-mini-Q4,llama.cpp,finegrained_gpu_emc
2026-05-16T06:45:48.611442,GPU918_EMC3199_CPU1036,1300,1036,3199,918,3199,p128_o64,128,64,mixed,2,25.919090025126934,24.09983255590002,1544.503463897854,64,41.43726543576897,74.006,37.003,45.776,1.15634375,0.8647947463719158,27.743,0.399,8.861,65.3,4,Phi-3-mini-Q4,llama.cpp,finegrained_gpu_emc
2026-05-16T06:45:53.045582,GPU918_EMC3199_CPU1036,1300,1036,3199,918,3199,p512_o128,512,128,mixed,0,225.5909761879593,26.75143197567503,3623.5192720778286,128,35.324774173645054,162.214,40.554,45.776,1.267296875,0.7890810904114318,30.839,0.399,9.316,65.4,8,Phi-3-mini-Q4,llama.cpp,finegrained_gpu_emc
2026-05-16T06:45:57.277054,GPU918_EMC3199_CPU1036,1300,1036,3199,918,3199,p512_o128,512,128,mixed,1,30.072435969486833,26.696859400602072,3421.064733993262,128,37.4152522541107,148.161,42.332,45.877,1.1575078125,0.863925054501522,32.16,0.399,9.773,65.5,7,Phi-3-mini-Q4,llama.cpp,finegrained_gpu_emc
2026-05-16T06:46:01.514181,GPU918_EMC3199_CPU1036,1300,1036,3199,918,3199,p512_o128,512,128,mixed,2,30.25165805593133,26.741025291060602,3426.861824002117,128,37.351958314593816,148.565,42.447,45.877,1.1606640625,0.8615757412580353,32.275,0.399,9.773,65.6,7,Phi-3-mini-Q4,llama.cpp,finegrained_gpu_emc
2026-05-16T06:46:05.874735,GPU918_EMC3199_CPU1036,1300,1036,3199,918,3199,p1024_o128,1024,128,mixed,0,335.88058315217495,25.30603550235176,3550.2469181083143,128,36.05383032575168,163.992,40.998,47.477,1.2811875,0.780525879311186,31.032,0.399,9.568,65.5,8,Phi-3-mini-Q4,llama.cpp,finegrained_gpu_emc
2026-05-16T06:46:09.937407,GPU918_EMC3199_CPU1036,1300,1036,3199,918,3199,p1024_o128,1024,128,mixed,1,33.67795003578067,25.336957802468046,3251.973464852199,128,39.36071477318083,148.953,42.558,46.977,1.1636953125,0.8593314669728035,32.214,0.399,9.945,65.6,7,Phi-3-mini-Q4,llama.cpp,finegrained_gpu_emc
2026-05-16T06:46:14.002125,GPU918_EMC3199_CPU1036,1300,1036,3199,918,3199,p1024_o128,1024,128,mixed,2,33.8275998365134,25.353123125891518,3254.1721740271896,128,39.33412037064838,148.824,42.521,46.977,1.1626875,0.8600763317744449,32.163,0.399,9.96,65.6,7,Phi-3-mini-Q4,llama.cpp,finegrained_gpu_emc
2026-05-16T06:46:21.301409,GPU918_EMC3199_CPU1036,1300,1036,3199,918,3199,p128_o256,128,256,mixed,0,29.75169406272471,25.320740682346855,6487.540282076225,256,39.460255947431534,289.08,44.474,46.877,1.12921875,0.8855680088556801,33.928,0.43,10.116,65.8,13,Phi-3-mini-Q4,llama.cpp,finegrained_gpu_emc
2026-05-16T06:46:28.617997,GPU918_EMC3199_CPU1036,1300,1036,3199,918,3199,p128_o256,128,256,mixed,1,29.582443879917264,25.39069147086611,6505.145247792825,256,39.353464103950635,287.83,44.282,46.776,1.1243359375,0.8894138901434875,33.805,0.399,10.077,65.9,13,Phi-3-mini-Q4,llama.cpp,finegrained_gpu_emc
2026-05-16T06:46:35.929775,GPU918_EMC3199_CPU1036,1300,1036,3199,918,3199,p128_o256,128,256,mixed,2,29.392232885584235,25.37176467514798,6500.147326849401,256,39.383722726186626,289.03,44.466,46.776,1.1290234375,0.885721205411203,33.959,0.399,10.108,65.9,13,Phi-3-mini-Q4,llama.cpp,finegrained_gpu_emc
2026-05-16T06:46:50.990598,GPU918_EMC3199_CPU1036,1300,1036,3199,918,3199,p1024_o512,1024,512,mixed,0,557.9693960025907,26.784399173946035,14246.742487885058,512,35.938039901780165,630.364,45.026,47.477,1.2311796875,0.8122291247596626,34.215,0.428,10.384,66.2,28,Phi-3-mini-Q4,llama.cpp,finegrained_gpu_emc
2026-05-16T06:47:05.525181,GPU918_EMC3199_CPU1036,1300,1036,3199,918,3199,p1024_o512,1024,512,mixed,1,34.031448885798454,26.7805299296093,13720.812601968646,512,37.31557414657342,611.692,45.311,47.078,1.1947109375,0.8370225538342826,34.463,0.399,10.449,66.4,27,Phi-3-mini-Q4,llama.cpp,finegrained_gpu_emc
2026-05-16T06:47:20.045171,GPU918_EMC3199_CPU1036,1300,1036,3199,918,3199,p1024_o512,1024,512,mixed,2,34.177310997620225,26.751947152718113,13706.36578113772,512,37.354905609231494,611.69,45.31,46.977,1.19470703125,0.8370252905883698,34.418,0.399,10.494,66.5,27,Phi-3-mini-Q4,llama.cpp,finegrained_gpu_emc
2026-05-16T06:47:28.724151,GPU1020_EMC204_CPU1036,1020,1036,204,1020,204,p128_o64,128,64,mixed,0,25.7319500669837,24.105363314793934,1544.6274450514466,64,41.43393942988522,78.804,39.402,46.276,1.2313125,0.8121415156591035,29.74,0.399,9.262,65.5,4,Phi-3-mini-Q4,llama.cpp,finegrained_gpu_emc
2026-05-16T06:47:31.081352,GPU1020_EMC204_CPU1036,1020,1036,204,1020,204,p128_o64,128,64,mixed,1,26.07550099492073,24.137706414515538,1547.0065630506724,64,41.37021880100691,73.856,36.928,45.776,1.154,0.8665511265164645,27.644,0.399,8.886,65.5,4,Phi-3-mini-Q4,llama.cpp,finegrained_gpu_emc
2026-05-16T06:47:33.440476,GPU1020_EMC204_CPU1036,1020,1036,204,1020,204,p128_o64,128,64,mixed,2,26.235882891342044,24.161507412495595,1548.670888878405,64,41.3257590490067,74.099,37.05,45.863,1.157796875,0.8637093617997543,27.64,0.499,8.911,65.5,4,Phi-3-mini-Q4,llama.cpp,finegrained_gpu_emc
2026-05-16T06:47:37.881468,GPU1020_EMC204_CPU1036,1020,1036,204,1020,204,p512_o128,512,128,mixed,0,225.64771980978549,26.80529198447961,3630.4151739459485,128,35.25767546329282,162.713,40.678,45.877,1.2711953125,0.7866611764272062,30.888,0.399,9.392,65.7,8,Phi-3-mini-Q4,llama.cpp,finegrained_gpu_emc
2026-05-16T06:47:42.115110,GPU1020_EMC204_CPU1036,1020,1036,204,1020,204,p512_o128,512,128,mixed,1,30.392856802791357,26.711645693789553,3423.2580149546266,128,37.39128030689693,148.901,42.543,45.877,1.1632890625,0.8596315672829598,32.386,0.399,9.759,65.8,7,Phi-3-mini-Q4,llama.cpp,finegrained_gpu_emc
2026-05-16T06:47:46.352715,GPU1020_EMC204_CPU1036,1020,1036,204,1020,204,p512_o128,512,128,mixed,2,30.540141044184566,26.738250142286027,3426.790784113109,128,37.35273264811461,148.566,42.447,45.877,1.160671875,0.8615699419786492,32.275,0.399,9.773,65.8,7,Phi-3-mini-Q4,llama.cpp,finegrained_gpu_emc
2026-05-16T06:47:50.729263,GPU1020_EMC204_CPU1036,1020,1036,204,1020,204,p1024_o128,1024,128,mixed,0,338.3498040493578,25.409938102060064,3565.9105139784515,128,35.89546049970605,162.77,40.693,46.778,1.271640625,0.7863856976101247,30.689,0.399,9.605,65.8,8,Phi-3-mini-Q4,llama.cpp,finegrained_gpu_emc
2026-05-16T06:47:54.798215,GPU1020_EMC204_CPU1036,1020,1036,204,1020,204,p1024_o128,1024,128,mixed,1,33.87522394768894,25.386485613985208,3258.462747791782,128,39.28232725285687,148.132,42.324,46.577,1.15728125,0.864094186266303,31.994,0.399,9.931,65.8,7,Phi-3-mini-Q4,llama.cpp,finegrained_gpu_emc
2026-05-16T06:47:58.868442,GPU1020_EMC204_CPU1036,1020,1036,204,1020,204,p1024_o128,1024,128,mixed,2,34.0622840449214,25.395914842557954,3259.84428008087,128,39.26567927865088,148.227,42.351,46.678,1.1580234375,0.8635403806324083,31.935,0.399,10.017,65.8,7,Phi-3-mini-Q4,llama.cpp,finegrained_gpu_emc
2026-05-16T06:48:06.181208,GPU1020_EMC204_CPU1036,1020,1036,204,1020,204,p128_o256,128,256,mixed,0,29.723646817728877,25.37398396479879,6501.077642897144,256,39.37808684375534,286.002,44.0,46.477,1.1171953125,0.8950986356738764,33.47,0.399,10.132,66.0,13,Phi-3-mini-Q4,llama.cpp,finegrained_gpu_emc
2026-05-16T06:48:12.390181,GPU1020_EMC204_CPU1036,1020,1036,204,1020,204,p128_o256,128,256,mixed,1,29.56413198262453,25.074909750520835,5397.707337047905,214,39.64646221761259,240.81,43.784,46.477,1.1252803738317758,0.8886674141439309,33.202,0.472,10.11,66.0,11,Phi-3-mini-Q4,llama.cpp,finegrained_gpu_emc
2026-05-16T06:48:19.708375,GPU1020_EMC204_CPU1036,1020,1036,204,1020,204,p128_o256,128,256,mixed,2,29.47892597876489,25.395510930056666,6506.282007088885,256,39.34658837736768,287.184,44.182,46.776,1.1218125,0.8914145634854309,33.683,0.399,10.101,66.1,13,Phi-3-mini-Q4,llama.cpp,finegrained_gpu_emc
2026-05-16T06:48:34.768792,GPU1020_EMC204_CPU1036,1020,1036,204,1020,204,p1024_o512,1024,512,mixed,0,558.9133840985596,26.78167100571125,14246.305702952668,512,35.939141744928556,629.766,44.983,47.477,1.23001171875,0.8130003842697129,34.2,0.413,10.37,66.3,28,Phi-3-mini-Q4,llama.cpp,finegrained_gpu_emc
2026-05-16T06:48:49.292316,GPU1020_EMC204_CPU1036,1020,1036,204,1020,204,p1024_o512,1024,512,mixed,1,34.2893039342016,26.75872252627099,13709.9563870579,512,37.345122445708455,611.9,45.326,47.078,1.1951171875,0.8367380290897206,34.433,0.399,10.494,66.5,27,Phi-3-mini-Q4,llama.cpp,finegrained_gpu_emc
2026-05-16T06:49:03.830441,GPU1020_EMC204_CPU1036,1020,1036,204,1020,204,p1024_o512,1024,512,mixed,2,34.05404998920858,26.787231596543975,13724.279119865969,512,37.30614887151903,611.922,45.328,47.078,1.19516015625,0.8367079464376178,34.387,0.429,10.512,66.7,27,Phi-3-mini-Q4,llama.cpp,finegrained_gpu_emc
2026-05-16T06:49:11.963280,GPU1020_EMC665_CPU1036,1300,1036,665,1020,665,p128_o64,128,64,mixed,0,25.956522906199098,24.12008933560361,1545.7799788564444,64,41.40304627787111,79.053,39.526,46.376,1.235203125,0.8095834440185699,29.84,0.399,9.287,65.7,4,Phi-3-mini-Q4,llama.cpp,finegrained_gpu_emc
2026-05-16T06:49:14.317670,GPU1020_EMC665_CPU1036,1300,1036,665,1020,665,p128_o64,128,64,mixed,1,26.085892925038934,24.092925634856027,1544.1968829836696,64,41.44549228485706,74.145,37.072,45.863,1.158515625,0.8631735113628701,27.738,0.399,8.936,65.6,4,Phi-3-mini-Q4,llama.cpp,finegrained_gpu_emc
2026-05-16T06:49:16.671954,GPU1020_EMC665_CPU1036,1300,1036,665,1020,665,p128_o64,128,64,mixed,2,25.840413058176637,24.096733668730373,1544.1952131222934,64,41.44553710317161,73.895,36.948,45.863,1.154609375,0.8660937817173017,27.638,0.399,8.911,65.6,4,Phi-3-mini-Q4,llama.cpp,finegrained_gpu_emc
2026-05-16T06:49:21.111894,GPU1020_EMC665_CPU1036,1300,1036,665,1020,665,p512_o128,512,128,mixed,0,225.61830515041947,26.796392872782906,3629.274510079995,128,35.26875678444579,163.036,40.759,45.977,1.27371875,0.7851026767094385,30.881,0.399,9.479,65.8,8,Phi-3-mini-Q4,llama.cpp,finegrained_gpu_emc
2026-05-16T06:49:25.346895,GPU1020_EMC665_CPU1036,1300,1036,665,1020,665,p512_o128,512,128,mixed,1,30.15462588518858,26.721168756778315,3424.225687980652,128,37.38071367471245,148.794,42.513,45.877,1.162453125,0.8602497412530075,32.327,0.399,9.787,65.8,7,Phi-3-mini-Q4,llama.cpp,finegrained_gpu_emc
2026-05-16T06:49:29.580034,GPU1020_EMC665_CPU1036,1300,1036,665,1020,665,p512_o128,512,128,mixed,2,30.422745971009135,26.706492772149875,3422.670151107013,128,37.39770248050349,148.382,42.395,45.863,1.159234375,0.8626383254033508,32.209,0.399,9.787,65.9,7,Phi-3-mini-Q4,llama.cpp,finegrained_gpu_emc
2026-05-16T06:49:33.945543,GPU1020_EMC665_CPU1036,1300,1036,665,1020,665,p1024_o128,1024,128,mixed,0,336.93983498960733,25.33243818934567,3554.6658590901643,128,36.00901043136648,164.63,41.158,47.861,1.286171875,0.7775010629897345,31.079,0.499,9.58,65.9,8,Phi-3-mini-Q4,llama.cpp,finegrained_gpu_emc
2026-05-16T06:49:38.007404,GPU1020_EMC665_CPU1036,1300,1036,665,1020,665,p1024_o128,1024,128,mixed,1,33.83869398385286,25.33116800101899,3251.4132601208985,128,39.36749645759903,149.568,42.734,47.078,1.1685,0.8557980316645271,32.332,0.399,10.003,66.0,7,Phi-3-mini-Q4,llama.cpp,finegrained_gpu_emc
2026-05-16T06:49:38.851030,GPU1020_EMC665_CPU1036,1300,1036,665,1020,665,p1024_o128,1024,128,mixed,2,34.029724076390266,34.029724076390266,34.029724076390266,0,0.0,7.3,14.601,14.601,0.0,0.0,8.785,0.399,5.417,65.3,1,Phi-3-mini-Q4,llama.cpp,finegrained_gpu_emc
2026-05-16T06:49:46.145629,GPU1020_EMC665_CPU1036,1300,1036,665,1020,665,p128_o256,128,256,mixed,0,29.632135992869735,25.30404507529502,6483.107288135216,256,39.48723792810086,287.602,44.246,46.877,1.1234453125,0.8901189838735476,33.739,0.399,10.108,65.9,13,Phi-3-mini-Q4,llama.cpp,finegrained_gpu_emc
2026-05-16T06:49:53.454230,GPU1020_EMC665_CPU1036,1300,1036,665,1020,665,p128_o256,128,256,mixed,1,29.31553591042757,25.360196729318478,6497.11191910319,256,39.4021225411392,288.502,44.385,46.877,1.1269609375,0.8873422021337807,33.893,0.399,10.093,66.1,13,Phi-3-mini-Q4,llama.cpp,finegrained_gpu_emc
2026-05-16T06:50:00.770906,GPU1020_EMC665_CPU1036,1300,1036,665,1020,665,p128_o256,128,256,mixed,2,29.511936008930206,25.39090342344899,6505.144893890247,256,39.35346624491638,289.024,44.465,47.276,1.129,0.8857395925597874,33.897,0.46,10.108,66.1,13,Phi-3-mini-Q4,llama.cpp,finegrained_gpu_emc
2026-05-16T06:50:15.825907,GPU1020_EMC665_CPU1036,1300,1036,665,1020,665,p1024_o512,1024,512,mixed,0,557.9057040158659,26.772607947151137,14240.648507839069,512,35.9534188150321,630.046,45.003,47.462,1.23055859375,0.812639077146748,34.223,0.399,10.381,66.4,28,Phi-3-mini-Q4,llama.cpp,finegrained_gpu_emc
2026-05-16T06:50:30.041183,GPU1020_EMC665_CPU1036,1300,1036,665,1020,665,p1024_o512,1024,512,mixed,1,33.976293168962,26.73147874557691,13401.509526185691,500,37.309229906006635,604.326,44.765,47.178,1.208652,0.8273680099813676,33.914,0.414,10.437,66.6,27,Phi-3-mini-Q4,llama.cpp,finegrained_gpu_emc
2026-05-16T06:50:44.571105,GPU1020_EMC665_CPU1036,1300,1036,665,1020,665,p1024_o512,1024,512,mixed,2,113.49362996406853,27.092911495986687,13716.087946901098,503,36.67226412860992,611.658,45.308,47.078,1.2160198807157059,0.822354976146801,34.389,0.399,10.52,66.7,27,Phi-3-mini-Q4,llama.cpp,finegrained_gpu_emc
2026-05-16T06:50:52.701531,GPU1020_EMC2133_CPU1036,1300,1036,2133,1020,2133,p128_o64,128,64,mixed,0,26.290461886674166,24.105242749173488,1545.1810129452497,64,41.41909553885238,78.854,39.427,46.376,1.23209375,0.8116265503335278,29.74,0.399,9.287,65.8,4,Phi-3-mini-Q4,llama.cpp,finegrained_gpu_emc
2026-05-16T06:50:55.059707,GPU1020_EMC2133_CPU1036,1300,1036,2133,1020,2133,p128_o64,128,64,mixed,1,26.38133615255356,24.14719109231281,1547.9147920850664,64,41.34594509158411,74.056,37.028,45.776,1.157125,0.8642108674516582,27.743,0.399,8.886,65.8,4,Phi-3-mini-Q4,llama.cpp,finegrained_gpu_emc
2026-05-16T06:50:57.415047,GPU1020_EMC2133_CPU1036,1300,1036,2133,1020,2133,p128_o64,128,64,mixed,2,26.032049907371402,24.114053348995864,1545.475395862013,64,41.41120600907593,74.207,37.104,45.877,1.159484375,0.8624523292950801,27.743,0.399,8.961,65.7,4,Phi-3-mini-Q4,llama.cpp,finegrained_gpu_emc
2026-05-16T06:51:01.852254,GPU1020_EMC2133_CPU1036,1300,1036,2133,1020,2133,p512_o128,512,128,mixed,0,226.1324420105666,26.770217377164467,3626.4751069247723,128,35.295981973124086,162.722,40.681,45.877,1.271265625,0.7866176669411634,30.89,0.399,9.392,65.9,8,Phi-3-mini-Q4,llama.cpp,finegrained_gpu_emc
2026-05-16T06:51:06.082012,GPU1020_EMC2133_CPU1036,1300,1036,2133,1020,2133,p512_o128,512,128,mixed,1,30.436980072408915,26.680724598159355,3419.3801099900156,128,37.43368560460327,149.059,42.588,45.877,1.1645234375,0.8587203724699616,32.388,0.399,9.802,66.0,7,Phi-3-mini-Q4,llama.cpp,finegrained_gpu_emc
2026-05-16T06:51:07.266736,GPU1020_EMC2133_CPU1036,1300,1036,2133,1020,2133,p512_o128,512,128,mixed,2,83.15421012230217,26.53288298752159,375.0802529975772,11,29.327057108685096,14.132,28.265,28.265,1.2847272727272727,0.7783753184262666,20.342,0.399,7.524,65.8,1,Phi-3-mini-Q4,llama.cpp,finegrained_gpu_emc
2026-05-16T06:51:11.632170,GPU1020_EMC2133_CPU1036,1300,1036,2133,1020,2133,p1024_o128,1024,128,mixed,0,336.93490899167955,25.331203495775622,3554.5286340638995,128,36.010400584017056,163.54,40.885,47.477,1.27765625,0.7826831356243121,30.931,0.399,9.555,65.8,8,Phi-3-mini-Q4,llama.cpp,finegrained_gpu_emc
2026-05-16T06:51:15.692668,GPU1020_EMC2133_CPU1036,1300,1036,2133,1020,2133,p1024_o128,1024,128,mixed,1,34.008553018793464,25.318651802940515,3249.9760210048407,128,39.3849059724522,149.478,42.708,47.078,1.167796875,0.8563133036299656,32.335,0.399,9.974,65.9,7,Phi-3-mini-Q4,llama.cpp,finegrained_gpu_emc
2026-05-16T06:51:19.754055,GPU1020_EMC2133_CPU1036,1300,1036,2133,1020,2133,p1024_o128,1024,128,mixed,2,33.96118013188243,25.32659159005275,3250.9405210148543,128,39.373221125571966,149.532,42.724,47.078,1.16821875,0.8560040660193136,32.336,0.399,9.988,66.0,7,Phi-3-mini-Q4,llama.cpp,finegrained_gpu_emc
2026-05-16T06:51:27.046395,GPU1020_EMC2133_CPU1036,1300,1036,2133,1020,2133,p128_o256,128,256,mixed,0,29.483175138011575,25.2959622974124,6480.889115016907,256,39.500752976442826,289.322,44.511,47.261,1.1301640625,0.8848272858614278,33.989,0.399,10.124,66.1,13,Phi-3-mini-Q4,llama.cpp,finegrained_gpu_emc
2026-05-16T06:51:34.356053,GPU1020_EMC2133_CPU1036,1300,1036,2133,1020,2133,p128_o256,128,256,mixed,1,29.373622965067625,25.3628582821465,6497.868502046913,256,39.39753473302156,289.032,44.466,46.776,1.12903125,0.8857150765313184,33.928,0.43,10.108,66.2,13,Phi-3-mini-Q4,llama.cpp,finegrained_gpu_emc
2026-05-16T06:51:41.664188,GPU1020_EMC2133_CPU1036,1300,1036,2133,1020,2133,p128_o256,128,256,mixed,2,29.722311068326235,25.356331701372184,6496.540144085884,256,39.40559041000451,289.138,44.483,46.877,1.1294453125,0.885390367229489,33.96,0.399,10.124,66.3,13,Phi-3-mini-Q4,llama.cpp,finegrained_gpu_emc
2026-05-16T06:51:56.726665,GPU1020_EMC2133_CPU1036,1300,1036,2133,1020,2133,p1024_o512,1024,512,mixed,0,558.07637097314,26.787993765149974,14248.685633065179,512,35.933138900325254,629.916,44.994,47.462,1.2303046875,0.8128067869366709,34.196,0.413,10.384,66.5,28,Phi-3-mini-Q4,llama.cpp,finegrained_gpu_emc
2026-05-16T06:52:11.251983,GPU1020_EMC2133_CPU1036,1300,1036,2133,1020,2133,p1024_o512,1024,512,mixed,1,34.1401151381433,26.762235166100375,13711.588683072478,512,37.34067669577087,612.662,45.382,47.078,1.19660546875,0.8356973339296382,34.486,0.399,10.497,66.7,27,Phi-3-mini-Q4,llama.cpp,finegrained_gpu_emc
2026-05-16T06:52:25.791060,GPU1020_EMC2133_CPU1036,1300,1036,2133,1020,2133,p1024_o512,1024,512,mixed,2,34.23284902237356,26.78887818624683,13725.310270208865,512,37.30334614812381,612.496,45.37,47.078,1.19628125,0.8359238264413156,34.385,0.488,10.497,66.8,27,Phi-3-mini-Q4,llama.cpp,finegrained_gpu_emc
2026-05-16T06:52:33.916498,GPU1020_EMC3199_CPU1036,1300,1036,3199,1020,3199,p128_o64,128,64,mixed,0,26.365014957264066,24.144426224723695,1547.7235780563205,64,41.35105319024292,78.947,39.474,46.761,1.233546875,0.8106704497954323,29.637,0.499,9.338,65.9,4,Phi-3-mini-Q4,llama.cpp,finegrained_gpu_emc
2026-05-16T06:52:36.271730,GPU1020_EMC3199_CPU1036,1300,1036,3199,1020,3199,p128_o64,128,64,mixed,1,25.88261105120182,24.1125038241051,1545.2280468307436,64,41.417834818144634,73.95,36.975,45.863,1.15546875,0.8654496281271129,27.64,0.399,8.936,65.8,4,Phi-3-mini-Q4,llama.cpp,finegrained_gpu_emc
2026-05-16T06:52:38.625734,GPU1020_EMC3199_CPU1036,1300,1036,3199,1020,3199,p128_o64,128,64,mixed,2,26.076590875163674,24.087756558040542,1543.866341933608,64,41.454365745057636,74.099,37.05,45.863,1.157796875,0.8637093617997543,27.74,0.399,8.911,65.7,4,Phi-3-mini-Q4,llama.cpp,finegrained_gpu_emc
2026-05-16T06:52:43.057044,GPU1020_EMC3199_CPU1036,1300,1036,3199,1020,3199,p512_o128,512,128,mixed,0,313.44076502136886,27.328980365029174,3620.738299097866,122,33.69478540616902,162.716,40.679,45.877,1.3337377049180328,0.7497726099461638,30.888,0.399,9.392,65.9,8,Phi-3-mini-Q4,llama.cpp,finegrained_gpu_emc
2026-05-16T06:52:43.897308,GPU1020_EMC3199_CPU1036,1300,1036,3199,1020,3199,p512_o128,512,128,mixed,1,29.96654878370464,29.96654878370464,29.96654878370464,0,0.0,7.25,14.5,14.5,0.0,0.0,8.785,0.399,5.316,65.5,1,Phi-3-mini-Q4,llama.cpp,finegrained_gpu_emc
2026-05-16T06:52:44.736762,GPU1020_EMC3199_CPU1036,1300,1036,3199,1020,3199,p512_o128,512,128,mixed,2,30.0185470841825,30.0185470841825,30.0185470841825,0,0.0,13.298,13.298,14.5,0.0,0.0,7.787,0.399,5.112,65.3,2,Phi-3-mini-Q4,llama.cpp,finegrained_gpu_emc
2026-05-16T06:52:49.106583,GPU1020_EMC3199_CPU1036,1300,1036,3199,1020,3199,p1024_o128,1024,128,mixed,0,336.8045168463141,25.368129922531722,3559.0651109814644,128,35.964500791249115,162.396,40.599,47.462,1.26871875,0.7881967536146212,30.683,0.399,9.517,65.5,8,Phi-3-mini-Q4,llama.cpp,finegrained_gpu_emc
2026-05-16T06:52:49.950370,GPU1020_EMC3199_CPU1036,1300,1036,3199,1020,3199,p1024_o128,1024,128,mixed,1,34.00399396196008,34.00399396196008,34.00399396196008,0,0.0,7.3,14.601,14.601,0.0,0.0,8.785,0.399,5.417,65.2,1,Phi-3-mini-Q4,llama.cpp,finegrained_gpu_emc
2026-05-16T06:52:50.794876,GPU1020_EMC3199_CPU1036,1300,1036,3199,1020,3199,p1024_o128,1024,128,mixed,2,35.103057976812124,35.103057976812124,35.103057976812124,0,0.0,13.398,13.398,14.601,0.0,0.0,7.787,0.399,5.212,64.9,2,Phi-3-mini-Q4,llama.cpp,finegrained_gpu_emc
2026-05-16T06:52:58.117990,GPU1020_EMC3199_CPU1036,1300,1036,3199,1020,3199,p128_o256,128,256,mixed,0,29.811654007062316,25.41404843476473,6511.346640996635,256,39.31598394534503,286.283,44.044,47.175,1.11829296875,0.8942200549805611,33.622,0.399,10.023,65.6,13,Phi-3-mini-Q4,llama.cpp,finegrained_gpu_emc
2026-05-16T06:53:05.424625,GPU1020_EMC3199_CPU1036,1300,1036,3199,1020,3199,p128_o256,128,256,mixed,1,29.327579075470567,25.35237208574864,6495.124184060842,256,39.41418096796807,288.579,44.397,46.776,1.12726171875,0.8871054373325848,33.921,0.399,10.077,66.0,13,Phi-3-mini-Q4,llama.cpp,finegrained_gpu_emc
2026-05-16T06:53:10.373066,GPU1020_EMC3199_CPU1036,1300,1036,3199,1020,3199,p128_o256,128,256,mixed,2,29.63022096082568,24.45094689202612,4137.567278929055,168,40.603569362015115,190.314,42.292,46.776,1.1328214285714284,0.8827516630410795,32.15,0.399,9.743,66.0,9,Phi-3-mini-Q4,llama.cpp,finegrained_gpu_emc
2026-05-16T06:53:25.418117,GPU1020_EMC3199_CPU1036,1300,1036,3199,1020,3199,p1024_o512,1024,512,mixed,0,557.815431850031,26.754164133301103,14231.111947912723,512,35.977511938207684,630.852,45.061,47.462,1.2321328125,0.8116008192095769,34.263,0.413,10.384,66.3,28,Phi-3-mini-Q4,llama.cpp,finegrained_gpu_emc
2026-05-16T06:53:39.953432,GPU1020_EMC3199_CPU1036,1300,1036,3199,1020,3199,p1024_o512,1024,512,mixed,1,34.352841787040234,26.781204599001374,13721.493466990069,512,37.31372253550413,611.152,45.27,47.361,1.19365625,0.8377621279158048,34.397,0.429,10.445,66.6,27,Phi-3-mini-Q4,llama.cpp,finegrained_gpu_emc
2026-05-16T06:53:51.957379,GPU1020_EMC3199_CPU1036,1300,1036,3199,1020,3199,p1024_o512,1024,512,mixed,2,34.35665206052363,26.432947468039117,11190.78267691657,422,37.70960550154075,498.79,45.344,47.077,1.1819668246445498,0.8460474347921971,34.451,0.417,10.476,66.7,22,Phi-3-mini-Q4,llama.cpp,finegrained_gpu_emc
2026-05-16T06:54:00.641904,GPU1122_EMC204_CPU1036,1122,1036,204,1122,204,p128_o64,128,64,mixed,0,26.195497950538993,24.16258052523647,1548.6930129118264,64,41.32516868508904,78.592,39.296,46.262,1.228,0.8143322475570033,29.635,0.399,9.262,65.7,4,Phi-3-mini-Q4,llama.cpp,finegrained_gpu_emc
2026-05-16T06:54:03.000517,GPU1122_EMC204_CPU1036,1122,1036,204,1122,204,p128_o64,128,64,mixed,1,26.271846843883395,24.158848397847677,1548.5338859725744,64,41.32941524867186,73.696,36.848,45.464,1.1515,0.8684324793747287,27.538,0.399,8.911,65.6,4,Phi-3-mini-Q4,llama.cpp,finegrained_gpu_emc
2026-05-16T06:54:05.358164,GPU1122_EMC204_CPU1036,1122,1036,204,1122,204,p128_o64,128,64,mixed,2,25.850693928077817,24.150972890238915,1547.6209269836545,64,41.35379593550556,73.706,36.853,45.877,1.15165625,0.8683146555232952,27.544,0.399,8.911,65.6,4,Phi-3-mini-Q4,llama.cpp,finegrained_gpu_emc
2026-05-16T06:54:07.092441,GPU1122_EMC204_CPU1036,1122,1036,204,1122,204,p512_o128,512,128,mixed,0,313.7770900502801,26.554402546025813,924.5463891420513,23,24.877064331345498,33.018,33.018,39.97,1.4355652173913043,0.6965897389302804,24.736,0.399,7.882,65.4,2,Phi-3-mini-Q4,llama.cpp,finegrained_gpu_emc
2026-05-16T06:54:11.324459,GPU1122_EMC204_CPU1036,1122,1036,204,1122,204,p512_o128,512,128,mixed,1,29.943197034299374,26.697329542504285,3421.003724914044,128,37.41591950567552,148.176,42.336,45.863,1.157625,0.8638375985314761,32.15,0.399,9.787,65.7,7,Phi-3-mini-Q4,llama.cpp,finegrained_gpu_emc
2026-05-16T06:54:15.554019,GPU1122_EMC204_CPU1036,1122,1036,204,1122,204,p512_o128,512,128,mixed,2,29.98894895426929,26.68201255861406,3419.0983639564365,128,37.43677027527333,148.375,42.393,45.863,1.1591796875,0.8626790227464195,32.207,0.399,9.787,65.8,7,Phi-3-mini-Q4,llama.cpp,finegrained_gpu_emc
2026-05-16T06:54:19.917893,GPU1122_EMC204_CPU1036,1122,1036,204,1122,204,p1024_o128,1024,128,mixed,0,335.9215990640223,25.317071418197255,3551.7046411987394,128,36.03903278308598,164.324,41.081,47.462,1.28378125,0.7789489058202088,31.077,0.449,9.555,65.9,8,Phi-3-mini-Q4,llama.cpp,finegrained_gpu_emc
2026-05-16T06:54:23.981844,GPU1122_EMC204_CPU1036,1122,1036,204,1122,204,p1024_o128,1024,128,mixed,1,33.86563411913812,25.3475685658916,3253.5087580326945,128,39.34214090679074,149.368,42.676,47.063,1.1669375,0.8569439237319908,32.275,0.399,10.003,66.0,7,Phi-3-mini-Q4,llama.cpp,finegrained_gpu_emc
2026-05-16T06:54:24.825138,GPU1122_EMC204_CPU1036,1122,1036,204,1122,204,p1024_o128,1024,128,mixed,2,33.916346030309796,33.916346030309796,33.916346030309796,0,0.0,7.3,14.601,14.601,0.0,0.0,8.785,0.399,5.417,65.6,1,Phi-3-mini-Q4,llama.cpp,finegrained_gpu_emc
2026-05-16T06:54:32.118668,GPU1122_EMC204_CPU1036,1122,1036,204,1122,204,p128_o256,128,256,mixed,0,29.7377600800246,25.300085525411895,6482.19533613883,256,39.49279321664015,287.362,44.209,46.862,1.1225078125,0.8908623965590439,33.733,0.399,10.077,66.0,13,Phi-3-mini-Q4,llama.cpp,finegrained_gpu_emc
2026-05-16T06:54:39.432331,GPU1122_EMC204_CPU1036,1122,1036,204,1122,204,p128_o256,128,256,mixed,1,29.47733597829938,25.37919030177827,6502.121092984453,256,39.3717675107919,289.422,44.526,47.261,1.1305546875,0.8845215636682767,33.919,0.491,10.116,66.2,13,Phi-3-mini-Q4,llama.cpp,finegrained_gpu_emc
2026-05-16T06:54:46.738456,GPU1122_EMC204_CPU1036,1122,1036,204,1122,204,p128_o256,128,256,mixed,2,29.440141981467605,25.34877645107461,6494.324653875083,256,39.419033332010585,289.04,44.468,46.776,1.1290625,0.8856905618599501,33.953,0.399,10.116,66.2,13,Phi-3-mini-Q4,llama.cpp,finegrained_gpu_emc
2026-05-16T06:54:59.993946,GPU1122_EMC204_CPU1036,1122,1036,204,1122,204,p1024_o512,1024,512,mixed,0,559.2666799202561,26.519871167880243,12441.9239689596,448,36.00729285259103,558.058,44.645,47.477,1.2456651785714286,0.8027839400205713,33.941,0.399,10.304,66.5,25,Phi-3-mini-Q4,llama.cpp,finegrained_gpu_emc
2026-05-16T06:55:14.530728,GPU1122_EMC204_CPU1036,1122,1036,204,1122,204,p1024_o512,1024,512,mixed,1,34.06152897514403,26.784501418948846,13722.85769903101,512,37.310013062086405,611.858,45.323,47.462,1.19503515625,0.8367954656145707,34.367,0.429,10.527,66.7,27,Phi-3-mini-Q4,llama.cpp,finegrained_gpu_emc
2026-05-16T06:55:27.717721,GPU1122_EMC204_CPU1036,1122,1036,204,1122,204,p1024_o512,1024,512,mixed,2,34.56889092922211,26.588180010884873,12373.252159915864,464,37.50024601479997,559.831,44.786,47.477,1.206532327586207,0.8288215550764427,33.975,0.415,10.396,66.9,25,Phi-3-mini-Q4,llama.cpp,finegrained_gpu_emc
2026-05-16T06:55:35.849549,GPU1122_EMC665_CPU1036,1300,1036,665,1122,665,p128_o64,128,64,mixed,0,25.72468714788556,24.17421449227111,1548.966980073601,64,41.31785946589963,79.398,39.699,46.362,1.24059375,0.8060656439708809,29.734,0.599,9.366,65.9,4,Phi-3-mini-Q4,llama.cpp,finegrained_gpu_emc
2026-05-16T06:55:38.204529,GPU1122_EMC665_CPU1036,1300,1036,665,1122,665,p128_o64,128,64,mixed,1,25.873640784993768,24.105085111740564,1544.7509589139372,64,41.43062649075568,73.945,36.972,45.863,1.155390625,0.8655081479477991,27.638,0.399,8.936,65.8,4,Phi-3-mini-Q4,llama.cpp,finegrained_gpu_emc
2026-05-16T06:55:40.559945,GPU1122_EMC665_CPU1036,1300,1036,665,1122,665,p128_o64,128,64,mixed,2,26.44646307453513,24.103060985604923,1545.1997180934995,64,41.4185941471466,74.099,37.05,45.863,1.157796875,0.8637093617997543,27.74,0.399,8.911,65.8,4,Phi-3-mini-Q4,llama.cpp,finegrained_gpu_emc
2026-05-16T06:55:44.997960,GPU1122_EMC665_CPU1036,1300,1036,665,1122,665,p512_o128,512,128,mixed,0,286.90068214200437,27.37402165552876,3627.018420957029,123,33.91215200047015,162.536,40.634,45.877,1.321430894308943,0.7567554264901314,30.831,0.399,9.404,65.9,8,Phi-3-mini-Q4,llama.cpp,finegrained_gpu_emc
2026-05-16T06:55:49.231026,GPU1122_EMC665_CPU1036,1300,1036,665,1122,665,p512_o128,512,128,mixed,1,30.199426924809813,26.705550614700424,3422.2951650153846,128,37.401800203701775,148.288,42.368,45.863,1.1585,0.8631851532153646,32.211,0.399,9.759,66.0,7,Phi-3-mini-Q4,llama.cpp,finegrained_gpu_emc
2026-05-16T06:55:53.465116,GPU1122_EMC665_CPU1036,1300,1036,665,1122,665,p512_o128,512,128,mixed,2,30.101438984274864,26.715626826465833,3423.4773030038923,128,37.38888523890251,148.232,42.352,45.863,1.1580625,0.8635112526310108,32.209,0.399,9.744,66.0,7,Phi-3-mini-Q4,llama.cpp,finegrained_gpu_emc
2026-05-16T06:55:57.829076,GPU1122_EMC665_CPU1036,1300,1036,665,1122,665,p1024_o128,1024,128,mixed,0,336.83123579248786,25.321459771669286,3553.15754795447,128,36.024296213290285,163.96,40.99,47.477,1.2809375,0.780678214198585,31.036,0.399,9.555,66.0,8,Phi-3-mini-Q4,llama.cpp,finegrained_gpu_emc
2026-05-16T06:56:01.894602,GPU1122_EMC665_CPU1036,1300,1036,665,1122,665,p1024_o128,1024,128,mixed,1,33.89388509094715,25.359378614294247,3255.0360180903226,128,39.32368160862796,149.503,42.715,47.163,1.1679921875,0.8561701102987901,32.271,0.399,10.046,66.1,7,Phi-3-mini-Q4,llama.cpp,finegrained_gpu_emc
2026-05-16T06:56:05.959956,GPU1122_EMC665_CPU1036,1300,1036,665,1122,665,p1024_o128,1024,128,mixed,2,33.9580369181931,25.357730692164516,3254.921315005049,128,39.32506737103765,150.074,42.878,47.078,1.172453125,0.8529125631355198,32.334,0.513,10.031,66.0,7,Phi-3-mini-Q4,llama.cpp,finegrained_gpu_emc
2026-05-16T06:56:13.255656,GPU1122_EMC665_CPU1036,1300,1036,665,1122,665,p128_o256,128,256,mixed,0,29.995496850460768,25.302603114031108,6483.10071695596,256,39.48727795180712,289.146,44.484,46.877,1.1294765625,0.8853658705290752,33.961,0.399,10.124,66.3,13,Phi-3-mini-Q4,llama.cpp,finegrained_gpu_emc
2026-05-16T06:56:20.559095,GPU1122_EMC665_CPU1036,1300,1036,665,1122,665,p128_o256,128,256,mixed,1,29.70938105136156,25.33893971430028,6492.074418114498,256,39.432696471515555,289.238,44.498,46.877,1.1298359375,0.8850842558723266,33.96,0.43,10.108,66.4,13,Phi-3-mini-Q4,llama.cpp,finegrained_gpu_emc
2026-05-16T06:56:27.870147,GPU1122_EMC665_CPU1036,1300,1036,665,1122,665,p128_o256,128,256,mixed,2,29.694332042708993,25.366864873863317,6499.290458858013,256,39.38891508550637,288.987,44.46,46.776,1.12885546875,0.885852996847609,33.96,0.399,10.1,66.5,13,Phi-3-mini-Q4,llama.cpp,finegrained_gpu_emc
2026-05-16T06:56:40.844404,GPU1122_EMC665_CPU1036,1300,1036,665,1122,665,p1024_o512,1024,512,mixed,0,558.1453230697662,26.547132101050927,12160.904097137973,437,35.934828242157295,540.576,45.048,47.477,1.237016018306636,0.8083969691588232,34.23,0.432,10.386,66.6,24,Phi-3-mini-Q4,llama.cpp,finegrained_gpu_emc
2026-05-16T06:56:41.688303,GPU1122_EMC665_CPU1036,1300,1036,665,1122,665,p1024_o512,1024,512,mixed,1,34.4084701500833,34.4084701500833,34.4084701500833,0,0.0,7.25,14.5,14.5,0.0,0.0,8.785,0.399,5.316,65.9,1,Phi-3-mini-Q4,llama.cpp,finegrained_gpu_emc
2026-05-16T06:56:42.532576,GPU1122_EMC665_CPU1036,1300,1036,665,1122,665,p1024_o512,1024,512,mixed,2,35.18957598134875,35.18957598134875,35.18957598134875,0,0.0,6.048,12.095,12.095,0.0,0.0,6.789,0.399,4.907,65.3,1,Phi-3-mini-Q4,llama.cpp,finegrained_gpu_emc
2026-05-16T06:56:50.661802,GPU1122_EMC2133_CPU1036,1300,1036,2133,1122,2133,p128_o64,128,64,mixed,0,25.79461713321507,24.13016423538682,1546.2538399733603,64,41.39035800299298,78.817,39.408,46.276,1.231515625,0.8120075618204196,29.744,0.399,9.266,65.4,4,Phi-3-mini-Q4,llama.cpp,finegrained_gpu_emc
2026-05-16T06:56:53.018112,GPU1122_EMC2133_CPU1036,1300,1036,2133,1122,2133,p128_o64,128,64,mixed,1,25.85358894430101,24.12667336489355,1546.091446885839,64,41.394705422444304,73.895,36.948,45.863,1.154609375,0.8660937817173017,27.638,0.399,8.911,65.5,4,Phi-3-mini-Q4,llama.cpp,finegrained_gpu_emc
2026-05-16T06:56:55.374392,GPU1122_EMC2133_CPU1036,1300,1036,2133,1122,2133,p128_o64,128,64,mixed,2,26.0517920833081,24.12753056971327,1546.3424380868673,64,41.38798653109509,74.056,37.028,45.776,1.157125,0.8642108674516582,27.743,0.399,8.886,65.4,4,Phi-3-mini-Q4,llama.cpp,finegrained_gpu_emc
2026-05-16T06:56:59.813098,GPU1122_EMC2133_CPU1036,1300,1036,2133,1122,2133,p512_o128,512,128,mixed,0,225.8047100622207,26.783947983214002,3627.854894846678,128,35.282557795192524,162.815,40.704,45.877,1.2719921875,0.7861683505819489,30.938,0.399,9.366,65.6,8,Phi-3-mini-Q4,llama.cpp,finegrained_gpu_emc
2026-05-16T06:57:00.652641,GPU1122_EMC2133_CPU1036,1300,1036,2133,1122,2133,p512_o128,512,128,mixed,1,30.25785693898797,30.25785693898797,30.25785693898797,0,0.0,7.25,14.5,14.5,0.0,0.0,8.785,0.399,5.316,65.2,1,Phi-3-mini-Q4,llama.cpp,finegrained_gpu_emc
2026-05-16T06:57:04.885167,GPU1122_EMC2133_CPU1036,1300,1036,2133,1122,2133,p512_o128,512,128,mixed,2,30.15334694646299,26.703585590067224,3422.0081008970737,128,37.40493775173852,146.884,41.967,45.877,1.14753125,0.8714359630729012,31.867,0.399,9.701,65.5,7,Phi-3-mini-Q4,llama.cpp,finegrained_gpu_emc
2026-05-16T06:57:09.252547,GPU1122_EMC2133_CPU1036,1300,1036,2133,1122,2133,p1024_o128,1024,128,mixed,0,336.06500807218254,25.356651472631754,3556.8632879294455,128,35.986764077882945,163.956,40.989,47.462,1.28090625,0.7806972602405524,31.035,0.399,9.555,65.7,8,Phi-3-mini-Q4,llama.cpp,finegrained_gpu_emc
2026-05-16T06:57:13.315712,GPU1122_EMC2133_CPU1036,1300,1036,2133,1122,2133,p1024_o128,1024,128,mixed,1,34.0553168207407,25.339610874652863,3252.704032929614,128,39.35187422653828,149.266,42.648,47.078,1.166140625,0.8575295110741897,32.275,0.399,9.974,65.7,7,Phi-3-mini-Q4,llama.cpp,finegrained_gpu_emc
2026-05-16T06:57:14.158887,GPU1122_EMC2133_CPU1036,1300,1036,2133,1122,2133,p1024_o128,1024,128,mixed,2,33.936594147235155,33.936594147235155,33.936594147235155,0,0.0,7.25,14.5,14.5,0.0,0.0,8.785,0.399,5.316,65.0,1,Phi-3-mini-Q4,llama.cpp,finegrained_gpu_emc
2026-05-16T06:57:21.457214,GPU1122_EMC2133_CPU1036,1300,1036,2133,1122,2133,p128_o256,128,256,mixed,0,29.454589821398258,25.319766620283616,6486.99512402527,256,39.46357213247733,287.192,44.183,46.962,1.12184375,0.891389732304521,33.676,0.399,10.108,65.8,13,Phi-3-mini-Q4,llama.cpp,finegrained_gpu_emc
2026-05-16T06:57:28.775178,GPU1122_EMC2133_CPU1036,1300,1036,2133,1122,2133,p128_o256,128,256,mixed,1,29.290072852745652,25.396149799994685,6506.291965954006,256,39.3465281514558,288.026,44.312,46.877,1.1251015625,0.8888086492191677,33.804,0.399,10.108,66.0,13,Phi-3-mini-Q4,llama.cpp,finegrained_gpu_emc
2026-05-16T06:57:36.115314,GPU1122_EMC2133_CPU1036,1300,1036,2133,1122,2133,p128_o256,128,256,mixed,2,30.06070596165955,25.48073115302067,6528.595804003999,256,39.21210742484544,285.008,43.847,46.376,1.1133125,0.898220400830854,33.341,0.43,10.077,66.1,13,Phi-3-mini-Q4,llama.cpp,finegrained_gpu_emc
2026-05-16T06:57:37.485471,GPU1122_EMC2133_CPU1036,1300,1036,2133,1122,2133,p1024_o512,1024,512,mixed,0,560.5275451671332,560.5275451671332,560.5275451671332,0,0.0,24.532,24.532,24.768,0.0,0.0,17.764,0.399,6.37,65.5,2,Phi-3-mini-Q4,llama.cpp,finegrained_gpu_emc
2026-05-16T06:57:51.787307,GPU1122_EMC2133_CPU1036,1300,1036,2133,1122,2133,p1024_o512,1024,512,mixed,1,34.1737421695143,26.797043155421488,13488.04046609439,502,37.21815642990576,599.6,44.415,46.678,1.1944223107569722,0.8372248165443629,33.619,0.399,10.397,66.2,27,Phi-3-mini-Q4,llama.cpp,finegrained_gpu_emc
2026-05-16T06:58:06.353192,GPU1122_EMC2133_CPU1036,1300,1036,2133,1122,2133,p1024_o512,1024,512,mixed,2,34.42197386175394,26.840999616772926,13752.108675893396,512,37.230654008537954,604.303,44.763,46.678,1.180279296875,0.8472570879178161,33.912,0.399,10.453,66.4,27,Phi-3-mini-Q4,llama.cpp,finegrained_gpu_emc
2026-05-16T06:58:14.475737,GPU1122_EMC3199_CPU1036,1300,1036,3199,1122,3199,p128_o64,128,64,mixed,0,25.73965582996607,24.124487221891446,1545.844041975215,64,41.40133044613185,78.66,39.33,46.376,1.2290625,0.813628273582507,29.644,0.399,9.287,65.5,4,Phi-3-mini-Q4,llama.cpp,finegrained_gpu_emc
2026-05-16T06:58:16.833622,GPU1122_EMC3199_CPU1036,1300,1036,3199,1122,3199,p128_o64,128,64,mixed,1,26.11353504471481,24.149766202927346,1547.8120970074087,64,41.348688334804805,73.907,36.954,45.877,1.154796875,0.8659531573463949,27.644,0.399,8.911,65.5,4,Phi-3-mini-Q4,llama.cpp,finegrained_gpu_emc
2026-05-16T06:58:19.190421,GPU1122_EMC3199_CPU1036,1300,1036,3199,1122,3199,p128_o64,128,64,mixed,2,25.878336979076266,24.13823584183341,1546.8461019918323,64,41.37451031333299,74.049,37.024,45.762,1.157015625,0.8642925630325865,27.74,0.399,8.886,65.6,4,Phi-3-mini-Q4,llama.cpp,finegrained_gpu_emc
2026-05-16T06:58:23.628881,GPU1122_EMC3199_CPU1036,1300,1036,3199,1122,3199,p512_o128,512,128,mixed,0,225.70029506459832,26.783109723230986,3627.646964043379,128,35.284580133820704,163.496,40.874,45.877,1.2773125,0.7828937711014337,30.934,0.549,9.391,65.7,8,Phi-3-mini-Q4,llama.cpp,finegrained_gpu_emc
2026-05-16T06:58:27.864863,GPU1122_EMC3199_CPU1036,1300,1036,3199,1122,3199,p512_o128,512,128,mixed,1,30.29497992247343,26.726745883017543,3425.093905068934,128,37.371238146366636,148.51,42.432,45.877,1.160234375,0.8618948218975153,32.217,0.399,9.816,65.8,7,Phi-3-mini-Q4,llama.cpp,finegrained_gpu_emc
2026-05-16T06:58:32.101261,GPU1122_EMC3199_CPU1036,1300,1036,3199,1122,3199,p512_o128,512,128,mixed,2,29.992131981998682,26.735108023084056,3425.8408250752836,128,37.363090270601575,148.295,42.37,45.877,1.1585546875,0.8631444081054656,32.213,0.399,9.759,65.8,7,Phi-3-mini-Q4,llama.cpp,finegrained_gpu_emc
2026-05-16T06:58:36.465298,GPU1122_EMC3199_CPU1036,1300,1036,3199,1122,3199,p1024_o128,1024,128,mixed,0,336.5021429490298,25.325672306839053,3553.360211895779,128,36.022241587409965,163.732,40.933,47.462,1.27915625,0.7817653238218553,30.979,0.399,9.555,65.8,8,Phi-3-mini-Q4,llama.cpp,finegrained_gpu_emc
2026-05-16T06:58:37.308424,GPU1122_EMC3199_CPU1036,1300,1036,3199,1122,3199,p1024_o128,1024,128,mixed,1,33.911627950146794,33.911627950146794,33.911627950146794,0,0.0,7.25,14.5,14.5,0.0,0.0,8.785,0.399,5.316,65.4,1,Phi-3-mini-Q4,llama.cpp,finegrained_gpu_emc
2026-05-16T06:58:41.371635,GPU1122_EMC3199_CPU1036,1300,1036,3199,1122,3199,p1024_o128,1024,128,mixed,2,35.298191010951996,25.32524614976206,3252.1080260630697,128,39.359086160171,148.069,42.305,47.078,1.1567890625,0.8644618387373455,31.933,0.456,9.917,65.7,7,Phi-3-mini-Q4,llama.cpp,finegrained_gpu_emc
2026-05-16T06:58:46.922518,GPU1122_EMC3199_CPU1036,1300,1036,3199,1122,3199,p128_o256,128,256,mixed,0,29.795994982123375,24.646606657801097,4739.712107926607,191,40.297806206536286,216.586,43.317,46.877,1.133958115183246,0.881866787326974,32.933,0.439,9.946,65.8,10,Phi-3-mini-Q4,llama.cpp,finegrained_gpu_emc
2026-05-16T06:58:54.231341,GPU1122_EMC3199_CPU1036,1300,1036,3199,1122,3199,p128_o256,128,256,mixed,1,29.30851187556982,25.361003322234634,6497.296116081998,256,39.40100549924962,288.141,44.329,46.877,1.12555078125,0.888453916658858,33.807,0.399,10.124,66.0,13,Phi-3-mini-Q4,llama.cpp,finegrained_gpu_emc
2026-05-16T06:59:01.551382,GPU1122_EMC3199_CPU1036,1300,1036,3199,1122,3199,p128_o256,128,256,mixed,2,29.681201092898846,25.403317705928988,6508.468028157949,256,39.33337290625887,288.764,44.425,47.276,1.127984375,0.8865371029629732,33.833,0.46,10.131,66.1,13,Phi-3-mini-Q4,llama.cpp,finegrained_gpu_emc
2026-05-16T06:59:16.678466,GPU1122_EMC3199_CPU1036,1300,1036,3199,1122,3199,p1024_o512,1024,512,mixed,0,558.4278621245176,26.910267802184983,14311.567466007546,512,35.7752567086791,626.547,44.753,47.462,1.223724609375,0.8171773226908755,33.81,0.556,10.388,66.4,28,Phi-3-mini-Q4,llama.cpp,finegrained_gpu_emc
2026-05-16T06:59:31.488493,GPU1122_EMC3199_CPU1036,1300,1036,3199,1122,3199,p1024_o512,1024,512,mixed,1,34.43618188612163,27.317670454159963,13995.775531046093,512,36.58246724979672,640.4,45.743,47.876,1.25078125,0.7995003123048096,33.368,1.782,10.592,66.9,28,Phi-3-mini-Q4,llama.cpp,finegrained_gpu_emc
2026-05-16T06:59:45.895338,GPU1122_EMC3199_CPU1036,1300,1036,3199,1122,3199,p1024_o512,1024,512,mixed,2,34.644898027181625,27.275622842529216,13592.412726022303,497,36.56451654447684,619.276,45.872,48.562,1.2460281690140844,0.8025500746032465,33.555,1.655,10.661,67.1,27,Phi-3-mini-Q4,llama.cpp,finegrained_gpu_emc
2026-05-16T06:59:54.619175,GPU1224_EMC204_CPU1036,1224,1036,204,1224,204,p128_o64,128,64,mixed,0,26.12417400814593,24.511969618735804,1570.6480129156262,64,40.74751279326772,81.116,40.558,46.775,1.2674375,0.7889935401153904,29.841,1.198,9.52,66.0,4,Phi-3-mini-Q4,llama.cpp,finegrained_gpu_emc
2026-05-16T06:59:56.999241,GPU1224_EMC204_CPU1036,1224,1036,204,1224,204,p128_o64,128,64,mixed,1,26.307432912290096,24.494046762969994,1569.7488519363105,64,40.770853197984486,76.706,38.353,46.463,1.19853125,0.8343545485359685,27.84,1.198,9.316,66.0,4,Phi-3-mini-Q4,llama.cpp,finegrained_gpu_emc
2026-05-16T06:59:59.365441,GPU1224_EMC204_CPU1036,1224,1036,204,1224,204,p128_o64,128,64,mixed,2,25.926608126610518,24.278258365238944,1555.7172310072929,64,41.13858143652584,76.261,38.13,46.775,1.191578125,0.8392231940310251,27.743,1.197,9.19,66.1,4,Phi-3-mini-Q4,llama.cpp,finegrained_gpu_emc
2026-05-16T07:00:03.818823,GPU1224_EMC204_CPU1036,1224,1036,204,1224,204,p512_o128,512,128,mixed,0,225.97776306793094,26.89863289853074,3642.5919060129672,128,35.13981343578605,167.42,41.855,47.276,1.30796875,0.7645442599450485,30.939,1.298,9.619,66.3,8,Phi-3-mini-Q4,llama.cpp,finegrained_gpu_emc
2026-05-16T07:00:08.068400,GPU1224_EMC204_CPU1036,1224,1036,204,1224,204,p512_o128,512,128,mixed,1,83.43305089510977,29.1696328609048,3438.4537779260427,116,33.736094038747616,154.247,44.071,47.375,1.3297155172413795,0.7520405583252834,32.329,1.596,10.146,66.4,7,Phi-3-mini-Q4,llama.cpp,finegrained_gpu_emc
2026-05-16T07:00:12.334735,GPU1224_EMC204_CPU1036,1224,1036,204,1224,204,p512_o128,512,128,mixed,2,30.146629083901644,26.966306243429152,3455.36853489466,128,37.04380551810002,153.506,43.859,47.375,1.199265625,0.8338436282620875,32.16,1.596,10.103,66.3,7,Phi-3-mini-Q4,llama.cpp,finegrained_gpu_emc
2026-05-16T07:00:16.736436,GPU1224_EMC204_CPU1036,1224,1036,204,1224,204,p1024_o128,1024,128,mixed,0,337.0335279032588,25.615419660819562,3590.734339784831,128,35.64730439168892,170.86,42.715,48.876,1.33484375,0.7491513519840804,31.185,1.597,9.933,66.5,8,Phi-3-mini-Q4,llama.cpp,finegrained_gpu_emc
2026-05-16T07:00:17.580434,GPU1224_EMC204_CPU1036,1224,1036,204,1224,204,p1024_o128,1024,128,mixed,1,34.32991588488221,34.32991588488221,34.32991588488221,0,0.0,8.45,16.901,16.901,0.0,0.0,9.185,1.597,6.119,65.8,1,Phi-3-mini-Q4,llama.cpp,finegrained_gpu_emc
2026-05-16T07:00:21.670734,GPU1224_EMC204_CPU1036,1224,1036,204,1224,204,p1024_o128,1024,128,mixed,2,35.35936400294304,25.540337424842626,3279.4955810531974,128,39.030392582170606,153.165,43.761,48.36,1.1966015625,0.835700062024614,32.047,1.539,10.175,66.3,7,Phi-3-mini-Q4,llama.cpp,finegrained_gpu_emc
2026-05-16T07:00:29.033547,GPU1224_EMC204_CPU1036,1224,1036,204,1224,204,p128_o256,128,256,mixed,0,29.7146609518677,25.570207568542923,6551.095295930281,256,39.077434907569454,297.91,45.832,48.276,1.1637109375,0.8593199288375684,33.865,1.535,10.433,66.5,13,Phi-3-mini-Q4,llama.cpp,finegrained_gpu_emc
2026-05-16T07:00:36.427472,GPU1224_EMC204_CPU1036,1224,1036,204,1224,204,p128_o256,128,256,mixed,1,29.579137917608023,25.69201915689251,6581.985279917717,256,38.89404018892007,297.013,45.694,48.561,1.16020703125,0.8619151350277598,33.862,1.228,10.604,66.6,13,Phi-3-mini-Q4,llama.cpp,finegrained_gpu_emc
2026-05-16T07:00:43.825070,GPU1224_EMC204_CPU1036,1224,1036,204,1224,204,p128_o256,128,256,mixed,2,29.8367899376899,25.706187948840213,6585.890021873638,256,38.870980102879074,296.698,45.646,48.063,1.1589765625,0.8628302179320387,33.891,1.197,10.558,66.7,13,Phi-3-mini-Q4,llama.cpp,finegrained_gpu_emc
2026-05-16T07:00:58.944183,GPU1224_EMC204_CPU1036,1224,1036,204,1224,204,p1024_o512,1024,512,mixed,0,559.7954480908811,26.894973874832058,14305.063659092411,512,35.79152195345658,636.365,45.455,48.062,1.242900390625,0.8045697044934904,34.208,0.784,10.463,66.9,28,Phi-3-mini-Q4,llama.cpp,finegrained_gpu_emc
2026-05-16T07:01:13.498134,GPU1224_EMC204_CPU1036,1224,1036,204,1224,204,p1024_o512,1024,512,mixed,1,34.00607802905142,26.818794665362415,13740.341271972284,512,37.262538816585575,611.996,45.333,47.577,1.1953046875,0.8366067752076811,34.4,0.443,10.49,67.0,27,Phi-3-mini-Q4,llama.cpp,finegrained_gpu_emc
2026-05-16T07:01:28.037083,GPU1224_EMC204_CPU1036,1224,1036,204,1224,204,p1024_o512,1024,512,mixed,2,34.15057505480945,26.788705722073463,13725.161388982087,512,37.303750789481384,612.228,45.35,47.163,1.1957578125,0.8362897482637188,34.413,0.399,10.538,67.1,27,Phi-3-mini-Q4,llama.cpp,finegrained_gpu_emc
2026-05-16T07:01:36.167977,GPU1224_EMC665_CPU1036,1300,1036,665,1224,665,p128_o64,128,64,mixed,0,25.783473858609796,24.105830982859647,1544.7175069712102,64,41.43152370007599,79.148,39.574,46.362,1.2366875,0.8086117147622176,29.834,0.399,9.341,66.1,4,Phi-3-mini-Q4,llama.cpp,finegrained_gpu_emc
2026-05-16T07:01:38.523173,GPU1224_EMC665_CPU1036,1300,1036,665,1224,665,p128_o64,128,64,mixed,1,26.076297974213958,24.10746674748167,1545.1024090871215,64,41.42120264883447,73.906,36.953,45.877,1.15478125,0.8659648742997862,27.644,0.399,8.911,66.1,4,Phi-3-mini-Q4,llama.cpp,finegrained_gpu_emc
2026-05-16T07:01:40.880325,GPU1224_EMC665_CPU1036,1300,1036,665,1224,665,p128_o64,128,64,mixed,2,26.128295110538602,24.13532803101199,1546.9085781369358,64,41.37283929027031,74.199,37.1,45.863,1.159359375,0.8625453173223359,27.74,0.399,8.961,66.0,4,Phi-3-mini-Q4,llama.cpp,finegrained_gpu_emc
2026-05-16T07:01:45.320463,GPU1224_EMC665_CPU1036,1300,1036,665,1224,665,p512_o128,512,128,mixed,0,313.1631100550294,30.142966981723227,3629.382810089737,111,30.58371238531752,162.856,40.714,45.977,1.467171171171171,0.6815837304121433,30.886,0.399,9.429,66.2,8,Phi-3-mini-Q4,llama.cpp,finegrained_gpu_emc
2026-05-16T07:01:49.555322,GPU1224_EMC665_CPU1036,1300,1036,665,1224,665,p512_o128,512,128,mixed,1,29.955232050269842,26.725172221029954,3424.548282986507,128,37.37719238356679,148.896,42.542,45.877,1.16325,0.8596604341285193,32.27,0.456,9.816,66.2,7,Phi-3-mini-Q4,llama.cpp,finegrained_gpu_emc
2026-05-16T07:01:53.823812,GPU1224_EMC665_CPU1036,1300,1036,665,1224,665,p512_o128,512,128,mixed,2,30.12335393577814,26.987150393969078,3458.028239896521,128,37.01531367593178,147.738,42.211,46.161,1.154203125,0.8663986245921834,31.982,0.513,9.716,66.3,7,Phi-3-mini-Q4,llama.cpp,finegrained_gpu_emc
2026-05-16T07:01:54.985806,GPU1224_EMC665_CPU1036,1300,1036,665,1224,665,p1024_o128,1024,128,mixed,0,352.5321129709482,352.5321129709482,352.5321129709482,0,0.0,11.988,23.977,23.977,0.0,0.0,16.759,0.798,6.42,66.0,1,Phi-3-mini-Q4,llama.cpp,finegrained_gpu_emc
2026-05-16T07:01:59.229176,GPU1224_EMC665_CPU1036,1300,1036,665,1224,665,p1024_o128,1024,128,mixed,1,34.648161148652434,26.75596972392124,3433.1550870556384,128,37.283489022273116,141.666,40.476,44.581,1.106765625,0.9035336636878292,29.704,0.798,9.974,66.0,7,Phi-3-mini-Q4,llama.cpp,finegrained_gpu_emc
2026-05-16T07:02:03.459166,GPU1224_EMC665_CPU1036,1300,1036,665,1224,665,p1024_o128,1024,128,mixed,2,34.59849418140948,26.648136070291475,3419.411442009732,128,37.43334260026018,142.578,40.737,44.182,1.113890625,0.8977542117297198,29.936,0.741,10.06,66.0,7,Phi-3-mini-Q4,llama.cpp,finegrained_gpu_emc
2026-05-16T07:02:10.961805,GPU1224_EMC665_CPU1036,1300,1036,665,1224,665,p128_o256,128,256,mixed,0,30.4055770393461,26.116075227950134,6690.971645992249,256,38.260511857547414,284.814,40.688,43.981,1.1125546875,0.898832220326248,30.394,0.399,9.895,66.1,14,Phi-3-mini-Q4,llama.cpp,finegrained_gpu_emc
2026-05-16T07:02:18.487199,GPU1224_EMC665_CPU1036,1300,1036,665,1224,665,p128_o256,128,256,mixed,1,30.41443577967584,26.204560435943158,6713.505705818534,256,38.13208943549823,284.396,40.628,43.881,1.110921875,0.9001533073601597,30.392,0.399,9.838,66.1,14,Phi-3-mini-Q4,llama.cpp,finegrained_gpu_emc
2026-05-16T07:02:26.016420,GPU1224_EMC665_CPU1036,1300,1036,665,1224,665,p128_o256,128,256,mixed,2,30.599576886743307,26.219613741462428,6717.549023916945,256,38.10913758701959,285.838,40.834,44.006,1.1165546875,0.8956121999174357,30.569,0.399,9.866,66.2,14,Phi-3-mini-Q4,llama.cpp,finegrained_gpu_emc
2026-05-16T07:02:40.106591,GPU1224_EMC665_CPU1036,1300,1036,665,1224,665,p1024_o512,1024,512,mixed,0,585.547287017107,27.406535019142577,13276.52299683541,463,34.873588522413634,547.983,42.153,44.283,1.183548596112311,0.8449167218691092,31.471,0.399,10.283,66.3,26,Phi-3-mini-Q4,llama.cpp,finegrained_gpu_emc
2026-05-16T07:02:40.950731,GPU1224_EMC665_CPU1036,1300,1036,665,1224,665,p1024_o512,1024,512,mixed,1,34.73484399728477,34.73484399728477,34.73484399728477,0,0.0,7.05,14.101,14.101,0.0,0.0,8.386,0.399,5.316,65.6,1,Phi-3-mini-Q4,llama.cpp,finegrained_gpu_emc
2026-05-16T07:02:41.796347,GPU1224_EMC665_CPU1036,1300,1036,665,1224,665,p1024_o512,1024,512,mixed,2,36.1564049962908,36.1564049962908,36.1564049962908,0,0.0,12.898,12.898,14.101,0.0,0.0,7.388,0.399,5.112,65.4,2,Phi-3-mini-Q4,llama.cpp,finegrained_gpu_emc
2026-05-16T07:02:49.934189,GPU1224_EMC2133_CPU1036,1224,1036,2133,1224,2133,p128_o64,128,64,mixed,0,26.036001974716783,24.163581205472823,1548.5991791356355,64,41.32767268785599,78.918,39.459,46.775,1.23309375,0.8109683468917103,29.644,0.499,9.316,65.4,4,Phi-3-mini-Q4,llama.cpp,finegrained_gpu_emc
2026-05-16T07:02:52.290916,GPU1224_EMC2133_CPU1036,1224,1036,2133,1224,2133,p128_o64,128,64,mixed,1,26.41999116167426,24.120737299589173,1546.2820820976049,64,41.38960202732284,73.607,36.804,45.776,1.150109375,0.8694825220427405,27.544,0.399,8.861,65.3,4,Phi-3-mini-Q4,llama.cpp,finegrained_gpu_emc
2026-05-16T07:02:54.648317,GPU1224_EMC2133_CPU1036,1224,1036,2133,1224,2133,p128_o64,128,64,mixed,2,25.993217015638947,24.141735744677366,1547.1806421410292,64,41.365564082701496,74.106,37.053,45.877,1.15790625,0.8636277764283594,27.743,0.399,8.911,65.4,4,Phi-3-mini-Q4,llama.cpp,finegrained_gpu_emc
2026-05-16T07:02:59.090254,GPU1224_EMC2133_CPU1036,1224,1036,2133,1224,2133,p512_o128,512,128,mixed,0,226.03099211119115,26.809296354387453,3631.30054413341,128,35.24907906804682,163.25,40.813,46.262,1.275390625,0.7840735068912711,30.985,0.449,9.379,65.5,8,Phi-3-mini-Q4,llama.cpp,finegrained_gpu_emc
2026-05-16T07:03:03.326349,GPU1224_EMC2133_CPU1036,1224,1036,2133,1224,2133,p512_o128,512,128,mixed,1,30.464259907603264,26.727968709558013,3425.4051039461046,128,37.367842960396885,148.41,42.403,45.877,1.159453125,0.8624755744222088,32.217,0.399,9.787,65.7,7,Phi-3-mini-Q4,llama.cpp,finegrained_gpu_emc
2026-05-16T07:03:07.563318,GPU1224_EMC2133_CPU1036,1224,1036,2133,1224,2133,p512_o128,512,128,mixed,2,30.171144986525178,26.738324629758875,3426.4251440763474,128,37.35671862590905,148.146,42.327,45.877,1.157390625,0.8640125281816587,32.213,0.399,9.716,65.7,7,Phi-3-mini-Q4,llama.cpp,finegrained_gpu_emc
2026-05-16T07:03:11.933395,GPU1224_EMC2133_CPU1036,1224,1036,2133,1224,2133,p1024_o128,1024,128,mixed,0,336.70333004556596,25.373444032642666,3559.6333001740277,128,35.9587601323266,150.004,42.858,47.477,1.17190625,0.8533105783845765,32.614,0.399,9.845,65.7,7,Phi-3-mini-Q4,llama.cpp,finegrained_gpu_emc
2026-05-16T07:03:15.999863,GPU1224_EMC2133_CPU1036,1224,1036,2133,1224,2133,p1024_o128,1024,128,mixed,1,34.01593002490699,25.363206102578776,3255.639316048473,128,39.31639459231,149.518,42.719,47.078,1.168109375,0.8560842172848754,32.332,0.399,9.988,65.8,7,Phi-3-mini-Q4,llama.cpp,finegrained_gpu_emc
2026-05-16T07:03:20.064217,GPU1224_EMC2133_CPU1036,1224,1036,2133,1224,2133,p1024_o128,1024,128,mixed,2,34.350605914369226,25.345039212944236,3253.6996270064265,128,39.33983301272548,148.88,42.537,46.977,1.163125,0.8597528210639441,32.222,0.399,9.917,65.9,7,Phi-3-mini-Q4,llama.cpp,finegrained_gpu_emc
2026-05-16T07:03:27.361382,GPU1224_EMC2133_CPU1036,1224,1036,2133,1224,2133,p128_o256,128,256,mixed,0,29.725611209869385,25.313095807773518,6485.526327043772,256,39.472509568346744,289.474,44.535,47.276,1.1307578125,0.8843626716043583,33.989,0.399,10.147,66.0,13,Phi-3-mini-Q4,llama.cpp,finegrained_gpu_emc
2026-05-16T07:03:34.685859,GPU1224_EMC2133_CPU1036,1224,1036,2133,1224,2133,p128_o256,128,256,mixed,1,29.8575721681118,25.419586003922365,6512.798441108316,256,39.30721982491372,289.582,44.551,46.877,1.1311796875,0.8840328473454842,33.928,0.491,10.132,66.2,13,Phi-3-mini-Q4,llama.cpp,finegrained_gpu_emc
2026-05-16T07:03:41.994248,GPU1224_EMC2133_CPU1036,1224,1036,2133,1224,2133,p128_o256,128,256,mixed,2,29.299886897206306,25.35808178066623,6496.5652108658105,256,39.40543836484978,289.183,44.49,46.877,1.12962109375,0.8852525909199366,33.928,0.399,10.162,66.2,13,Phi-3-mini-Q4,llama.cpp,finegrained_gpu_emc
2026-05-16T07:03:43.362680,GPU1224_EMC2133_CPU1036,1224,1036,2133,1224,2133,p1024_o512,1024,512,mixed,0,558.3925500977784,558.3925500977784,558.3925500977784,0,0.0,24.786,24.786,24.797,0.0,0.0,17.967,0.399,6.42,65.7,2,Phi-3-mini-Q4,llama.cpp,finegrained_gpu_emc
2026-05-16T07:03:57.890807,GPU1224_EMC2133_CPU1036,1224,1036,2133,1224,2133,p1024_o512,1024,512,mixed,1,33.92493678256869,26.76795399246588,13714.29762779735,512,37.333300902135385,610.352,45.211,47.078,1.19209375,0.8388601987050096,34.371,0.399,10.441,66.3,27,Phi-3-mini-Q4,llama.cpp,finegrained_gpu_emc
2026-05-16T07:04:06.554323,GPU1224_EMC2133_CPU1036,1224,1036,2133,1224,2133,p1024_o512,1024,512,mixed,2,34.496111096814275,25.966493083008874,7851.12577304244,301,38.33845090515695,357.527,44.691,46.977,1.187797342192691,0.8418944583206304,33.932,0.474,10.285,66.4,16,Phi-3-mini-Q4,llama.cpp,finegrained_gpu_emc
2026-05-16T07:04:14.682917,GPU1224_EMC3199_CPU1036,1300,1036,3199,1224,3199,p128_o64,128,64,mixed,0,26.04527212679386,24.154388301429293,1548.0302241630852,64,41.342862045604086,78.61,39.305,46.276,1.22828125,0.8141457829792648,29.644,0.399,9.262,65.6,4,Phi-3-mini-Q4,llama.cpp,finegrained_gpu_emc
2026-05-16T07:04:17.038675,GPU1224_EMC3199_CPU1036,1300,1036,3199,1224,3199,p128_o64,128,64,mixed,1,26.150773046538234,24.11726784212367,1545.7995350006968,64,41.40252248165617,74.106,37.053,45.877,1.15790625,0.8636277764283594,27.743,0.399,8.911,65.5,4,Phi-3-mini-Q4,llama.cpp,finegrained_gpu_emc
2026-05-16T07:04:19.393736,GPU1224_EMC3199_CPU1036,1300,1036,3199,1224,3199,p128_o64,128,64,mixed,2,26.025366969406605,24.100612682689512,1544.6299421600997,64,41.43387244617225,74.057,37.028,45.977,1.157140625,0.8641991979151195,27.644,0.399,8.986,65.6,4,Phi-3-mini-Q4,llama.cpp,finegrained_gpu_emc
2026-05-16T07:04:20.429517,GPU1224_EMC3199_CPU1036,1300,1036,3199,1224,3199,p512_o128,512,128,mixed,0,226.01921809837222,226.01921809837222,226.01921809837222,0,0.0,12.786,25.573,25.573,0.0,0.0,18.754,0.399,6.42,65.3,1,Phi-3-mini-Q4,llama.cpp,finegrained_gpu_emc
2026-05-16T07:04:24.673917,GPU1224_EMC3199_CPU1036,1300,1036,3199,1224,3199,p512_o128,512,128,mixed,1,64.71084803342819,26.735210794925926,3433.8488010689616,127,36.98473851279204,146.963,41.989,45.877,1.1571889763779528,0.8641630886685765,31.875,0.399,9.716,65.5,7,Phi-3-mini-Q4,llama.cpp,finegrained_gpu_emc
2026-05-16T07:04:28.909902,GPU1224_EMC3199_CPU1036,1300,1036,3199,1224,3199,p512_o128,512,128,mixed,2,109.64263905771077,26.73756535495481,3425.6032570265234,125,36.48992326931109,148.552,42.444,45.877,1.188416,0.8414561904249017,32.272,0.399,9.773,65.7,7,Phi-3-mini-Q4,llama.cpp,finegrained_gpu_emc
2026-05-16T07:04:30.055310,GPU1224_EMC3199_CPU1036,1300,1036,3199,1224,3199,p1024_o128,1024,128,mixed,0,336.0040090046823,336.0040090046823,336.0040090046823,0,0.0,12.587,25.174,25.174,0.0,0.0,18.355,0.399,6.42,65.3,1,Phi-3-mini-Q4,llama.cpp,finegrained_gpu_emc
2026-05-16T07:04:34.116786,GPU1224_EMC3199_CPU1036,1300,1036,3199,1224,3199,p1024_o128,1024,128,mixed,1,33.970636082813144,25.324684164420827,3250.719079049304,128,39.37590326551211,147.831,42.237,46.977,1.1549296875,0.8658535760429139,31.994,0.399,9.845,65.5,7,Phi-3-mini-Q4,llama.cpp,finegrained_gpu_emc
2026-05-16T07:04:38.180606,GPU1224_EMC3199_CPU1036,1300,1036,3199,1224,3199,p1024_o128,1024,128,mixed,2,33.99780089966953,25.343751400987816,3253.1531900167465,128,39.346440983106945,149.231,42.637,47.078,1.1658671875,0.8577306323753108,32.279,0.399,9.96,65.8,7,Phi-3-mini-Q4,llama.cpp,finegrained_gpu_emc
2026-05-16T07:04:45.475010,GPU1224_EMC3199_CPU1036,1300,1036,3199,1224,3199,p128_o256,128,256,mixed,0,29.765472980216146,25.301116871117962,6482.494920026511,256,39.49096808531753,288.889,44.444,46.877,1.12847265625,0.8861535053255748,33.929,0.399,10.116,65.9,13,Phi-3-mini-Q4,llama.cpp,finegrained_gpu_emc
2026-05-16T07:04:51.368433,GPU1224_EMC3199_CPU1036,1300,1036,3199,1224,3199,p128_o256,128,256,mixed,1,29.376937076449394,24.87989149452879,5082.354224985465,203,39.942119540198036,220.872,44.174,46.776,1.0880394088669951,0.9190843565504002,33.689,0.439,10.046,66.0,10,Phi-3-mini-Q4,llama.cpp,finegrained_gpu_emc
2026-05-16T07:04:58.684590,GPU1224_EMC3199_CPU1036,1300,1036,3199,1224,3199,p128_o256,128,256,mixed,2,29.328678967431188,25.389904663076294,6504.709667991847,256,39.35609935977866,289.589,44.552,46.877,1.13120703125,0.884011478336539,33.991,0.43,10.132,66.1,13,Phi-3-mini-Q4,llama.cpp,finegrained_gpu_emc
2026-05-16T07:05:00.052860,GPU1224_EMC3199_CPU1036,1300,1036,3199,1224,3199,p1024_o512,1024,512,mixed,0,558.6809359956533,558.6809359956533,558.6809359956533,0,0.0,24.786,24.786,24.797,0.0,0.0,17.967,0.399,6.42,65.5,2,Phi-3-mini-Q4,llama.cpp,finegrained_gpu_emc
2026-05-16T07:05:12.480928,GPU1224_EMC3199_CPU1036,1300,1036,3199,1224,3199,p1024_o512,1024,512,mixed,1,33.67280401289463,26.558846944472055,11614.978104829788,436,37.53773757168777,522.585,45.442,47.477,1.1985894495412845,0.8343140350373622,34.347,0.624,10.471,66.2,23,Phi-3-mini-Q4,llama.cpp,finegrained_gpu_emc
2026-05-16T07:05:13.324260,GPU1224_EMC3199_CPU1036,1300,1036,3199,1224,3199,p1024_o512,1024,512,mixed,2,33.885303884744644,33.885303884744644,33.885303884744644,0,0.0,7.3,14.601,14.601,0.0,0.0,8.785,0.399,5.417,65.6,1,Phi-3-mini-Q4,llama.cpp,finegrained_gpu_emc
2026-05-16T07:05:22.002820,GPU1300_EMC204_CPU1036,1300,1036,204,1300,204,p128_o64,128,64,mixed,0,25.848770048469305,24.102178317243382,1544.5456760935485,64,41.43613296167987,78.86,39.43,46.376,1.2321875,0.8115647983768705,29.744,0.399,9.287,65.2,4,Phi-3-mini-Q4,llama.cpp,finegrained_gpu_emc
2026-05-16T07:05:24.359066,GPU1300_EMC204_CPU1036,1300,1036,204,1300,204,p128_o64,128,64,mixed,1,25.90137510560453,24.12810995213924,1546.2291580624878,64,41.39101870268415,73.856,36.928,45.776,1.154,0.8665511265164645,27.644,0.399,8.886,65.2,4,Phi-3-mini-Q4,llama.cpp,finegrained_gpu_emc
2026-05-16T07:05:26.716089,GPU1300_EMC204_CPU1036,1300,1036,204,1300,204,p128_o64,128,64,mixed,2,26.502188993617892,24.123036986335165,1546.5136710554361,64,41.38340397361147,73.756,36.878,45.776,1.1524375,0.8677260155106026,27.644,0.399,8.836,65.2,4,Phi-3-mini-Q4,llama.cpp,finegrained_gpu_emc
2026-05-16T07:05:31.154580,GPU1300_EMC204_CPU1036,1300,1036,204,1300,204,p512_o128,512,128,mixed,0,225.62087420374155,26.784542574011905,3627.7447431348264,128,35.28362910379189,162.47,40.618,45.776,1.269296875,0.7878377546623992,30.89,0.399,9.328,65.4,8,Phi-3-mini-Q4,llama.cpp,finegrained_gpu_emc
2026-05-16T07:05:35.386501,GPU1300_EMC204_CPU1036,1300,1036,204,1300,204,p512_o128,512,128,mixed,1,30.009153066202998,26.699279086649653,3421.307598007843,128,37.412596305147126,148.452,42.415,45.877,1.15978125,0.8622315630641554,32.272,0.399,9.744,65.5,7,Phi-3-mini-Q4,llama.cpp,finegrained_gpu_emc
2026-05-16T07:05:39.623656,GPU1300_EMC204_CPU1036,1300,1036,204,1300,204,p512_o128,512,128,mixed,2,30.333174159750342,26.731138148777713,3425.679352134466,128,37.36485141852111,148.853,42.529,45.877,1.1629140625,0.8599087690540331,32.272,0.456,9.802,65.5,7,Phi-3-mini-Q4,llama.cpp,finegrained_gpu_emc
2026-05-16T07:05:43.988533,GPU1300_EMC204_CPU1036,1300,1036,204,1300,204,p1024_o128,1024,128,mixed,0,336.2860959023237,25.334066322704,3554.212471935898,128,36.013603860402114,164.218,41.055,47.477,1.282953125,0.7794517044416569,31.088,0.399,9.568,65.5,8,Phi-3-mini-Q4,llama.cpp,finegrained_gpu_emc
2026-05-16T07:05:48.056231,GPU1300_EMC204_CPU1036,1300,1036,204,1300,204,p1024_o128,1024,128,mixed,1,33.810281893238425,25.37655579586198,3257.12962099351,128,39.29840531214617,149.781,42.795,47.477,1.1701640625,0.8545810216249057,32.279,0.513,10.003,65.7,7,Phi-3-mini-Q4,llama.cpp,finegrained_gpu_emc
2026-05-16T07:05:52.119416,GPU1300_EMC204_CPU1036,1300,1036,204,1300,204,p1024_o128,1024,128,mixed,2,33.993026008829474,25.34108906324337,3252.808729885146,128,39.35060762226852,149.124,42.607,46.977,1.16503125,0.8583460744078754,32.277,0.399,9.931,65.7,7,Phi-3-mini-Q4,llama.cpp,finegrained_gpu_emc
2026-05-16T07:05:59.413610,GPU1300_EMC204_CPU1036,1300,1036,204,1300,204,p128_o256,128,256,mixed,0,29.972248943522573,25.30121036038241,6482.747037895024,256,39.489432258199656,289.038,44.467,46.877,1.1290546875,0.8856966904005701,33.96,0.399,10.108,65.8,13,Phi-3-mini-Q4,llama.cpp,finegrained_gpu_emc
2026-05-16T07:06:06.722170,GPU1300_EMC204_CPU1036,1300,1036,204,1300,204,p128_o256,128,256,mixed,1,29.662464978173375,25.35829756901983,6496.970748063177,256,39.40297869992975,288.839,44.437,46.877,1.12827734375,0.8863069045385146,33.929,0.399,10.108,65.9,13,Phi-3-mini-Q4,llama.cpp,finegrained_gpu_emc
2026-05-16T07:06:14.027758,GPU1300_EMC204_CPU1036,1300,1036,204,1300,204,p128_o256,128,256,mixed,2,29.619773849844933,25.347475835359564,6494.170754915103,256,39.41996748487816,288.588,44.398,46.776,1.127296875,0.8870777717715219,33.899,0.399,10.1,66.1,13,Phi-3-mini-Q4,llama.cpp,finegrained_gpu_emc
2026-05-16T07:06:29.052674,GPU1300_EMC204_CPU1036,1300,1036,204,1300,204,p1024_o512,1024,512,mixed,0,557.8451508190483,26.767246734830305,14210.89619398117,510,35.8879547805017,630.395,45.028,47.477,1.2360686274509805,0.809016568976594,34.216,0.399,10.413,66.3,28,Phi-3-mini-Q4,llama.cpp,finegrained_gpu_emc
2026-05-16T07:06:43.578604,GPU1300_EMC204_CPU1036,1300,1036,204,1300,204,p1024_o512,1024,512,mixed,1,34.22128898091614,26.762691319149184,13711.8782219477,512,37.33988821316071,611.694,45.311,47.078,1.19471484375,0.8370198170980916,34.463,0.399,10.449,66.5,27,Phi-3-mini-Q4,llama.cpp,finegrained_gpu_emc
2026-05-16T07:06:44.422397,GPU1300_EMC204_CPU1036,1300,1036,204,1300,204,p1024_o512,1024,512,mixed,2,34.21606682240963,34.21606682240963,34.21606682240963,0,0.0,7.25,14.5,14.5,0.0,0.0,8.785,0.399,5.316,65.8,1,Phi-3-mini-Q4,llama.cpp,finegrained_gpu_emc
2026-05-16T07:06:52.556337,GPU1300_EMC665_CPU1036,1300,1036,665,1300,665,p128_o64,128,64,mixed,0,25.75696399435401,24.107158967545107,1544.7668829001486,64,41.43019940966514,78.541,39.27,46.262,1.227203125,0.8148610279981157,29.634,0.399,9.237,65.5,4,Phi-3-mini-Q4,llama.cpp,finegrained_gpu_emc
2026-05-16T07:06:54.913134,GPU1300_EMC665_CPU1036,1300,1036,665,1300,665,p128_o64,128,64,mixed,1,26.131449034437537,24.134578822653683,1546.8692670110613,64,41.37389071260303,73.998,36.999,45.762,1.15621875,0.8648882402227087,27.74,0.399,8.861,65.5,4,Phi-3-mini-Q4,llama.cpp,finegrained_gpu_emc
2026-05-16T07:06:57.269003,GPU1300_EMC665_CPU1036,1300,1036,665,1300,665,p128_o64,128,64,mixed,2,25.930558098480105,24.119770712411356,1545.7327130716294,64,41.4043123101285,74.099,37.05,45.863,1.157796875,0.8637093617997543,27.74,0.399,8.911,65.5,4,Phi-3-mini-Q4,llama.cpp,finegrained_gpu_emc
2026-05-16T07:06:58.303758,GPU1300_EMC665_CPU1036,1300,1036,665,1300,665,p512_o128,512,128,mixed,0,225.53148097358644,225.53148097358644,225.53148097358644,0,0.0,13.036,26.072,26.072,0.0,0.0,19.153,0.399,6.52,65.1,1,Phi-3-mini-Q4,llama.cpp,finegrained_gpu_emc
2026-05-16T07:07:02.544540,GPU1300_EMC665_CPU1036,1300,1036,665,1300,665,p512_o128,512,128,mixed,1,90.98105411976576,29.03523881636236,3430.5202229879797,116,33.81411344631693,146.954,41.987,45.776,1.266844827586207,0.7893626577024102,31.93,0.399,9.658,65.4,7,Phi-3-mini-Q4,llama.cpp,finegrained_gpu_emc
2026-05-16T07:07:06.774981,GPU1300_EMC665_CPU1036,1300,1036,665,1300,665,p512_o128,512,128,mixed,2,29.917983803898096,26.688634245619763,3419.8626449797302,128,37.42840379507659,148.759,42.503,45.877,1.1621796875,0.8604521407108142,32.331,0.399,9.773,65.6,7,Phi-3-mini-Q4,llama.cpp,finegrained_gpu_emc
2026-05-16T07:07:11.147274,GPU1300_EMC665_CPU1036,1300,1036,665,1300,665,p1024_o128,1024,128,mixed,0,336.317545035854,25.391515850375487,3561.5485860034823,128,35.93942267221252,163.318,40.83,46.977,1.275921875,0.7837470456410193,30.888,0.399,9.542,65.6,8,Phi-3-mini-Q4,llama.cpp,finegrained_gpu_emc
2026-05-16T07:07:15.222766,GPU1300_EMC665_CPU1036,1300,1036,665,1300,665,p1024_o128,1024,128,mixed,1,33.80221198312938,25.437593661747346,3264.8765600752085,128,39.205157574794015,148.676,42.479,46.976,1.16153125,0.860932497511367,32.049,0.456,9.974,65.8,7,Phi-3-mini-Q4,llama.cpp,finegrained_gpu_emc
2026-05-16T07:07:19.294074,GPU1300_EMC665_CPU1036,1300,1036,665,1300,665,p1024_o128,1024,128,mixed,2,33.92662201076746,25.403200047398645,3260.6308041140437,128,39.25620767567375,148.375,42.393,46.577,1.1591796875,0.8626790227464195,32.049,0.399,9.945,65.7,7,Phi-3-mini-Q4,llama.cpp,finegrained_gpu_emc
2026-05-16T07:07:26.606134,GPU1300_EMC665_CPU1036,1300,1036,665,1300,665,p128_o256,128,256,mixed,0,29.714080039411783,25.37168712154323,6500.420187134296,256,39.38206956323809,285.894,43.984,46.477,1.1167734375,0.8954367702714993,33.469,0.399,10.116,65.9,13,Phi-3-mini-Q4,llama.cpp,finegrained_gpu_emc
2026-05-16T07:07:33.930688,GPU1300_EMC665_CPU1036,1300,1036,665,1300,665,p128_o256,128,256,mixed,1,29.41603888757527,25.422830874209893,6513.17996182479,256,39.304917336918905,286.043,44.007,46.477,1.11735546875,0.8949703366277098,33.499,0.399,10.108,66.0,13,Phi-3-mini-Q4,llama.cpp,finegrained_gpu_emc
2026-05-16T07:07:41.237960,GPU1300_EMC665_CPU1036,1300,1036,665,1300,665,p128_o256,128,256,mixed,2,29.38890107907355,25.354701615687386,6495.7801511045545,256,39.41020078342234,289.124,44.481,47.276,1.129390625,0.8854332397172147,33.927,0.43,10.124,66.0,13,Phi-3-mini-Q4,llama.cpp,finegrained_gpu_emc
2026-05-16T07:07:54.819165,GPU1300_EMC665_CPU1036,1300,1036,665,1300,665,p1024_o512,1024,512,mixed,0,558.4883019328117,26.595637006542795,12767.566884867847,459,35.9504676293498,563.216,45.057,47.577,1.227050108932462,0.81496264310673,34.266,0.399,10.393,66.3,25,Phi-3-mini-Q4,llama.cpp,finegrained_gpu_emc
2026-05-16T07:08:08.372382,GPU1300_EMC665_CPU1036,1300,1036,665,1300,665,p1024_o512,1024,512,mixed,1,34.28841894492507,26.687992246527422,12739.563766866922,476,37.3639167487023,561.874,44.95,47.078,1.1804075630252102,0.8471650227631106,34.09,0.399,10.461,66.5,25,Phi-3-mini-Q4,llama.cpp,finegrained_gpu_emc
2026-05-16T07:08:19.313543,GPU1300_EMC665_CPU1036,1300,1036,665,1300,665,p1024_o512,1024,512,mixed,2,34.27539090625942,26.28190941773063,10128.21748596616,384,37.913877790645515,452.656,45.266,47.078,1.1787916666666667,0.8483263228588597,34.388,0.399,10.479,66.6,20,Phi-3-mini-Q4,llama.cpp,finegrained_gpu_emc
2026-05-16T07:08:27.440960,GPU1300_EMC2133_CPU1036,1300,1036,2133,1300,2133,p128_o64,128,64,mixed,0,25.750760920345783,24.108361859347614,1544.8344780597836,64,41.428386606427914,79.154,39.577,46.376,1.23678125,0.8085504206988908,29.84,0.399,9.338,65.7,4,Phi-3-mini-Q4,llama.cpp,finegrained_gpu_emc
2026-05-16T07:08:29.798522,GPU1300_EMC2133_CPU1036,1300,1036,2133,1300,2133,p128_o64,128,64,mixed,1,26.40990703366697,24.140162127358572,1547.5016490090638,64,41.356983393834916,74.394,37.197,45.863,1.16240625,0.8602844315401779,27.738,0.499,8.961,65.6,4,Phi-3-mini-Q4,llama.cpp,finegrained_gpu_emc
2026-05-16T07:08:32.163115,GPU1300_EMC2133_CPU1036,1300,1036,2133,1300,2133,p128_o64,128,64,mixed,2,25.919457897543907,24.25263793621626,1554.0933029260486,64,41.18156862236053,74.598,37.299,46.262,1.16559375,0.8579318480388214,27.74,0.598,8.961,65.6,4,Phi-3-mini-Q4,llama.cpp,finegrained_gpu_emc
2026-05-16T07:08:36.603763,GPU1300_EMC2133_CPU1036,1300,1036,2133,1300,2133,p512_o128,512,128,mixed,0,287.732956930995,26.731298120692372,3629.630518844351,126,34.714277209713764,162.588,40.647,45.877,1.2903809523809524,0.7749649420621448,30.831,0.399,9.417,65.8,8,Phi-3-mini-Q4,llama.cpp,finegrained_gpu_emc
2026-05-16T07:08:40.834653,GPU1300_EMC2133_CPU1036,1300,1036,2133,1300,2133,p512_o128,512,128,mixed,1,30.37966601550579,26.689011526594715,3420.3679219353944,128,37.42287465015517,148.396,42.399,45.877,1.15934375,0.8625569422356398,32.213,0.399,9.787,65.9,7,Phi-3-mini-Q4,llama.cpp,finegrained_gpu_emc
2026-05-16T07:08:45.065606,GPU1300_EMC2133_CPU1036,1300,1036,2133,1300,2133,p512_o128,512,128,mixed,2,30.03449086099863,26.692566804690507,3420.4789069481194,128,37.421660382114865,148.752,42.501,45.877,1.162125,0.8604926320318381,32.329,0.399,9.773,65.9,7,Phi-3-mini-Q4,llama.cpp,finegrained_gpu_emc
2026-05-16T07:08:49.425568,GPU1300_EMC2133_CPU1036,1300,1036,2133,1300,2133,p1024_o128,1024,128,mixed,0,335.7291021384299,25.29679650374813,3548.9264661446214,128,36.06724490379562,164.16,41.04,47.477,1.2825,0.7797270955165693,31.086,0.399,9.555,65.9,8,Phi-3-mini-Q4,llama.cpp,finegrained_gpu_emc
2026-05-16T07:08:53.486303,GPU1300_EMC2133_CPU1036,1300,1036,2133,1300,2133,p1024_o128,1024,128,mixed,1,33.934170845896006,25.32343046490367,3250.5075519438833,128,39.378465656371986,149.282,42.652,47.078,1.166265625,0.8574376013183103,32.279,0.399,9.974,66.0,7,Phi-3-mini-Q4,llama.cpp,finegrained_gpu_emc
2026-05-16T07:08:57.551004,GPU1300_EMC2133_CPU1036,1300,1036,2133,1300,2133,p1024_o128,1024,128,mixed,2,33.87890802696347,25.35423940032955,3254.381407983601,128,39.33159146189573,149.123,42.607,46.977,1.1650234375,0.8583518303682196,32.277,0.399,9.931,66.0,7,Phi-3-mini-Q4,llama.cpp,finegrained_gpu_emc
2026-05-16T07:09:03.075653,GPU1300_EMC2133_CPU1036,1300,1036,2133,1300,2133,p128_o256,128,256,mixed,0,29.921018052846193,24.63386645515957,4712.753063999116,190,40.31613738717111,215.272,43.054,46.877,1.1330105263157895,0.8826043331227471,32.771,0.399,9.884,66.1,10,Phi-3-mini-Q4,llama.cpp,finegrained_gpu_emc
2026-05-16T07:09:10.386953,GPU1300_EMC2133_CPU1036,1300,1036,2133,1300,2133,p128_o256,128,256,mixed,1,29.63132900185883,25.369281219501122,6499.801687896252,256,39.385817028343496,289.326,44.512,46.877,1.1301796875,0.8848150529160876,33.958,0.399,10.155,66.2,13,Phi-3-mini-Q4,llama.cpp,finegrained_gpu_emc
2026-05-16T07:09:17.696202,GPU1300_EMC2133_CPU1036,1300,1036,2133,1300,2133,p128_o256,128,256,mixed,2,29.42663081921637,25.362091968931697,6497.716916026548,256,39.39845384285345,289.338,44.514,46.877,1.1302265625,0.8847783561094636,33.96,0.43,10.124,66.3,13,Phi-3-mini-Q4,llama.cpp,finegrained_gpu_emc
2026-05-16T07:09:19.064169,GPU1300_EMC2133_CPU1036,1300,1036,2133,1300,2133,p1024_o512,1024,512,mixed,0,558.2115249708295,558.2115249708295,558.2115249708295,0,0.0,24.732,24.732,24.768,0.0,0.0,17.964,0.399,6.37,65.7,2,Phi-3-mini-Q4,llama.cpp,finegrained_gpu_emc
2026-05-16T07:09:33.586962,GPU1300_EMC2133_CPU1036,1300,1036,2133,1300,2133,p1024_o512,1024,512,mixed,1,33.94116903655231,26.7574985929876,13708.956837886944,512,37.347845357934474,611.69,45.31,47.477,1.19470703125,0.8370252905883698,34.403,0.429,10.479,66.4,27,Phi-3-mini-Q4,llama.cpp,finegrained_gpu_emc
2026-05-16T07:09:44.003758,GPU1300_EMC2133_CPU1036,1300,1036,2133,1300,2133,p1024_o512,1024,512,mixed,2,34.57986400462687,26.213317722527332,9604.307844070718,365,38.003779754449994,431.049,45.374,47.078,1.1809561643835615,0.8467714807365289,34.431,0.462,10.48,66.6,19,Phi-3-mini-Q4,llama.cpp,finegrained_gpu_emc
2026-05-16T07:09:52.119774,GPU1300_EMC3199_CPU1036,1300,1036,3199,1300,3199,p128_o64,128,64,mixed,0,26.17011801339686,24.088175716026434,1544.0072261262685,64,41.45058320780559,79.142,39.571,46.362,1.23659375,0.8086730181193299,29.834,0.399,9.338,65.7,4,Phi-3-mini-Q4,llama.cpp,finegrained_gpu_emc
2026-05-16T07:09:54.477467,GPU1300_EMC3199_CPU1036,1300,1036,3199,1300,3199,p128_o64,128,64,mixed,1,26.508633978664875,24.141166000700895,1547.6599719841033,64,41.352752644983035,74.106,37.053,45.877,1.15790625,0.8636277764283594,27.743,0.399,8.911,65.7,4,Phi-3-mini-Q4,llama.cpp,finegrained_gpu_emc
2026-05-16T07:09:56.834327,GPU1300_EMC3199_CPU1036,1300,1036,3199,1300,3199,p128_o64,128,64,mixed,2,26.073160115629435,24.136349906228364,1546.92223505117,64,41.37247403253142,73.757,36.878,45.977,1.152453125,0.8677142508507667,27.544,0.399,8.936,65.7,4,Phi-3-mini-Q4,llama.cpp,finegrained_gpu_emc
2026-05-16T07:10:01.274005,GPU1300_EMC3199_CPU1036,1300,1036,3199,1300,3199,p512_o128,512,128,mixed,0,225.64858803525567,26.79572514932984,3629.194658016786,128,35.269532792144865,162.692,40.673,45.877,1.27103125,0.7867627172817347,30.882,0.399,9.392,65.8,8,Phi-3-mini-Q4,llama.cpp,finegrained_gpu_emc
2026-05-16T07:10:05.505489,GPU1300_EMC3199_CPU1036,1300,1036,3199,1300,3199,p512_o128,512,128,mixed,1,30.379289062693715,26.693479471480636,3420.9450220223516,128,37.416561557113404,148.389,42.397,45.877,1.1592890625,0.8625976318999387,32.211,0.399,9.787,65.9,7,Phi-3-mini-Q4,llama.cpp,finegrained_gpu_emc
2026-05-16T07:10:09.741720,GPU1300_EMC3199_CPU1036,1300,1036,3199,1300,3199,p512_o128,512,128,mixed,2,29.96630989946425,26.733585519672143,3425.627078860998,128,37.365421586566654,148.944,42.556,45.877,1.163625,0.8593833924159416,32.384,0.399,9.773,65.9,7,Phi-3-mini-Q4,llama.cpp,finegrained_gpu_emc
2026-05-16T07:10:14.107908,GPU1300_EMC3199_CPU1036,1300,1036,3199,1300,3199,p1024_o128,1024,128,mixed,0,336.6652871482074,25.34036026666249,3555.393041111529,128,36.0016455339585,164.174,41.043,47.462,1.282609375,0.7796606039933242,31.077,0.399,9.567,65.9,8,Phi-3-mini-Q4,llama.cpp,finegrained_gpu_emc
2026-05-16T07:10:18.173312,GPU1300_EMC3199_CPU1036,1300,1036,3199,1300,3199,p1024_o128,1024,128,mixed,1,34.227926982566714,25.35473675591739,3254.7788058873266,128,39.32678920253209,149.424,42.693,47.178,1.167375,0.8566227647499732,32.277,0.399,10.017,66.0,7,Phi-3-mini-Q4,llama.cpp,finegrained_gpu_emc
2026-05-16T07:10:22.244286,GPU1300_EMC3199_CPU1036,1300,1036,3199,1300,3199,p1024_o128,1024,128,mixed,2,34.06335413455963,25.399982896230117,3260.3723329957575,128,39.259319772962435,149.252,42.643,47.063,1.16603125,0.8576099482753999,32.271,0.399,9.974,66.0,7,Phi-3-mini-Q4,llama.cpp,finegrained_gpu_emc
2026-05-16T07:10:29.546594,GPU1300_EMC3199_CPU1036,1300,1036,3199,1300,3199,p128_o256,128,256,mixed,0,29.84061394818127,25.33374969737933,6490.880451863632,256,39.43994992643848,288.622,44.403,46.776,1.1274296875,0.8869732730006721,33.927,0.399,10.077,66.2,13,Phi-3-mini-Q4,llama.cpp,finegrained_gpu_emc
2026-05-16T07:10:36.859407,GPU1300_EMC3199_CPU1036,1300,1036,3199,1300,3199,p128_o256,128,256,mixed,1,29.678056947886944,25.375424470642912,6501.368352910504,256,39.37632604456184,288.68,44.412,46.776,1.12765625,0.8867950672024386,33.928,0.399,10.085,66.3,13,Phi-3-mini-Q4,llama.cpp,finegrained_gpu_emc
2026-05-16T07:10:44.177927,GPU1300_EMC3199_CPU1036,1300,1036,3199,1300,3199,p128_o256,128,256,mixed,2,29.669640120118856,25.398108203365815,6507.13718496263,256,39.34141738883137,289.638,44.56,47.276,1.1313984375,0.8838619241950297,33.899,0.522,10.139,66.4,13,Phi-3-mini-Q4,llama.cpp,finegrained_gpu_emc
2026-05-16T07:10:59.100125,GPU1300_EMC3199_CPU1036,1300,1036,3199,1300,3199,p1024_o512,1024,512,mixed,0,558.1801969092339,26.77583348116662,14108.39995695278,506,35.86515845481382,629.004,44.929,47.577,1.243090909090909,0.8044463946175223,34.157,0.413,10.359,66.5,28,Phi-3-mini-Q4,llama.cpp,finegrained_gpu_emc
2026-05-16T07:11:13.640699,GPU1300_EMC3199_CPU1036,1300,1036,3199,1300,3199,p1024_o512,1024,512,mixed,1,34.08004716038704,26.791550722082533,13726.518273120746,512,37.30006326532183,612.442,45.366,47.078,1.19617578125,0.8359975311947907,34.374,0.473,10.52,66.8,27,Phi-3-mini-Q4,llama.cpp,finegrained_gpu_emc
2026-05-16T07:11:14.483907,GPU1300_EMC3199_CPU1036,1300,1036,3199,1300,3199,p1024_o512,1024,512,mixed,2,33.933615777641535,33.933615777641535,33.933615777641535,0,0.0,7.3,14.601,14.601,0.0,0.0,8.785,0.399,5.417,66.1,1,Phi-3-mini-Q4,llama.cpp,finegrained_gpu_emc
