timestamp,config_name,gpu_freq_mhz,cpu_freq_mhz,emc_freq_mhz,target_gpu_mhz,target_emc_mhz,workload,prompt_length,output_length,phase,repeat,ttft_ms,tpot_ms,total_time_ms,output_tokens,tokens_per_second,total_energy_j,avg_power_w,max_power_w,energy_per_token_j,tokens_per_joule,avg_gpu_soc_w,avg_cpu_cv_w,avg_sys_5v0_w,avg_temp_cpu_c,power_samples,model,runtime,experiment
2026-06-03T07:11:54.267436,GPU306_CPU1036,306,1036,3199,306,3199,p64_o64,64,64,decode,0,135.5065950192511,133.02174449292204,8516.147626098245,64,7.515135106849036,146.158,17.195,18.006,2.28371875,0.43788229176644455,9.302,0.422,7.471,49.4,17,Meta-Llama-3.1-8B-Instruct-Q4_K_M,llama.cpp,finegrained_gpu_emc
2026-06-03T07:12:03.595632,GPU306_CPU1036,306,1036,3199,306,3199,p64_o64,64,64,decode,1,135.68134198430926,133.02165618912863,8516.31792995613,64,7.514984824002417,145.795,17.152,18.006,2.278046875,0.438972529922151,9.253,0.446,7.453,49.6,17,Meta-Llama-3.1-8B-Instruct-Q4_K_M,llama.cpp,finegrained_gpu_emc
2026-06-03T07:12:12.925887,GPU306_CPU1036,306,1036,3199,306,3199,p64_o64,64,64,decode,2,135.89359109755605,133.0504915381353,8518.349430058151,64,7.513192611489653,144.11,16.954,17.607,2.25171875,0.4441051974186385,9.114,0.422,7.418,49.8,17,Meta-Llama-3.1-8B-Instruct-Q4_K_M,llama.cpp,finegrained_gpu_emc
2026-06-03T07:12:30.793867,GPU306_CPU1036,306,1036,3199,306,3199,p128_o128,128,128,decode,0,135.547999991104,133.2066253306139,17053.28085902147,128,7.505887052360712,291.799,17.165,18.006,2.2796796875,0.43865811740273275,9.277,0.434,7.453,50.1,34,Meta-Llama-3.1-8B-Instruct-Q4_K_M,llama.cpp,finegrained_gpu_emc
2026-06-03T07:12:48.650607,GPU306_CPU1036,306,1036,3199,306,3199,p128_o128,128,128,decode,1,135.37491497118026,133.1185386616986,17041.923646931536,128,7.5108891843349435,292.956,17.233,18.006,2.28871875,0.43692568167233303,9.325,0.434,7.474,50.5,34,Meta-Llama-3.1-8B-Instruct-Q4_K_M,llama.cpp,finegrained_gpu_emc
2026-06-03T07:13:06.508628,GPU306_CPU1036,306,1036,3199,306,3199,p128_o128,128,128,decode,2,135.91470604296774,133.12578573181315,17043.386216042563,128,7.510244641379799,294.748,17.338,18.905,2.30271875,0.4342692740917665,9.359,0.493,7.486,50.9,34,Meta-Llama-3.1-8B-Instruct-Q4_K_M,llama.cpp,finegrained_gpu_emc
2026-06-03T07:14:05.986131,GPU306_CPU1036,306,1036,3199,306,3199,p128_o512,128,512,decode,0,135.50997897982597,137.66792627108583,58651.07647993136,425,7.246243811832205,989.049,17.201,18.006,2.3271741176470586,0.4297057071995422,9.299,0.406,7.496,51.5,115,Meta-Llama-3.1-8B-Instruct-Q4_K_M,llama.cpp,finegrained_gpu_emc
2026-06-03T07:15:17.934474,GPU306_CPU1036,306,1036,3199,306,3199,p128_o512,128,512,decode,1,142.35368894878775,138.89100331309163,71117.6071439404,512,7.199342336753875,1198.018,17.238,18.905,2.33987890625,0.427372543651264,9.302,0.431,7.505,52.3,139,Meta-Llama-3.1-8B-Instruct-Q4_K_M,llama.cpp,finegrained_gpu_emc
2026-06-03T07:16:29.816853,GPU306_CPU1036,306,1036,3199,306,3199,p128_o512,128,512,decode,2,142.3574920045212,138.76309403315835,71052.28325491771,512,7.205961251985005,1200.644,17.275,18.018,2.3450078125,0.42643781170771683,9.315,0.425,7.535,53.0,139,Meta-Llama-3.1-8B-Instruct-Q4_K_M,llama.cpp,finegrained_gpu_emc
2026-06-03T07:17:04.977452,GPU306_CPU1036,306,1036,3199,306,3199,p256_o256,256,256,decode,0,141.33226696867496,134.1131180981357,34341.15407301579,256,7.454612604331689,589.878,17.608,19.501,2.3042109375,0.43398804498557325,9.487,0.5,7.621,53.4,67,Meta-Llama-3.1-8B-Instruct-Q4_K_M,llama.cpp,finegrained_gpu_emc
2026-06-03T07:17:40.133494,GPU306_CPU1036,306,1036,3199,306,3199,p256_o256,256,256,decode,1,140.67904697731137,134.0967416115032,34336.354159982875,256,7.455654692027666,588.374,17.563,18.118,2.2983359375,0.4350974040321292,9.482,0.435,7.646,53.7,67,Meta-Llama-3.1-8B-Instruct-Q4_K_M,llama.cpp,finegrained_gpu_emc
2026-06-03T07:18:15.281562,GPU306_CPU1036,306,1036,3199,306,3199,p256_o256,256,256,decode,2,140.73956897482276,134.06503173321778,34328.32974998746,256,7.457397486695184,588.884,17.579,18.118,2.300328125,0.4347205901332011,9.476,0.441,7.662,53.9,67,Meta-Llama-3.1-8B-Instruct-Q4_K_M,llama.cpp,finegrained_gpu_emc
2026-06-03T07:18:33.180179,GPU306_CPU1036,306,1036,3199,306,3199,p512_o128,512,128,decode,0,140.60090004932135,133.40601822779345,17083.70034303516,128,7.492521961273115,296.178,17.422,18.118,2.313890625,0.4321725448885468,9.372,0.434,7.616,54.0,34,Meta-Llama-3.1-8B-Instruct-Q4_K_M,llama.cpp,finegrained_gpu_emc
2026-06-03T07:18:51.070389,GPU306_CPU1036,306,1036,3199,306,3199,p512_o128,512,128,decode,1,135.18579094670713,133.38052332272943,17075.00978198368,128,7.496335383365716,296.086,17.417,18.118,2.313171875,0.43230682977243096,9.372,0.411,7.634,54.1,34,Meta-Llama-3.1-8B-Instruct-Q4_K_M,llama.cpp,finegrained_gpu_emc
2026-06-03T07:19:08.962110,GPU306_CPU1036,306,1036,3199,306,3199,p512_o128,512,128,decode,2,135.06977597717196,133.39577307906296,17076.828276971355,128,7.495537105834346,296.23,17.425,17.719,2.314296875,0.43209668163251524,9.371,0.422,7.631,54.2,34,Meta-Llama-3.1-8B-Instruct-Q4_K_M,llama.cpp,finegrained_gpu_emc
2026-06-03T07:20:20.828708,GPU306_CPU1036,306,1036,3199,306,3199,p512_o512,512,512,decode,0,135.30582003295422,138.74552552036963,71036.2583840033,512,7.20758682463627,1198.716,17.373,18.118,2.3412421875,0.42712368901391157,9.338,0.425,7.61,54.5,138,Meta-Llama-3.1-8B-Instruct-Q4_K_M,llama.cpp,finegrained_gpu_emc
2026-06-03T07:21:32.749724,GPU306_CPU1036,306,1036,3199,306,3199,p512_o512,512,512,decode,1,142.15570292435586,138.83904141689234,71090.86279198527,512,7.2020507262393565,1205.605,17.347,18.118,2.354697265625,0.42468304295353787,9.32,0.425,7.602,54.8,139,Meta-Llama-3.1-8B-Instruct-Q4_K_M,llama.cpp,finegrained_gpu_emc
2026-06-03T07:22:44.641637,GPU306_CPU1036,306,1036,3199,306,3199,p512_o512,512,512,decode,2,142.86717702634633,138.78124005479262,71062.03524000011,512,7.204972363524431,1206.045,17.353,18.118,2.355556640625,0.4245281063310241,9.32,0.428,7.606,55.1,139,Meta-Llama-3.1-8B-Instruct-Q4_K_M,llama.cpp,finegrained_gpu_emc
2026-06-03T07:25:07.377724,GPU306_CPU1036,306,1036,3199,306,3199,p512_o1024,512,1024,decode,0,142.196586006321,138.55388560703338,141886.8194000097,1024,7.2170199059372955,2401.338,17.401,18.219,2.345056640625,0.4264289325367774,9.318,0.435,7.647,55.3,276,Meta-Llama-3.1-8B-Instruct-Q4_K_M,llama.cpp,finegrained_gpu_emc
2026-06-03T07:27:30.086422,GPU306_CPU1036,306,1036,3199,306,3199,p512_o1024,512,1024,decode,1,142.15514599345624,138.52697554058537,141859.24380400684,1024,7.2184228009474065,2403.985,17.42,19.005,2.3476416015625,0.4259593965852532,9.337,0.434,7.65,55.6,276,Meta-Llama-3.1-8B-Instruct-Q4_K_M,llama.cpp,finegrained_gpu_emc
2026-06-03T07:29:52.811998,GPU306_CPU1036,306,1036,3199,306,3199,p512_o1024,512,1024,decode,2,142.90145505219698,138.54209069794868,141875.79175608698,1024,7.217580866512181,2403.174,17.414,18.118,2.346849609375,0.4261031452570642,9.333,0.431,7.65,55.7,276,Meta-Llama-3.1-8B-Instruct-Q4_K_M,llama.cpp,finegrained_gpu_emc
2026-06-03T07:30:10.718148,GPU306_CPU1036,306,1036,3199,306,3199,p1024_o128,1024,128,decode,0,143.20199098438025,133.44831449643334,17091.63395303767,128,7.48904407569826,296.526,17.443,18.118,2.316609375,0.43166535143629897,9.383,0.422,7.638,55.8,34,Meta-Llama-3.1-8B-Instruct-Q4_K_M,llama.cpp,finegrained_gpu_emc
2026-06-03T07:30:28.605653,GPU306_CPU1036,306,1036,3199,306,3199,p1024_o128,1024,128,decode,1,135.9240310266614,133.3598706607274,17073.11281003058,128,7.497168291701268,296.488,17.44,18.118,2.3163125,0.43172067672216075,9.36,0.446,7.635,55.8,34,Meta-Llama-3.1-8B-Instruct-Q4_K_M,llama.cpp,finegrained_gpu_emc
2026-06-03T07:30:46.494503,GPU306_CPU1036,306,1036,3199,306,3199,p1024_o128,1024,128,decode,2,135.90465893503278,133.36750418937757,17074.075568001717,128,7.496745547962958,297.126,17.478,18.219,2.321296875,0.4307936700255111,9.371,0.469,7.637,55.8,34,Meta-Llama-3.1-8B-Instruct-Q4_K_M,llama.cpp,finegrained_gpu_emc
2026-06-03T07:31:58.369763,GPU306_CPU1036,306,1036,3199,306,3199,p1024_o512,1024,512,decode,0,135.76464995276183,138.7627140763298,71045.48356099986,512,7.206650927506114,1200.412,17.397,18.219,2.3445546875,0.4265202280550344,9.341,0.431,7.625,55.8,138,Meta-Llama-3.1-8B-Instruct-Q4_K_M,llama.cpp,finegrained_gpu_emc
2026-06-03T07:33:10.252455,GPU306_CPU1036,306,1036,3199,306,3199,p1024_o512,1024,512,decode,1,142.35232304781675,138.76378001944104,71052.60633002035,512,7.205928486590582,1205.604,17.347,18.219,2.3546953125,0.42468339521103116,9.312,0.425,7.61,55.8,139,Meta-Llama-3.1-8B-Instruct-Q4_K_M,llama.cpp,finegrained_gpu_emc
2026-06-03T07:34:22.158820,GPU306_CPU1036,306,1036,3199,306,3199,p1024_o512,1024,512,decode,2,142.10191904567182,138.81168027391107,71076.83919603005,512,7.203471704585836,1205.534,17.346,18.219,2.35455859375,0.42470805468779804,9.311,0.425,7.61,55.8,139,Meta-Llama-3.1-8B-Instruct-Q4_K_M,llama.cpp,finegrained_gpu_emc
2026-06-03T07:36:44.920672,GPU306_CPU1036,306,1036,3199,306,3199,p1024_o1024,1024,1024,decode,0,141.62765501532704,138.57933412019696,141912.32069802936,1024,7.215723025056693,2392.751,17.339,18.118,2.3366708984375,0.4279592820147186,9.258,0.432,7.649,55.8,276,Meta-Llama-3.1-8B-Instruct-Q4_K_M,llama.cpp,finegrained_gpu_emc
2026-06-03T07:39:07.699137,GPU306_CPU1036,306,1036,3199,306,3199,p1024_o1024,1024,1024,decode,1,142.8216160275042,138.59437054051824,141928.89131593984,1024,7.214880568048205,2394.863,17.354,18.215,2.3387333984375,0.42758187002763837,9.253,0.439,7.662,56.0,276,Meta-Llama-3.1-8B-Instruct-Q4_K_M,llama.cpp,finegrained_gpu_emc
2026-06-03T07:41:30.470474,GPU306_CPU1036,306,1036,3199,306,3199,p1024_o1024,1024,1024,decode,2,143.31224898342043,138.58381638320242,141918.58373302966,1024,7.215404586662864,2387.888,17.304,18.215,2.331921875,0.4288308329368882,9.216,0.429,7.659,56.0,276,Meta-Llama-3.1-8B-Instruct-Q4_K_M,llama.cpp,finegrained_gpu_emc
2026-06-03T07:41:48.373363,GPU306_CPU1036,306,1036,3199,306,3199,p2048_o128,2048,128,decode,0,141.71331096440554,133.4321240163005,17088.081656955183,128,7.4906009094298485,296.278,17.428,18.215,2.314671875,0.4320266776473447,9.36,0.422,7.646,55.9,34,Meta-Llama-3.1-8B-Instruct-Q4_K_M,llama.cpp,finegrained_gpu_emc
2026-06-03T07:42:06.263080,GPU306_CPU1036,306,1036,3199,306,3199,p2048_o128,2048,128,decode,1,134.86419792752713,133.38172629908254,17074.84240201302,128,7.496408867873919,296.076,17.416,17.816,2.31309375,0.43232143098393655,9.371,0.399,7.646,55.9,34,Meta-Llama-3.1-8B-Instruct-Q4_K_M,llama.cpp,finegrained_gpu_emc
2026-06-03T07:42:24.148942,GPU306_CPU1036,306,1036,3199,306,3199,p2048_o128,2048,128,decode,2,135.10630000382662,133.3526867793829,17071.386661031283,128,7.497926357217634,297.042,17.473,18.118,2.320640625,0.43091549343190527,9.395,0.434,7.644,55.8,34,Meta-Llama-3.1-8B-Instruct-Q4_K_M,llama.cpp,finegrained_gpu_emc
2026-06-03T07:43:36.014680,GPU306_CPU1036,306,1036,3199,306,3199,p2048_o512,2048,512,decode,0,134.92703798692673,138.74560916830956,71035.86690605152,512,7.207626545575146,1207.422,17.373,18.219,2.35824609375,0.4240439548061904,9.315,0.442,7.616,55.8,139,Meta-Llama-3.1-8B-Instruct-Q4_K_M,llama.cpp,finegrained_gpu_emc
2026-06-03T07:44:47.906796,GPU306_CPU1036,306,1036,3199,306,3199,p2048_o512,2048,512,decode,1,141.35736203752458,138.7833018375765,71061.56074395403,512,7.205020472950438,1206.7,17.363,18.118,2.3568359375,0.424297671335046,9.319,0.436,7.607,55.6,139,Meta-Llama-3.1-8B-Instruct-Q4_K_M,llama.cpp,finegrained_gpu_emc
2026-06-03T07:45:59.794331,GPU306_CPU1036,306,1036,3199,306,3199,p2048_o512,2048,512,decode,2,141.2807130254805,138.77562246761065,71057.55526502617,512,7.205426616358716,1205.609,17.347,18.118,2.354705078125,0.42468163392940833,9.316,0.425,7.606,55.4,139,Meta-Llama-3.1-8B-Instruct-Q4_K_M,llama.cpp,finegrained_gpu_emc
2026-06-03T07:46:09.264070,GPU306_CPU1036,306,1036,3199,306,3199,p64_o64,64,64,mixed,0,252.70513503346592,133.4057010152185,8657.534435973503,64,7.392404901569817,146.632,17.251,17.719,2.291125,0.4364668012439304,9.255,0.422,7.573,55.3,17,Meta-Llama-3.1-8B-Instruct-Q4_K_M,llama.cpp,finegrained_gpu_emc
2026-06-03T07:46:18.601932,GPU306_CPU1036,306,1036,3199,306,3199,p64_o64,64,64,mixed,1,134.76624200120568,133.18277988767636,8525.545943994075,64,7.50685063694784,147.349,17.335,18.118,2.302328125,0.4343429544822157,9.302,0.422,7.611,55.3,17,Meta-Llama-3.1-8B-Instruct-Q4_K_M,llama.cpp,finegrained_gpu_emc
2026-06-03T07:46:27.943947,GPU306_CPU1036,306,1036,3199,306,3199,p64_o64,64,64,mixed,2,135.09285799227655,133.24906190465543,8530.044518993236,64,7.502891673952675,147.1,17.306,17.719,2.2984375,0.43507817811012917,9.302,0.399,7.605,55.2,17,Meta-Llama-3.1-8B-Instruct-Q4_K_M,llama.cpp,finegrained_gpu_emc
2026-06-03T07:46:46.012216,GPU306_CPU1036,306,1036,3199,306,3199,p128_o128,128,128,mixed,0,305.93294103164226,133.44153992127715,17253.540402045473,128,7.41876722210736,296.999,17.471,18.118,2.3203046875,0.430977882080411,9.408,0.422,7.64,55.3,34,Meta-Llama-3.1-8B-Instruct-Q4_K_M,llama.cpp,finegrained_gpu_emc
2026-06-03T07:47:03.902179,GPU306_CPU1036,306,1036,3199,306,3199,p128_o128,128,128,mixed,1,134.78038203902543,133.3863843465224,17075.343886041082,128,7.4961887066086375,296.256,17.427,17.719,2.3145,0.43205875999135884,9.384,0.411,7.632,55.2,34,Meta-Llama-3.1-8B-Instruct-Q4_K_M,llama.cpp,finegrained_gpu_emc
2026-06-03T07:47:21.792528,GPU306_CPU1036,306,1036,3199,306,3199,p128_o128,128,128,mixed,2,134.75647696759552,133.3912101896905,17075.93202998396,128,7.495930516427585,296.303,17.43,18.118,2.3148671875,0.43199022622113176,9.384,0.411,7.635,55.2,34,Meta-Llama-3.1-8B-Instruct-Q4_K_M,llama.cpp,finegrained_gpu_emc
2026-06-03T07:48:33.667349,GPU306_CPU1036,306,1036,3199,306,3199,p128_o512,128,512,mixed,0,134.94888704735786,138.7629965304282,71044.81766407844,512,7.206718474820952,1207.527,17.374,19.005,2.358451171875,0.4240070822432956,9.317,0.445,7.613,55.2,139,Meta-Llama-3.1-8B-Instruct-Q4_K_M,llama.cpp,finegrained_gpu_emc
2026-06-03T07:49:45.585444,GPU306_CPU1036,306,1036,3199,306,3199,p128_o512,128,512,mixed,1,141.53239398729056,138.83442539924943,71087.90362696163,512,7.202350524876258,1217.22,17.514,18.619,2.3773828125,0.42063061730829265,9.325,0.56,7.629,55.4,139,Meta-Llama-3.1-8B-Instruct-Q4_K_M,llama.cpp,finegrained_gpu_emc
2026-06-03T07:50:57.590043,GPU306_CPU1036,306,1036,3199,306,3199,p128_o512,128,512,mixed,2,141.536133014597,139.0030073619825,71174.03233307414,512,7.1936348583425245,1251.367,18.005,19.106,2.444076171875,0.4091525507704774,9.34,0.948,7.718,55.6,139,Meta-Llama-3.1-8B-Instruct-Q4_K_M,llama.cpp,finegrained_gpu_emc
2026-06-03T07:51:34.515699,GPU306_CPU1036,306,1036,3199,306,3199,p256_o256,256,256,mixed,0,463.72313401661813,139.76730120770048,36105.356846004725,256,7.0903606102518815,613.126,17.271,18.219,2.3950234375,0.41753244846899334,9.202,0.511,7.558,55.5,71,Meta-Llama-3.1-8B-Instruct-Q4_K_M,llama.cpp,finegrained_gpu_emc
2026-06-03T07:52:11.095616,GPU306_CPU1036,306,1036,3199,306,3199,p256_o256,256,256,mixed,1,140.84021002054214,139.6786080705294,35759.942416101694,256,7.158848216845294,603.365,17.239,18.118,2.35689453125,0.42428712305155253,9.242,0.422,7.575,55.5,70,Meta-Llama-3.1-8B-Instruct-Q4_K_M,llama.cpp,finegrained_gpu_emc
2026-06-03T07:52:47.664365,GPU306_CPU1036,306,1036,3199,306,3199,p256_o256,256,256,mixed,2,140.87251503951848,139.635121313782,35748.80695808679,256,7.161078138919259,602.625,17.218,18.114,2.35400390625,0.4248081310931342,9.23,0.416,7.572,55.5,70,Meta-Llama-3.1-8B-Instruct-Q4_K_M,llama.cpp,finegrained_gpu_emc
2026-06-03T07:53:07.494371,GPU306_CPU1036,306,1036,3199,306,3199,p512_o128,512,128,mixed,0,906.7944589769468,142.57620665424423,19014.48573207017,128,6.7317098029168845,326.557,17.187,18.602,2.5512265625,0.3919683240598119,8.952,0.767,7.468,55.6,38,Meta-Llama-3.1-8B-Instruct-Q4_K_M,llama.cpp,finegrained_gpu_emc
2026-06-03T07:53:26.547672,GPU306_CPU1036,306,1036,3199,306,3199,p512_o128,512,128,mixed,1,144.29133699741215,142.46833438556055,18238.27656195499,128,7.018206987112355,319.062,17.726,18.602,2.492671875,0.401175946994628,9.085,1.02,7.621,55.7,36,Meta-Llama-3.1-8B-Instruct-Q4_K_M,llama.cpp,finegrained_gpu_emc
2026-06-03T07:53:45.603060,GPU306_CPU1036,306,1036,3199,306,3199,p512_o128,512,128,mixed,2,144.3376300157979,142.48311865385475,18240.19981897436,128,7.0174669833851295,321.611,17.867,18.606,2.5125859375,0.3979963371899593,9.085,1.142,7.64,55.8,36,Meta-Llama-3.1-8B-Instruct-Q4_K_M,llama.cpp,finegrained_gpu_emc
2026-06-03T07:54:57.069314,GPU306_CPU1036,306,1036,3199,306,3199,p512_o512,512,512,mixed,0,144.25499900244176,137.944896937368,70636.05131302029,512,7.248423297773207,1260.301,18.265,19.301,2.461525390625,0.4062521572227587,9.358,1.113,7.794,56.0,138,Meta-Llama-3.1-8B-Instruct-Q4_K_M,llama.cpp,finegrained_gpu_emc
2026-06-03T07:56:08.443012,GPU306_CPU1036,306,1036,3199,306,3199,p512_o512,512,512,mixed,1,151.80206298828125,137.74885329961916,70543.4227490332,512,7.257940996448418,1202.272,17.424,18.215,2.3481875,0.4258603710308483,9.32,0.437,7.668,55.9,138,Meta-Llama-3.1-8B-Instruct-Q4_K_M,llama.cpp,finegrained_gpu_emc
2026-06-03T07:57:19.799497,GPU306_CPU1036,306,1036,3199,306,3199,p512_o512,512,512,mixed,2,151.7513330327347,137.7160338709521,70526.63797501009,512,7.259668328177198,1202.356,17.425,18.905,2.3483515625,0.4258306192176028,9.318,0.448,7.659,55.9,138,Meta-Llama-3.1-8B-Instruct-Q4_K_M,llama.cpp,finegrained_gpu_emc
2026-06-03T07:59:43.221099,GPU306_CPU1036,306,1036,3199,306,3199,p512_o1024,512,1024,mixed,0,151.836700970307,139.2133371974592,142571.13478600513,1024,7.182379529608096,2408.732,17.329,18.215,2.35227734375,0.4251199386233089,9.253,0.423,7.653,56.0,278,Meta-Llama-3.1-8B-Instruct-Q4_K_M,llama.cpp,finegrained_gpu_emc
2026-06-03T08:02:06.670832,GPU306_CPU1036,306,1036,3199,306,3199,p512_o1024,512,1024,mixed,1,151.9002430140972,139.24157404591614,142600.05087102763,1024,7.1809231044815025,2406.156,17.373,18.219,2.34976171875,0.42557506662078437,9.258,0.442,7.673,56.0,277,Meta-Llama-3.1-8B-Instruct-Q4_K_M,llama.cpp,finegrained_gpu_emc
2026-06-03T08:04:30.136761,GPU306_CPU1036,306,1036,3199,306,3199,p512_o1024,512,1024,mixed,2,151.30331099499017,139.25816306836614,142616.46392394323,1024,7.180096686074722,2446.136,17.662,18.219,2.3888046875,0.4186194062799452,9.497,0.436,7.728,56.1,277,Meta-Llama-3.1-8B-Instruct-Q4_K_M,llama.cpp,finegrained_gpu_emc
2026-06-03T08:04:49.873580,GPU306_CPU1036,306,1036,3199,306,3199,p1024_o128,1024,128,mixed,0,1851.6444379929453,134.40486933856351,18921.57458991278,128,6.7647647077023745,328.162,17.739,18.703,2.563765625,0.3900512551727501,9.656,0.431,7.651,56.0,37,Meta-Llama-3.1-8B-Instruct-Q4_K_M,llama.cpp,finegrained_gpu_emc
2026-06-03T08:05:07.897743,GPU306_CPU1036,306,1036,3199,306,3199,p1024_o128,1024,128,mixed,1,141.83105493430048,134.38829076366397,17209.6633448964,128,7.437681809037767,301.254,17.721,18.316,2.353546875,0.4248906238589363,9.522,0.411,7.788,56.0,34,Meta-Llama-3.1-8B-Instruct-Q4_K_M,llama.cpp,finegrained_gpu_emc
2026-06-03T08:05:25.918851,GPU306_CPU1036,306,1036,3199,306,3199,p1024_o128,1024,128,mixed,2,141.8970039812848,134.36278043311148,17206.48237899877,128,7.439056814786811,302.68,17.805,18.719,2.3646875,0.422888859521607,9.582,0.422,7.8,56.1,34,Meta-Llama-3.1-8B-Instruct-Q4_K_M,llama.cpp,finegrained_gpu_emc
2026-06-03T08:06:36.934175,GPU306_CPU1036,306,1036,3199,306,3199,p1024_o512,1024,512,mixed,0,141.66338206268847,137.06841781018247,70185.60944800265,512,7.2949427101479785,1223.026,17.854,18.719,2.38872265625,0.4186337821109281,9.628,0.422,7.805,56.1,137,Meta-Llama-3.1-8B-Instruct-Q4_K_M,llama.cpp,finegrained_gpu_emc
2026-06-03T08:07:47.910192,GPU306_CPU1036,306,1036,3199,306,3199,p1024_o512,1024,512,mixed,1,142.4566040514037,136.99023220929593,70146.43114502542,512,7.299017093848396,1219.112,17.797,18.32,2.381078125,0.4199778199213854,9.568,0.431,7.798,56.1,137,Meta-Llama-3.1-8B-Instruct-Q4_K_M,llama.cpp,finegrained_gpu_emc
2026-06-03T08:08:58.937057,GPU306_CPU1036,306,1036,3199,306,3199,p1024_o512,1024,512,mixed,2,142.91124301962554,137.08831063984783,70197.00495398138,512,7.293758477810395,1218.567,17.789,18.615,2.380013671875,0.4201656535914726,9.546,0.451,7.792,56.3,137,Meta-Llama-3.1-8B-Instruct-Q4_K_M,llama.cpp,finegrained_gpu_emc
2026-06-03T08:11:22.408706,GPU306_CPU1036,306,1036,3199,306,3199,p1024_o1024,1024,1024,mixed,0,142.15694507583976,139.27188178684602,142621.36734102387,1024,7.179849829594606,2460.884,17.768,18.215,2.40320703125,0.4161106334146591,9.566,0.429,7.772,56.4,277,Meta-Llama-3.1-8B-Instruct-Q4_K_M,llama.cpp,finegrained_gpu_emc
2026-06-03T08:13:45.871956,GPU306_CPU1036,306,1036,3199,306,3199,p1024_o1024,1024,1024,mixed,1,142.76175200939178,139.26252069596734,142612.40305693354,1024,7.180301138262147,2470.619,17.774,19.601,2.4127138671875,0.4144710293250396,9.555,0.444,7.775,56.5,278,Meta-Llama-3.1-8B-Instruct-Q4_K_M,llama.cpp,finegrained_gpu_emc
2026-06-03T08:16:09.429122,GPU306_CPU1036,306,1036,3199,306,3199,p1024_o1024,1024,1024,mixed,2,142.53920200280845,139.35491958651727,142706.67350804433,1024,7.17555791069769,2496.064,17.957,19.701,2.4375625,0.4102458911309967,9.562,0.599,7.797,56.3,278,Meta-Llama-3.1-8B-Instruct-Q4_K_M,llama.cpp,finegrained_gpu_emc
2026-06-03T08:16:31.623438,GPU306_CPU1036,306,1036,3199,306,3199,p2048_o128,2048,128,mixed,0,3771.4556959690526,138.63270385850836,21378.344135009684,128,5.987367365388424,360.477,17.166,18.215,2.8162265625,0.3550850678406667,9.239,0.456,7.471,56.0,42,Meta-Llama-3.1-8B-Instruct-Q4_K_M,llama.cpp,finegrained_gpu_emc
2026-06-03T08:16:50.181730,GPU306_CPU1036,306,1036,3199,306,3199,p2048_o128,2048,128,mixed,1,142.39493606146425,138.5854239370234,17743.278985028155,128,7.2139991772663254,308.895,17.651,18.219,2.4132421875,0.41438029103740753,9.48,0.433,7.738,56.0,35,Meta-Llama-3.1-8B-Instruct-Q4_K_M,llama.cpp,finegrained_gpu_emc
2026-06-03T08:17:08.738611,GPU306_CPU1036,306,1036,3199,306,3199,p2048_o128,2048,128,mixed,2,142.26190990302712,138.58154959844674,17742.65014193952,128,7.2142548591113576,309.091,17.662,18.219,2.4147734375,0.41411752525955137,9.48,0.433,7.749,56.0,35,Meta-Llama-3.1-8B-Instruct-Q4_K_M,llama.cpp,finegrained_gpu_emc
2026-06-03T08:18:20.690608,GPU306_CPU1036,306,1036,3199,306,3199,p2048_o512,2048,512,mixed,0,142.17381097842008,138.8991148121757,71121.61246791948,512,7.198936894617591,1236.227,17.787,18.303,2.414505859375,0.4141634182071739,9.539,0.448,7.8,55.9,139,Meta-Llama-3.1-8B-Instruct-Q4_K_M,llama.cpp,finegrained_gpu_emc
2026-06-03T08:19:32.582460,GPU306_CPU1036,306,1036,3199,306,3199,p2048_o512,2048,512,mixed,1,149.46997596416622,138.76740831709532,71061.6229029838,512,7.2050141705742226,1233.932,17.754,18.304,2.4100234375,0.41493372406259016,9.548,0.419,7.787,55.8,139,Meta-Llama-3.1-8B-Instruct-Q4_K_M,llama.cpp,finegrained_gpu_emc
2026-06-03T08:20:44.484224,GPU306_CPU1036,306,1036,3199,306,3199,p2048_o512,2048,512,mixed,2,148.83478393312544,138.7881339022365,71071.64555497002,512,7.203998106445925,1241.4,17.862,18.703,2.424609375,0.41243757048493634,9.636,0.425,7.801,55.8,139,Meta-Llama-3.1-8B-Instruct-Q4_K_M,llama.cpp,finegrained_gpu_emc
2026-06-03T08:20:54.699921,GPU408_CPU1036,408,1036,3199,408,3199,p64_o64,64,64,decode,0,41.74497607164085,40.64395747679685,2602.578862104565,64,24.59099354562753,131.524,43.841,48.774,2.0550625,0.48660320549861624,33.4,0.466,9.976,57.6,6,Meta-Llama-3.1-8B-Instruct-Q4_K_M,llama.cpp,finegrained_gpu_emc
2026-06-03T08:20:58.114883,GPU408_CPU1036,408,1036,3199,408,3199,p64_o64,64,64,decode,1,42.08297992590815,40.6674757943533,2604.3947769794613,64,24.573847469555385,125.534,41.844,48.674,1.96146875,0.5098220402440773,31.804,0.399,9.641,58.0,6,Meta-Llama-3.1-8B-Instruct-Q4_K_M,llama.cpp,finegrained_gpu_emc
2026-06-03T08:21:01.529521,GPU408_CPU1036,408,1036,3199,408,3199,p64_o64,64,64,decode,2,41.7596340412274,40.6692893325632,2604.1824190178886,64,24.575851343062297,126.07,42.023,49.073,1.96984375,0.5076544776711351,31.866,0.466,9.692,58.3,6,Meta-Llama-3.1-8B-Instruct-Q4_K_M,llama.cpp,finegrained_gpu_emc
2026-06-03T08:21:07.566938,GPU408_CPU1036,408,1036,3199,408,3199,p128_o128,128,128,decode,0,42.05533501226455,40.8145482908553,5225.9928359417245,128,24.49295359145558,249.518,45.367,49.173,1.949359375,0.5129890428746623,34.659,0.472,10.237,58.9,11,Meta-Llama-3.1-8B-Instruct-Q4_K_M,llama.cpp,finegrained_gpu_emc
2026-06-03T08:21:13.601435,GPU408_CPU1036,408,1036,3199,408,3199,p128_o128,128,128,decode,1,41.86139197554439,40.7958030004025,5223.419585032389,128,24.505019732050936,249.462,45.357,49.173,1.948921875,0.5131042002389141,34.657,0.472,10.228,59.5,11,Meta-Llama-3.1-8B-Instruct-Q4_K_M,llama.cpp,finegrained_gpu_emc
2026-06-03T08:21:19.634631,GPU408_CPU1036,408,1036,3199,408,3199,p128_o128,128,128,decode,2,42.85920795518905,40.77656233892226,5221.977164968848,128,24.51178853455664,249.312,45.329,49.173,1.94775,0.5134129123347452,34.621,0.472,10.237,60.0,11,Meta-Llama-3.1-8B-Instruct-Q4_K_M,llama.cpp,finegrained_gpu_emc
2026-06-03T08:21:42.282652,GPU408_CPU1036,408,1036,3199,408,3199,p128_o512,128,512,decode,0,43.01840299740434,42.63594975160096,21831.98595698923,512,23.45182893616189,1017.181,47.311,49.173,1.986681640625,0.5033519108201981,36.353,0.455,10.503,61.1,43,Meta-Llama-3.1-8B-Instruct-Q4_K_M,llama.cpp,finegrained_gpu_emc
2026-06-03T08:22:04.939260,GPU408_CPU1036,408,1036,3199,408,3199,p128_o512,128,512,decode,1,46.63198895286769,42.64506512324266,21840.441331034526,512,23.44274972468003,1021.68,47.52,49.174,1.99546875,0.5011353848563151,36.528,0.436,10.556,62.5,43,Meta-Llama-3.1-8B-Instruct-Q4_K_M,llama.cpp,finegrained_gpu_emc
2026-06-03T08:22:27.609063,GPU408_CPU1036,408,1036,3199,408,3199,p128_o512,128,512,decode,2,46.60441190935671,42.671540481404726,21853.71886298526,512,23.42850675484803,1022.589,47.562,49.275,1.997244140625,0.5006899154987976,36.535,0.445,10.582,63.6,43,Meta-Llama-3.1-8B-Instruct-Q4_K_M,llama.cpp,finegrained_gpu_emc
2026-06-03T08:22:38.959509,GPU408_CPU1036,408,1036,3199,408,3199,p256_o256,256,256,decode,0,46.56579508446157,41.137752392073615,10537.658504093997,256,24.293822000451158,501.628,47.774,49.674,1.959484375,0.5103383383702664,36.606,0.475,10.693,64.2,21,Meta-Llama-3.1-8B-Instruct-Q4_K_M,llama.cpp,finegrained_gpu_emc
2026-06-03T08:22:50.311863,GPU408_CPU1036,408,1036,3199,408,3199,p256_o256,256,256,decode,1,46.36327805928886,41.146344447271055,10539.6489771083,256,24.2892339731638,501.76,47.787,49.658,1.96,0.5102040816326531,36.623,0.456,10.707,64.6,21,Meta-Llama-3.1-8B-Instruct-Q4_K_M,llama.cpp,finegrained_gpu_emc
2026-06-03T08:23:01.663883,GPU408_CPU1036,408,1036,3199,408,3199,p256_o256,256,256,decode,2,46.15087294951081,41.14581544326582,10539.295595954172,256,24.290048387889733,501.974,47.807,49.674,1.9608359375,0.5099865730097575,36.629,0.456,10.722,65.0,21,Meta-Llama-3.1-8B-Instruct-Q4_K_M,llama.cpp,finegrained_gpu_emc
2026-06-03T08:23:07.701528,GPU408_CPU1036,408,1036,3199,408,3199,p512_o128,512,128,decode,0,46.4421910000965,40.78432395284277,5226.54056106694,128,24.490386806425207,251.584,45.743,49.658,1.9655,0.5087763927753752,34.942,0.435,10.365,65.0,11,Meta-Llama-3.1-8B-Instruct-Q4_K_M,llama.cpp,finegrained_gpu_emc
2026-06-03T08:23:13.733872,GPU408_CPU1036,408,1036,3199,408,3199,p512_o128,512,128,decode,1,42.82579408027232,40.769074267091774,5220.990590052679,128,24.516420359744124,251.966,45.812,49.674,1.968484375,0.5080050483001675,34.948,0.472,10.392,65.2,11,Meta-Llama-3.1-8B-Instruct-Q4_K_M,llama.cpp,finegrained_gpu_emc
2026-06-03T08:23:19.763497,GPU408_CPU1036,408,1036,3199,408,3199,p512_o128,512,128,decode,2,42.98658901825547,40.7490620626078,5218.610826996155,128,24.527600206907383,252.048,45.827,49.758,1.969125,0.5078397765504983,34.936,0.472,10.42,65.3,11,Meta-Llama-3.1-8B-Instruct-Q4_K_M,llama.cpp,finegrained_gpu_emc
2026-06-03T08:23:42.401595,GPU408_CPU1036,408,1036,3199,408,3199,p512_o512,512,512,decode,0,42.775847017765045,42.61525405284724,21821.09571096953,512,23.463533031598228,1026.666,47.752,49.774,2.00520703125,0.4987016225335211,36.598,0.455,10.699,65.8,43,Meta-Llama-3.1-8B-Instruct-Q4_K_M,llama.cpp,finegrained_gpu_emc
2026-06-03T08:24:05.073865,GPU408_CPU1036,408,1036,3199,408,3199,p512_o512,512,512,decode,1,46.14336392842233,42.676372908068544,21855.7703839615,512,23.426307606879092,1027.443,47.788,49.774,2.006724609375,0.49832448126076095,36.59,0.464,10.734,66.4,43,Meta-Llama-3.1-8B-Instruct-Q4_K_M,llama.cpp,finegrained_gpu_emc
2026-06-03T08:24:27.712189,GPU408_CPU1036,408,1036,3199,408,3199,p512_o512,512,512,decode,2,46.151272021234035,42.61080897663795,21822.17567099724,512,23.462371842257394,1026.656,47.751,49.46,2.0051875,0.4987064800673254,36.56,0.436,10.755,66.9,43,Meta-Llama-3.1-8B-Instruct-Q4_K_M,llama.cpp,finegrained_gpu_emc
2026-06-03T08:25:12.916071,GPU408_CPU1036,408,1036,3199,408,3199,p512_o1024,512,1024,decode,0,45.523524982854724,43.33477073113725,44380.96662494354,1024,23.072953968165237,2068.404,47.55,49.859,2.01992578125,0.49506769470567646,36.336,0.459,10.755,67.5,87,Meta-Llama-3.1-8B-Instruct-Q4_K_M,llama.cpp,finegrained_gpu_emc
2026-06-03T08:25:58.125026,GPU408_CPU1036,408,1036,3199,408,3199,p512_o1024,512,1024,decode,1,46.93720501381904,43.33830703623895,44386.05544704478,1024,23.070308674346908,2073.251,47.661,49.859,2.0246591796875,0.49391028872046844,36.395,0.468,10.798,68.1,87,Meta-Llama-3.1-8B-Instruct-Q4_K_M,llama.cpp,finegrained_gpu_emc
2026-06-03T08:26:43.390441,GPU408_CPU1036,408,1036,3199,408,3199,p512_o1024,512,1024,decode,2,45.825958950445056,43.39482722383353,44442.710339906625,1024,23.040898994868805,2074.138,47.681,49.859,2.025525390625,0.4936990692036885,36.413,0.468,10.8,68.6,87,Meta-Llama-3.1-8B-Instruct-Q4_K_M,llama.cpp,finegrained_gpu_emc
2026-06-03T08:26:49.432010,GPU408_CPU1036,408,1036,3199,408,3199,p1024_o128,1024,128,decode,0,45.748753007501364,40.82027863799118,5230.42008804623,128,24.472221704053045,253.25,46.045,49.859,1.978515625,0.5054294175715696,35.116,0.399,10.53,68.6,11,Meta-Llama-3.1-8B-Instruct-Q4_K_M,llama.cpp,finegrained_gpu_emc
2026-06-03T08:26:55.457179,GPU408_CPU1036,408,1036,3199,408,3199,p1024_o128,1024,128,decode,1,41.80913302116096,40.72321836990634,5214.16987804696,128,24.548490554347683,253.36,46.065,49.959,1.979375,0.5052099778970635,34.972,0.472,10.622,68.6,11,Meta-Llama-3.1-8B-Instruct-Q4_K_M,llama.cpp,finegrained_gpu_emc
2026-06-03T08:27:01.481761,GPU408_CPU1036,408,1036,3199,408,3199,p1024_o128,1024,128,decode,2,41.80314997211099,40.7192441735666,5213.636389002204,128,24.551002496071057,253.558,46.101,49.959,1.980921875,0.5048154662838483,35.081,0.435,10.585,68.6,11,Meta-Llama-3.1-8B-Instruct-Q4_K_M,llama.cpp,finegrained_gpu_emc
2026-06-03T08:27:24.091378,GPU408_CPU1036,408,1036,3199,408,3199,p1024_o512,1024,512,decode,0,42.03795699868351,42.56362075928358,21793.978553032503,512,23.49272753270459,1033.086,48.051,49.959,2.01774609375,0.4956024958231938,36.722,0.464,10.865,68.9,43,Meta-Llama-3.1-8B-Instruct-Q4_K_M,llama.cpp,finegrained_gpu_emc
2026-06-03T08:27:46.745289,GPU408_CPU1036,408,1036,3199,408,3199,p1024_o512,1024,512,decode,1,45.52575899288058,42.64200670843299,21837.538311025128,512,23.4458661369128,1032.704,48.033,49.975,2.017,0.495785820525533,36.713,0.473,10.846,69.1,43,Meta-Llama-3.1-8B-Instruct-Q4_K_M,llama.cpp,finegrained_gpu_emc
2026-06-03T08:28:09.388578,GPU408_CPU1036,408,1036,3199,408,3199,p1024_o512,1024,512,decode,2,45.717849978245795,42.62128425238075,21827.131242025644,512,23.45704501076177,1033.655,48.077,49.758,2.018857421875,0.49532967963198554,36.767,0.482,10.828,69.3,43,Meta-Llama-3.1-8B-Instruct-Q4_K_M,llama.cpp,finegrained_gpu_emc
2026-06-03T08:28:51.047085,GPU408_CPU1036,408,1036,3199,408,3199,p1024_o1024,1024,1024,decode,0,45.76530703343451,43.20821014846737,40836.25105302781,944,23.116715556826488,1915.254,47.881,50.258,2.0288707627118643,0.4928850168176127,36.567,0.484,10.831,69.6,80,Meta-Llama-3.1-8B-Instruct-Q4_K_M,llama.cpp,finegrained_gpu_emc
2026-06-03T08:29:36.270793,GPU408_CPU1036,408,1036,3199,408,3199,p1024_o1024,1024,1024,decode,1,46.709402929991484,43.3528144966323,44400.632460950874,1024,23.06273454326534,2078.692,47.786,50.358,2.02997265625,0.49261747291084973,36.482,0.449,10.855,69.8,87,Meta-Llama-3.1-8B-Instruct-Q4_K_M,llama.cpp,finegrained_gpu_emc
2026-06-03T08:30:21.534852,GPU408_CPU1036,408,1036,3199,408,3199,p1024_o1024,1024,1024,decode,2,46.00882704835385,43.392797047818554,44440.90398401022,1024,23.04183552090736,2080.276,47.822,49.959,2.03151953125,0.4922423755309392,36.491,0.482,10.85,69.9,87,Meta-Llama-3.1-8B-Instruct-Q4_K_M,llama.cpp,finegrained_gpu_emc
2026-06-03T08:30:27.583935,GPU408_CPU1036,408,1036,3199,408,3199,p2048_o128,2048,128,decode,0,46.92821903154254,40.867685023181906,5237.616869970225,128,24.438595486792003,252.454,45.901,49.859,1.972296875,0.5070230616270687,34.899,0.435,10.567,69.7,11,Meta-Llama-3.1-8B-Instruct-Q4_K_M,llama.cpp,finegrained_gpu_emc
2026-06-03T08:30:33.607660,GPU408_CPU1036,408,1036,3199,408,3199,p2048_o128,2048,128,decode,1,41.78493202198297,40.712160716478635,5212.719211936928,128,24.55532224081529,253.8,46.146,49.959,1.9828125,0.5043341213553979,35.116,0.435,10.594,69.7,11,Meta-Llama-3.1-8B-Instruct-Q4_K_M,llama.cpp,finegrained_gpu_emc
2026-06-03T08:30:39.632245,GPU408_CPU1036,408,1036,3199,408,3199,p2048_o128,2048,128,decode,2,41.99765995144844,40.715553299120565,5213.393548969179,128,24.552146082527926,253.646,46.117,49.959,1.981609375,0.50464032549301,35.006,0.508,10.604,69.6,11,Meta-Llama-3.1-8B-Instruct-Q4_K_M,llama.cpp,finegrained_gpu_emc
2026-06-03T08:31:02.269086,GPU408_CPU1036,408,1036,3199,408,3199,p2048_o512,2048,512,decode,0,41.82073997799307,42.61622949136119,21820.652079069987,512,23.46401006462598,1032.909,48.042,49.859,2.017400390625,0.4956874226093489,36.739,0.455,10.849,69.9,43,Meta-Llama-3.1-8B-Instruct-Q4_K_M,llama.cpp,finegrained_gpu_emc
2026-06-03T08:31:24.912379,GPU408_CPU1036,408,1036,3199,408,3199,p2048_o512,2048,512,decode,1,45.54094898048788,42.62125282183858,21826.946025015786,512,23.45724406030961,1034.567,48.119,50.358,2.020638671875,0.4948930325440498,36.804,0.464,10.851,70.0,43,Meta-Llama-3.1-8B-Instruct-Q4_K_M,llama.cpp,finegrained_gpu_emc
2026-06-03T08:31:47.581740,GPU408_CPU1036,408,1036,3199,408,3199,p2048_o512,2048,512,decode,2,46.15001496858895,42.67079780815049,21852.882498991676,512,23.429403421888367,1033.993,48.093,49.959,2.019517578125,0.4951677622575782,36.785,0.464,10.844,70.0,43,Meta-Llama-3.1-8B-Instruct-Q4_K_M,llama.cpp,finegrained_gpu_emc
2026-06-03T08:31:51.031181,GPU408_CPU1036,408,1036,3199,408,3199,p64_o64,64,64,mixed,0,72.12379097472876,40.73803038114593,2638.8790869386867,64,24.252721663820218,129.161,43.054,49.859,2.018140625,0.49550560927834253,32.459,0.532,10.062,69.8,6,Meta-Llama-3.1-8B-Instruct-Q4_K_M,llama.cpp,finegrained_gpu_emc
2026-06-03T08:31:54.438857,GPU408_CPU1036,408,1036,3199,408,3199,p64_o64,64,64,mixed,1,41.804712964221835,40.55811020745231,2597.2243660362437,64,24.641690890061092,128.851,42.95,49.859,2.013296875,0.49669773614484947,32.456,0.399,10.096,69.6,6,Meta-Llama-3.1-8B-Instruct-Q4_K_M,llama.cpp,finegrained_gpu_emc
2026-06-03T08:31:57.852995,GPU408_CPU1036,408,1036,3199,408,3199,p64_o64,64,64,mixed,2,41.99773003347218,40.65667372936058,2603.628196986392,64,24.581082688410635,128.808,42.936,50.358,2.012625,0.4968635488478977,32.392,0.465,10.079,69.5,6,Meta-Llama-3.1-8B-Instruct-Q4_K_M,llama.cpp,finegrained_gpu_emc
2026-06-03T08:32:03.941886,GPU408_CPU1036,408,1036,3199,408,3199,p128_o128,128,128,mixed,0,84.69613804481924,40.88681026757878,5277.812735061161,128,24.25247094306325,254.509,46.274,50.358,1.9883515625,0.5029291694989175,35.19,0.471,10.613,69.6,11,Meta-Llama-3.1-8B-Instruct-Q4_K_M,llama.cpp,finegrained_gpu_emc
2026-06-03T08:32:09.974294,GPU408_CPU1036,408,1036,3199,408,3199,p128_o128,128,128,mixed,1,41.879719006828964,40.778578007887084,5221.259074984118,128,24.515159688832206,255.406,46.437,50.358,1.995359375,0.5011628544356828,35.153,0.653,10.631,69.7,11,Meta-Llama-3.1-8B-Instruct-Q4_K_M,llama.cpp,finegrained_gpu_emc
2026-06-03T08:32:16.003711,GPU408_CPU1036,408,1036,3199,408,3199,p128_o128,128,128,mixed,2,41.95805301424116,40.7520249682134,5217.957396060228,128,24.530671733089513,254.918,46.349,50.258,1.991546875,0.5021222510768169,35.154,0.544,10.65,69.6,11,Meta-Llama-3.1-8B-Instruct-Q4_K_M,llama.cpp,finegrained_gpu_emc
2026-06-03T08:32:38.633313,GPU408_CPU1036,408,1036,3199,408,3199,p128_o512,128,512,mixed,0,42.33592702075839,42.60058327005728,21813.21252603084,512,23.472012634040208,1033.567,48.073,49.959,2.018685546875,0.4953718530100129,36.749,0.455,10.87,69.9,43,Meta-Llama-3.1-8B-Instruct-Q4_K_M,llama.cpp,finegrained_gpu_emc
2026-06-03T08:33:01.269272,GPU408_CPU1036,408,1036,3199,408,3199,p128_o512,128,512,mixed,1,45.70939706172794,42.60669100789058,21819.687306066044,512,23.465047542531007,1036.416,48.205,50.258,2.02425,0.4940101272076078,36.832,0.473,10.9,70.0,43,Meta-Llama-3.1-8B-Instruct-Q4_K_M,llama.cpp,finegrained_gpu_emc
2026-06-03T08:33:23.926696,GPU408_CPU1036,408,1036,3199,408,3199,p128_o512,128,512,mixed,2,46.49128799792379,42.64667309973746,21840.92308592517,512,23.44223263759147,1034.402,48.112,50.358,2.02031640625,0.49497197414544825,36.767,0.464,10.881,70.0,43,Meta-Llama-3.1-8B-Instruct-Q4_K_M,llama.cpp,finegrained_gpu_emc
2026-06-03T08:33:35.711391,GPU408_CPU1036,408,1036,3199,408,3199,p256_o256,256,256,mixed,0,123.4633841086179,42.53871712157977,10971.819572034292,256,23.33250180785965,521.774,47.434,49.959,2.0381796875,0.49063387596928937,36.258,0.472,10.705,70.0,22,Meta-Llama-3.1-8B-Instruct-Q4_K_M,llama.cpp,finegrained_gpu_emc
2026-06-03T08:33:47.412971,GPU408_CPU1036,408,1036,3199,408,3199,p256_o256,256,256,mixed,1,45.546431094408035,42.517812293954194,10888.559281011112,256,23.510915759667686,520.826,47.348,49.859,2.0344765625,0.4915269206990434,36.131,0.49,10.728,70.0,22,Meta-Llama-3.1-8B-Instruct-Q4_K_M,llama.cpp,finegrained_gpu_emc
2026-06-03T08:33:59.127197,GPU408_CPU1036,408,1036,3199,408,3199,p256_o256,256,256,mixed,2,45.711098005995154,42.567381404303745,10901.362374075688,256,23.483303390481584,519.278,47.207,49.46,2.0284296875,0.49299219300644354,36.077,0.453,10.677,70.0,22,Meta-Llama-3.1-8B-Instruct-Q4_K_M,llama.cpp,finegrained_gpu_emc
2026-06-03T08:34:05.637754,GPU408_CPU1036,408,1036,3199,408,3199,p512_o128,512,128,mixed,0,237.69372806418687,43.00189627550807,5699.436583090574,128,22.458360249109184,271.832,45.305,49.259,2.1236875,0.47087907236822746,34.55,0.466,10.289,69.8,12,Meta-Llama-3.1-8B-Instruct-Q4_K_M,llama.cpp,finegrained_gpu_emc
2026-06-03T08:34:11.950658,GPU408_CPU1036,408,1036,3199,408,3199,p512_o128,512,128,mixed,1,44.77430193219334,42.96505419669423,5501.841924968176,128,23.26493595156142,255.83,46.515,48.86,1.998671875,0.500332251886018,35.512,0.435,10.567,69.8,11,Meta-Llama-3.1-8B-Instruct-Q4_K_M,llama.cpp,finegrained_gpu_emc
2026-06-03T08:34:18.260643,GPU408_CPU1036,408,1036,3199,408,3199,p512_o128,512,128,mixed,2,45.85662903264165,42.93234750360808,5498.828419949859,128,23.277685758590582,256.682,46.67,49.259,2.005328125,0.4986715079358895,35.622,0.471,10.576,69.8,11,Meta-Llama-3.1-8B-Instruct-Q4_K_M,llama.cpp,finegrained_gpu_emc
2026-06-03T08:34:40.730802,GPU408_CPU1036,408,1036,3199,408,3199,p512_o512,512,512,mixed,0,45.917266979813576,42.280288183981455,21653.140611946583,512,23.645530649605476,1037.756,48.268,50.06,2.0268671875,0.49337223779000067,36.896,0.445,10.926,70.0,43,Meta-Llama-3.1-8B-Instruct-Q4_K_M,llama.cpp,finegrained_gpu_emc
2026-06-03T08:35:03.212746,GPU408_CPU1036,408,1036,3199,408,3199,p512_o512,512,512,mixed,1,48.86736301705241,42.299477589214604,21665.851855068468,512,23.631657939183395,1039.259,48.338,49.959,2.029802734375,0.4926587116397356,36.934,0.473,10.93,70.1,43,Meta-Llama-3.1-8B-Instruct-Q4_K_M,llama.cpp,finegrained_gpu_emc
2026-06-03T08:35:25.672219,GPU408_CPU1036,408,1036,3199,408,3199,p512_o512,512,512,mixed,2,48.29202592372894,42.25686248738151,21643.504329957068,512,23.656058288644775,1038.805,48.317,50.358,2.028916015625,0.492874023517407,36.925,0.482,10.909,70.1,43,Meta-Llama-3.1-8B-Instruct-Q4_K_M,llama.cpp,finegrained_gpu_emc
2026-06-03T08:36:11.085021,GPU408_CPU1036,408,1036,3199,408,3199,p512_o1024,512,1024,mixed,0,48.009286052547395,43.53668977028963,44590.04308702424,1024,22.964768121024427,2091.544,48.081,49.959,2.0425234375,0.4895904652256898,36.706,0.477,10.899,70.2,87,Meta-Llama-3.1-8B-Instruct-Q4_K_M,llama.cpp,finegrained_gpu_emc
2026-06-03T08:36:56.541939,GPU408_CPU1036,408,1036,3199,408,3199,p512_o1024,512,1024,mixed,1,48.72772400267422,43.57838261879813,44633.486874983646,1024,22.94241547536219,2089.684,48.039,49.959,2.04070703125,0.49002624320232147,36.675,0.477,10.887,70.2,87,Meta-Llama-3.1-8B-Instruct-Q4_K_M,llama.cpp,finegrained_gpu_emc
2026-06-03T08:37:42.001591,GPU408_CPU1036,408,1036,3199,408,3199,p512_o1024,512,1024,mixed,2,48.630482982844114,43.58135645263232,44636.395931011066,1024,22.940920265665483,2090.974,48.068,50.459,2.041966796875,0.4897239277006792,36.695,0.482,10.892,70.3,87,Meta-Llama-3.1-8B-Instruct-Q4_K_M,llama.cpp,finegrained_gpu_emc
2026-06-03T08:37:48.503218,GPU408_CPU1036,408,1036,3199,408,3199,p1024_o128,1024,128,mixed,0,485.15314201358706,40.98005054287583,5690.13314100448,128,22.495079961767665,276.633,46.106,50.858,2.1611953125,0.46270690770804646,35.116,0.532,10.457,70.1,12,Meta-Llama-3.1-8B-Instruct-Q4_K_M,llama.cpp,finegrained_gpu_emc
2026-06-03T08:37:54.556131,GPU408_CPU1036,408,1036,3199,408,3199,p1024_o128,1024,128,mixed,1,46.35348299052566,40.90397555920053,5241.668086964637,128,24.41970721464027,257.398,46.8,50.757,2.010921875,0.49728436118384756,35.588,0.472,10.741,70.1,11,Meta-Llama-3.1-8B-Instruct-Q4_K_M,llama.cpp,finegrained_gpu_emc
2026-06-03T08:38:00.610797,GPU408_CPU1036,408,1036,3199,408,3199,p1024_o128,1024,128,mixed,2,46.125845052301884,40.92143775572575,5243.661860004067,128,24.410422223507126,256.954,46.719,50.858,2.007453125,0.49814363660421707,35.553,0.472,10.695,70.0,11,Meta-Llama-3.1-8B-Instruct-Q4_K_M,llama.cpp,finegrained_gpu_emc
2026-06-03T08:38:22.995886,GPU408_CPU1036,408,1036,3199,408,3199,p1024_o512,1024,512,mixed,0,46.12936498597264,42.11589718399726,21569.346862030216,512,23.73739006911255,1042.858,48.505,50.858,2.03683203125,0.4909585005820543,37.064,0.473,10.968,70.3,43,Meta-Llama-3.1-8B-Instruct-Q4_K_M,llama.cpp,finegrained_gpu_emc
2026-06-03T08:38:45.388474,GPU408_CPU1036,408,1036,3199,408,3199,p1024_o512,1024,512,mixed,1,46.60877108108252,42.12849357538108,21576.226704055443,512,23.729821113891294,1042.529,48.49,50.358,2.036189453125,0.4911134366526015,37.056,0.473,10.96,70.4,43,Meta-Llama-3.1-8B-Instruct-Q4_K_M,llama.cpp,finegrained_gpu_emc
2026-06-03T08:39:07.753950,GPU408_CPU1036,408,1036,3199,408,3199,p1024_o512,1024,512,mixed,2,46.73110297881067,42.075682315044105,21549.37547398731,512,23.759389250887832,1029.921,49.044,50.858,2.011564453125,0.49712550768457,37.5,0.494,11.05,70.5,42,Meta-Llama-3.1-8B-Instruct-Q4_K_M,llama.cpp,finegrained_gpu_emc
2026-06-03T08:39:53.176487,GPU408_CPU1036,408,1036,3199,408,3199,p1024_o1024,1024,1024,mixed,0,46.32199998013675,43.547695567048464,44599.67328899074,1024,22.95980944445103,2103.906,48.366,50.757,2.054595703125,0.4867137600254004,36.945,0.472,10.948,70.6,87,Meta-Llama-3.1-8B-Instruct-Q4_K_M,llama.cpp,finegrained_gpu_emc
2026-06-03T08:40:38.633000,GPU408_CPU1036,408,1036,3199,408,3199,p1024_o1024,1024,1024,mixed,1,46.92069801967591,43.58028680066107,44633.602676098235,1024,22.942355951659774,2103.755,48.362,50.358,2.0544482421875,0.48674869459609127,36.95,0.472,10.94,70.7,87,Meta-Llama-3.1-8B-Instruct-Q4_K_M,llama.cpp,finegrained_gpu_emc
2026-06-03T08:41:24.096506,GPU408_CPU1036,408,1036,3199,408,3199,p1024_o1024,1024,1024,mixed,2,46.73590697348118,43.58743993544501,44640.77310892753,1024,22.938670831290203,2102.28,48.328,50.958,2.0530078125,0.48709020682306825,36.926,0.459,10.943,70.8,87,Meta-Llama-3.1-8B-Instruct-Q4_K_M,llama.cpp,finegrained_gpu_emc
2026-06-03T08:41:31.268132,GPU408_CPU1036,408,1036,3199,408,3199,p2048_o128,2048,128,mixed,0,1010.2196189109236,42.1204878508634,6360.047667985782,128,20.12563532256314,302.602,46.554,50.358,2.364078125,0.4229978651826492,35.669,0.491,10.394,70.6,13,Meta-Llama-3.1-8B-Instruct-Q4_K_M,llama.cpp,finegrained_gpu_emc
2026-06-03T08:41:37.470011,GPU408_CPU1036,408,1036,3199,408,3199,p2048_o128,2048,128,mixed,1,45.36940006073564,42.085165125831196,5390.71165502537,128,23.744545839448648,263.23,47.86,50.459,2.056484375,0.48626676290696347,36.529,0.471,10.859,70.6,11,Meta-Llama-3.1-8B-Instruct-Q4_K_M,llama.cpp,finegrained_gpu_emc
2026-06-03T08:41:43.666716,GPU408_CPU1036,408,1036,3199,408,3199,p2048_o128,2048,128,mixed,2,45.47861299943179,42.04358926820239,5385.5460460763425,128,23.767320695968206,263.321,47.877,50.757,2.0571953125,0.48609871601581334,36.492,0.544,10.841,70.5,11,Meta-Llama-3.1-8B-Instruct-Q4_K_M,llama.cpp,finegrained_gpu_emc
2026-06-03T08:42:06.295633,GPU408_CPU1036,408,1036,3199,408,3199,p2048_o512,2048,512,mixed,0,45.524401939474046,42.59342916647916,21812.75491800625,512,23.47250505149848,1059.189,49.265,51.257,2.068728515625,0.4833887058872401,37.649,0.538,11.078,70.7,43,Meta-Llama-3.1-8B-Instruct-Q4_K_M,llama.cpp,finegrained_gpu_emc
2026-06-03T08:42:28.939343,GPU408_CPU1036,408,1036,3199,408,3199,p2048_o512,2048,512,mixed,1,49.44354901090264,42.61400216826787,21827.16234808322,512,23.457011581945828,1056.848,49.156,50.358,2.06415625,0.48445944923016365,37.612,0.473,11.071,70.8,43,Meta-Llama-3.1-8B-Instruct-Q4_K_M,llama.cpp,finegrained_gpu_emc
2026-06-03T08:42:51.596224,GPU408_CPU1036,408,1036,3199,408,3199,p2048_o512,2048,512,mixed,2,49.32890797499567,42.64070448914904,21840.728145907633,512,23.44244187188123,1059.461,49.277,50.757,2.069259765625,0.4832646034162654,37.712,0.473,11.092,70.8,43,Meta-Llama-3.1-8B-Instruct-Q4_K_M,llama.cpp,finegrained_gpu_emc
2026-06-03T08:43:02.100262,GPU510_CPU1036,510,1036,3199,510,3199,p64_o64,64,64,decode,0,42.264790972694755,40.69518969793405,2606.322692008689,64,24.555670023605288,134.062,44.687,49.859,2.09471875,0.47739105786874725,33.79,0.532,10.366,69.8,6,Meta-Llama-3.1-8B-Instruct-Q4_K_M,llama.cpp,finegrained_gpu_emc
2026-06-03T08:43:05.515320,GPU510_CPU1036,510,1036,3199,510,3199,p64_o64,64,64,decode,1,42.00917494017631,40.66699039789715,2604.286899906583,64,24.57486538917648,128.458,42.82,49.859,2.00715625,0.498217316165595,32.392,0.399,10.029,69.7,6,Meta-Llama-3.1-8B-Instruct-Q4_K_M,llama.cpp,finegrained_gpu_emc
2026-06-03T08:43:08.932818,GPU510_CPU1036,510,1036,3199,510,3199,p64_o64,64,64,decode,2,42.30612807441503,40.698881188984075,2606.5936450613663,64,24.55311748390811,128.554,42.851,49.859,2.00865625,0.497845263469048,32.257,0.532,10.062,69.8,6,Meta-Llama-3.1-8B-Instruct-Q4_K_M,llama.cpp,finegrained_gpu_emc
2026-06-03T08:43:14.969176,GPU510_CPU1036,510,1036,3199,510,3199,p128_o128,128,128,decode,0,42.353912023827434,40.80559703151101,5225.153394043446,128,24.49688848291364,254.698,46.309,50.258,1.989828125,0.5025559682447447,35.261,0.471,10.576,69.8,11,Meta-Llama-3.1-8B-Instruct-Q4_K_M,llama.cpp,finegrained_gpu_emc
2026-06-03T08:43:20.996974,GPU510_CPU1036,510,1036,3199,510,3199,p128_o128,128,128,decode,1,42.02927800361067,40.74111969235874,5216.642950894311,128,24.536852762379763,254.294,46.235,49.959,1.986671875,0.5033543850818344,35.151,0.471,10.613,69.8,11,Meta-Llama-3.1-8B-Instruct-Q4_K_M,llama.cpp,finegrained_gpu_emc
2026-06-03T08:43:27.026997,GPU510_CPU1036,510,1036,3199,510,3199,p128_o128,128,128,decode,2,41.79109598044306,40.75977116581199,5218.780160997994,128,24.52680435872631,254.244,46.226,50.358,1.98628125,0.5034533754975535,35.151,0.471,10.604,69.8,11,Meta-Llama-3.1-8B-Instruct-Q4_K_M,llama.cpp,finegrained_gpu_emc
2026-06-03T08:43:49.698818,GPU510_CPU1036,510,1036,3199,510,3199,p128_o512,128,512,decode,0,42.118343990296125,42.68294985113582,21855.369942029938,512,23.426736832094328,1037.934,48.276,50.358,2.02721484375,0.4932876271516301,36.831,0.547,10.898,70.1,43,Meta-Llama-3.1-8B-Instruct-Q4_K_M,llama.cpp,finegrained_gpu_emc
2026-06-03T08:44:12.356515,GPU510_CPU1036,510,1036,3199,510,3199,p128_o512,128,512,decode,1,45.77040090225637,42.64914708434369,21841.418778989464,512,23.441700613905297,1034.456,48.114,49.859,2.020421875,0.4949461359400497,36.804,0.464,10.846,70.2,43,Meta-Llama-3.1-8B-Instruct-Q4_K_M,llama.cpp,finegrained_gpu_emc
2026-06-03T08:44:35.002947,GPU510_CPU1036,510,1036,3199,510,3199,p128_o512,128,512,decode,2,45.692428946495056,42.62709354210842,21830.1097759977,512,23.4538444952277,1035.713,48.173,50.258,2.022876953125,0.49434544125640983,36.841,0.464,10.867,70.3,43,Meta-Llama-3.1-8B-Instruct-Q4_K_M,llama.cpp,finegrained_gpu_emc
2026-06-03T08:44:46.399552,GPU510_CPU1036,510,1036,3199,510,3199,p256_o256,256,256,decode,0,45.7106470130384,41.32099327466943,10583.55829201173,256,24.18846222949648,509.97,48.569,50.459,1.9920703125,0.5019903131556758,36.862,0.741,10.965,70.3,21,Meta-Llama-3.1-8B-Instruct-Q4_K_M,llama.cpp,finegrained_gpu_emc
2026-06-03T08:44:57.786171,GPU510_CPU1036,510,1036,3199,510,3199,p256_o256,256,256,decode,1,45.161823043599725,41.2843641135659,10573.674460989423,256,24.211072597750945,511.219,48.688,50.358,1.99694921875,0.5007638604981427,36.919,0.779,10.989,70.3,21,Meta-Llama-3.1-8B-Instruct-Q4_K_M,llama.cpp,finegrained_gpu_emc
2026-06-03T08:45:09.207516,GPU510_CPU1036,510,1036,3199,510,3199,p256_o256,256,256,decode,2,45.55096593685448,41.41855709044737,10608.253897051327,256,24.132152424364374,513.622,48.916,50.859,2.0063359375,0.49842101779129405,36.786,1.102,11.028,70.4,21,Meta-Llama-3.1-8B-Instruct-Q4_K_M,llama.cpp,finegrained_gpu_emc
2026-06-03T08:45:15.280990,GPU510_CPU1036,510,1036,3199,510,3199,p512_o128,512,128,decode,0,45.43775494676083,41.07049441764381,5261.888574925251,128,24.325866687858994,259.452,47.173,50.459,2.02696875,0.49334751707444924,35.225,1.197,10.751,70.3,11,Meta-Llama-3.1-8B-Instruct-Q4_K_M,llama.cpp,finegrained_gpu_emc
2026-06-03T08:45:21.346299,GPU510_CPU1036,510,1036,3199,510,3199,p512_o128,512,128,decode,1,43.11468708328903,41.02445629106351,5253.720647073351,128,24.36368596630732,258.952,47.082,50.358,2.0230625,0.49430010194939605,35.189,1.161,10.732,70.3,11,Meta-Llama-3.1-8B-Instruct-Q4_K_M,llama.cpp,finegrained_gpu_emc
2026-06-03T08:45:27.416451,GPU510_CPU1036,510,1036,3199,510,3199,p512_o128,512,128,decode,2,43.39041991624981,41.0575899689671,5258.230600971729,128,24.342789374118627,260.298,47.327,51.858,2.033578125,0.4917440779414364,35.188,1.306,10.833,70.2,11,Meta-Llama-3.1-8B-Instruct-Q4_K_M,llama.cpp,finegrained_gpu_emc
2026-06-03T08:45:50.233053,GPU510_CPU1036,510,1036,3199,510,3199,p512_o512,512,512,decode,0,43.05763903539628,42.96312878275592,21999.160745064728,512,23.273615113470253,1048.248,48.756,50.358,2.047359375,0.48843403469408,36.672,1.141,10.942,70.4,43,Meta-Llama-3.1-8B-Instruct-Q4_K_M,llama.cpp,finegrained_gpu_emc
2026-06-03T08:46:13.072462,GPU510_CPU1036,510,1036,3199,510,3199,p512_o512,512,512,decode,1,45.997790060937405,43.00334883959501,22022.685028030537,512,23.248754606821326,1049.168,48.798,50.358,2.04915625,0.48800573406737535,36.682,1.188,10.928,70.5,43,Meta-Llama-3.1-8B-Instruct-Q4_K_M,llama.cpp,finegrained_gpu_emc
2026-06-03T08:46:35.904345,GPU510_CPU1036,510,1036,3199,510,3199,p512_o512,512,512,decode,2,45.81042903009802,42.98916612906699,22015.234265010804,512,23.2566228383829,1049.068,48.794,50.358,2.0489609375,0.48805225209423986,36.664,1.197,10.933,70.5,43,Meta-Llama-3.1-8B-Instruct-Q4_K_M,llama.cpp,finegrained_gpu_emc
2026-06-03T08:47:21.531122,GPU510_CPU1036,510,1036,3199,510,3199,p512_o1024,512,1024,decode,0,45.73779704514891,43.74709604298905,44802.975003025495,1024,22.855625099245092,2135.682,48.538,50.358,2.085626953125,0.47947213115061144,36.294,1.301,10.943,70.6,88,Meta-Llama-3.1-8B-Instruct-Q4_K_M,llama.cpp,finegrained_gpu_emc
2026-06-03T08:48:07.147901,GPU510_CPU1036,510,1036,3199,510,3199,p512_o1024,512,1024,decode,1,46.00275692064315,43.73622662660903,44792.181423981674,1024,22.861132622840998,2134.498,48.511,50.858,2.084470703125,0.4797380929848611,36.347,1.238,10.926,70.6,88,Meta-Llama-3.1-8B-Instruct-Q4_K_M,llama.cpp,finegrained_gpu_emc
2026-06-03T08:48:52.778891,GPU510_CPU1036,510,1036,3199,510,3199,p512_o1024,512,1024,decode,2,46.137538040056825,43.750698453558286,44807.069111964665,1024,22.853536736384417,2140.502,48.648,51.258,2.090333984375,0.47839245186409546,36.33,1.374,10.944,70.6,88,Meta-Llama-3.1-8B-Instruct-Q4_K_M,llama.cpp,finegrained_gpu_emc
2026-06-03T08:48:58.862861,GPU510_CPU1036,510,1036,3199,510,3199,p1024_o128,1024,128,decode,0,46.0139699280262,41.14934159846111,5272.503849933855,128,24.276890760659338,258.791,47.053,50.859,2.0218046875,0.49460761773013745,35.188,1.125,10.74,70.2,11,Meta-Llama-3.1-8B-Instruct-Q4_K_M,llama.cpp,finegrained_gpu_emc
2026-06-03T08:49:04.925790,GPU510_CPU1036,510,1036,3199,510,3199,p1024_o128,1024,128,decode,1,41.96264094207436,41.016339598494895,5251.537197967991,128,24.373815737138415,258.191,46.944,50.358,2.0171171875,0.4957570170919978,35.188,1.016,10.74,70.2,11,Meta-Llama-3.1-8B-Instruct-Q4_K_M,llama.cpp,finegrained_gpu_emc
2026-06-03T08:49:10.982550,GPU510_CPU1036,510,1036,3199,510,3199,p1024_o128,1024,128,decode,2,41.946602053940296,40.96669618106323,5245.211419067346,128,24.40321080951962,257.106,46.746,50.358,2.008640625,0.49784913615395987,35.153,0.871,10.723,70.1,11,Meta-Llama-3.1-8B-Instruct-Q4_K_M,llama.cpp,finegrained_gpu_emc
2026-06-03T08:49:33.792488,GPU510_CPU1036,510,1036,3199,510,3199,p1024_o512,1024,512,decode,0,41.968172066845,42.954041647639144,21993.42961900402,512,23.279679834817237,1046.89,48.693,50.858,2.04470703125,0.48906761932963344,36.681,1.067,10.944,70.1,43,Meta-Llama-3.1-8B-Instruct-Q4_K_M,llama.cpp,finegrained_gpu_emc
2026-06-03T08:49:56.650364,GPU510_CPU1036,510,1036,3199,510,3199,p1024_o512,1024,512,decode,1,45.768645009957254,43.040041041053804,22041.24678298831,512,23.229175964545142,1063.234,48.329,50.757,2.07662890625,0.4815496870867561,36.285,1.17,10.874,70.1,44,Meta-Llama-3.1-8B-Instruct-Q4_K_M,llama.cpp,finegrained_gpu_emc
2026-06-03T08:50:19.504035,GPU510_CPU1036,510,1036,3199,510,3199,p1024_o512,1024,512,decode,2,45.73460598476231,43.03193459680956,22037.046813988127,512,23.233603137558585,1045.695,48.637,50.358,2.042373046875,0.48962651633602533,36.609,1.123,10.905,70.2,43,Meta-Llama-3.1-8B-Instruct-Q4_K_M,llama.cpp,finegrained_gpu_emc
2026-06-03T08:51:05.076706,GPU510_CPU1036,510,1036,3199,510,3199,p1024_o1024,1024,1024,decode,0,45.944897923618555,43.69406646344254,44748.95092996303,1024,22.883218013371337,2129.13,48.389,50.757,2.079228515625,0.48094761710182093,36.253,1.206,10.93,70.3,88,Meta-Llama-3.1-8B-Instruct-Q4_K_M,llama.cpp,finegrained_gpu_emc
2026-06-03T08:51:50.708306,GPU510_CPU1036,510,1036,3199,510,3199,p1024_o1024,1024,1024,decode,1,46.036976971663535,43.751648519113516,44807.99683893565,1024,22.853063565434844,2130.5,48.42,50.459,2.08056640625,0.48063834780567943,36.289,1.215,10.916,70.5,88,Meta-Llama-3.1-8B-Instruct-Q4_K_M,llama.cpp,finegrained_gpu_emc
2026-06-03T08:52:35.984828,GPU510_CPU1036,510,1036,3199,510,3199,p1024_o1024,1024,1024,decode,2,46.18739301804453,43.404608880709546,44453.090404043905,1024,23.035518806288586,2089.615,48.037,51.157,2.0406396484375,0.49004242408290527,36.564,0.587,10.886,70.5,87,Meta-Llama-3.1-8B-Instruct-Q4_K_M,llama.cpp,finegrained_gpu_emc
2026-06-03T08:52:42.034954,GPU510_CPU1036,510,1036,3199,510,3199,p2048_o128,2048,128,decode,0,46.11330002080649,40.884397433535376,5238.9237800380215,128,24.4324989967827,254.552,46.282,49.959,1.9886875,0.5028442125773909,35.116,0.544,10.622,70.2,11,Meta-Llama-3.1-8B-Instruct-Q4_K_M,llama.cpp,finegrained_gpu_emc
2026-06-03T08:52:48.070669,GPU510_CPU1036,510,1036,3199,510,3199,p2048_o128,2048,128,decode,1,41.75623902119696,40.80605374806832,5224.625263013877,128,24.499364749877188,254.644,46.299,49.959,1.98940625,0.5026625406449788,35.224,0.472,10.604,70.2,11,Meta-Llama-3.1-8B-Instruct-Q4_K_M,llama.cpp,finegrained_gpu_emc
2026-06-03T08:52:54.097047,GPU510_CPU1036,510,1036,3199,510,3199,p2048_o128,2048,128,decode,2,41.81210498791188,40.73004515779271,5215.021670097485,128,24.54448094318413,255.099,46.382,49.959,1.9929609375,0.5017659810504942,35.261,0.472,10.649,70.1,11,Meta-Llama-3.1-8B-Instruct-Q4_K_M,llama.cpp,finegrained_gpu_emc
2026-06-03T08:53:16.736611,GPU510_CPU1036,510,1036,3199,510,3199,p2048_o512,2048,512,decode,0,42.2757170163095,42.61157688057805,21818.731868988834,512,23.46607507137985,1036.102,48.191,50.358,2.02363671875,0.49415984140557584,36.831,0.473,10.886,70.3,43,Meta-Llama-3.1-8B-Instruct-Q4_K_M,llama.cpp,finegrained_gpu_emc
2026-06-03T08:53:39.406091,GPU510_CPU1036,510,1036,3199,510,3199,p2048_o512,2048,512,decode,1,45.895639108493924,42.672233780665564,21853.383464040235,512,23.428866328296326,1036.104,48.191,50.258,2.023640625,0.4941588875248044,36.832,0.492,10.867,70.4,43,Meta-Llama-3.1-8B-Instruct-Q4_K_M,llama.cpp,finegrained_gpu_emc
2026-06-03T08:54:02.056804,GPU510_CPU1036,510,1036,3199,510,3199,p2048_o512,2048,512,decode,2,45.56561796925962,42.63525889637842,21834.11331498064,512,23.449543959667498,1036.008,48.186,50.358,2.023453125,0.49420467795615475,36.832,0.473,10.881,70.4,43,Meta-Llama-3.1-8B-Instruct-Q4_K_M,llama.cpp,finegrained_gpu_emc
2026-06-03T08:54:05.514661,GPU510_CPU1036,510,1036,3199,510,3199,p64_o64,64,64,mixed,0,72.72544596344233,40.86379323797744,2647.403893992305,64,24.174626374628286,129.21,43.07,49.859,2.01890625,0.4953176998684312,32.459,0.532,10.079,70.2,6,Meta-Llama-3.1-8B-Instruct-Q4_K_M,llama.cpp,finegrained_gpu_emc
2026-06-03T08:54:08.931434,GPU510_CPU1036,510,1036,3199,510,3199,p64_o64,64,64,mixed,1,42.13851795066148,40.699148301168215,2606.4818729646504,64,24.554170379556666,128.908,42.969,49.959,2.0141875,0.49647810841840695,32.392,0.532,10.045,69.9,6,Meta-Llama-3.1-8B-Instruct-Q4_K_M,llama.cpp,finegrained_gpu_emc
2026-06-03T08:54:12.344852,GPU510_CPU1036,510,1036,3199,510,3199,p64_o64,64,64,mixed,2,41.918611037544906,40.64537382625517,2602.8350670821965,64,24.588572979287783,128.65,42.884,49.859,2.01015625,0.4974737660318694,32.456,0.399,10.029,70.0,6,Meta-Llama-3.1-8B-Instruct-Q4_K_M,llama.cpp,finegrained_gpu_emc
2026-06-03T08:54:18.418408,GPU510_CPU1036,510,1036,3199,510,3199,p128_o128,128,128,mixed,0,84.23139504157007,40.7691947477833,5262.40341598168,128,24.323486795267314,255.8,46.509,49.959,1.9984375,0.5003909304143862,35.407,0.471,10.631,70.1,11,Meta-Llama-3.1-8B-Instruct-Q4_K_M,llama.cpp,finegrained_gpu_emc
2026-06-03T08:54:24.443165,GPU510_CPU1036,510,1036,3199,510,3199,p128_o128,128,128,mixed,1,42.155063012614846,40.718167881833345,5213.852302986197,128,24.549985799691505,254.456,46.265,49.959,1.9879375,0.5030339233502059,35.19,0.471,10.604,70.0,11,Meta-Llama-3.1-8B-Instruct-Q4_K_M,llama.cpp,finegrained_gpu_emc
2026-06-03T08:54:30.477070,GPU510_CPU1036,510,1036,3199,510,3199,p128_o128,128,128,mixed,2,42.225119075737894,40.78793687393933,5222.786286030896,128,24.507991135374365,254.398,46.254,49.959,1.987484375,0.503148609658881,35.189,0.508,10.558,70.0,11,Meta-Llama-3.1-8B-Instruct-Q4_K_M,llama.cpp,finegrained_gpu_emc
2026-06-03T08:54:53.106626,GPU510_CPU1036,510,1036,3199,510,3199,p128_o512,128,512,mixed,0,42.060406995005906,42.601836105779455,21813.569466001354,512,23.471628556619475,1035.506,48.163,49.959,2.02247265625,0.49444426203228176,36.813,0.482,10.867,70.2,43,Meta-Llama-3.1-8B-Instruct-Q4_K_M,llama.cpp,finegrained_gpu_emc
2026-06-03T08:55:15.727734,GPU510_CPU1036,510,1036,3199,510,3199,p128_o512,128,512,mixed,1,45.795254060067236,42.57760935990639,21804.894712055102,512,23.480966395904428,1037.294,48.246,50.258,2.02596484375,0.493591980672789,36.887,0.492,10.867,70.3,43,Meta-Llama-3.1-8B-Instruct-Q4_K_M,llama.cpp,finegrained_gpu_emc
2026-06-03T08:55:38.344829,GPU510_CPU1036,510,1036,3199,510,3199,p128_o512,128,512,mixed,2,45.67194601986557,42.56995081415841,21800.875324057415,512,23.485295539257752,1036.352,48.202,49.959,2.024125,0.4940406348422157,36.85,0.455,10.898,70.4,43,Meta-Llama-3.1-8B-Instruct-Q4_K_M,llama.cpp,finegrained_gpu_emc
2026-06-03T08:55:50.117477,GPU510_CPU1036,510,1036,3199,510,3199,p256_o256,256,256,mixed,0,123.38628002908081,42.49093127436936,10959.54949001316,256,23.35862438809906,523.226,47.566,49.959,2.0438515625,0.48927232209408555,36.367,0.435,10.764,70.4,22,Meta-Llama-3.1-8B-Instruct-Q4_K_M,llama.cpp,finegrained_gpu_emc
2026-06-03T08:56:01.810901,GPU510_CPU1036,510,1036,3199,510,3199,p256_o256,256,256,mixed,1,45.565372915007174,42.485150909873056,10880.280031007715,256,23.5288061769022,521.434,47.403,49.859,2.0368515625,0.4909537928098283,36.222,0.453,10.728,70.4,22,Meta-Llama-3.1-8B-Instruct-Q4_K_M,llama.cpp,finegrained_gpu_emc
2026-06-03T08:56:13.508766,GPU510_CPU1036,510,1036,3199,510,3199,p256_o256,256,256,mixed,2,45.67471193149686,42.5027047649172,10884.784732945263,256,23.519068707455286,520.572,47.325,49.959,2.033484375,0.49176674888391997,36.149,0.472,10.704,70.4,22,Meta-Llama-3.1-8B-Instruct-Q4_K_M,llama.cpp,finegrained_gpu_emc
2026-06-03T08:56:20.034724,GPU510_CPU1036,510,1036,3199,510,3199,p512_o128,512,128,mixed,0,238.00400597974658,43.11890940926236,5714.608727954328,128,22.398733857990738,271.931,45.322,49.259,2.1244609375,0.4707076427476088,34.617,0.465,10.239,70.3,12,Meta-Llama-3.1-8B-Instruct-Q4_K_M,llama.cpp,finegrained_gpu_emc
2026-06-03T08:56:26.349515,GPU510_CPU1036,510,1036,3199,510,3199,p512_o128,512,128,mixed,1,44.99032604508102,42.97439030675936,5503.2402579672635,128,23.259024501917615,256.328,46.605,48.86,2.0025625,0.499360194750476,35.548,0.471,10.585,70.2,11,Meta-Llama-3.1-8B-Instruct-Q4_K_M,llama.cpp,finegrained_gpu_emc
2026-06-03T08:56:32.654484,GPU510_CPU1036,510,1036,3199,510,3199,p512_o128,512,128,mixed,2,45.01677304506302,42.8988450082151,5493.675267091021,128,23.29952058993429,256.38,46.615,49.259,2.00296875,0.4992589125516811,35.585,0.435,10.595,70.2,11,Meta-Llama-3.1-8B-Instruct-Q4_K_M,llama.cpp,finegrained_gpu_emc
2026-06-03T08:56:55.126915,GPU510_CPU1036,510,1036,3199,510,3199,p512_o512,512,512,mixed,0,44.592252001166344,42.2873305910451,21655.417967005633,512,23.643044007743804,1037.867,48.273,49.859,2.027083984375,0.4933194715700567,36.878,0.473,10.921,70.4,43,Meta-Llama-3.1-8B-Instruct-Q4_K_M,llama.cpp,finegrained_gpu_emc
2026-06-03T08:57:17.642531,GPU510_CPU1036,510,1036,3199,510,3199,p512_o512,512,512,mixed,1,48.879766021855175,42.3645982113275,21699.20340902172,512,23.595336213454246,1039.282,48.339,50.358,2.02984765625,0.492647808775674,36.907,0.501,10.931,70.5,43,Meta-Llama-3.1-8B-Instruct-Q4_K_M,llama.cpp,finegrained_gpu_emc
2026-06-03T08:57:40.137629,GPU510_CPU1036,510,1036,3199,510,3199,p512_o512,512,512,mixed,2,48.78334503155202,42.325162876683514,21678.92394505907,512,23.617408377720334,1039.918,48.368,50.358,2.03108984375,0.4923465119365181,36.972,0.483,10.914,70.5,43,Meta-Llama-3.1-8B-Instruct-Q4_K_M,llama.cpp,finegrained_gpu_emc
2026-06-03T08:58:25.582112,GPU510_CPU1036,510,1036,3199,510,3199,p512_o1024,512,1024,mixed,0,48.65937295835465,43.566422776172516,44621.175503009,1024,22.94874548813595,2092.793,48.11,50.258,2.0437431640625,0.4892982726910879,36.729,0.482,10.9,70.5,87,Meta-Llama-3.1-8B-Instruct-Q4_K_M,llama.cpp,finegrained_gpu_emc
2026-06-03T08:59:10.978869,GPU510_CPU1036,510,1036,3199,510,3199,p512_o1024,512,1024,mixed,1,49.729877966456115,43.51901302736832,44573.685889015906,1024,22.973195498116517,2093.142,48.118,50.358,2.044083984375,0.48921668955092396,36.743,0.477,10.899,70.4,87,Meta-Llama-3.1-8B-Instruct-Q4_K_M,llama.cpp,finegrained_gpu_emc
2026-06-03T08:59:56.359692,GPU510_CPU1036,510,1036,3199,510,3199,p512_o1024,512,1024,mixed,2,48.728652065619826,43.504232380271525,44557.613963028416,1024,22.98148192696453,2092.682,48.108,50.358,2.043634765625,0.48932422604103254,36.752,0.472,10.883,70.4,87,Meta-Llama-3.1-8B-Instruct-Q4_K_M,llama.cpp,finegrained_gpu_emc
2026-06-03T09:00:02.856843,GPU510_CPU1036,510,1036,3199,510,3199,p1024_o128,1024,128,mixed,0,485.2911860216409,40.94325651975686,5685.61381904874,128,22.512960618457143,275.675,45.946,50.757,2.1537109375,0.46431486351682233,35.082,0.465,10.398,70.2,12,Meta-Llama-3.1-8B-Instruct-Q4_K_M,llama.cpp,finegrained_gpu_emc
2026-06-03T09:00:08.906287,GPU510_CPU1036,510,1036,3199,510,3199,p1024_o128,1024,128,mixed,1,46.188233071006835,40.87928657449313,5238.363969023339,128,24.435110037583893,257.504,46.819,50.858,2.01175,0.49707965701503665,35.625,0.472,10.722,70.2,11,Meta-Llama-3.1-8B-Instruct-Q4_K_M,llama.cpp,finegrained_gpu_emc
2026-06-03T09:00:14.960884,GPU510_CPU1036,510,1036,3199,510,3199,p1024_o128,1024,128,mixed,2,46.219087089411914,40.918399755820985,5243.374518002383,128,24.411759938285954,257.605,46.837,50.858,2.0125390625,0.49688476543545346,35.662,0.435,10.74,70.2,11,Meta-Llama-3.1-8B-Instruct-Q4_K_M,llama.cpp,finegrained_gpu_emc
2026-06-03T09:00:37.353017,GPU510_CPU1036,510,1036,3199,510,3199,p1024_o512,1024,512,mixed,0,46.185947954654694,42.128755800323944,21575.960037996992,512,23.730114400394097,1043.09,48.516,50.858,2.03728515625,0.49084930351168166,37.082,0.455,10.979,70.3,43,Meta-Llama-3.1-8B-Instruct-Q4_K_M,llama.cpp,finegrained_gpu_emc
2026-06-03T09:00:59.742421,GPU510_CPU1036,510,1036,3199,510,3199,p1024_o512,1024,512,mixed,1,46.637734048999846,42.12326944601556,21573.635137057863,512,23.732671696135153,1028.436,48.973,50.459,2.0086640625,0.4978433271491858,37.432,0.475,11.066,70.4,42,Meta-Llama-3.1-8B-Instruct-Q4_K_M,llama.cpp,finegrained_gpu_emc
2026-06-03T09:01:22.132559,GPU510_CPU1036,510,1036,3199,510,3199,p1024_o512,1024,512,mixed,2,46.89884395338595,42.122992814050114,21573.721861932427,512,23.732576292431098,1044.288,48.572,50.858,2.039625,0.49028620457191885,37.11,0.473,10.989,70.6,43,Meta-Llama-3.1-8B-Instruct-Q4_K_M,llama.cpp,finegrained_gpu_emc
2026-06-03T09:02:07.568929,GPU510_CPU1036,510,1036,3199,510,3199,p1024_o1024,1024,1024,mixed,0,47.20115300733596,43.5601609217582,44613.28530102037,1024,22.95280414994633,2105.86,48.411,50.843,2.05650390625,0.48626214468198264,36.981,0.477,10.953,70.6,87,Meta-Llama-3.1-8B-Instruct-Q4_K_M,llama.cpp,finegrained_gpu_emc
2026-06-03T09:02:53.044103,GPU510_CPU1036,510,1036,3199,510,3199,p1024_o1024,1024,1024,mixed,1,47.24755499046296,43.59768977320916,44651.7453599954,1024,22.93303412317286,2104.025,48.368,50.459,2.0547119140625,0.48668623234039515,36.945,0.482,10.942,70.7,87,Meta-Llama-3.1-8B-Instruct-Q4_K_M,llama.cpp,finegrained_gpu_emc
2026-06-03T09:03:50.009006,GPU510_CPU1036,510,1036,3199,510,3199,p1024_o1024,1024,1024,mixed,2,46.96711397264153,43.55113662461607,44603.85672701523,1024,22.957656022148274,954.502,48.949,50.858,0.932130859375,1.072810743193833,37.426,0.471,11.052,70.7,39,Meta-Llama-3.1-8B-Instruct-Q4_K_M,llama.cpp,finegrained_gpu_emc
2026-06-03T09:03:57.269519,GPU510_CPU1036,510,1036,3199,510,3199,p2048_o128,2048,128,mixed,0,1117.83177300822,41.9740824800674,6449.068787973374,128,19.847826749608004,296.49,45.614,51.156,2.316328125,0.4317177645114506,34.868,0.522,10.225,68.5,13,Meta-Llama-3.1-8B-Instruct-Q4_K_M,llama.cpp,finegrained_gpu_emc
2026-06-03T09:04:03.450036,GPU510_CPU1036,510,1036,3199,510,3199,p2048_o128,2048,128,mixed,1,45.250487979501486,41.91799310226668,5369.403317919932,128,23.83877545067452,263.022,47.822,50.757,2.054859375,0.48665130673479784,36.564,0.435,10.823,69.1,11,Meta-Llama-3.1-8B-Instruct-Q4_K_M,llama.cpp,finegrained_gpu_emc
2026-06-03T09:04:09.632124,GPU510_CPU1036,510,1036,3199,510,3199,p2048_o128,2048,128,mixed,2,45.43692304287106,41.928116913232216,5370.840472052805,128,23.83239656177625,258.445,46.99,50.858,2.0191015625,0.4952697866083693,35.805,0.471,10.713,69.2,11,Meta-Llama-3.1-8B-Instruct-Q4_K_M,llama.cpp,finegrained_gpu_emc
2026-06-03T09:04:32.232561,GPU510_CPU1036,510,1036,3199,510,3199,p2048_o512,2048,512,mixed,0,45.43217003811151,42.539531831837344,21785.156016005203,512,23.50224160083324,908.581,49.112,50.757,1.774572265625,0.5635160761671222,37.616,0.474,11.022,69.6,37,Meta-Llama-3.1-8B-Instruct-Q4_K_M,llama.cpp,finegrained_gpu_emc
2026-06-03T09:04:54.906342,GPU510_CPU1036,510,1036,3199,510,3199,p2048_o512,2048,512,mixed,1,49.580047954805195,42.67330220358268,21857.685268041678,512,23.424255300656192,1009.31,49.235,50.459,1.97130859375,0.507277248813546,37.674,0.477,11.084,69.9,41,Meta-Llama-3.1-8B-Instruct-Q4_K_M,llama.cpp,finegrained_gpu_emc
2026-06-03T09:05:17.550447,GPU510_CPU1036,510,1036,3199,510,3199,p2048_o512,2048,512,mixed,2,50.079920096322894,42.613843383464356,21827.785342000425,512,23.456342087752883,1057.95,49.207,50.757,2.06630859375,0.4839548182806371,37.64,0.492,11.075,70.2,43,Meta-Llama-3.1-8B-Instruct-Q4_K_M,llama.cpp,finegrained_gpu_emc
2026-06-03T09:05:28.048452,GPU612_CPU1036,612,1036,3199,612,3199,p64_o64,64,64,decode,0,41.78937093820423,40.685538285677985,2605.2393269492313,64,24.56588127546225,134.362,44.787,49.959,2.09940625,0.476325151456513,33.856,0.532,10.399,69.2,6,Meta-Llama-3.1-8B-Instruct-Q4_K_M,llama.cpp,finegrained_gpu_emc
2026-06-03T09:05:31.462956,GPU612_CPU1036,612,1036,3199,612,3199,p64_o64,64,64,decode,1,42.20807400997728,40.65307539643808,2603.6101810168475,64,24.58125277993982,127.508,42.503,49.46,1.9923125,0.5019292907111711,32.126,0.399,9.978,69.2,6,Meta-Llama-3.1-8B-Instruct-Q4_K_M,llama.cpp,finegrained_gpu_emc
2026-06-03T09:05:34.880683,GPU612_CPU1036,612,1036,3199,612,3199,p64_o64,64,64,decode,2,42.19562199432403,40.71121585614506,2607.2651529684663,64,24.54679376477443,128.263,42.754,49.859,2.004109375,0.49897476279207564,32.194,0.532,10.029,69.2,6,Meta-Llama-3.1-8B-Instruct-Q4_K_M,llama.cpp,finegrained_gpu_emc
2026-06-03T09:05:40.916095,GPU612_CPU1036,612,1036,3199,612,3199,p128_o128,128,128,decode,0,41.967922006733716,40.8005230715425,5224.1278340807185,128,24.50169752067791,253.012,46.002,49.859,1.97665625,0.505904858267592,34.973,0.471,10.558,69.3,11,Meta-Llama-3.1-8B-Instruct-Q4_K_M,llama.cpp,finegrained_gpu_emc
2026-06-03T09:05:46.945724,GPU612_CPU1036,612,1036,3199,612,3199,p128_o128,128,128,decode,1,41.78353201132268,40.75788851922715,5218.52949692402,128,24.527982466219186,253.899,46.163,50.358,1.9835859375,0.5041374719868924,35.116,0.471,10.576,69.4,11,Meta-Llama-3.1-8B-Instruct-Q4_K_M,llama.cpp,finegrained_gpu_emc
2026-06-03T09:05:52.973087,GPU612_CPU1036,612,1036,3199,612,3199,p128_o128,128,128,decode,2,42.083247913978994,40.73597574844868,5216.052626958117,128,24.539629707426222,254.549,46.282,50.258,1.9886640625,0.5028501388730657,35.225,0.471,10.585,69.5,11,Meta-Llama-3.1-8B-Instruct-Q4_K_M,llama.cpp,finegrained_gpu_emc
2026-06-03T09:06:15.617242,GPU612_CPU1036,612,1036,3199,612,3199,p128_o512,128,512,decode,0,41.99130099732429,42.6296462663021,21827.680855058134,512,23.456454370934882,1033.541,48.072,49.959,2.018634765625,0.4953843147006263,36.722,0.473,10.877,69.7,43,Meta-Llama-3.1-8B-Instruct-Q4_K_M,llama.cpp,finegrained_gpu_emc
2026-06-03T09:06:38.276793,GPU612_CPU1036,612,1036,3199,612,3199,p128_o512,128,512,decode,1,45.812765951268375,42.651963502910434,21842.90989197325,512,23.440100358979542,1035.806,48.177,49.959,2.02305859375,0.49430105637542165,36.841,0.445,10.891,69.9,43,Meta-Llama-3.1-8B-Instruct-Q4_K_M,llama.cpp,finegrained_gpu_emc
2026-06-03T09:07:00.936240,GPU612_CPU1036,612,1036,3199,612,3199,p128_o512,128,512,decode,2,45.846604043617845,42.65234250677367,21843.139518983662,512,23.439853943844735,1034.571,48.12,49.959,2.020646484375,0.49489111912087236,36.758,0.473,10.888,70.0,43,Meta-Llama-3.1-8B-Instruct-Q4_K_M,llama.cpp,finegrained_gpu_emc
2026-06-03T09:07:12.280991,GPU612_CPU1036,612,1036,3199,612,3199,p256_o256,256,256,decode,0,45.531573006883264,41.11890730210671,10531.821132055484,256,24.30728710543879,508.076,48.388,50.358,1.984671875,0.5038616270006849,36.957,0.475,10.956,70.1,21,Meta-Llama-3.1-8B-Instruct-Q4_K_M,llama.cpp,finegrained_gpu_emc
2026-06-03T09:07:23.626746,GPU612_CPU1036,612,1036,3199,612,3199,p256_o256,256,256,decode,1,45.57407507672906,41.12321274884629,10533.024945994839,256,24.304509038245797,507.048,48.29,49.959,1.98065625,0.5048831668796643,36.902,0.437,10.951,70.1,21,Meta-Llama-3.1-8B-Instruct-Q4_K_M,llama.cpp,finegrained_gpu_emc
2026-06-03T09:07:34.980562,GPU612_CPU1036,612,1036,3199,612,3199,p256_o256,256,256,decode,2,45.6615649163723,41.15435342788331,10541.212026961148,256,24.28563236800773,505.796,48.171,50.258,1.975765625,0.5061329073381363,36.883,0.418,10.87,70.1,21,Meta-Llama-3.1-8B-Instruct-Q4_K_M,llama.cpp,finegrained_gpu_emc
2026-06-03T09:07:41.015306,GPU612_CPU1036,612,1036,3199,612,3199,p512_o128,512,128,decode,0,45.205775066278875,40.77165287380349,5223.692237981595,128,24.50374068160234,253.858,46.156,50.358,1.983265625,0.5042188940273696,35.117,0.435,10.604,70.0,11,Meta-Llama-3.1-8B-Instruct-Q4_K_M,llama.cpp,finegrained_gpu_emc
2026-06-03T09:07:47.047333,GPU612_CPU1036,612,1036,3199,612,3199,p512_o128,512,128,decode,1,42.24712902214378,40.77044649573967,5220.590749988332,128,24.518298048987287,253.058,46.011,49.859,1.977015625,0.5058128966481993,35.008,0.435,10.567,70.0,11,Meta-Llama-3.1-8B-Instruct-Q4_K_M,llama.cpp,finegrained_gpu_emc
2026-06-03T09:07:53.086397,GPU612_CPU1036,612,1036,3199,612,3199,p512_o128,512,128,decode,2,43.03421394433826,40.821769346270386,5227.886300999671,128,24.484082596732062,256.459,46.629,49.959,2.0035859375,0.4991051201166658,35.118,0.834,10.676,70.0,11,Meta-Llama-3.1-8B-Instruct-Q4_K_M,llama.cpp,finegrained_gpu_emc
2026-06-03T09:08:15.735175,GPU612_CPU1036,612,1036,3199,612,3199,p512_o512,512,512,decode,0,43.200767948292196,42.635191000046646,21831.768095958978,512,23.452062963914056,1034.529,48.118,50.358,2.020564453125,0.49491121080221046,36.759,0.501,10.858,70.2,43,Meta-Llama-3.1-8B-Instruct-Q4_K_M,llama.cpp,finegrained_gpu_emc
2026-06-03T09:08:38.402881,GPU612_CPU1036,612,1036,3199,612,3199,p512_o512,512,512,decode,1,45.74329301249236,42.668872316952964,21851.514162961394,512,23.430870564926195,1034.928,48.136,50.358,2.02134375,0.4947204056707326,36.824,0.464,10.849,70.2,43,Meta-Llama-3.1-8B-Instruct-Q4_K_M,llama.cpp,finegrained_gpu_emc
2026-06-03T09:09:01.037768,GPU612_CPU1036,612,1036,3199,612,3199,p512_o512,512,512,decode,2,45.74016504921019,42.60452614492079,21818.626337102614,512,23.46618857161246,1035.173,48.148,49.959,2.021822265625,0.4946033175131113,36.826,0.445,10.877,70.3,43,Meta-Llama-3.1-8B-Instruct-Q4_K_M,llama.cpp,finegrained_gpu_emc
2026-06-03T09:09:46.290535,GPU612_CPU1036,612,1036,3199,612,3199,p512_o1024,512,1024,decode,0,46.30601592361927,43.381588437930404,44429.650811012834,1024,23.047671573105855,2077.662,47.762,49.959,2.028966796875,0.4928616878009994,36.448,0.468,10.847,70.4,87,Meta-Llama-3.1-8B-Instruct-Q4_K_M,llama.cpp,finegrained_gpu_emc
2026-06-03T09:10:31.541859,GPU612_CPU1036,612,1036,3199,612,3199,p512_o1024,512,1024,decode,1,46.048336080275476,43.38030425698759,44428.12195396982,1024,23.04846468776972,2080.343,47.824,50.358,2.0315849609375,0.49222652226099256,36.507,0.468,10.849,70.5,87,Meta-Llama-3.1-8B-Instruct-Q4_K_M,llama.cpp,finegrained_gpu_emc
2026-06-03T09:11:16.790780,GPU612_CPU1036,612,1036,3199,612,3199,p512_o1024,512,1024,decode,2,46.462940983474255,43.377662808356675,44425.80070497934,1024,23.049668970518475,2083.983,47.908,49.975,2.0351396484375,0.4913667721857615,36.573,0.486,10.849,70.5,87,Meta-Llama-3.1-8B-Instruct-Q4_K_M,llama.cpp,finegrained_gpu_emc
2026-06-03T09:11:22.839271,GPU612_CPU1036,612,1036,3199,612,3199,p1024_o128,1024,128,decode,0,45.984508004039526,40.87322769323584,5237.3696700669825,128,24.439748970089973,253.508,46.092,49.859,1.98053125,0.5049150322672262,35.045,0.471,10.576,70.3,11,Meta-Llama-3.1-8B-Instruct-Q4_K_M,llama.cpp,finegrained_gpu_emc
2026-06-03T09:11:28.869358,GPU612_CPU1036,612,1036,3199,612,3199,p1024_o128,1024,128,decode,1,42.055362020619214,40.75797444840116,5218.810466933064,128,24.526661930150855,253.457,46.083,49.959,1.9801328125,0.5050166300398096,35.008,0.471,10.603,70.3,11,Meta-Llama-3.1-8B-Instruct-Q4_K_M,llama.cpp,finegrained_gpu_emc
2026-06-03T09:11:34.900402,GPU612_CPU1036,612,1036,3199,612,3199,p1024_o128,1024,128,decode,2,41.7329769115895,40.76977925994763,5220.016923965886,128,24.52099329646474,254.249,46.227,50.358,1.9863203125,0.503443474703932,35.152,0.472,10.604,70.2,11,Meta-Llama-3.1-8B-Instruct-Q4_K_M,llama.cpp,finegrained_gpu_emc
2026-06-03T09:11:57.567305,GPU612_CPU1036,612,1036,3199,612,3199,p1024_o512,1024,512,decode,0,42.23429795820266,42.67463950101293,21850.937859038822,512,23.431488538520874,1036.684,48.218,50.258,2.0247734375,0.4938824174000949,36.775,0.557,10.886,70.3,43,Meta-Llama-3.1-8B-Instruct-Q4_K_M,llama.cpp,finegrained_gpu_emc
2026-06-03T09:12:20.228907,GPU612_CPU1036,612,1036,3199,612,3199,p1024_o512,1024,512,decode,1,45.86277506314218,42.65587966148277,21844.964378979057,512,23.437895851763745,1035.708,48.172,49.959,2.0228671875,0.49434782776612707,36.813,0.482,10.877,70.4,43,Meta-Llama-3.1-8B-Instruct-Q4_K_M,llama.cpp,finegrained_gpu_emc
2026-06-03T09:12:42.866814,GPU612_CPU1036,612,1036,3199,612,3199,p1024_o512,1024,512,decode,2,45.73866189457476,42.610895683043026,21821.901646908373,512,23.46266646621688,1036.31,48.2,49.959,2.02404296875,0.4940606575252579,36.841,0.464,10.895,70.4,43,Meta-Llama-3.1-8B-Instruct-Q4_K_M,llama.cpp,finegrained_gpu_emc
2026-06-03T09:13:28.083703,GPU612_CPU1036,612,1036,3199,612,3199,p1024_o1024,1024,1024,decode,0,45.75697495602071,43.347160309828084,44393.892943975516,1024,23.066235738602018,2082.286,47.869,50.358,2.033482421875,0.4917672212174504,36.52,0.486,10.863,70.4,87,Meta-Llama-3.1-8B-Instruct-Q4_K_M,llama.cpp,finegrained_gpu_emc
2026-06-03T09:14:13.298167,GPU612_CPU1036,612,1036,3199,612,3199,p1024_o1024,1024,1024,decode,1,46.056022052653134,43.34439086602165,44391.39367104508,1024,23.067534387142224,2082.069,47.864,49.959,2.0332705078125,0.4918184747959842,36.516,0.486,10.862,70.5,87,Meta-Llama-3.1-8B-Instruct-Q4_K_M,llama.cpp,finegrained_gpu_emc
2026-06-03T09:14:58.558528,GPU612_CPU1036,612,1036,3199,612,3199,p1024_o1024,1024,1024,decode,2,46.10869090538472,43.38898996193006,44437.01205193065,1024,23.043853596711624,2082.477,47.873,50.358,2.0336689453125,0.49172211745916045,36.535,0.472,10.866,70.4,87,Meta-Llama-3.1-8B-Instruct-Q4_K_M,llama.cpp,finegrained_gpu_emc
2026-06-03T09:15:04.598823,GPU612_CPU1036,612,1036,3199,612,3199,p2048_o128,2048,128,decode,0,45.91901309322566,40.80655643309459,5228.843873017468,128,24.4795987618834,254.357,46.247,50.358,1.9871640625,0.5032297125693416,35.153,0.472,10.622,70.1,11,Meta-Llama-3.1-8B-Instruct-Q4_K_M,llama.cpp,finegrained_gpu_emc
2026-06-03T09:15:10.625281,GPU612_CPU1036,612,1036,3199,612,3199,p2048_o128,2048,128,decode,1,42.19568497501314,40.728497559087366,5215.215323027223,128,24.543569550202413,254.348,46.245,50.258,1.98709375,0.5032475191469954,35.225,0.472,10.549,70.0,11,Meta-Llama-3.1-8B-Instruct-Q4_K_M,llama.cpp,finegrained_gpu_emc
2026-06-03T09:15:16.657850,GPU612_CPU1036,612,1036,3199,612,3199,p2048_o128,2048,128,decode,2,41.98621795512736,40.77932897654516,5221.451750956476,128,24.51425505876842,253.108,46.02,49.959,1.97740625,0.5057129762789007,34.972,0.472,10.576,70.0,11,Meta-Llama-3.1-8B-Instruct-Q4_K_M,llama.cpp,finegrained_gpu_emc
2026-06-03T09:15:39.323938,GPU612_CPU1036,612,1036,3199,612,3199,p2048_o512,2048,512,decode,0,42.134703951887786,42.672083692838406,21849.49641895946,512,23.433034344705643,1033.567,48.073,50.258,2.018685546875,0.4953718530100129,36.767,0.464,10.842,70.1,43,Meta-Llama-3.1-8B-Instruct-Q4_K_M,llama.cpp,finegrained_gpu_emc
2026-06-03T09:16:01.985672,GPU612_CPU1036,612,1036,3199,612,3199,p2048_o512,2048,512,decode,1,45.9004279691726,42.65643902366285,21845.318341976963,512,23.437516083991518,1035.012,48.14,49.959,2.0215078125,0.4946802549149189,36.804,0.464,10.872,70.1,43,Meta-Llama-3.1-8B-Instruct-Q4_K_M,llama.cpp,finegrained_gpu_emc
2026-06-03T09:16:24.656982,GPU612_CPU1036,612,1036,3199,612,3199,p2048_o512,2048,512,decode,2,45.419197995215654,42.67674733277724,21855.183950043283,512,23.426936198310333,1034.31,48.107,49.959,2.02013671875,0.4950160010055013,36.758,0.482,10.867,70.2,43,Meta-Llama-3.1-8B-Instruct-Q4_K_M,llama.cpp,finegrained_gpu_emc
2026-06-03T09:16:28.114214,GPU612_CPU1036,612,1036,3199,612,3199,p64_o64,64,64,mixed,0,72.30243808589876,40.86424158664332,2647.011536057107,64,24.17820970109261,128.76,42.92,50.358,2.011875,0.49704877291084193,32.393,0.465,10.062,69.8,6,Meta-Llama-3.1-8B-Instruct-Q4_K_M,llama.cpp,finegrained_gpu_emc
2026-06-03T09:16:31.524431,GPU612_CPU1036,612,1036,3199,612,3199,p64_o64,64,64,mixed,1,41.9696030439809,40.595417951292816,2599.741499987431,64,24.61783219612774,128.148,42.716,49.46,2.0023125,0.49942254268502045,32.255,0.399,10.062,69.7,6,Meta-Llama-3.1-8B-Instruct-Q4_K_M,llama.cpp,finegrained_gpu_emc
2026-06-03T09:16:34.939114,GPU612_CPU1036,612,1036,3199,612,3199,p64_o64,64,64,mixed,2,41.99940396938473,40.666753699677805,2604.26567599643,64,24.575065666260283,128.39,42.797,49.959,2.00609375,0.49848119012384146,32.252,0.465,10.079,69.7,6,Meta-Llama-3.1-8B-Instruct-Q4_K_M,llama.cpp,finegrained_gpu_emc
2026-06-03T09:16:41.019076,GPU612_CPU1036,612,1036,3199,612,3199,p128_o128,128,128,mixed,0,84.44304193835706,40.81997434667304,5269.072660012171,128,24.292699732803523,255.021,46.367,50.258,1.9923515625,0.5019194497708032,35.329,0.471,10.567,69.7,11,Meta-Llama-3.1-8B-Instruct-Q4_K_M,llama.cpp,finegrained_gpu_emc
2026-06-03T09:16:47.051006,GPU612_CPU1036,612,1036,3199,612,3199,p128_o128,128,128,mixed,1,42.056491947732866,40.772525929134545,5220.670016948134,128,24.51792578049693,254.621,46.295,50.243,1.9892265625,0.5027079463202171,35.22,0.471,10.604,69.7,11,Meta-Llama-3.1-8B-Instruct-Q4_K_M,llama.cpp,finegrained_gpu_emc
2026-06-03T09:16:53.080267,GPU612_CPU1036,612,1036,3199,612,3199,p128_o128,128,128,mixed,2,42.427537962794304,40.74729142589568,5217.826746054925,128,24.53128596053477,254.392,46.253,50.258,1.9874375,0.5031604767445518,35.224,0.471,10.558,69.8,11,Meta-Llama-3.1-8B-Instruct-Q4_K_M,llama.cpp,finegrained_gpu_emc
2026-06-03T09:17:15.711440,GPU612_CPU1036,612,1036,3199,612,3199,p128_o512,128,512,mixed,0,42.45514108333737,42.60321312908397,21814.862859086134,512,23.470236934666143,1034.552,48.119,49.959,2.020609375,0.4949002080127437,36.794,0.455,10.87,70.0,43,Meta-Llama-3.1-8B-Instruct-Q4_K_M,llama.cpp,finegrained_gpu_emc
2026-06-03T09:17:38.342881,GPU612_CPU1036,612,1036,3199,612,3199,p128_o512,128,512,mixed,1,45.60703691095114,42.59754673791083,21814.915527007543,512,23.470180270289294,1034.022,48.094,49.959,2.01957421875,0.4951538748692001,36.758,0.473,10.863,70.2,43,Meta-Llama-3.1-8B-Instruct-Q4_K_M,llama.cpp,finegrained_gpu_emc
2026-06-03T09:18:00.981485,GPU612_CPU1036,612,1036,3199,612,3199,p128_o512,128,512,mixed,2,45.85375799797475,42.61202726799288,21822.589224902913,512,23.46192721328089,1034.805,48.13,49.859,2.021103515625,0.4947792096095399,36.813,0.464,10.853,70.3,43,Meta-Llama-3.1-8B-Instruct-Q4_K_M,llama.cpp,finegrained_gpu_emc
2026-06-03T09:18:12.773193,GPU612_CPU1036,612,1036,3199,612,3199,p256_o256,256,256,mixed,0,123.31377994269133,42.56676811377938,10978.81801694166,256,23.31762851018759,521.826,47.439,50.358,2.0383828125,0.4905849842667862,36.24,0.472,10.727,70.4,22,Meta-Llama-3.1-8B-Instruct-Q4_K_M,llama.cpp,finegrained_gpu_emc
2026-06-03T09:18:24.478483,GPU612_CPU1036,612,1036,3199,612,3199,p256_o256,256,256,mixed,1,45.89578800369054,42.531532415316676,10892.443561926484,256,23.502531690393514,520.288,47.299,49.859,2.032375,0.49203518051540684,36.114,0.472,10.714,70.4,22,Meta-Llama-3.1-8B-Instruct-Q4_K_M,llama.cpp,finegrained_gpu_emc
2026-06-03T09:18:36.173001,GPU612_CPU1036,612,1036,3199,612,3199,p256_o256,256,256,mixed,2,45.75211403425783,42.490677745081484,10881.857500062324,256,23.52539536550022,521.436,47.403,49.859,2.036859375,0.49095190972621755,36.204,0.453,10.746,70.4,22,Meta-Llama-3.1-8B-Instruct-Q4_K_M,llama.cpp,finegrained_gpu_emc
2026-06-03T09:18:42.693943,GPU612_CPU1036,612,1036,3199,612,3199,p512_o128,512,128,mixed,0,237.59798100218177,43.08335737812912,5709.686976973899,128,22.418041569739305,271.586,45.264,49.259,2.121765625,0.47130559012614787,34.551,0.465,10.248,70.3,12,Meta-Llama-3.1-8B-Instruct-Q4_K_M,llama.cpp,finegrained_gpu_emc
2026-06-03T09:18:49.014153,GPU612_CPU1036,612,1036,3199,612,3199,p512_o128,512,128,mixed,1,45.103485928848386,43.02194014220961,5509.396396926604,128,23.233035123666962,256.033,46.551,49.259,2.0002578125,0.49993555518233973,35.549,0.471,10.531,70.2,11,Meta-Llama-3.1-8B-Instruct-Q4_K_M,llama.cpp,finegrained_gpu_emc
2026-06-03T09:18:55.333409,GPU612_CPU1036,612,1036,3199,612,3199,p512_o128,512,128,mixed,2,44.75369106512517,43.01478933839964,5508.127698092721,128,23.23838643833949,256.229,46.587,49.259,2.0017890625,0.49955313411050273,35.549,0.471,10.567,70.2,11,Meta-Llama-3.1-8B-Instruct-Q4_K_M,llama.cpp,finegrained_gpu_emc
2026-06-03T09:19:17.804993,GPU612_CPU1036,612,1036,3199,612,3199,p512_o512,512,512,mixed,0,44.50565099250525,42.28590341870821,21654.57712195348,512,23.64396206476518,1038.066,48.282,50.358,2.02747265625,0.4932249009215213,36.878,0.473,10.93,70.5,43,Meta-Llama-3.1-8B-Instruct-Q4_K_M,llama.cpp,finegrained_gpu_emc
2026-06-03T09:19:40.281525,GPU612_CPU1036,612,1036,3199,612,3199,p512_o512,512,512,mixed,1,49.62015908677131,42.287122651637546,21660.328356083483,512,23.637684137701473,1038.214,48.289,50.358,2.02776171875,0.4931545904794195,36.878,0.473,10.938,70.6,43,Meta-Llama-3.1-8B-Instruct-Q4_K_M,llama.cpp,finegrained_gpu_emc
2026-06-03T09:20:02.790426,GPU612_CPU1036,612,1036,3199,612,3199,p512_o512,512,512,mixed,2,48.71896596159786,42.3513379277399,21692.247507045977,512,23.60290236563521,1037.675,48.264,49.959,2.026708984375,0.49341074999397694,36.879,0.473,10.912,70.6,43,Meta-Llama-3.1-8B-Instruct-Q4_K_M,llama.cpp,finegrained_gpu_emc
2026-06-03T09:20:48.185168,GPU612_CPU1036,612,1036,3199,612,3199,p512_o1024,512,1024,mixed,0,48.46220393665135,43.5184369042137,44571.87896501273,1024,22.97412682116906,2094.795,48.156,50.358,2.0456982421875,0.4888306492998121,36.78,0.482,10.895,70.7,87,Meta-Llama-3.1-8B-Instruct-Q4_K_M,llama.cpp,finegrained_gpu_emc
2026-06-03T09:21:33.592578,GPU612_CPU1036,612,1036,3199,612,3199,p512_o1024,512,1024,mixed,1,48.759077093563974,43.53030045941938,44584.3262480339,1024,22.967712785502883,2092.744,48.109,50.358,2.0436953125,0.489309729235874,36.747,0.468,10.894,70.7,87,Meta-Llama-3.1-8B-Instruct-Q4_K_M,llama.cpp,finegrained_gpu_emc
2026-06-03T09:22:19.071388,GPU612_CPU1036,612,1036,3199,612,3199,p512_o1024,512,1024,mixed,2,49.75253599695861,43.59888371065594,44655.48770898022,1024,22.93111222238591,2092.264,48.098,50.358,2.0432265625,0.48942198498851003,36.723,0.482,10.894,70.8,87,Meta-Llama-3.1-8B-Instruct-Q4_K_M,llama.cpp,finegrained_gpu_emc
2026-06-03T09:22:25.572043,GPU612_CPU1036,612,1036,3199,612,3199,p1024_o128,1024,128,mixed,0,485.6423679739237,40.968399661717804,5689.137274981476,128,22.49901765648936,276.575,46.096,50.742,2.1607421875,0.46280394106481065,35.207,0.465,10.423,70.6,12,Meta-Llama-3.1-8B-Instruct-Q4_K_M,llama.cpp,finegrained_gpu_emc
2026-06-03T09:22:31.631128,GPU612_CPU1036,612,1036,3199,612,3199,p1024_o128,1024,128,mixed,1,46.61520500667393,40.9491769767799,5247.667615069076,128,24.391788769631344,257.432,46.806,50.757,2.0111875,0.4972186829920134,35.658,0.471,10.676,70.6,11,Meta-Llama-3.1-8B-Instruct-Q4_K_M,llama.cpp,finegrained_gpu_emc
2026-06-03T09:22:37.693075,GPU612_CPU1036,612,1036,3199,612,3199,p1024_o128,1024,128,mixed,2,46.61191999912262,40.972828323307525,5250.674132024869,128,24.37782211988808,257.226,46.768,50.858,2.009578125,0.49761688165271006,35.584,0.471,10.713,70.5,11,Meta-Llama-3.1-8B-Instruct-Q4_K_M,llama.cpp,finegrained_gpu_emc
2026-06-03T09:23:00.102843,GPU612_CPU1036,612,1036,3199,612,3199,p1024_o512,1024,512,mixed,0,46.350465971045196,42.162304350225995,21593.290640972555,512,23.71106879969915,1042.552,48.491,50.459,2.036234375,0.49110260207644324,37.043,0.473,10.975,70.7,43,Meta-Llama-3.1-8B-Instruct-Q4_K_M,llama.cpp,finegrained_gpu_emc
2026-06-03T09:23:22.493996,GPU612_CPU1036,612,1036,3199,612,3199,p1024_o512,1024,512,mixed,1,46.87648103572428,42.124903874759745,21574.77058202494,512,23.731422684354,1043.176,48.52,50.858,2.037453125,0.4908088376266325,37.072,0.464,10.984,70.8,43,Meta-Llama-3.1-8B-Instruct-Q4_K_M,llama.cpp,finegrained_gpu_emc
2026-06-03T09:23:44.877827,GPU612_CPU1036,612,1036,3199,612,3199,p1024_o512,1024,512,mixed,2,47.08515608217567,42.11047303328863,21567.54225201439,512,23.739376235703425,1043.553,48.537,50.459,2.038189453125,0.4906315251836753,37.073,0.482,10.982,70.9,43,Meta-Llama-3.1-8B-Instruct-Q4_K_M,llama.cpp,finegrained_gpu_emc
2026-06-03T09:24:30.264753,GPU612_CPU1036,612,1036,3199,612,3199,p1024_o1024,1024,1024,mixed,0,46.9674370251596,43.51202011921371,44563.78037692048,1024,22.97830191556927,2106.274,48.42,50.459,2.056908203125,0.486166567122796,36.995,0.472,10.953,71.0,87,Meta-Llama-3.1-8B-Instruct-Q4_K_M,llama.cpp,finegrained_gpu_emc
2026-06-03T09:25:15.668951,GPU612_CPU1036,612,1036,3199,612,3199,p1024_o1024,1024,1024,mixed,1,46.71224800404161,43.52892570189389,44580.85803606082,1024,22.96949958145043,2104.923,48.389,50.459,2.0555888671875,0.4864786027802443,36.977,0.463,10.949,71.1,87,Meta-Llama-3.1-8B-Instruct-Q4_K_M,llama.cpp,finegrained_gpu_emc
2026-06-03T09:26:01.084417,GPU612_CPU1036,612,1036,3199,612,3199,p1024_o1024,1024,1024,mixed,2,47.25688206963241,43.5393263421086,44592.059970018454,1024,22.96372943273955,2105.419,48.4,50.757,2.0560732421875,0.4863639969051291,36.958,0.486,10.956,71.1,87,Meta-Llama-3.1-8B-Instruct-Q4_K_M,llama.cpp,finegrained_gpu_emc
2026-06-03T09:26:08.253275,GPU612_CPU1036,612,1036,3199,612,3199,p2048_o128,2048,128,mixed,0,1009.7635280108079,42.10319890508678,6357.402837951668,128,20.13400806314818,301.796,46.43,50.757,2.35778125,0.42412755636257604,35.576,0.46,10.394,70.9,13,Meta-Llama-3.1-8B-Instruct-Q4_K_M,llama.cpp,finegrained_gpu_emc
2026-06-03T09:26:14.449011,GPU612_CPU1036,612,1036,3199,612,3199,p2048_o128,2048,128,mixed,1,45.54045898839831,42.03453059784892,5384.460365981795,128,23.772112950943907,263.465,47.903,50.858,2.0583203125,0.4858330328506633,36.563,0.471,10.868,70.9,11,Meta-Llama-3.1-8B-Instruct-Q4_K_M,llama.cpp,finegrained_gpu_emc
2026-06-03T09:26:20.644164,GPU612_CPU1036,612,1036,3199,612,3199,p2048_o128,2048,128,mixed,2,45.557107077911496,42.0311983935095,5384.225087007508,128,23.773151740790425,263.464,47.902,50.757,2.0583125,0.4858348768712234,36.599,0.471,10.832,70.9,11,Meta-Llama-3.1-8B-Instruct-Q4_K_M,llama.cpp,finegrained_gpu_emc
2026-06-03T09:26:43.274129,GPU612_CPU1036,612,1036,3199,612,3199,p2048_o512,2048,512,mixed,0,45.36901996470988,42.59569551854954,21813.772480003536,512,23.47141011346594,1058.584,49.236,50.757,2.067546875,0.4836649713201786,37.658,0.473,11.106,71.1,43,Meta-Llama-3.1-8B-Instruct-Q4_K_M,llama.cpp,finegrained_gpu_emc
2026-06-03T09:27:05.926104,GPU612_CPU1036,612,1036,3199,612,3199,p2048_o512,2048,512,mixed,1,49.46215299423784,42.63090624664446,21835.959544056095,512,23.447561302126065,1059.078,49.259,50.459,2.06851171875,0.48343936896054873,37.676,0.482,11.101,71.2,43,Meta-Llama-3.1-8B-Instruct-Q4_K_M,llama.cpp,finegrained_gpu_emc
2026-06-03T09:27:28.564325,GPU612_CPU1036,612,1036,3199,612,3199,p2048_o512,2048,512,mixed,2,49.31200703140348,42.60407761445564,21821.99139299337,512,23.46256997261916,1059.26,49.268,50.757,2.0688671875,0.48335630534524104,37.722,0.473,11.073,71.3,43,Meta-Llama-3.1-8B-Instruct-Q4_K_M,llama.cpp,finegrained_gpu_emc
2026-06-03T09:27:39.060576,GPU714_CPU1036,714,1036,3199,714,3199,p64_o64,64,64,decode,0,42.062604916282,40.682623159169914,2605.3324369713664,64,24.56500333385416,134.192,44.73,49.959,2.09675,0.4769285799451532,33.916,0.466,10.349,70.3,6,Meta-Llama-3.1-8B-Instruct-Q4_K_M,llama.cpp,finegrained_gpu_emc
2026-06-03T09:27:42.473522,GPU714_CPU1036,714,1036,3199,714,3199,p64_o64,64,64,decode,1,42.17355197761208,40.640306825350436,2602.773968013935,64,24.58915018611303,129.052,43.017,50.358,2.0164375,0.49592412360908783,32.454,0.465,10.098,70.2,6,Meta-Llama-3.1-8B-Instruct-Q4_K_M,llama.cpp,finegrained_gpu_emc
2026-06-03T09:27:45.883850,GPU714_CPU1036,714,1036,3199,714,3199,p64_o64,64,64,decode,2,41.90002102404833,40.59996441124924,2599.9572329455987,64,24.61578951723439,128.938,42.979,49.959,2.01465625,0.49636259287409457,32.452,0.465,10.062,70.3,6,Meta-Llama-3.1-8B-Instruct-Q4_K_M,llama.cpp,finegrained_gpu_emc
2026-06-03T09:27:51.914741,GPU714_CPU1036,714,1036,3199,714,3199,p128_o128,128,128,decode,0,41.73199401702732,40.766846605825904,5219.6124530164525,128,24.52289344317658,254.144,46.208,49.959,1.9855,0.503651473180559,35.115,0.471,10.622,70.4,11,Meta-Llama-3.1-8B-Instruct-Q4_K_M,llama.cpp,finegrained_gpu_emc
2026-06-03T09:27:57.952876,GPU714_CPU1036,714,1036,3199,714,3199,p128_o128,128,128,decode,1,42.150619905442,40.81980591386879,5226.802925928496,128,24.489157485742,254.208,46.22,49.959,1.986,0.5035246727089627,35.117,0.471,10.631,70.4,11,Meta-Llama-3.1-8B-Instruct-Q4_K_M,llama.cpp,finegrained_gpu_emc
2026-06-03T09:28:03.981679,GPU714_CPU1036,714,1036,3199,714,3199,p128_o128,128,128,decode,2,41.978531051427126,40.749018519610814,5217.597062001005,128,24.532365853278563,255.042,46.371,50.258,1.992515625,0.5018781220348021,35.26,0.471,10.64,70.4,11,Meta-Llama-3.1-8B-Instruct-Q4_K_M,llama.cpp,finegrained_gpu_emc
2026-06-03T09:28:26.617751,GPU714_CPU1036,714,1036,3199,714,3199,p128_o512,128,512,decode,0,41.735465987585485,42.614849818070326,21819.928313954733,512,23.46478836378922,1034.833,48.132,49.959,2.021158203125,0.49476582211815817,36.801,0.464,10.867,70.6,43,Meta-Llama-3.1-8B-Instruct-Q4_K_M,llama.cpp,finegrained_gpu_emc
2026-06-03T09:28:49.265541,GPU714_CPU1036,714,1036,3199,714,3199,p128_o512,128,512,decode,1,46.60795698873699,42.6280194676596,21831.493280944414,512,23.452358178672938,1037.574,48.259,50.358,2.02651171875,0.4934587798075125,36.877,0.501,10.881,70.8,43,Meta-Llama-3.1-8B-Instruct-Q4_K_M,llama.cpp,finegrained_gpu_emc
2026-06-03T09:29:11.922905,GPU714_CPU1036,714,1036,3199,714,3199,p128_o512,128,512,decode,2,45.78097595367581,42.64861785915157,21841.22977394145,512,23.4419034687718,1035.299,48.153,50.343,2.022068359375,0.49454312232504816,36.808,0.464,10.881,70.9,43,Meta-Llama-3.1-8B-Instruct-Q4_K_M,llama.cpp,finegrained_gpu_emc
2026-06-03T09:29:23.270308,GPU714_CPU1036,714,1036,3199,714,3199,p256_o256,256,256,decode,0,45.59274099301547,41.129027494211115,10534.55042396672,256,24.30098957214016,508.002,48.381,50.343,1.9843828125,0.5039350238778587,36.955,0.475,10.951,70.8,21,Meta-Llama-3.1-8B-Instruct-Q4_K_M,llama.cpp,finegrained_gpu_emc
2026-06-03T09:29:34.618580,GPU714_CPU1036,714,1036,3199,714,3199,p256_o256,256,256,decode,1,45.272113056853414,41.133259427185884,10535.283882985823,256,24.29929775441861,507.85,48.367,50.358,1.9837890625,0.5040858521216894,36.954,0.475,10.937,70.9,21,Meta-Llama-3.1-8B-Instruct-Q4_K_M,llama.cpp,finegrained_gpu_emc
2026-06-03T09:29:45.973363,GPU714_CPU1036,714,1036,3199,714,3199,p256_o256,256,256,decode,2,45.200953958556056,41.1599234198494,10541.959051042795,256,24.28391144003513,508.424,48.421,50.358,1.98603125,0.5035167497993801,36.975,0.475,10.971,70.9,21,Meta-Llama-3.1-8B-Instruct-Q4_K_M,llama.cpp,finegrained_gpu_emc
2026-06-03T09:29:52.009523,GPU714_CPU1036,714,1036,3199,714,3199,p512_o128,512,128,decode,0,45.47731392085552,40.78066422087031,5225.1128340139985,128,24.497078640437465,254.207,46.219,49.959,1.9859921875,0.5035266534753173,35.117,0.471,10.631,70.8,11,Meta-Llama-3.1-8B-Instruct-Q4_K_M,llama.cpp,finegrained_gpu_emc
2026-06-03T09:29:58.037034,GPU714_CPU1036,714,1036,3199,714,3199,p512_o128,512,128,decode,1,41.92387091461569,40.73961045754355,5216.342394938692,128,24.53826653024075,254.599,46.291,49.959,1.9890546875,0.5027513855121191,35.225,0.471,10.595,70.8,11,Meta-Llama-3.1-8B-Instruct-Q4_K_M,llama.cpp,finegrained_gpu_emc
2026-06-03T09:30:04.066811,GPU714_CPU1036,714,1036,3199,714,3199,p512_o128,512,128,decode,2,43.06943598203361,41.07228146093558,5218.676001066342,127,24.335674407464623,254.806,46.328,49.959,2.0063464566929134,0.4984184045901588,35.262,0.435,10.631,70.7,11,Meta-Llama-3.1-8B-Instruct-Q4_K_M,llama.cpp,finegrained_gpu_emc
2026-06-03T09:30:26.708003,GPU714_CPU1036,714,1036,3199,714,3199,p512_o512,512,512,decode,0,42.99635300412774,42.62037101359363,21824.00567200966,512,23.460404459877164,1037.453,48.254,50.06,2.026275390625,0.49351633278808776,36.887,0.482,10.884,70.9,43,Meta-Llama-3.1-8B-Instruct-Q4_K_M,llama.cpp,finegrained_gpu_emc
2026-06-03T09:30:49.384763,GPU714_CPU1036,714,1036,3199,714,3199,p512_o512,512,512,decode,1,45.769216027110815,42.68609575126247,21860.31149397604,512,23.421441187655986,1036.004,48.186,50.358,2.0234453125,0.49420658607495727,36.813,0.473,10.9,71.0,43,Meta-Llama-3.1-8B-Instruct-Q4_K_M,llama.cpp,finegrained_gpu_emc
2026-06-03T09:31:12.030944,GPU714_CPU1036,714,1036,3199,714,3199,p512_o512,512,512,decode,2,45.81684700679034,42.627083021443916,21830.247267964296,512,23.453696777468743,1034.162,48.101,50.358,2.01984765625,0.49508684326053365,36.804,0.455,10.842,71.0,43,Meta-Llama-3.1-8B-Instruct-Q4_K_M,llama.cpp,finegrained_gpu_emc
2026-06-03T09:31:57.257451,GPU714_CPU1036,714,1036,3199,714,3199,p512_o1024,512,1024,decode,0,46.47209099493921,43.356041563037536,44403.668766026385,1024,23.06115752271963,2083.202,47.89,49.959,2.034376953125,0.491550987374244,36.565,0.477,10.848,71.1,87,Meta-Llama-3.1-8B-Instruct-Q4_K_M,llama.cpp,finegrained_gpu_emc
2026-06-03T09:32:42.490917,GPU714_CPU1036,714,1036,3199,714,3199,p512_o1024,512,1024,decode,1,46.1278660222888,43.362714286496676,44410.214963019826,1024,23.057758239915746,2082.614,47.876,50.358,2.033802734375,0.49168977064400793,36.509,0.5,10.867,71.2,87,Meta-Llama-3.1-8B-Instruct-Q4_K_M,llama.cpp,finegrained_gpu_emc
2026-06-03T09:33:27.750611,GPU714_CPU1036,714,1036,3199,714,3199,p512_o1024,512,1024,decode,2,46.057460946030915,43.38818432841512,44436.184605932795,1024,23.04428269620797,2086.177,47.958,50.358,2.0372822265625,0.49085000937120865,36.597,0.486,10.875,71.3,87,Meta-Llama-3.1-8B-Instruct-Q4_K_M,llama.cpp,finegrained_gpu_emc
2026-06-03T09:33:33.803768,GPU714_CPU1036,714,1036,3199,714,3199,p1024_o128,1024,128,decode,0,46.416205004788935,40.90466192102162,5241.798315080814,128,24.41910052734003,254.458,46.265,50.358,1.987953125,0.5030299695824065,35.19,0.471,10.604,71.1,11,Meta-Llama-3.1-8B-Instruct-Q4_K_M,llama.cpp,finegrained_gpu_emc
2026-06-03T09:33:39.834325,GPU714_CPU1036,714,1036,3199,714,3199,p1024_o128,1024,128,decode,1,42.18012804631144,40.76189027574852,5219.427456031553,128,24.523762630723724,255.404,46.437,50.358,1.99534375,0.5011667789071432,35.299,0.508,10.631,71.1,11,Meta-Llama-3.1-8B-Instruct-Q4_K_M,llama.cpp,finegrained_gpu_emc
2026-06-03T09:33:45.866225,GPU714_CPU1036,714,1036,3199,714,3199,p1024_o128,1024,128,decode,2,42.17094590421766,40.77185351240236,5220.677907927893,128,24.51788872200386,254.948,46.354,50.358,1.99178125,0.50206316582205,35.261,0.471,10.622,71.0,11,Meta-Llama-3.1-8B-Instruct-Q4_K_M,llama.cpp,finegrained_gpu_emc
2026-06-03T09:34:08.516830,GPU714_CPU1036,714,1036,3199,714,3199,p1024_o512,1024,512,decode,0,42.28653304744512,42.641605857218416,21834.06990300864,512,23.449590583634095,1035.722,48.173,50.358,2.02289453125,0.49434114559698455,36.814,0.473,10.886,71.2,43,Meta-Llama-3.1-8B-Instruct-Q4_K_M,llama.cpp,finegrained_gpu_emc
2026-06-03T09:34:31.152048,GPU714_CPU1036,714,1036,3199,714,3199,p1024_o512,1024,512,decode,1,45.93536292668432,42.60464913121547,21818.832790944725,512,23.465966530184456,1037.524,48.257,50.358,2.0264140625,0.49348256040342203,36.87,0.492,10.896,71.3,43,Meta-Llama-3.1-8B-Instruct-Q4_K_M,llama.cpp,finegrained_gpu_emc
2026-06-03T09:34:53.802169,GPU714_CPU1036,714,1036,3199,714,3199,p1024_o512,1024,512,decode,2,45.65899004228413,42.63435707449432,21833.814777084626,512,23.44986458973548,1038.106,48.284,50.358,2.02755078125,0.4932058961223613,36.906,0.482,10.895,71.3,43,Meta-Llama-3.1-8B-Instruct-Q4_K_M,llama.cpp,finegrained_gpu_emc
2026-06-03T09:35:39.032985,GPU714_CPU1036,714,1036,3199,714,3199,p1024_o1024,1024,1024,decode,0,46.593910083174706,43.35991589931493,44407.752761035226,1024,23.05903668465949,2085.781,47.949,50.358,2.0368955078125,0.4909432006524175,36.57,0.486,10.893,71.4,87,Meta-Llama-3.1-8B-Instruct-Q4_K_M,llama.cpp,finegrained_gpu_emc
2026-06-03T09:36:24.236741,GPU714_CPU1036,714,1036,3199,714,3199,p1024_o1024,1024,1024,decode,1,45.76765897218138,43.334407521023046,44380.856943898834,1024,23.073010989725205,2085.146,47.934,50.358,2.036275390625,0.49109271005483546,36.58,0.486,10.868,71.5,87,Meta-Llama-3.1-8B-Instruct-Q4_K_M,llama.cpp,finegrained_gpu_emc
2026-06-03T09:37:09.432661,GPU714_CPU1036,714,1036,3199,714,3199,p1024_o1024,1024,1024,decode,2,45.96341901924461,43.32613872529398,44372.55081604235,1024,23.077330042287887,2086.137,47.957,50.358,2.0372431640625,0.4908594210255606,36.592,0.477,10.888,71.6,87,Meta-Llama-3.1-8B-Instruct-Q4_K_M,llama.cpp,finegrained_gpu_emc
2026-06-03T09:37:15.483979,GPU714_CPU1036,714,1036,3199,714,3199,p2048_o128,2048,128,decode,0,46.89076205249876,40.88326547236189,5239.558211993426,128,24.42954058741176,255.186,46.398,50.358,1.993640625,0.5015949150815483,35.223,0.544,10.631,71.4,11,Meta-Llama-3.1-8B-Instruct-Q4_K_M,llama.cpp,finegrained_gpu_emc
2026-06-03T09:37:21.517802,GPU714_CPU1036,714,1036,3199,714,3199,p2048_o128,2048,128,decode,1,42.54872305318713,40.78423977906515,5222.645765985362,128,24.508650545218455,254.999,46.363,50.358,1.9921796875,0.501962752795109,35.297,0.435,10.631,71.3,11,Meta-Llama-3.1-8B-Instruct-Q4_K_M,llama.cpp,finegrained_gpu_emc
2026-06-03T09:37:27.548535,GPU714_CPU1036,714,1036,3199,714,3199,p2048_o128,2048,128,decode,2,41.95877502206713,40.76446506275436,5219.56538897939,128,24.523114562423086,255.3,46.418,50.459,1.99453125,0.5013709361535448,35.261,0.471,10.686,71.3,11,Meta-Llama-3.1-8B-Instruct-Q4_K_M,llama.cpp,finegrained_gpu_emc
2026-06-03T09:37:50.177161,GPU714_CPU1036,714,1036,3199,714,3199,p2048_o512,2048,512,decode,0,42.376823956146836,42.59838279652903,21812.10863799788,512,23.47320052808045,1038.903,48.321,50.358,2.029107421875,0.4928275305779269,36.934,0.482,10.905,71.5,43,Meta-Llama-3.1-8B-Instruct-Q4_K_M,llama.cpp,finegrained_gpu_emc
2026-06-03T09:38:12.858357,GPU714_CPU1036,714,1036,3199,714,3199,p2048_o512,2048,512,decode,1,45.89205700904131,42.695383285673486,21865.203376975842,512,23.416201128919674,1042.23,48.476,51.358,2.03560546875,0.49125432965852067,36.887,0.659,10.93,71.5,43,Meta-Llama-3.1-8B-Instruct-Q4_K_M,llama.cpp,finegrained_gpu_emc
2026-06-03T09:38:35.506054,GPU714_CPU1036,714,1036,3199,714,3199,p2048_o512,2048,512,decode,2,45.77529605012387,42.6287961720057,21831.078520976007,512,23.452803740688022,1036.599,48.214,49.959,2.024607421875,0.49392291522565623,36.868,0.464,10.882,71.5,43,Meta-Llama-3.1-8B-Instruct-Q4_K_M,llama.cpp,finegrained_gpu_emc
2026-06-03T09:38:38.964621,GPU714_CPU1036,714,1036,3199,714,3199,p64_o64,64,64,mixed,0,72.211301070638,40.88195541223127,2648.033628007397,64,24.168877359823778,129.06,43.02,49.959,2.0165625,0.4958933829226716,32.393,0.532,10.096,71.2,6,Meta-Llama-3.1-8B-Instruct-Q4_K_M,llama.cpp,finegrained_gpu_emc
2026-06-03T09:38:42.373763,GPU714_CPU1036,714,1036,3199,714,3199,p64_o64,64,64,mixed,1,42.234410997480154,40.57736896968905,2598.866511019878,64,24.626120552411273,128.719,42.906,49.859,2.011234375,0.49720709452373,32.46,0.399,10.048,71.1,6,Meta-Llama-3.1-8B-Instruct-Q4_K_M,llama.cpp,finegrained_gpu_emc
2026-06-03T09:38:45.785620,GPU714_CPU1036,714,1036,3199,714,3199,p64_o64,64,64,mixed,2,41.80119698867202,40.62529304803955,2601.456483011134,64,24.601603147295886,129.168,43.056,49.959,2.01825,0.49547875634832156,32.393,0.532,10.131,71.0,6,Meta-Llama-3.1-8B-Instruct-Q4_K_M,llama.cpp,finegrained_gpu_emc
2026-06-03T09:38:51.858404,GPU714_CPU1036,714,1036,3199,714,3199,p128_o128,128,128,mixed,0,84.15954699739814,40.76271265374834,5261.520629981533,128,24.327567827183312,255.558,46.465,50.358,1.996546875,0.5008647743369411,35.372,0.435,10.658,71.1,11,Meta-Llama-3.1-8B-Instruct-Q4_K_M,llama.cpp,finegrained_gpu_emc
2026-06-03T09:38:57.889246,GPU714_CPU1036,714,1036,3199,714,3199,p128_o128,128,128,mixed,1,41.87700699549168,40.76440583485523,5219.453411991708,128,24.523640675845417,255.025,46.368,50.358,1.9923828125,0.5019115772963435,35.228,0.471,10.668,71.2,11,Meta-Llama-3.1-8B-Instruct-Q4_K_M,llama.cpp,finegrained_gpu_emc
2026-06-03T09:39:03.913885,GPU714_CPU1036,714,1036,3199,714,3199,p128_o128,128,128,mixed,2,42.07294399384409,40.7149517160701,5213.370659970678,128,24.55225387728712,255.276,46.414,50.374,1.99434375,0.5014180729876683,35.302,0.471,10.64,71.1,11,Meta-Llama-3.1-8B-Instruct-Q4_K_M,llama.cpp,finegrained_gpu_emc
2026-06-03T09:39:26.545493,GPU714_CPU1036,714,1036,3199,714,3199,p128_o512,128,512,mixed,0,41.87115409877151,42.60555270639177,21815.28215308208,512,23.469785832115136,1038.14,48.286,50.358,2.0276171875,0.49318974319455944,36.928,0.464,10.893,71.3,43,Meta-Llama-3.1-8B-Instruct-Q4_K_M,llama.cpp,finegrained_gpu_emc
2026-06-03T09:39:49.163410,GPU714_CPU1036,714,1036,3199,714,3199,p128_o512,128,512,mixed,1,45.39157194085419,42.571755473542076,21801.521560992114,512,23.484599392185753,1038.4,48.298,50.358,2.028125,0.49306625577812013,36.91,0.473,10.914,71.4,43,Meta-Llama-3.1-8B-Instruct-Q4_K_M,llama.cpp,finegrained_gpu_emc
2026-06-03T09:40:11.780003,GPU714_CPU1036,714,1036,3199,714,3199,p128_o512,128,512,mixed,2,45.81282509025186,42.56846042078375,21800.243970006704,512,23.48597569386938,1038.335,48.295,49.975,2.027998046875,0.49309712183447535,36.909,0.473,10.912,71.5,43,Meta-Llama-3.1-8B-Instruct-Q4_K_M,llama.cpp,finegrained_gpu_emc
2026-06-03T09:40:23.559562,GPU714_CPU1036,714,1036,3199,714,3199,p256_o256,256,256,mixed,0,122.98640701919794,42.520533149203686,10966.690807021223,256,23.3434136609469,522.675,47.516,50.358,2.04169921875,0.4897881092457072,36.294,0.49,10.732,71.5,22,Meta-Llama-3.1-8B-Instruct-Q4_K_M,llama.cpp,finegrained_gpu_emc
2026-06-03T09:40:35.255842,GPU714_CPU1036,714,1036,3199,714,3199,p256_o256,256,256,mixed,1,45.72499403730035,42.49668573348911,10883.36891203653,256,23.522128310552368,521.278,47.389,49.959,2.0362421875,0.4911007178511274,36.194,0.453,10.741,71.5,22,Meta-Llama-3.1-8B-Instruct-Q4_K_M,llama.cpp,finegrained_gpu_emc
2026-06-03T09:40:46.961965,GPU714_CPU1036,714,1036,3199,714,3199,p256_o256,256,256,mixed,2,45.95741198863834,42.534813564727266,10893.364374991506,256,23.500545027917475,521.596,47.418,50.358,2.037484375,0.49080130982599557,36.173,0.49,10.755,71.4,22,Meta-Llama-3.1-8B-Instruct-Q4_K_M,llama.cpp,finegrained_gpu_emc
2026-06-03T09:40:53.480611,GPU714_CPU1036,714,1036,3199,714,3199,p512_o128,512,128,mixed,0,238.09330898802727,43.05890242488483,5707.1203800151125,128,22.42812337518296,272.78,45.463,49.658,2.13109375,0.4692426130948017,34.725,0.466,10.273,71.3,12,Meta-Llama-3.1-8B-Instruct-Q4_K_M,llama.cpp,finegrained_gpu_emc
2026-06-03T09:40:59.798196,GPU714_CPU1036,714,1036,3199,714,3199,p512_o128,512,128,mixed,1,45.37066409830004,42.995068787296454,5506.250351085328,128,23.246309528002143,256.214,46.584,49.359,2.001671875,0.4995823803539229,35.555,0.435,10.594,71.2,11,Meta-Llama-3.1-8B-Instruct-Q4_K_M,llama.cpp,finegrained_gpu_emc
2026-06-03T09:41:06.115162,GPU714_CPU1036,714,1036,3199,714,3199,p512_o128,512,128,mixed,2,44.90576998796314,42.99491080253818,5505.760785890743,128,23.248376560060024,256.907,46.71,49.774,2.0070859375,0.49823476978050424,35.662,0.435,10.613,71.2,11,Meta-Llama-3.1-8B-Instruct-Q4_K_M,llama.cpp,finegrained_gpu_emc
2026-06-03T09:41:28.578655,GPU714_CPU1036,714,1036,3199,714,3199,p512_o512,512,512,mixed,0,44.86266791354865,42.26899649123178,21646.3260819437,512,23.652974553824414,1038.494,48.302,49.959,2.02830859375,0.4930216255462237,36.91,0.464,10.928,71.4,43,Meta-Llama-3.1-8B-Instruct-Q4_K_M,llama.cpp,finegrained_gpu_emc
2026-06-03T09:41:51.048577,GPU714_CPU1036,714,1036,3199,714,3199,p512_o512,512,512,mixed,1,48.45223901793361,42.27563769282288,21653.306395048276,512,23.64534961353917,1041.218,48.429,50.374,2.03362890625,0.4917317987203448,36.972,0.51,10.947,71.5,43,Meta-Llama-3.1-8B-Instruct-Q4_K_M,llama.cpp,finegrained_gpu_emc
2026-06-03T09:42:13.517288,GPU714_CPU1036,714,1036,3199,714,3199,p512_o512,512,512,mixed,2,48.47643501125276,42.273732647892096,21652.31183404103,512,23.64643572124483,1041.368,48.436,50.358,2.033921875,0.4916609690330412,37.03,0.464,10.942,71.6,43,Meta-Llama-3.1-8B-Instruct-Q4_K_M,llama.cpp,finegrained_gpu_emc
2026-06-03T09:42:58.947171,GPU714_CPU1036,714,1036,3199,714,3199,p512_o1024,512,1024,mixed,0,48.74908004421741,43.5521835454431,44606.718510971405,1024,22.956183153175424,2096.314,48.191,50.358,2.047181640625,0.4884764400752941,36.789,0.486,10.916,71.7,87,Meta-Llama-3.1-8B-Instruct-Q4_K_M,llama.cpp,finegrained_gpu_emc
2026-06-03T09:43:44.368171,GPU714_CPU1036,714,1036,3199,714,3199,p512_o1024,512,1024,mixed,1,48.847872065380216,43.54360254544251,44597.99647598993,1024,22.96067269639091,2096.673,48.199,50.358,2.0475322265625,0.48839280135719787,36.812,0.472,10.915,71.8,87,Meta-Llama-3.1-8B-Instruct-Q4_K_M,llama.cpp,finegrained_gpu_emc
2026-06-03T09:44:29.767837,GPU714_CPU1036,714,1036,3199,714,3199,p512_o1024,512,1024,mixed,2,48.556072055362165,43.52324648181255,44576.87607198022,1024,22.97155140137013,2099.178,48.257,50.358,2.049978515625,0.4878099903867133,36.84,0.482,10.935,71.8,87,Meta-Llama-3.1-8B-Instruct-Q4_K_M,llama.cpp,finegrained_gpu_emc
2026-06-03T09:44:36.263482,GPU714_CPU1036,714,1036,3199,714,3199,p1024_o128,1024,128,mixed,0,486.3680540584028,40.925825669202865,5684.456490096636,128,22.517544152725847,277.13,46.188,50.459,2.165078125,0.4618770973911161,35.283,0.466,10.44,71.6,12,Meta-Llama-3.1-8B-Instruct-Q4_K_M,llama.cpp,finegrained_gpu_emc
2026-06-03T09:44:42.329064,GPU714_CPU1036,714,1036,3199,714,3199,p1024_o128,1024,128,mixed,1,46.40190303325653,41.00448622800938,5254.478726070374,128,24.360170946153275,257.153,46.755,50.459,2.0090078125,0.49775814398432056,35.553,0.508,10.695,71.6,11,Meta-Llama-3.1-8B-Instruct-Q4_K_M,llama.cpp,finegrained_gpu_emc
2026-06-03T09:44:48.393977,GPU714_CPU1036,714,1036,3199,714,3199,p1024_o128,1024,128,mixed,2,46.54292797204107,40.99364552782541,5253.246117965318,128,24.365886753765274,257.304,46.782,50.459,2.0101875,0.4974660323974754,35.588,0.471,10.723,71.6,11,Meta-Llama-3.1-8B-Instruct-Q4_K_M,llama.cpp,finegrained_gpu_emc
2026-06-03T09:45:10.782905,GPU714_CPU1036,714,1036,3199,714,3199,p1024_o512,1024,512,mixed,0,46.302033006213605,42.12234906443083,21572.821221896447,512,23.733567099713376,1031.342,49.112,50.459,2.01433984375,0.4964405599694378,37.518,0.503,11.09,71.8,42,Meta-Llama-3.1-8B-Instruct-Q4_K_M,llama.cpp,finegrained_gpu_emc
2026-06-03T09:45:33.184295,GPU714_CPU1036,714,1036,3199,714,3199,p1024_o512,1024,512,mixed,1,46.87256505712867,42.14536427012636,21585.118188057095,512,23.720046169739586,1045.554,48.63,50.858,2.04209765625,0.48969254576999366,37.147,0.473,11.01,71.9,43,Meta-Llama-3.1-8B-Instruct-Q4_K_M,llama.cpp,finegrained_gpu_emc
2026-06-03T09:45:55.568358,GPU714_CPU1036,714,1036,3199,714,3199,p1024_o512,1024,512,mixed,2,46.88690300099552,42.1114303542979,21567.807559040375,512,23.739084216067653,1045.104,48.61,50.858,2.04121875,0.48990339717386977,37.138,0.455,11.017,71.9,43,Meta-Llama-3.1-8B-Instruct-Q4_K_M,llama.cpp,finegrained_gpu_emc
2026-06-03T09:46:41.044440,GPU714_CPU1036,714,1036,3199,714,3199,p1024_o1024,1024,1024,mixed,0,46.90844193100929,43.59883817701618,44652.54309994634,1024,22.932624413081424,2107.132,48.44,50.858,2.05774609375,0.48596860566874783,36.986,0.486,10.968,72.0,87,Meta-Llama-3.1-8B-Instruct-Q4_K_M,llama.cpp,finegrained_gpu_emc
2026-06-03T09:47:26.508271,GPU714_CPU1036,714,1036,3199,714,3199,p1024_o1024,1024,1024,mixed,1,46.79795098491013,43.587825394996635,44641.16429304704,1024,22.93846982300796,2108.224,48.465,50.858,2.0588125,0.4857168877690416,37.013,0.486,10.965,72.0,87,Meta-Llama-3.1-8B-Instruct-Q4_K_M,llama.cpp,finegrained_gpu_emc
2026-06-03T09:48:11.952500,GPU714_CPU1036,714,1036,3199,714,3199,p1024_o1024,1024,1024,mixed,2,47.03737993258983,43.567975600207276,44621.14778300747,1024,22.948759744588134,2108.786,48.478,50.459,2.059361328125,0.4855874422535051,37.009,0.482,10.987,72.1,87,Meta-Llama-3.1-8B-Instruct-Q4_K_M,llama.cpp,finegrained_gpu_emc
2026-06-03T09:48:19.120785,GPU714_CPU1036,714,1036,3199,714,3199,p2048_o128,2048,128,mixed,0,1009.665769059211,42.098552834675246,6356.736156041734,128,20.13611967807456,302.054,46.47,50.757,2.359796875,0.423765287001662,35.607,0.46,10.402,71.8,13,Meta-Llama-3.1-8B-Instruct-Q4_K_M,llama.cpp,finegrained_gpu_emc
2026-06-03T09:48:25.311751,GPU714_CPU1036,714,1036,3199,714,3199,p2048_o128,2048,128,mixed,1,45.36535101942718,41.99894330662301,5379.743344034068,128,23.792956617892777,263.926,47.987,50.757,2.061921875,0.4849844274531498,36.637,0.471,10.878,71.9,11,Meta-Llama-3.1-8B-Instruct-Q4_K_M,llama.cpp,finegrained_gpu_emc
2026-06-03T09:48:31.506766,GPU714_CPU1036,714,1036,3199,714,3199,p2048_o128,2048,128,mixed,2,45.4697689274326,42.03094257496473,5383.979636942968,128,23.774235534196524,263.92,47.985,50.358,2.061875,0.48499545316762654,36.672,0.435,10.879,71.8,11,Meta-Llama-3.1-8B-Instruct-Q4_K_M,llama.cpp,finegrained_gpu_emc
2026-06-03T09:48:54.126508,GPU714_CPU1036,714,1036,3199,714,3199,p2048_o512,2048,512,mixed,0,45.625320984981954,42.57459797643111,21803.2652719412,512,23.482721216940703,1060.081,49.306,50.858,2.070470703125,0.4829819608124285,37.741,0.455,11.111,72.0,43,Meta-Llama-3.1-8B-Instruct-Q4_K_M,llama.cpp,finegrained_gpu_emc
2026-06-03T09:49:16.785170,GPU714_CPU1036,714,1036,3199,714,3199,p2048_o512,2048,512,mixed,1,49.1707029286772,42.644145395497404,21842.31575403828,512,23.440737958626922,1062.315,49.41,50.858,2.074833984375,0.4819662717743795,37.805,0.482,11.122,72.1,43,Meta-Llama-3.1-8B-Instruct-Q4_K_M,llama.cpp,finegrained_gpu_emc
2026-06-03T09:49:39.445001,GPU714_CPU1036,714,1036,3199,714,3199,p2048_o512,2048,512,mixed,2,50.302513991482556,42.643626268138405,21843.190899002366,512,23.439798808121225,1059.672,49.287,50.757,2.069671875,0.4831683766297496,37.729,0.473,11.085,72.1,43,Meta-Llama-3.1-8B-Instruct-Q4_K_M,llama.cpp,finegrained_gpu_emc
2026-06-03T09:49:49.946360,GPU816_CPU1036,816,1036,3199,816,3199,p64_o64,64,64,decode,0,41.848619002848864,40.739121412607055,2608.6791249690577,64,24.533488763497935,133.652,44.551,49.56,2.0883125,0.47885553527070307,33.586,0.532,10.433,71.2,6,Meta-Llama-3.1-8B-Instruct-Q4_K_M,llama.cpp,finegrained_gpu_emc
2026-06-03T09:49:53.369171,GPU816_CPU1036,816,1036,3199,816,3199,p64_o64,64,64,decode,1,42.241676012054086,40.78289158716206,2611.822181963362,64,24.503965255356647,127.3,42.433,49.061,1.9890625,0.5027494108405341,31.989,0.399,10.046,71.1,6,Meta-Llama-3.1-8B-Instruct-Q4_K_M,llama.cpp,finegrained_gpu_emc
2026-06-03T09:49:56.789187,GPU816_CPU1036,816,1036,3199,816,3199,p64_o64,64,64,decode,2,42.105676024220884,40.74479096813039,2609.2877630144358,64,24.527766123450725,128.048,42.683,49.46,2.00075,0.4998125702861427,32.053,0.532,10.098,71.0,6,Meta-Llama-3.1-8B-Instruct-Q4_K_M,llama.cpp,finegrained_gpu_emc
2026-06-03T09:50:02.831018,GPU816_CPU1036,816,1036,3199,816,3199,p128_o128,128,128,decode,0,42.2246849630028,40.84611764566342,5230.16188305337,128,24.47342985974147,252.101,45.837,49.56,1.9695390625,0.5077330117690926,34.789,0.435,10.613,71.2,11,Meta-Llama-3.1-8B-Instruct-Q4_K_M,llama.cpp,finegrained_gpu_emc
2026-06-03T09:50:08.869767,GPU816_CPU1036,816,1036,3199,816,3199,p128_o128,128,128,decode,1,42.09918109700084,40.82784249527952,5227.725450997241,128,24.484835938655255,252.948,45.991,49.859,1.97615625,0.5060328605088793,34.896,0.471,10.623,71.2,11,Meta-Llama-3.1-8B-Instruct-Q4_K_M,llama.cpp,finegrained_gpu_emc
2026-06-03T09:50:14.910043,GPU816_CPU1036,816,1036,3199,816,3199,p128_o128,128,128,decode,2,42.05953294876963,40.84106041741829,5229.355165967718,128,24.477205303058234,252.606,45.928,49.959,1.973484375,0.5067179718613176,34.825,0.471,10.632,71.2,11,Meta-Llama-3.1-8B-Instruct-Q4_K_M,llama.cpp,finegrained_gpu_emc
2026-06-03T09:50:37.618355,GPU816_CPU1036,816,1036,3199,816,3199,p128_o512,128,512,decode,0,42.128814035095274,42.754892878591605,21891.874807071872,512,23.3876725731414,1027.461,47.789,49.859,2.006759765625,0.49831575115746485,36.413,0.482,10.893,71.4,43,Meta-Llama-3.1-8B-Instruct-Q4_K_M,llama.cpp,finegrained_gpu_emc
2026-06-03T09:51:00.344694,GPU816_CPU1036,816,1036,3199,816,3199,p128_o512,128,512,decode,1,45.89198296889663,42.78303065962375,21909.956219024025,512,23.368371660890837,1026.536,47.746,49.56,2.004953125,0.49876477785484385,36.368,0.473,10.905,71.5,43,Meta-Llama-3.1-8B-Instruct-Q4_K_M,llama.cpp,finegrained_gpu_emc
2026-06-03T09:51:23.045880,GPU816_CPU1036,816,1036,3199,816,3199,p128_o512,128,512,decode,2,46.78693797904998,42.73167049690877,21884.644881938584,512,23.395399046321927,1027.239,47.779,49.576,2.006326171875,0.49842344381395176,36.422,0.464,10.893,71.5,43,Meta-Llama-3.1-8B-Instruct-Q4_K_M,llama.cpp,finegrained_gpu_emc
2026-06-03T09:51:34.422363,GPU816_CPU1036,816,1036,3199,816,3199,p256_o256,256,256,decode,0,45.6754449987784,41.24377214477635,10563.83979797829,256,24.233612483312495,502.602,47.867,49.56,1.9632890625,0.5093493460033983,36.426,0.456,10.985,71.5,21,Meta-Llama-3.1-8B-Instruct-Q4_K_M,llama.cpp,finegrained_gpu_emc
2026-06-03T09:51:45.803231,GPU816_CPU1036,816,1036,3199,816,3199,p256_o256,256,256,decode,1,45.4545880202204,41.260994851187455,10567.964105051942,256,24.224154951247513,502.216,47.83,49.575,1.96178125,0.5097408286474345,36.39,0.475,10.965,71.5,21,Meta-Llama-3.1-8B-Instruct-Q4_K_M,llama.cpp,finegrained_gpu_emc
2026-06-03T09:51:57.178867,GPU816_CPU1036,816,1036,3199,816,3199,p256_o256,256,256,decode,2,45.84104102104902,41.238765662773424,10562.69805203192,256,24.23623194935066,502.389,47.847,49.56,1.96245703125,0.509565297010882,36.392,0.494,10.961,71.5,21,Meta-Llama-3.1-8B-Instruct-Q4_K_M,llama.cpp,finegrained_gpu_emc
2026-06-03T09:52:03.228349,GPU816_CPU1036,816,1036,3199,816,3199,p512_o128,512,128,decode,0,45.67429888993502,40.88371432309339,5238.452333956957,128,24.4346978534618,252.281,45.869,49.56,1.9709453125,0.507370749283537,34.757,0.508,10.605,71.4,11,Meta-Llama-3.1-8B-Instruct-Q4_K_M,llama.cpp,finegrained_gpu_emc
2026-06-03T09:52:09.271670,GPU816_CPU1036,816,1036,3199,816,3199,p512_o128,512,128,decode,1,41.8964111013338,40.86588239333937,5232.348510064185,128,24.46320227977892,252.532,45.915,49.575,1.97290625,0.5068664565282816,34.72,0.508,10.687,71.3,11,Meta-Llama-3.1-8B-Instruct-Q4_K_M,llama.cpp,finegrained_gpu_emc
2026-06-03T09:52:15.311542,GPU816_CPU1036,816,1036,3199,816,3199,p512_o128,512,128,decode,2,43.42430899851024,40.824933196637986,5228.680916014127,128,24.480361692749,252.098,45.836,49.56,1.969515625,0.5077390538600068,34.724,0.471,10.64,71.3,11,Meta-Llama-3.1-8B-Instruct-Q4_K_M,llama.cpp,finegrained_gpu_emc
2026-06-03T09:52:38.040465,GPU816_CPU1036,816,1036,3199,816,3199,p512_o512,512,512,decode,0,43.22103096637875,42.79180423291892,21911.798636894673,512,23.366406769451782,1026.718,47.754,49.46,2.00530859375,0.4986763648830545,36.393,0.473,10.888,71.5,43,Meta-Llama-3.1-8B-Instruct-Q4_K_M,llama.cpp,finegrained_gpu_emc
2026-06-03T09:53:00.774405,GPU816_CPU1036,816,1036,3199,816,3199,p512_o512,512,512,decode,1,46.10678704921156,42.797234311012765,21917.49266604893,512,23.360336321367107,1025.392,47.693,49.575,2.00271875,0.49932123519590554,36.324,0.455,10.914,71.5,43,Meta-Llama-3.1-8B-Instruct-Q4_K_M,llama.cpp,finegrained_gpu_emc
2026-06-03T09:53:23.497515,GPU816_CPU1036,816,1036,3199,816,3199,p512_o512,512,512,decode,2,45.79397803172469,42.77736097442099,21906.96829103399,512,23.371558912127043,1025.643,47.704,49.46,2.003208984375,0.4991990390418498,36.321,0.473,10.91,71.6,43,Meta-Llama-3.1-8B-Instruct-Q4_K_M,llama.cpp,finegrained_gpu_emc
2026-06-03T09:54:08.855410,GPU816_CPU1036,816,1036,3199,816,3199,p512_o1024,512,1024,decode,0,45.97327800001949,43.48431167159528,44534.37440097332,1024,22.993474451448,2063.566,47.438,49.46,2.015201171875,0.4962283736018136,36.085,0.477,10.877,71.6,87,Meta-Llama-3.1-8B-Instruct-Q4_K_M,llama.cpp,finegrained_gpu_emc
2026-06-03T09:54:54.213081,GPU816_CPU1036,816,1036,3199,816,3199,p512_o1024,512,1024,decode,1,45.9076160332188,43.48439075856607,44534.43360910751,1024,22.99344388182781,2064.925,47.47,49.661,2.0165283203125,0.49590178820053993,36.108,0.477,10.885,71.7,87,Meta-Llama-3.1-8B-Instruct-Q4_K_M,llama.cpp,finegrained_gpu_emc
2026-06-03T09:55:39.534740,GPU816_CPU1036,816,1036,3199,816,3199,p512_o1024,512,1024,decode,2,46.184621984139085,43.448915293249954,44498.64141992293,1024,23.01193850699304,2069.086,47.565,49.575,2.020591796875,0.49490451339383673,36.194,0.477,10.894,71.8,87,Meta-Llama-3.1-8B-Instruct-Q4_K_M,llama.cpp,finegrained_gpu_emc
2026-06-03T09:55:45.595869,GPU816_CPU1036,816,1036,3199,816,3199,p1024_o128,1024,128,decode,0,45.884374994784594,40.971866676833216,5249.798138975166,128,24.38188985776649,251.743,45.771,49.56,1.9667421875,0.5084550513817664,34.651,0.471,10.649,71.6,11,Meta-Llama-3.1-8B-Instruct-Q4_K_M,llama.cpp,finegrained_gpu_emc
2026-06-03T09:55:51.645750,GPU816_CPU1036,816,1036,3199,816,3199,p1024_o128,1024,128,decode,1,42.44491900317371,40.91104081883205,5238.631429965608,128,24.43386249084531,252.118,45.84,49.46,1.969671875,0.5076987759699824,34.755,0.471,10.613,71.4,11,Meta-Llama-3.1-8B-Instruct-Q4_K_M,llama.cpp,finegrained_gpu_emc
2026-06-03T09:55:57.688563,GPU816_CPU1036,816,1036,3199,816,3199,p1024_o128,1024,128,decode,2,41.89812100958079,40.8607500157957,5231.729445047677,128,24.466096984652758,252.167,45.849,49.959,1.9700546875,0.5076001221412794,34.719,0.471,10.658,71.4,11,Meta-Llama-3.1-8B-Instruct-Q4_K_M,llama.cpp,finegrained_gpu_emc
2026-06-03T09:56:20.414535,GPU816_CPU1036,816,1036,3199,816,3199,p1024_o512,1024,512,decode,0,42.279849061742425,42.7889106125405,21909.377234056592,512,23.36898920176206,1026.363,47.738,49.56,2.004615234375,0.4988488478247949,36.369,0.473,10.895,71.6,43,Meta-Llama-3.1-8B-Instruct-Q4_K_M,llama.cpp,finegrained_gpu_emc
2026-06-03T09:56:43.115570,GPU816_CPU1036,816,1036,3199,816,3199,p1024_o512,1024,512,decode,1,45.84711603820324,42.73346058501262,21884.621536941268,512,23.39542400291197,1026.15,47.728,49.56,2.00419921875,0.4989523948740437,36.341,0.473,10.914,71.7,43,Meta-Llama-3.1-8B-Instruct-Q4_K_M,llama.cpp,finegrained_gpu_emc
2026-06-03T09:57:05.801420,GPU816_CPU1036,816,1036,3199,816,3199,p1024_o512,1024,512,decode,2,45.65227497369051,42.70448632685945,21869.595248950645,512,23.411498666147786,1028.337,47.83,49.56,2.008470703125,0.49789125549309227,36.461,0.455,10.914,71.7,43,Meta-Llama-3.1-8B-Instruct-Q4_K_M,llama.cpp,finegrained_gpu_emc
2026-06-03T09:57:51.158163,GPU816_CPU1036,816,1036,3199,816,3199,p1024_o1024,1024,1024,decode,0,46.04595503769815,43.48377185625152,44533.97194703575,1024,22.993682243700228,2065.019,47.472,49.56,2.0166201171875,0.4958792146706641,36.124,0.463,10.885,71.7,87,Meta-Llama-3.1-8B-Instruct-Q4_K_M,llama.cpp,finegrained_gpu_emc
2026-06-03T09:58:36.518154,GPU816_CPU1036,816,1036,3199,816,3199,p1024_o1024,1024,1024,decode,1,46.183806960470974,43.486178494609334,44536.52388299815,1024,22.992364709247383,2065.489,47.483,49.46,2.0170791015625,0.4957663778407922,36.121,0.472,10.889,71.8,87,Meta-Llama-3.1-8B-Instruct-Q4_K_M,llama.cpp,finegrained_gpu_emc
2026-06-03T09:59:21.888774,GPU816_CPU1036,816,1036,3199,816,3199,p1024_o1024,1024,1024,decode,2,46.07592895627022,43.49718645557794,44547.66760999337,1024,22.98661310318043,2063.846,47.445,49.56,2.015474609375,0.49616105077607536,36.083,0.482,10.88,71.8,87,Meta-Llama-3.1-8B-Instruct-Q4_K_M,llama.cpp,finegrained_gpu_emc
2026-06-03T09:59:27.942503,GPU816_CPU1036,816,1036,3199,816,3199,p2048_o128,2048,128,decode,0,46.28981801215559,40.9107302044203,5242.440048023127,128,24.416111357967278,251.668,45.758,49.56,1.96615625,0.5086065769187977,34.683,0.471,10.603,71.6,11,Meta-Llama-3.1-8B-Instruct-Q4_K_M,llama.cpp,finegrained_gpu_emc
2026-06-03T09:59:33.986706,GPU816_CPU1036,816,1036,3199,816,3199,p2048_o128,2048,128,decode,1,41.91753698978573,40.8714282753562,5233.071813941933,128,24.459821028823416,251.969,45.813,49.959,1.9685078125,0.5079989998769691,34.719,0.435,10.658,71.6,11,Meta-Llama-3.1-8B-Instruct-Q4_K_M,llama.cpp,finegrained_gpu_emc
2026-06-03T09:59:40.034913,GPU816_CPU1036,816,1036,3199,816,3199,p2048_o128,2048,128,decode,2,42.30320104397833,40.89914957486739,5236.985731055029,128,24.441540720832453,252.396,45.89,49.56,1.97184375,0.5071395743197198,34.759,0.471,10.659,71.6,11,Meta-Llama-3.1-8B-Instruct-Q4_K_M,llama.cpp,finegrained_gpu_emc
2026-06-03T10:00:02.743675,GPU816_CPU1036,816,1036,3199,816,3199,p2048_o512,2048,512,decode,0,41.89634509384632,42.756548978355504,21892.441312083974,512,23.387067376418695,1026.738,47.755,49.959,2.00534765625,0.4986666510833338,36.382,0.464,10.91,71.7,43,Meta-Llama-3.1-8B-Instruct-Q4_K_M,llama.cpp,finegrained_gpu_emc
2026-06-03T10:00:25.452477,GPU816_CPU1036,816,1036,3199,816,3199,p2048_o512,2048,512,decode,1,45.805720961652696,42.749111735856125,21892.537935986184,512,23.386964156329835,1026.67,47.752,49.476,2.00521484375,0.49869967954649497,36.407,0.455,10.891,71.7,43,Meta-Llama-3.1-8B-Instruct-Q4_K_M,llama.cpp,finegrained_gpu_emc
2026-06-03T10:00:48.177401,GPU816_CPU1036,816,1036,3199,816,3199,p2048_o512,2048,512,decode,2,46.15022393409163,42.77954872997401,21908.458175021224,512,23.369969530021663,1026.526,47.745,49.661,2.00493359375,0.4987696366190432,36.386,0.455,10.905,71.8,43,Meta-Llama-3.1-8B-Instruct-Q4_K_M,llama.cpp,finegrained_gpu_emc
2026-06-03T10:00:51.636354,GPU816_CPU1036,816,1036,3199,816,3199,p64_o64,64,64,mixed,0,72.48365494888276,40.885767239766814,2648.5551219666377,64,24.16411856759014,127.657,42.552,49.56,1.994640625,0.5013434437594492,31.992,0.465,10.096,71.4,6,Meta-Llama-3.1-8B-Instruct-Q4_K_M,llama.cpp,finegrained_gpu_emc
2026-06-03T10:00:55.054544,GPU816_CPU1036,816,1036,3199,816,3199,p64_o64,64,64,mixed,1,42.112210066989064,40.722292397052996,2607.877978007309,64,24.541025515658013,127.848,42.616,49.56,1.997625,0.5005944559164007,32.055,0.465,10.096,71.3,6,Meta-Llama-3.1-8B-Instruct-Q4_K_M,llama.cpp,finegrained_gpu_emc
2026-06-03T10:00:58.476808,GPU816_CPU1036,816,1036,3199,816,3199,p64_o64,64,64,mixed,2,42.14254498947412,40.70210201658367,2606.6349419998005,64,24.552728488669548,127.662,42.554,49.56,1.99471875,0.5013238081809779,32.06,0.399,10.096,71.2,6,Meta-Llama-3.1-8B-Instruct-Q4_K_M,llama.cpp,finegrained_gpu_emc
2026-06-03T10:01:04.570983,GPU816_CPU1036,816,1036,3199,816,3199,p128_o128,128,128,mixed,0,84.60489893332124,40.92966196105236,5283.163396990858,128,24.227908618708483,252.66,45.938,49.56,1.97390625,0.5066096730784454,34.79,0.471,10.677,71.3,11,Meta-Llama-3.1-8B-Instruct-Q4_K_M,llama.cpp,finegrained_gpu_emc
2026-06-03T10:01:10.617341,GPU816_CPU1036,816,1036,3199,816,3199,p128_o128,128,128,mixed,1,42.03425091691315,40.88905550389162,5235.446384991519,128,24.448727116552707,252.158,45.847,49.46,1.969984375,0.507618239357863,34.717,0.471,10.658,71.4,11,Meta-Llama-3.1-8B-Instruct-Q4_K_M,llama.cpp,finegrained_gpu_emc
2026-06-03T10:01:16.653413,GPU816_CPU1036,816,1036,3199,816,3199,p128_o128,128,128,mixed,2,42.43047605268657,40.804626747386486,5225.114334956743,128,24.4970716035173,252.962,45.993,49.661,1.976265625,0.5060048544840727,34.863,0.471,10.658,71.3,11,Meta-Llama-3.1-8B-Instruct-Q4_K_M,llama.cpp,finegrained_gpu_emc
2026-06-03T10:01:39.333307,GPU816_CPU1036,816,1036,3199,816,3199,p128_o512,128,512,mixed,0,42.327879928052425,42.6994962348929,21863.755308906548,512,23.417752017716218,1027.32,47.782,49.46,2.006484375,0.4983841451543823,36.423,0.455,10.905,71.5,43,Meta-Llama-3.1-8B-Instruct-Q4_K_M,llama.cpp,finegrained_gpu_emc
2026-06-03T10:02:02.026160,GPU816_CPU1036,816,1036,3199,816,3199,p128_o512,128,512,mixed,1,45.846850029192865,42.71812541086825,21876.80210696999,512,23.40378623422643,1029.314,47.875,49.859,2.01037890625,0.4974186691330342,36.469,0.492,10.914,71.6,43,Meta-Llama-3.1-8B-Instruct-Q4_K_M,llama.cpp,finegrained_gpu_emc
2026-06-03T10:02:24.727760,GPU816_CPU1036,816,1036,3199,816,3199,p128_o512,128,512,mixed,2,45.96322309225798,42.73446493735628,21885.251178056933,512,23.394750913955814,1027.663,47.798,49.56,2.007154296875,0.4982178009717193,36.404,0.473,10.921,71.7,43,Meta-Llama-3.1-8B-Instruct-Q4_K_M,llama.cpp,finegrained_gpu_emc
2026-06-03T10:02:36.543085,GPU816_CPU1036,816,1036,3199,816,3199,p256_o256,256,256,mixed,0,123.85391094721854,42.65735510590614,11002.464335993864,256,23.267514638744363,520.372,47.307,49.859,2.032703125,0.4919557547293091,36.039,0.49,10.778,71.6,22,Meta-Llama-3.1-8B-Instruct-Q4_K_M,llama.cpp,finegrained_gpu_emc
2026-06-03T10:02:48.268299,GPU816_CPU1036,816,1036,3199,816,3199,p256_o256,256,256,mixed,1,45.52163393236697,42.611123290479036,10912.344450945966,256,23.459670023320054,517.192,47.018,49.545,2.02028125,0.4949805874800848,35.782,0.472,10.764,71.6,22,Meta-Llama-3.1-8B-Instruct-Q4_K_M,llama.cpp,finegrained_gpu_emc
2026-06-03T10:02:59.999328,GPU816_CPU1036,816,1036,3199,816,3199,p256_o256,256,256,mixed,2,45.59314902871847,42.63388339987061,10918.218898004852,256,23.44704776406162,517.504,47.046,49.56,2.0215,0.49468216670789017,35.838,0.472,10.736,71.6,22,Meta-Llama-3.1-8B-Instruct-Q4_K_M,llama.cpp,finegrained_gpu_emc
2026-06-03T10:03:06.532893,GPU816_CPU1036,816,1036,3199,816,3199,p512_o128,512,128,mixed,0,239.7710479563102,43.163677362182476,5722.062621964142,128,22.369555954992855,272.006,45.334,48.96,2.125046875,0.4705778549002596,34.279,0.665,10.391,71.5,12,Meta-Llama-3.1-8B-Instruct-Q4_K_M,llama.cpp,finegrained_gpu_emc
2026-06-03T10:03:12.857876,GPU816_CPU1036,816,1036,3199,816,3199,p512_o128,512,128,mixed,1,44.900974025949836,43.05883992177353,5513.874609023333,128,23.214165913481395,253.921,46.167,48.86,1.9837578125,0.504093792951351,35.146,0.435,10.587,71.4,11,Meta-Llama-3.1-8B-Instruct-Q4_K_M,llama.cpp,finegrained_gpu_emc
2026-06-03T10:03:19.182175,GPU816_CPU1036,816,1036,3199,816,3199,p512_o128,512,128,mixed,2,44.95457198936492,43.054049103117485,5513.323005056009,128,23.21648847394162,254.199,46.218,48.96,1.9859296875,0.5035425001671918,35.143,0.471,10.604,71.3,11,Meta-Llama-3.1-8B-Instruct-Q4_K_M,llama.cpp,finegrained_gpu_emc
2026-06-03T10:03:41.723854,GPU816_CPU1036,816,1036,3199,816,3199,p512_o512,512,512,mixed,0,44.96592900250107,42.42208377875519,21724.635749938898,512,23.56771390293345,1030.408,47.926,49.56,2.012515625,0.4968905520919869,36.506,0.464,10.956,71.5,43,Meta-Llama-3.1-8B-Instruct-Q4_K_M,llama.cpp,finegrained_gpu_emc
2026-06-03T10:04:04.285522,GPU816_CPU1036,816,1036,3199,816,3199,p512_o512,512,512,mixed,1,48.87866007629782,42.45481915259825,21745.26675301604,512,23.545353837932858,1029.416,47.88,49.56,2.010578125,0.4973693822516845,36.497,0.455,10.928,71.7,43,Meta-Llama-3.1-8B-Instruct-Q4_K_M,llama.cpp,finegrained_gpu_emc
2026-06-03T10:04:26.846906,GPU816_CPU1036,816,1036,3199,816,3199,p512_o512,512,512,mixed,2,48.93727495800704,42.453765405074066,21744.81637403369,512,23.54584150967578,1030.762,47.942,49.56,2.01320703125,0.4967199023634942,36.515,0.482,10.944,71.7,43,Meta-Llama-3.1-8B-Instruct-Q4_K_M,llama.cpp,finegrained_gpu_emc
2026-06-03T10:05:12.327781,GPU816_CPU1036,816,1036,3199,816,3199,p512_o1024,512,1024,mixed,0,48.9560819696635,43.60097521797227,44657.01555891428,1024,22.93032768052035,2075.745,47.718,49.56,2.0270947265625,0.4933168573211064,36.316,0.477,10.925,71.8,87,Meta-Llama-3.1-8B-Instruct-Q4_K_M,llama.cpp,finegrained_gpu_emc
2026-06-03T10:05:57.834021,GPU816_CPU1036,816,1036,3199,816,3199,p512_o1024,512,1024,mixed,1,49.00284903123975,43.62653330890671,44682.972121052444,1024,22.917007338407128,2074.526,47.69,49.56,2.025904296875,0.49360673233307273,36.293,0.468,10.93,71.9,87,Meta-Llama-3.1-8B-Instruct-Q4_K_M,llama.cpp,finegrained_gpu_emc
2026-06-03T10:06:43.410303,GPU816_CPU1036,816,1036,3199,816,3199,p512_o1024,512,1024,mixed,2,49.808918964117765,43.69415487979838,44753.00651404541,1024,22.881144302084486,2086.987,47.432,49.959,2.0380732421875,0.49065950099353756,36.08,0.481,10.871,71.9,88,Meta-Llama-3.1-8B-Instruct-Q4_K_M,llama.cpp,finegrained_gpu_emc
2026-06-03T10:06:49.938734,GPU816_CPU1036,816,1036,3199,816,3199,p1024_o128,1024,128,mixed,0,487.40044003352523,41.173459889594554,5716.9340420514345,128,22.38962336428656,273.84,45.64,50.06,2.139375,0.4674262342974,34.684,0.499,10.457,71.7,12,Meta-Llama-3.1-8B-Instruct-Q4_K_M,llama.cpp,finegrained_gpu_emc
2026-06-03T10:06:56.012641,GPU816_CPU1036,816,1036,3199,816,3199,p1024_o128,1024,128,mixed,1,46.398187056183815,41.069363771871785,5262.774590053596,128,24.321771303280627,255.854,46.519,50.06,1.998859375,0.5002853189709756,35.298,0.472,10.75,71.7,11,Meta-Llama-3.1-8B-Instruct-Q4_K_M,llama.cpp,finegrained_gpu_emc
2026-06-03T10:07:02.088087,GPU816_CPU1036,816,1036,3199,816,3199,p1024_o128,1024,128,mixed,2,46.697515062987804,41.07743535396152,5264.037088956684,128,24.31593809787712,255.302,46.419,50.06,1.994546875,0.5013670084840699,35.261,0.472,10.686,71.7,11,Meta-Llama-3.1-8B-Instruct-Q4_K_M,llama.cpp,finegrained_gpu_emc
2026-06-03T10:07:24.529908,GPU816_CPU1036,816,1036,3199,816,3199,p1024_o512,1024,512,mixed,0,46.40874301549047,42.22511243254653,21625.42479496915,512,23.67583549707239,1036.864,48.226,50.06,2.025125,0.4937966792173322,36.727,0.482,11.017,71.9,43,Meta-Llama-3.1-8B-Instruct-Q4_K_M,llama.cpp,finegrained_gpu_emc
2026-06-03T10:07:47.003104,GPU816_CPU1036,816,1036,3199,816,3199,p1024_o512,1024,512,mixed,1,47.04224597662687,42.285015945297296,21656.66867303662,512,23.641678585472363,1036.557,48.212,50.06,2.024525390625,0.49394292836766335,36.701,0.482,11.029,72.0,43,Meta-Llama-3.1-8B-Instruct-Q4_K_M,llama.cpp,finegrained_gpu_emc
2026-06-03T10:08:09.475624,GPU816_CPU1036,816,1036,3199,816,3199,p1024_o512,1024,512,mixed,2,47.8194939205423,42.28204009401085,21655.914892908186,512,23.64250148432511,1036.498,48.209,50.459,2.02441015625,0.493971044806647,36.673,0.529,11.008,72.0,43,Meta-Llama-3.1-8B-Instruct-Q4_K_M,llama.cpp,finegrained_gpu_emc
2026-06-03T10:08:55.029732,GPU816_CPU1036,816,1036,3199,816,3199,p1024_o1024,1024,1024,mixed,0,47.69798298366368,43.67457833134261,44730.884701013565,1024,22.89246025077606,2099.826,47.723,50.459,2.050611328125,0.48765945368806746,36.316,0.467,10.94,72.1,88,Meta-Llama-3.1-8B-Instruct-Q4_K_M,llama.cpp,finegrained_gpu_emc
2026-06-03T10:09:40.598816,GPU816_CPU1036,816,1036,3199,816,3199,p1024_o1024,1024,1024,mixed,1,46.95028706919402,43.68964339097104,44745.521840057336,1024,22.884971677395637,2100.23,47.733,49.959,2.051005859375,0.4875656475719326,36.339,0.476,10.917,72.1,88,Meta-Llama-3.1-8B-Instruct-Q4_K_M,llama.cpp,finegrained_gpu_emc
2026-06-03T10:10:26.183611,GPU816_CPU1036,816,1036,3199,816,3199,p1024_o1024,1024,1024,mixed,2,47.31872701086104,43.70306928838737,44759.62625304237,1024,22.87776028805418,2086.181,47.958,50.06,2.0372861328125,0.49084906822562374,36.513,0.472,10.972,72.2,87,Meta-Llama-3.1-8B-Instruct-Q4_K_M,llama.cpp,finegrained_gpu_emc
2026-06-03T10:10:33.380842,GPU816_CPU1036,816,1036,3199,816,3199,p2048_o128,2048,128,mixed,0,1014.7408290067688,42.28549052715507,6385.571697959676,128,20.04519032194074,300.153,46.177,50.358,2.3449453125,0.42644917758609774,35.207,0.552,10.418,72.0,13,Meta-Llama-3.1-8B-Instruct-Q4_K_M,llama.cpp,finegrained_gpu_emc
2026-06-03T10:10:39.599619,GPU816_CPU1036,816,1036,3199,816,3199,p2048_o128,2048,128,mixed,1,45.450991950929165,42.21686512675488,5407.519010012038,128,23.67074434005828,260.485,47.361,49.959,2.0350390625,0.491391058986122,36.02,0.471,10.869,71.9,11,Meta-Llama-3.1-8B-Instruct-Q4_K_M,llama.cpp,finegrained_gpu_emc
2026-06-03T10:10:45.812505,GPU816_CPU1036,816,1036,3199,816,3199,p2048_o128,2048,128,mixed,2,45.75364908669144,42.168936566596365,5401.763765024953,128,23.69596405321674,260.976,47.45,50.358,2.038875,0.4904665563116915,36.128,0.471,10.851,71.9,11,Meta-Llama-3.1-8B-Instruct-Q4_K_M,llama.cpp,finegrained_gpu_emc
2026-06-03T10:11:08.490274,GPU816_CPU1036,816,1036,3199,816,3199,p2048_o512,2048,512,mixed,0,45.64903804566711,42.68833383764714,21861.409562057815,512,23.420264761363605,1050.546,48.863,50.459,2.05184765625,0.48736561749794866,37.248,0.482,11.132,72.1,43,Meta-Llama-3.1-8B-Instruct-Q4_K_M,llama.cpp,finegrained_gpu_emc
2026-06-03T10:11:31.203013,GPU816_CPU1036,816,1036,3199,816,3199,p2048_o512,2048,512,mixed,1,49.632229027338326,42.74885520546783,21896.33571601007,512,23.382907836293263,1051.252,48.895,50.459,2.0532265625,0.4870383124122475,37.286,0.482,11.127,72.2,43,Meta-Llama-3.1-8B-Instruct-Q4_K_M,llama.cpp,finegrained_gpu_emc
2026-06-03T10:11:53.922422,GPU816_CPU1036,816,1036,3199,816,3199,p2048_o512,2048,512,mixed,2,49.31225499603897,42.76275423896698,21903.11258006841,512,23.37567312081089,1050.09,48.841,50.459,2.05095703125,0.48757725528288054,37.248,0.473,11.12,72.3,43,Meta-Llama-3.1-8B-Instruct-Q4_K_M,llama.cpp,finegrained_gpu_emc
2026-06-03T10:12:04.427843,GPU918_CPU1036,918,1036,3199,918,3199,p64_o64,64,64,decode,0,41.88484197948128,40.70085346040922,2606.2975239474326,64,24.555907148723072,132.566,44.188,49.161,2.07134375,0.48277838963233405,33.39,0.399,10.399,71.2,6,Meta-Llama-3.1-8B-Instruct-Q4_K_M,llama.cpp,finegrained_gpu_emc
2026-06-03T10:12:07.849084,GPU918_CPU1036,918,1036,3199,918,3199,p64_o64,64,64,decode,1,42.252363986335695,40.76905507919571,2610.965970903635,64,24.512000812423494,128.41,42.803,49.56,2.00640625,0.49840355112530177,32.124,0.532,10.148,71.3,6,Meta-Llama-3.1-8B-Instruct-Q4_K_M,llama.cpp,finegrained_gpu_emc
2026-06-03T10:12:11.265958,GPU918_CPU1036,918,1036,3199,918,3199,p64_o64,64,64,decode,2,42.116906959563494,40.70305188984743,2606.667226064019,64,24.552424398505934,127.612,42.537,49.161,1.9939375,0.5015202332069084,32.06,0.399,10.079,71.2,6,Meta-Llama-3.1-8B-Instruct-Q4_K_M,llama.cpp,finegrained_gpu_emc
2026-06-03T10:12:17.314145,GPU918_CPU1036,918,1036,3199,918,3199,p128_o128,128,128,decode,0,42.169834952801466,40.897579142259154,5236.646612989716,128,24.443123521547314,252.212,45.857,49.56,1.97040625,0.5075095554533487,34.753,0.471,10.632,71.3,11,Meta-Llama-3.1-8B-Instruct-Q4_K_M,llama.cpp,finegrained_gpu_emc
2026-06-03T10:12:23.356684,GPU918_CPU1036,918,1036,3199,918,3199,p128_o128,128,128,decode,1,41.91572102718055,40.85425784954376,5230.923080001958,128,24.469868518875657,252.207,45.856,49.56,1.9703671875,0.5075196168226893,34.789,0.435,10.632,71.4,11,Meta-Llama-3.1-8B-Instruct-Q4_K_M,llama.cpp,finegrained_gpu_emc
2026-06-03T10:12:29.401798,GPU918_CPU1036,918,1036,3199,918,3199,p128_o128,128,128,decode,2,42.31956205330789,40.875732455967274,5234.0264830272645,128,24.45535963852578,251.364,45.703,49.061,1.96378125,0.5092216864785729,34.644,0.435,10.623,71.4,11,Meta-Llama-3.1-8B-Instruct-Q4_K_M,llama.cpp,finegrained_gpu_emc
2026-06-03T10:12:52.083457,GPU918_CPU1036,918,1036,3199,918,3199,p128_o512,128,512,decode,0,42.1340559842065,42.702804577223404,21865.208167000674,512,23.416195999117846,1029.09,47.865,49.661,2.00994140625,0.49752694127821673,36.461,0.473,10.931,71.6,43,Meta-Llama-3.1-8B-Instruct-Q4_K_M,llama.cpp,finegrained_gpu_emc
2026-06-03T10:13:14.785363,GPU918_CPU1036,918,1036,3199,918,3199,p128_o512,128,512,decode,1,46.07148503419012,42.734390780796275,21885.298402048647,512,23.394700432874725,1027.608,47.796,49.959,2.007046875,0.4982444667616445,36.399,0.482,10.914,71.7,43,Meta-Llama-3.1-8B-Instruct-Q4_K_M,llama.cpp,finegrained_gpu_emc
2026-06-03T10:13:37.520120,GPU918_CPU1036,918,1036,3199,918,3199,p128_o512,128,512,decode,2,46.08613799791783,42.79951162024815,21918.590315966867,512,23.359166470985468,1027.072,47.771,49.959,2.006,0.49850448654037893,36.397,0.455,10.919,71.8,43,Meta-Llama-3.1-8B-Instruct-Q4_K_M,llama.cpp,finegrained_gpu_emc
2026-06-03T10:13:48.903393,GPU918_CPU1036,918,1036,3199,918,3199,p256_o256,256,256,decode,0,45.7375569967553,41.26997091761772,10570.542995003052,256,24.218244996592635,501.151,47.729,49.56,1.95762109375,0.5108240829610237,36.369,0.437,10.922,71.7,21,Meta-Llama-3.1-8B-Instruct-Q4_K_M,llama.cpp,finegrained_gpu_emc
2026-06-03T10:14:00.272466,GPU918_CPU1036,918,1036,3199,918,3199,p256_o256,256,256,decode,1,45.61598692089319,41.21537176508676,10556.50894495193,256,24.25044125240077,503.044,47.909,49.56,1.965015625,0.5089018058062516,36.483,0.437,10.989,71.8,21,Meta-Llama-3.1-8B-Instruct-Q4_K_M,llama.cpp,finegrained_gpu_emc
2026-06-03T10:14:11.641793,GPU918_CPU1036,918,1036,3199,918,3199,p256_o256,256,256,decode,2,45.52552092354745,41.21566603151972,10556.479147984646,256,24.250509702268804,504.048,48.005,49.56,1.9689375,0.5078881376376853,36.578,0.456,10.971,71.8,21,Meta-Llama-3.1-8B-Instruct-Q4_K_M,llama.cpp,finegrained_gpu_emc
2026-06-03T10:14:17.689810,GPU918_CPU1036,918,1036,3199,918,3199,p512_o128,512,128,decode,0,45.27966200839728,40.8731050318195,5236.648546997458,128,24.443114494172324,253.662,46.12,49.56,1.981734375,0.5046084947686291,34.971,0.471,10.678,71.7,11,Meta-Llama-3.1-8B-Instruct-Q4_K_M,llama.cpp,finegrained_gpu_emc
2026-06-03T10:14:23.781880,GPU918_CPU1036,918,1036,3199,918,3199,p512_o128,512,128,decode,1,41.870200890116394,40.83414907167541,5228.301631985232,128,24.48213760601208,253.217,46.039,49.56,1.9782578125,0.5054952866513701,34.936,0.471,10.632,71.7,11,Meta-Llama-3.1-8B-Instruct-Q4_K_M,llama.cpp,finegrained_gpu_emc
2026-06-03T10:14:29.823505,GPU918_CPU1036,918,1036,3199,918,3199,p512_o128,512,128,decode,2,42.992671020329,40.83968647279021,5230.117336031981,128,24.473638309826498,251.764,45.775,49.161,1.96690625,0.5084126404092721,34.682,0.471,10.622,71.5,11,Meta-Llama-3.1-8B-Instruct-Q4_K_M,llama.cpp,finegrained_gpu_emc
2026-06-03T10:14:52.534614,GPU918_CPU1036,918,1036,3199,918,3199,p512_o512,512,512,decode,0,43.37964893784374,42.75647104501819,21893.917900975794,512,23.38549008522502,1027.36,47.784,49.46,2.0065625,0.4983647406945959,36.404,0.492,10.888,71.8,43,Meta-Llama-3.1-8B-Instruct-Q4_K_M,llama.cpp,finegrained_gpu_emc
2026-06-03T10:15:15.263155,GPU918_CPU1036,918,1036,3199,918,3199,p512_o512,512,512,decode,1,46.11527803353965,42.787263557631995,21912.353239022195,512,23.36581536519841,1028.118,47.819,49.959,2.00804296875,0.4979973115926382,36.414,0.482,10.923,71.8,43,Meta-Llama-3.1-8B-Instruct-Q4_K_M,llama.cpp,finegrained_gpu_emc
2026-06-03T10:15:37.989383,GPU918_CPU1036,918,1036,3199,918,3199,p512_o512,512,512,decode,2,46.097035985440016,42.78315699006815,21910.28092498891,512,23.368025346313953,1026.117,47.726,49.56,2.004134765625,0.49896844122064055,36.36,0.464,10.902,71.9,43,Meta-Llama-3.1-8B-Instruct-Q4_K_M,llama.cpp,finegrained_gpu_emc
2026-06-03T10:16:23.338138,GPU918_CPU1036,918,1036,3199,918,3199,p512_o1024,512,1024,decode,0,45.88749597314745,43.47592839203731,44525.73621599004,1024,22.997935284723315,2067.196,47.522,49.56,2.01874609375,0.49535699565982133,36.136,0.468,10.918,71.9,87,Meta-Llama-3.1-8B-Instruct-Q4_K_M,llama.cpp,finegrained_gpu_emc
2026-06-03T10:17:01.830007,GPU918_CPU1036,918,1036,3199,918,3199,p512_o1024,512,1024,decode,1,46.14211700391024,43.194777402363115,37670.41342705488,871,23.121593865344945,1761.834,47.617,50.46,2.0227715269804825,0.49437120636790977,36.194,0.534,10.889,72.0,74,Meta-Llama-3.1-8B-Instruct-Q4_K_M,llama.cpp,finegrained_gpu_emc
2026-06-03T10:17:47.173275,GPU918_CPU1036,918,1036,3199,918,3199,p512_o1024,512,1024,decode,2,45.8812159486115,43.47049204788771,44520.23028302938,1024,23.00077949934454,2045.28,47.565,49.56,1.99734375,0.500664945630916,36.173,0.487,10.905,72.0,86,Meta-Llama-3.1-8B-Instruct-Q4_K_M,llama.cpp,finegrained_gpu_emc
2026-06-03T10:17:53.231890,GPU918_CPU1036,918,1036,3199,918,3199,p1024_o128,1024,128,decode,0,45.890780980698764,40.95458171667722,5247.6169019937515,128,24.392024492368787,252.014,45.821,49.46,1.968859375,0.5079082908092407,34.755,0.472,10.595,71.9,11,Meta-Llama-3.1-8B-Instruct-Q4_K_M,llama.cpp,finegrained_gpu_emc
2026-06-03T10:17:59.271271,GPU918_CPU1036,918,1036,3199,918,3199,p1024_o128,1024,128,decode,1,42.13875997811556,40.83507247984145,5228.680679923855,128,24.48036279810915,250.406,45.528,49.56,1.956296875,0.5111698601471211,34.499,0.435,10.594,71.8,11,Meta-Llama-3.1-8B-Instruct-Q4_K_M,llama.cpp,finegrained_gpu_emc
2026-06-03T10:18:05.313777,GPU918_CPU1036,918,1036,3199,918,3199,p1024_o128,1024,128,decode,2,42.15258301701397,40.85684024387839,5231.47792101372,128,24.467273289227037,252.074,45.832,49.56,1.969328125,0.5077873957647357,34.719,0.472,10.641,71.8,11,Meta-Llama-3.1-8B-Instruct-Q4_K_M,llama.cpp,finegrained_gpu_emc
2026-06-03T10:18:28.024080,GPU918_CPU1036,918,1036,3199,918,3199,p1024_o512,1024,512,decode,0,41.873157024383545,42.75960372209571,21893.98238097783,512,23.38542121258129,1030.216,47.917,49.56,2.012140625,0.49698315693019723,36.414,0.575,10.928,72.0,43,Meta-Llama-3.1-8B-Instruct-Q4_K_M,llama.cpp,finegrained_gpu_emc
2026-06-03T10:18:50.763127,GPU918_CPU1036,918,1036,3199,918,3199,p1024_o512,1024,512,decode,1,45.65653600730002,42.80818618994403,21922.646922059357,512,23.354844048726942,1026.869,47.761,49.56,2.005603515625,0.4986030350512091,36.395,0.482,10.884,72.0,43,Meta-Llama-3.1-8B-Instruct-Q4_K_M,llama.cpp,finegrained_gpu_emc
2026-06-03T10:19:13.492985,GPU918_CPU1036,918,1036,3199,918,3199,p1024_o512,1024,512,decode,2,46.22517805546522,42.790336990246,21914.060735027306,512,23.363994751626393,1027.799,47.805,49.56,2.007419921875,0.498151875999101,36.415,0.482,10.907,72.0,43,Meta-Llama-3.1-8B-Instruct-Q4_K_M,llama.cpp,finegrained_gpu_emc
2026-06-03T10:19:58.804557,GPU918_CPU1036,918,1036,3199,918,3199,p1024_o1024,1024,1024,decode,0,46.50981805752963,43.43874786899881,44488.29962895252,1024,23.01728788334251,2066.122,47.497,49.56,2.017697265625,0.49561448936703645,36.141,0.463,10.893,72.1,87,Meta-Llama-3.1-8B-Instruct-Q4_K_M,llama.cpp,finegrained_gpu_emc
2026-06-03T10:20:44.137711,GPU918_CPU1036,918,1036,3199,918,3199,p1024_o1024,1024,1024,decode,1,47.083321027457714,43.459100018547645,44510.00519003719,1024,23.00606336997698,2072.098,47.634,50.46,2.023533203125,0.49418512058792585,36.194,0.541,10.9,72.1,87,Meta-Llama-3.1-8B-Instruct-Q4_K_M,llama.cpp,finegrained_gpu_emc
2026-06-03T10:21:29.520871,GPU918_CPU1036,918,1036,3199,918,3199,p1024_o1024,1024,1024,decode,2,46.434610965661705,43.508900111433725,44560.045621939935,1024,22.980227818613706,2069.341,47.571,49.56,2.0208408203125,0.49484352748048777,36.178,0.495,10.897,72.2,87,Meta-Llama-3.1-8B-Instruct-Q4_K_M,llama.cpp,finegrained_gpu_emc
2026-06-03T10:21:35.579444,GPU918_CPU1036,918,1036,3199,918,3199,p2048_o128,2048,128,decode,0,46.130030998028815,40.948818755834765,5247.120670974255,128,24.39433129641246,251.202,45.673,49.56,1.962515625,0.5095500831999745,34.607,0.471,10.595,71.9,11,Meta-Llama-3.1-8B-Instruct-Q4_K_M,llama.cpp,finegrained_gpu_emc
2026-06-03T10:21:41.626619,GPU918_CPU1036,918,1036,3199,918,3199,p2048_o128,2048,128,decode,1,42.49461996369064,40.88911926832167,5235.897058038972,128,24.44662272408016,251.951,45.809,49.56,1.9683671875,0.5080352925767312,34.716,0.471,10.622,72.0,11,Meta-Llama-3.1-8B-Instruct-Q4_K_M,llama.cpp,finegrained_gpu_emc
2026-06-03T10:21:47.663570,GPU918_CPU1036,918,1036,3199,918,3199,p2048_o128,2048,128,decode,2,42.3160910140723,40.81209787391273,5225.937516079284,128,24.493212864900634,252.549,45.918,49.56,1.9730390625,0.5068323374869828,34.825,0.435,10.658,71.8,11,Meta-Llama-3.1-8B-Instruct-Q4_K_M,llama.cpp,finegrained_gpu_emc
2026-06-03T10:22:10.366486,GPU918_CPU1036,918,1036,3199,918,3199,p2048_o512,2048,512,decode,0,42.01797698624432,42.74497231114984,21886.702199000865,512,23.393199914026926,1027.539,47.792,49.56,2.006912109375,0.49827792424423795,36.412,0.482,10.898,72.0,43,Meta-Llama-3.1-8B-Instruct-Q4_K_M,llama.cpp,finegrained_gpu_emc
2026-06-03T10:22:33.072512,GPU918_CPU1036,918,1036,3199,918,3199,p2048_o512,2048,512,decode,1,45.93889194075018,42.74376888860586,21889.941924018785,512,23.389737705891623,1026.719,47.754,49.56,2.005310546875,0.4986758791840805,36.39,0.473,10.891,72.1,43,Meta-Llama-3.1-8B-Instruct-Q4_K_M,llama.cpp,finegrained_gpu_emc
2026-06-03T10:22:55.789157,GPU918_CPU1036,918,1036,3199,918,3199,p2048_o512,2048,512,decode,2,46.49819002952427,42.76272347752814,21900.328970048577,512,23.37864425234085,1027.811,47.805,49.959,2.007443359375,0.4981460599273602,36.432,0.464,10.91,72.1,43,Meta-Llama-3.1-8B-Instruct-Q4_K_M,llama.cpp,finegrained_gpu_emc
2026-06-03T10:22:59.254588,GPU918_CPU1036,918,1036,3199,918,3199,p64_o64,64,64,mixed,0,72.53336091525853,40.988228699591545,2655.0461699953303,64,24.105042211040935,128.058,42.686,49.161,2.00090625,0.4997735401146356,32.058,0.465,10.162,71.8,6,Meta-Llama-3.1-8B-Instruct-Q4_K_M,llama.cpp,finegrained_gpu_emc
2026-06-03T10:23:02.672796,GPU918_CPU1036,918,1036,3199,918,3199,p64_o64,64,64,mixed,1,42.097398079931736,40.725817571261096,2608.0855700420216,64,24.53907215895866,127.412,42.47,49.061,1.9908125,0.5023074749631118,31.924,0.465,10.081,71.7,6,Meta-Llama-3.1-8B-Instruct-Q4_K_M,llama.cpp,finegrained_gpu_emc
2026-06-03T10:23:06.097327,GPU918_CPU1036,918,1036,3199,918,3199,p64_o64,64,64,mixed,2,41.94245405960828,40.825226697109876,2614.1903930110857,64,24.481766963531413,127.366,42.455,49.061,1.99009375,0.5024888902846913,31.928,0.465,10.062,71.6,6,Meta-Llama-3.1-8B-Instruct-Q4_K_M,llama.cpp,finegrained_gpu_emc
2026-06-03T10:23:12.198195,GPU918_CPU1036,918,1036,3199,918,3199,p128_o128,128,128,mixed,0,84.77099100127816,40.97935018096647,5289.637299021706,128,24.198256470944237,252.656,45.937,49.661,1.973875,0.5066176936229497,34.753,0.471,10.713,71.6,11,Meta-Llama-3.1-8B-Instruct-Q4_K_M,llama.cpp,finegrained_gpu_emc
2026-06-03T10:23:18.239386,GPU918_CPU1036,918,1036,3199,918,3199,p128_o128,128,128,mixed,1,42.46255103498697,40.84417244830117,5230.172774987295,128,24.473378893359968,252.912,45.984,49.859,1.975875,0.5061048902385019,34.862,0.508,10.614,71.7,11,Meta-Llama-3.1-8B-Instruct-Q4_K_M,llama.cpp,finegrained_gpu_emc
2026-06-03T10:23:24.275960,GPU918_CPU1036,918,1036,3199,918,3199,p128_o128,128,128,mixed,2,42.30789502616972,40.80750356615323,5225.351601955481,128,24.49595926752539,253.118,46.021,49.859,1.977484375,0.5056929969421377,34.9,0.471,10.65,71.6,11,Meta-Llama-3.1-8B-Instruct-Q4_K_M,llama.cpp,finegrained_gpu_emc
2026-06-03T10:23:46.955168,GPU918_CPU1036,918,1036,3199,918,3199,p128_o512,128,512,mixed,0,42.231799103319645,42.69736202924882,21862.574046012014,512,23.419017308869662,1029.168,47.868,49.56,2.01009375,0.49748923402204503,36.46,0.473,10.935,71.9,43,Meta-Llama-3.1-8B-Instruct-Q4_K_M,llama.cpp,finegrained_gpu_emc
2026-06-03T10:24:09.642024,GPU918_CPU1036,918,1036,3199,918,3199,p128_o512,128,512,mixed,1,46.19716200977564,42.70541728355734,21870.65407598857,512,23.410365241984984,1028.461,47.835,49.56,2.008712890625,0.49783122549129233,36.441,0.473,10.921,71.9,43,Meta-Llama-3.1-8B-Instruct-Q4_K_M,llama.cpp,finegrained_gpu_emc
2026-06-03T10:24:32.349956,GPU918_CPU1036,918,1036,3199,918,3199,p128_o512,128,512,mixed,2,46.109928051009774,42.746653422665894,21891.653613070957,512,23.387908882967967,1027.981,47.813,49.56,2.007775390625,0.4980636801652949,36.412,0.492,10.909,72.0,43,Meta-Llama-3.1-8B-Instruct-Q4_K_M,llama.cpp,finegrained_gpu_emc
2026-06-03T10:24:44.168263,GPU918_CPU1036,918,1036,3199,918,3199,p256_o256,256,256,mixed,0,123.95726097747684,42.66839980366914,11005.369556951337,256,23.26137243054254,518.936,47.176,49.56,2.02709375,0.4933170949789569,35.909,0.49,10.778,71.9,22,Meta-Llama-3.1-8B-Instruct-Q4_K_M,llama.cpp,finegrained_gpu_emc
2026-06-03T10:24:55.899830,GPU918_CPU1036,918,1036,3199,918,3199,p256_o256,256,256,mixed,1,45.798224047757685,42.634628588041544,10918.598350021057,256,23.44623291317482,515.789,46.89,49.56,2.01480078125,0.49632698642274264,35.677,0.472,10.741,71.9,22,Meta-Llama-3.1-8B-Instruct-Q4_K_M,llama.cpp,finegrained_gpu_emc
2026-06-03T10:25:07.625225,GPU918_CPU1036,918,1036,3199,918,3199,p256_o256,256,256,mixed,2,45.57346797082573,42.61124632960441,10912.422063061967,256,23.45950317176128,517.333,47.03,49.959,2.02083203125,0.49484567966860804,35.822,0.453,10.755,71.9,22,Meta-Llama-3.1-8B-Instruct-Q4_K_M,llama.cpp,finegrained_gpu_emc
2026-06-03T10:25:14.160919,GPU918_CPU1036,918,1036,3199,918,3199,p512_o128,512,128,mixed,0,238.54937904980034,43.19031936974507,5724.232056061737,128,22.3610780880997,269.941,44.99,48.96,2.1089140625,0.47417769068055615,34.185,0.499,10.306,71.8,12,Meta-Llama-3.1-8B-Instruct-Q4_K_M,llama.cpp,finegrained_gpu_emc
2026-06-03T10:25:20.483560,GPU918_CPU1036,918,1036,3199,918,3199,p512_o128,512,128,mixed,1,44.684612890705466,43.040961496473294,5511.39068196062,128,23.22462829916193,254.283,46.233,48.96,1.9865859375,0.5033761596331646,35.149,0.471,10.613,71.7,11,Meta-Llama-3.1-8B-Instruct-Q4_K_M,llama.cpp,finegrained_gpu_emc
2026-06-03T10:25:26.817726,GPU918_CPU1036,918,1036,3199,918,3199,p512_o128,512,128,mixed,2,44.61659595835954,43.133291606534655,5523.0572279542685,128,23.17557010855218,254.831,46.333,48.86,1.9908671875,0.502293676985924,35.185,0.58,10.567,71.6,11,Meta-Llama-3.1-8B-Instruct-Q4_K_M,llama.cpp,finegrained_gpu_emc
2026-06-03T10:25:49.370554,GPU918_CPU1036,918,1036,3199,918,3199,p512_o512,512,512,mixed,0,44.761911034584045,42.44420964588865,21735.77224102337,512,23.555638802364165,1028.752,47.849,49.959,2.00928125,0.4976904054621522,36.424,0.482,10.942,71.8,43,Meta-Llama-3.1-8B-Instruct-Q4_K_M,llama.cpp,finegrained_gpu_emc
2026-06-03T10:26:11.895099,GPU918_CPU1036,918,1036,3199,918,3199,p512_o512,512,512,mixed,1,48.57874603476375,42.38334560672043,21708.494535065256,512,23.585237528700002,1030.64,47.937,49.661,2.01296875,0.49677870061321117,36.526,0.455,10.956,71.9,43,Meta-Llama-3.1-8B-Instruct-Q4_K_M,llama.cpp,finegrained_gpu_emc
2026-06-03T10:26:34.417167,GPU918_CPU1036,918,1036,3199,918,3199,p512_o512,512,512,mixed,2,48.81033906713128,42.37786169075489,21705.882447073236,512,23.588075778464226,1030.799,47.944,49.56,2.013279296875,0.4967020728580451,36.507,0.464,10.973,72.0,43,Meta-Llama-3.1-8B-Instruct-Q4_K_M,llama.cpp,finegrained_gpu_emc
2026-06-03T10:27:20.008200,GPU918_CPU1036,918,1036,3199,918,3199,p512_o1024,512,1024,mixed,0,48.77262900117785,43.709205895391925,44767.378691001795,1024,22.873798510025853,2087.723,47.448,49.959,2.0387919921875,0.4904865252717913,36.054,0.503,10.891,72.1,88,Meta-Llama-3.1-8B-Instruct-Q4_K_M,llama.cpp,finegrained_gpu_emc
2026-06-03T10:28:05.566918,GPU918_CPU1036,918,1036,3199,918,3199,p512_o1024,512,1024,mixed,1,49.09384693019092,43.67800785434812,44735.73099297937,1024,22.8899802746199,2075.941,47.723,50.459,2.0272861328125,0.4932702808027782,36.271,0.527,10.924,72.2,87,Meta-Llama-3.1-8B-Instruct-Q4_K_M,llama.cpp,finegrained_gpu_emc
2026-06-03T10:28:51.139854,GPU918_CPU1036,918,1036,3199,918,3199,p512_o1024,512,1024,mixed,2,48.72877697926015,43.69160124439407,44749.32106595952,1024,22.883028738930953,2089.756,47.494,49.56,2.04077734375,0.4900093599444146,36.131,0.481,10.883,72.2,88,Meta-Llama-3.1-8B-Instruct-Q4_K_M,llama.cpp,finegrained_gpu_emc
2026-06-03T10:28:57.667504,GPU918_CPU1036,918,1036,3199,918,3199,p1024_o128,1024,128,mixed,0,486.9882989441976,41.17046533918786,5716.145784012042,128,22.392710899363994,273.688,45.615,50.358,2.1381875,0.4676858320423256,34.718,0.466,10.432,72.0,12,Meta-Llama-3.1-8B-Instruct-Q4_K_M,llama.cpp,finegrained_gpu_emc
2026-06-03T10:29:03.748009,GPU918_CPU1036,918,1036,3199,918,3199,p1024_o128,1024,128,mixed,1,46.74463998526335,41.119806881898675,5269.466581987217,128,24.290883718201464,255.36,46.429,50.06,1.995,0.5012531328320802,35.226,0.471,10.731,72.0,11,Meta-Llama-3.1-8B-Instruct-Q4_K_M,llama.cpp,finegrained_gpu_emc
2026-06-03T10:29:09.821413,GPU918_CPU1036,918,1036,3199,918,3199,p1024_o128,1024,128,mixed,2,46.44619196187705,41.06424444109407,5262.1124719735235,128,24.324831649216797,255.066,46.376,50.459,1.992703125,0.501830898669364,35.19,0.471,10.714,72.0,11,Meta-Llama-3.1-8B-Instruct-Q4_K_M,llama.cpp,finegrained_gpu_emc
2026-06-03T10:29:32.284889,GPU918_CPU1036,918,1036,3199,918,3199,p1024_o512,1024,512,mixed,0,46.737913973629475,42.267210765171306,21647.254862939008,512,23.65195971691381,1035.319,48.154,50.459,2.022107421875,0.4945335688807025,36.666,0.473,11.015,72.2,43,Meta-Llama-3.1-8B-Instruct-Q4_K_M,llama.cpp,finegrained_gpu_emc
2026-06-03T10:29:54.732963,GPU918_CPU1036,918,1036,3199,918,3199,p1024_o512,1024,512,mixed,1,47.12531901896,42.23597366540508,21631.676529999822,512,23.668992983041996,1036.254,48.198,50.06,2.02393359375,0.4940873569607452,36.712,0.464,11.022,72.2,43,Meta-Llama-3.1-8B-Instruct-Q4_K_M,llama.cpp,finegrained_gpu_emc
2026-06-03T10:30:17.205377,GPU918_CPU1036,918,1036,3199,918,3199,p1024_o512,1024,512,mixed,2,46.70022102072835,42.28456054587252,21656.114785932004,512,23.64228325630226,1036.492,48.209,50.459,2.0243984375,0.49397390428483773,36.702,0.482,11.024,72.3,43,Meta-Llama-3.1-8B-Instruct-Q4_K_M,llama.cpp,finegrained_gpu_emc
2026-06-03T10:31:02.605440,GPU918_CPU1036,918,1036,3199,918,3199,p1024_o1024,1024,1024,mixed,0,47.01587895397097,43.52547782896595,44577.33456790447,1024,22.97131512966853,2093.84,48.134,50.06,2.044765625,0.4890536048599702,36.656,0.486,10.992,72.4,87,Meta-Llama-3.1-8B-Instruct-Q4_K_M,llama.cpp,finegrained_gpu_emc
2026-06-03T10:31:48.183960,GPU918_CPU1036,918,1036,3199,918,3199,p1024_o1024,1024,1024,mixed,1,46.94376408588141,43.699160942335304,44755.2375580417,1024,22.880003679390725,2100.766,47.745,50.06,2.051529296875,0.4874412476211058,36.326,0.476,10.943,72.4,88,Meta-Llama-3.1-8B-Instruct-Q4_K_M,llama.cpp,finegrained_gpu_emc
2026-06-03T10:32:33.761248,GPU918_CPU1036,918,1036,3199,918,3199,p1024_o1024,1024,1024,mixed,2,47.03051201067865,43.69783017591811,44753.9910399355,1024,22.880640948563673,2102.448,47.783,50.06,2.053171875,0.487051284978273,36.362,0.485,10.936,72.5,88,Meta-Llama-3.1-8B-Instruct-Q4_K_M,llama.cpp,finegrained_gpu_emc
2026-06-03T10:32:40.952960,GPU918_CPU1036,918,1036,3199,918,3199,p2048_o128,2048,128,mixed,0,1014.2528569558635,42.24823251931276,6380.3016629535705,128,20.061747353297747,299.66,46.102,50.358,2.34109375,0.42715077087365677,35.239,0.46,10.402,72.2,13,Meta-Llama-3.1-8B-Instruct-Q4_K_M,llama.cpp,finegrained_gpu_emc
2026-06-03T10:32:47.172489,GPU918_CPU1036,918,1036,3199,918,3199,p2048_o128,2048,128,mixed,1,45.84790708031505,42.220826244245714,5408.4640820510685,128,23.66660812721126,260.827,47.423,49.959,2.0377109375,0.49074674017643877,36.091,0.471,10.86,72.2,11,Meta-Llama-3.1-8B-Instruct-Q4_K_M,llama.cpp,finegrained_gpu_emc
2026-06-03T10:32:53.388701,GPU918_CPU1036,918,1036,3199,918,3199,p2048_o128,2048,128,mixed,2,45.52713700104505,42.19707767717452,5405.082157929428,128,23.681416167230672,260.287,47.325,50.06,2.0334921875,0.4917648595588716,35.984,0.471,10.87,72.1,11,Meta-Llama-3.1-8B-Instruct-Q4_K_M,llama.cpp,finegrained_gpu_emc
2026-06-03T10:33:16.090953,GPU918_CPU1036,918,1036,3199,918,3199,p2048_o512,2048,512,mixed,0,45.61774304602295,42.7370106868825,21886.250899056904,512,23.39368228763486,1051.441,48.904,50.06,2.053595703125,0.4869507656635037,37.304,0.482,11.118,72.4,43,Meta-Llama-3.1-8B-Instruct-Q4_K_M,llama.cpp,finegrained_gpu_emc
2026-06-03T10:33:38.817068,GPU918_CPU1036,918,1036,3199,918,3199,p2048_o512,2048,512,mixed,1,49.23191596753895,42.7755836145442,21909.55680096522,512,23.368797673599857,1049.892,48.832,50.358,2.0505703125,0.48766920788042956,37.237,0.482,11.113,72.5,43,Meta-Llama-3.1-8B-Instruct-Q4_K_M,llama.cpp,finegrained_gpu_emc
2026-06-03T10:34:01.526643,GPU918_CPU1036,918,1036,3199,918,3199,p2048_o512,2048,512,mixed,2,49.43971801549196,42.74331533656239,21893.304603057913,512,23.386145183787704,1050.884,48.878,50.444,2.0525078125,0.48720886415627224,37.292,0.464,11.122,72.5,43,Meta-Llama-3.1-8B-Instruct-Q4_K_M,llama.cpp,finegrained_gpu_emc
2026-06-03T10:34:12.027230,GPU1020_CPU1036,1020,1036,3199,1020,3199,p64_o64,64,64,decode,0,42.28013101965189,40.67397882444932,2604.9999879905954,64,24.568138309039814,133.993,44.664,49.959,2.093640625,0.47763689147940563,33.85,0.399,10.416,71.4,6,Meta-Llama-3.1-8B-Instruct-Q4_K_M,llama.cpp,finegrained_gpu_emc
2026-06-03T10:34:15.441204,GPU1020_CPU1036,1020,1036,3199,1020,3199,p64_o64,64,64,decode,1,41.69049602933228,40.660654665857905,2603.5712839802727,64,24.58162002085015,128.794,42.932,49.959,2.01240625,0.496917558271348,32.385,0.465,10.081,71.4,6,Meta-Llama-3.1-8B-Instruct-Q4_K_M,llama.cpp,finegrained_gpu_emc
2026-06-03T10:34:18.856158,GPU1020_CPU1036,1020,1036,3199,1020,3199,p64_o64,64,64,decode,2,42.03701904043555,40.667780602927365,2604.3658449780196,64,24.57412046138247,128.688,42.896,49.859,2.01075,0.4973268680840483,32.452,0.399,10.046,71.3,6,Meta-Llama-3.1-8B-Instruct-Q4_K_M,llama.cpp,finegrained_gpu_emc
2026-06-03T10:34:24.890474,GPU1020_CPU1036,1020,1036,3199,1020,3199,p128_o128,128,128,decode,0,42.4599900143221,40.78825697665814,5223.063457990065,128,24.506690571448054,255.1,46.382,49.959,1.99296875,0.5017640141121129,35.296,0.471,10.614,71.5,11,Meta-Llama-3.1-8B-Instruct-Q4_K_M,llama.cpp,finegrained_gpu_emc
2026-06-03T10:34:30.922438,GPU1020_CPU1036,1020,1036,3199,1020,3199,p128_o128,128,128,decode,1,41.97329806629568,40.773344874257354,5220.681681064889,128,24.517871002219618,254.621,46.295,49.959,1.9892265625,0.5027079463202171,35.183,0.471,10.64,71.6,11,Meta-Llama-3.1-8B-Instruct-Q4_K_M,llama.cpp,finegrained_gpu_emc
2026-06-03T10:34:36.946318,GPU1020_CPU1036,1020,1036,3199,1020,3199,p128_o128,128,128,decode,2,42.05708601512015,40.707399763394235,5212.388999992982,128,24.55687785393077,255.479,46.451,50.06,1.9959296875,0.5010196532787431,35.294,0.471,10.686,71.5,11,Meta-Llama-3.1-8B-Instruct-Q4_K_M,llama.cpp,finegrained_gpu_emc
2026-06-03T10:34:59.606304,GPU1020_CPU1036,1020,1036,3199,1020,3199,p128_o512,128,512,decode,0,42.1481350203976,42.660976835497365,21843.898308929056,512,23.43903971530171,1037.643,48.262,50.06,2.026646484375,0.4934259663487346,36.892,0.464,10.907,71.8,43,Meta-Llama-3.1-8B-Instruct-Q4_K_M,llama.cpp,finegrained_gpu_emc
2026-06-03T10:35:22.267173,GPU1020_CPU1036,1020,1036,3199,1020,3199,p128_o512,128,512,decode,1,45.728518976829946,42.655803559579454,21844.78500892874,512,23.43808830303102,1038.605,48.307,49.959,2.028525390625,0.49296893429167005,36.908,0.492,10.907,71.9,43,Meta-Llama-3.1-8B-Instruct-Q4_K_M,llama.cpp,finegrained_gpu_emc
2026-06-03T10:35:44.919455,GPU1020_CPU1036,1020,1036,3199,1020,3199,p128_o512,128,512,decode,2,45.729337027296424,42.63867584714181,21836.0477440292,512,23.447466592941485,1037.99,48.279,50.343,2.02732421875,0.4932610140752801,36.917,0.464,10.898,72.0,43,Meta-Llama-3.1-8B-Instruct-Q4_K_M,llama.cpp,finegrained_gpu_emc
2026-06-03T10:35:56.270080,GPU1020_CPU1036,1020,1036,3199,1020,3199,p256_o256,256,256,decode,0,45.76471191830933,41.142775858843734,10538.176847971044,256,24.29262705429817,508.58,48.436,50.343,1.986640625,0.5033623028825357,36.99,0.456,10.99,72.0,21,Meta-Llama-3.1-8B-Instruct-Q4_K_M,llama.cpp,finegrained_gpu_emc
2026-06-03T10:36:07.626064,GPU1020_CPU1036,1020,1036,3199,1020,3199,p256_o256,256,256,decode,1,45.12456001248211,41.16465578029188,10543.104524957016,256,24.28127307227315,507.686,48.351,50.343,1.9831484375,0.5042486891503803,36.93,0.437,10.985,72.1,21,Meta-Llama-3.1-8B-Instruct-Q4_K_M,llama.cpp,finegrained_gpu_emc
2026-06-03T10:36:18.970208,GPU1020_CPU1036,1020,1036,3199,1020,3199,p256_o256,256,256,decode,2,45.21341098006815,41.11728443508493,10531.12597099971,256,24.308891632762244,507.45,48.329,49.959,1.9822265625,0.504483200315302,36.892,0.456,10.98,72.1,21,Meta-Llama-3.1-8B-Instruct-Q4_K_M,llama.cpp,finegrained_gpu_emc
2026-06-03T10:36:25.002668,GPU1020_CPU1036,1020,1036,3199,1020,3199,p512_o128,512,128,decode,0,45.48990598414093,40.75176600003835,5221.452686935663,128,24.514250664429543,255.106,46.383,50.343,1.993015625,0.5017522128056573,35.253,0.471,10.658,72.0,11,Meta-Llama-3.1-8B-Instruct-Q4_K_M,llama.cpp,finegrained_gpu_emc
2026-06-03T10:36:31.037190,GPU1020_CPU1036,1020,1036,3199,1020,3199,p512_o128,512,128,decode,1,41.813504067249596,40.79316609436426,5223.035857081413,128,24.50682007600179,254.64,46.298,50.343,1.989375,0.5026704366949419,35.213,0.471,10.614,71.9,11,Meta-Llama-3.1-8B-Instruct-Q4_K_M,llama.cpp,finegrained_gpu_emc
2026-06-03T10:36:37.072921,GPU1020_CPU1036,1020,1036,3199,1020,3199,p512_o128,512,128,decode,2,42.0423720497638,40.800342377546556,5224.202320096083,128,24.501348178576254,255.69,46.489,50.343,1.997578125,0.5006062028237319,35.322,0.471,10.696,71.9,11,Meta-Llama-3.1-8B-Instruct-Q4_K_M,llama.cpp,finegrained_gpu_emc
2026-06-03T10:36:59.735820,GPU1020_CPU1036,1020,1036,3199,1020,3199,p512_o512,512,512,decode,0,42.12103597819805,42.66514336014141,21845.959195983596,512,23.436828541460052,1037.86,48.273,49.859,2.0270703125,0.49332279883606656,36.906,0.473,10.893,72.1,43,Meta-Llama-3.1-8B-Instruct-Q4_K_M,llama.cpp,finegrained_gpu_emc
2026-06-03T10:37:22.391903,GPU1020_CPU1036,1020,1036,3199,1020,3199,p512_o512,512,512,decode,1,46.106157009489834,42.64523347346714,21839.75244697649,512,23.443489171548812,1038.261,48.291,50.343,2.027853515625,0.493132266356918,36.913,0.473,10.905,72.1,43,Meta-Llama-3.1-8B-Instruct-Q4_K_M,llama.cpp,finegrained_gpu_emc
2026-06-03T10:37:45.061675,GPU1020_CPU1036,1020,1036,3199,1020,3199,p512_o512,512,512,decode,2,45.399811933748424,42.67344320554709,21853.567449958064,512,23.42866907988437,1039.391,48.344,50.343,2.030060546875,0.4925961452427431,36.949,0.473,10.921,72.2,43,Meta-Llama-3.1-8B-Instruct-Q4_K_M,llama.cpp,finegrained_gpu_emc
2026-06-03T10:38:30.332461,GPU1020_CPU1036,1020,1036,3199,1020,3199,p512_o1024,512,1024,decode,0,46.078521059826016,43.399335571836936,44447.57158705033,1024,23.03837900332758,2089.018,48.023,49.959,2.040056640625,0.4901824685091272,36.635,0.491,10.897,72.3,87,Meta-Llama-3.1-8B-Instruct-Q4_K_M,llama.cpp,finegrained_gpu_emc
2026-06-03T10:39:15.516081,GPU1020_CPU1036,1020,1036,3199,1020,3199,p512_o1024,512,1024,decode,1,46.033088001422584,43.31403027663239,44360.27048889082,1024,23.083718577785525,2087.733,47.994,50.444,2.0388017578125,0.4904841758979716,36.596,0.486,10.911,72.3,87,Meta-Llama-3.1-8B-Instruct-Q4_K_M,llama.cpp,finegrained_gpu_emc
2026-06-03T10:40:00.744884,GPU1020_CPU1036,1020,1036,3199,1020,3199,p512_o1024,512,1024,decode,2,46.00089602172375,43.35868571653238,44405.97236901522,1024,23.059961202752717,2087.788,47.995,50.358,2.03885546875,0.4904712547442556,36.645,0.459,10.891,72.4,87,Meta-Llama-3.1-8B-Instruct-Q4_K_M,llama.cpp,finegrained_gpu_emc
2026-06-03T10:40:06.801116,GPU1020_CPU1036,1020,1036,3199,1020,3199,p1024_o128,1024,128,decode,0,45.8863660460338,40.9347354801093,5245.081986999139,128,24.403813003737707,254.592,46.289,49.944,1.989,0.5027652086475616,35.213,0.435,10.641,72.2,11,Meta-Llama-3.1-8B-Instruct-Q4_K_M,llama.cpp,finegrained_gpu_emc
2026-06-03T10:40:12.836640,GPU1020_CPU1036,1020,1036,3199,1020,3199,p1024_o128,1024,128,decode,1,41.97691299486905,40.802252023319504,5224.355999031104,128,24.500627450299817,255.142,46.389,49.959,1.993296875,0.5016814166229002,35.295,0.435,10.659,72.2,11,Meta-Llama-3.1-8B-Instruct-Q4_K_M,llama.cpp,finegrained_gpu_emc
2026-06-03T10:40:18.857534,GPU1020_CPU1036,1020,1036,3199,1020,3199,p1024_o128,1024,128,decode,2,41.92783194594085,40.68888919739654,5209.906799020246,128,24.568577699714545,254.378,46.25,49.959,1.987328125,0.5031881687881814,35.183,0.435,10.632,72.1,11,Meta-Llama-3.1-8B-Instruct-Q4_K_M,llama.cpp,finegrained_gpu_emc
2026-06-03T10:40:41.500766,GPU1020_CPU1036,1020,1036,3199,1020,3199,p1024_o512,1024,512,decode,0,42.02367796096951,42.628206837550536,21827.003063983284,512,23.45718276114831,1038.534,48.304,50.358,2.02838671875,0.4930026364086298,36.909,0.473,10.921,72.3,43,Meta-Llama-3.1-8B-Instruct-Q4_K_M,llama.cpp,finegrained_gpu_emc
2026-06-03T10:41:04.161527,GPU1020_CPU1036,1020,1036,3199,1020,3199,p1024_o512,1024,512,decode,1,45.61685002408922,42.655466976457085,21844.53551203478,512,23.438356000654007,1038.848,48.319,50.343,2.029,0.49285362247412523,36.899,0.492,10.928,72.4,43,Meta-Llama-3.1-8B-Instruct-Q4_K_M,llama.cpp,finegrained_gpu_emc
2026-06-03T10:41:26.810469,GPU1020_CPU1036,1020,1036,3199,1020,3199,p1024_o512,1024,512,decode,2,45.776586048305035,42.63246006449892,21832.926044007763,512,23.450819142060112,1038.313,48.294,50.358,2.027955078125,0.49310756968274494,36.913,0.473,10.907,72.4,43,Meta-Llama-3.1-8B-Instruct-Q4_K_M,llama.cpp,finegrained_gpu_emc
2026-06-03T10:42:12.064559,GPU1020_CPU1036,1020,1036,3199,1020,3199,p1024_o1024,1024,1024,decode,0,46.560244052670896,43.382418755590294,44430.77597301453,1024,23.047087915411076,2089.86,48.043,50.358,2.04087890625,0.48998497507010036,36.655,0.5,10.888,72.5,87,Meta-Llama-3.1-8B-Instruct-Q4_K_M,llama.cpp,finegrained_gpu_emc
2026-06-03T10:42:57.275396,GPU1020_CPU1036,1020,1036,3199,1020,3199,p1024_o1024,1024,1024,decode,1,45.805517002008855,43.34117237827627,44387.812925037,1024,23.069395235339734,2090.817,48.065,50.358,2.0418134765625,0.48976070119957893,36.665,0.495,10.904,72.4,87,Meta-Llama-3.1-8B-Instruct-Q4_K_M,llama.cpp,finegrained_gpu_emc
2026-06-03T10:43:42.491070,GPU1020_CPU1036,1020,1036,3199,1020,3199,p1024_o1024,1024,1024,decode,2,46.22328095138073,43.34554343984143,44392.68011297099,1024,23.066865920104693,2087.439,47.987,50.343,2.0385146484375,0.4905532568855905,36.619,0.486,10.882,72.3,87,Meta-Llama-3.1-8B-Instruct-Q4_K_M,llama.cpp,finegrained_gpu_emc
2026-06-03T10:43:48.527784,GPU1020_CPU1036,1020,1036,3199,1020,3199,p2048_o128,2048,128,decode,0,46.15189495962113,40.77672857541855,5225.292001035996,128,24.496238674244807,254.734,46.315,50.243,1.990109375,0.5024849450799658,35.249,0.471,10.595,72.1,11,Meta-Llama-3.1-8B-Instruct-Q4_K_M,llama.cpp,finegrained_gpu_emc
2026-06-03T10:43:54.554870,GPU1020_CPU1036,1020,1036,3199,1020,3199,p2048_o128,2048,128,decode,1,41.95429803803563,40.737032487907804,5216.047976049595,128,24.539651588278062,255.286,46.416,50.444,1.994421875,0.5013984315630312,35.284,0.435,10.696,72.0,11,Meta-Llama-3.1-8B-Instruct-Q4_K_M,llama.cpp,finegrained_gpu_emc
2026-06-03T10:44:00.578768,GPU1020_CPU1036,1020,1036,3199,1020,3199,p2048_o128,2048,128,decode,2,41.92943801172078,40.711201456976745,5212.745103985071,128,24.555200272912977,255.089,46.38,50.343,1.9928828125,0.5017856512824935,35.285,0.435,10.659,71.9,11,Meta-Llama-3.1-8B-Instruct-Q4_K_M,llama.cpp,finegrained_gpu_emc
2026-06-03T10:44:23.216186,GPU1020_CPU1036,1020,1036,3199,1020,3199,p2048_o512,2048,512,decode,0,41.896034963428974,42.61685512734872,21821.066961972974,512,23.463563944524324,1039.342,48.341,50.343,2.02996484375,0.4926193687929478,36.968,0.464,10.91,72.1,43,Meta-Llama-3.1-8B-Instruct-Q4_K_M,llama.cpp,finegrained_gpu_emc
2026-06-03T10:44:45.865197,GPU1020_CPU1036,1020,1036,3199,1020,3199,p2048_o512,2048,512,decode,1,46.07151204254478,42.631070524383034,21832.48103503138,512,23.451297137437965,1038.621,48.308,50.343,2.028556640625,0.4929613400845929,36.93,0.464,10.914,72.1,43,Meta-Llama-3.1-8B-Instruct-Q4_K_M,llama.cpp,finegrained_gpu_emc
2026-06-03T10:45:08.543737,GPU1020_CPU1036,1020,1036,3199,1020,3199,p2048_o512,2048,512,decode,2,46.51549004483968,42.68833858721002,21862.22860903945,512,23.41938734408356,1037.474,48.255,50.343,2.02631640625,0.49350634329149456,36.863,0.492,10.9,72.1,43,Meta-Llama-3.1-8B-Instruct-Q4_K_M,llama.cpp,finegrained_gpu_emc
2026-06-03T10:45:12.003565,GPU1020_CPU1036,1020,1036,3199,1020,3199,p64_o64,64,64,mixed,0,72.48763903044164,40.89933141164245,2649.428043048829,64,24.156157087531998,129.026,43.009,50.343,2.01603125,0.49602405716677256,32.448,0.465,10.096,71.8,6,Meta-Llama-3.1-8B-Instruct-Q4_K_M,llama.cpp,finegrained_gpu_emc
2026-06-03T10:45:15.413340,GPU1020_CPU1036,1020,1036,3199,1020,3199,p64_o64,64,64,mixed,1,41.76491696853191,40.59670582628026,2599.6209329459816,64,24.618973939201574,128.874,42.958,49.944,2.01365625,0.49660909105017303,32.38,0.465,10.112,71.6,6,Meta-Llama-3.1-8B-Instruct-Q4_K_M,llama.cpp,finegrained_gpu_emc
2026-06-03T10:45:18.827548,GPU1020_CPU1036,1020,1036,3199,1020,3199,p64_o64,64,64,mixed,2,41.74280597362667,40.661866111414774,2603.704496053979,64,24.58036236331528,128.32,42.773,49.445,2.005,0.49875311720698257,32.246,0.465,10.062,71.5,6,Meta-Llama-3.1-8B-Instruct-Q4_K_M,llama.cpp,finegrained_gpu_emc
2026-06-03T10:45:24.909915,GPU1020_CPU1036,1020,1036,3199,1020,3199,p128_o128,128,128,mixed,0,84.01975396554917,40.84056711803359,5271.267835982144,128,24.28258323856371,255.879,46.523,50.343,1.9990546875,0.5002364398797869,35.394,0.471,10.658,71.6,11,Meta-Llama-3.1-8B-Instruct-Q4_K_M,llama.cpp,finegrained_gpu_emc
2026-06-03T10:45:30.932507,GPU1020_CPU1036,1020,1036,3199,1020,3199,p128_o128,128,128,mixed,1,41.98674508370459,40.70006249615497,5211.431251023896,128,24.561390879876175,255.085,46.379,50.343,1.9928515625,0.5017935198071231,35.248,0.471,10.659,71.6,11,Meta-Llama-3.1-8B-Instruct-Q4_K_M,llama.cpp,finegrained_gpu_emc
2026-06-03T10:45:36.966090,GPU1020_CPU1036,1020,1036,3199,1020,3199,p128_o128,128,128,mixed,2,42.092474992387,40.785468055126,5222.3354240413755,128,24.51010699365332,254.954,46.355,50.243,1.991828125,0.5020513504396872,35.288,0.471,10.596,71.7,11,Meta-Llama-3.1-8B-Instruct-Q4_K_M,llama.cpp,finegrained_gpu_emc
2026-06-03T10:45:59.601815,GPU1020_CPU1036,1020,1036,3199,1020,3199,p128_o512,128,512,mixed,0,41.98547196574509,42.613339657556274,21819.366140058264,512,23.465392931833023,1037.218,48.243,50.343,2.02581640625,0.49362814760252904,36.865,0.482,10.896,71.9,43,Meta-Llama-3.1-8B-Instruct-Q4_K_M,llama.cpp,finegrained_gpu_emc
2026-06-03T10:46:22.247358,GPU1020_CPU1036,1020,1036,3199,1020,3199,p128_o512,128,512,mixed,1,46.30731896031648,42.62391484748944,21829.086916986853,512,23.454943486508103,1038.678,48.311,50.243,2.02866796875,0.4929342876233057,36.933,0.482,10.896,72.0,43,Meta-Llama-3.1-8B-Instruct-Q4_K_M,llama.cpp,finegrained_gpu_emc
2026-06-03T10:46:44.902410,GPU1020_CPU1036,1020,1036,3199,1020,3199,p128_o512,128,512,mixed,2,45.93572102021426,42.64360173184374,21838.81410199683,512,23.444496464356334,1039.22,48.336,50.343,2.0297265625,0.49267720020784816,36.942,0.492,10.902,72.1,43,Meta-Llama-3.1-8B-Instruct-Q4_K_M,llama.cpp,finegrained_gpu_emc
2026-06-03T10:46:56.693358,GPU1020_CPU1036,1020,1036,3199,1020,3199,p256_o256,256,256,mixed,0,123.83476202376187,42.5609467920902,10977.84779802896,256,23.319689315237547,524.139,47.649,50.343,2.04741796875,0.4884200565117268,36.391,0.49,10.769,72.1,22,Meta-Llama-3.1-8B-Instruct-Q4_K_M,llama.cpp,finegrained_gpu_emc
2026-06-03T10:47:08.391617,GPU1020_CPU1036,1020,1036,3199,1020,3199,p256_o256,256,256,mixed,1,45.392867061309516,42.50575979605463,10885.337956016883,256,23.51787340314002,521.685,47.426,49.959,2.03783203125,0.49071757861544807,36.195,0.472,10.759,72.1,22,Meta-Llama-3.1-8B-Instruct-Q4_K_M,llama.cpp,finegrained_gpu_emc
2026-06-03T10:47:20.091740,GPU1020_CPU1036,1020,1036,3199,1020,3199,p256_o256,256,256,mixed,2,45.7271090708673,42.51181139181569,10887.217562063597,256,23.513813197968,521.788,47.435,49.944,2.038234375,0.4906207118599891,36.209,0.472,10.755,72.1,22,Meta-Llama-3.1-8B-Instruct-Q4_K_M,llama.cpp,finegrained_gpu_emc
2026-06-03T10:47:26.609994,GPU1020_CPU1036,1020,1036,3199,1020,3199,p512_o128,512,128,mixed,0,237.94222006108612,43.06018072378448,5707.085550064221,128,22.42826025247854,273.214,45.536,49.344,2.134484375,0.4684972219578792,34.772,0.465,10.298,71.9,12,Meta-Llama-3.1-8B-Instruct-Q4_K_M,llama.cpp,finegrained_gpu_emc
2026-06-03T10:47:32.917914,GPU1020_CPU1036,1020,1036,3199,1020,3199,p512_o128,512,128,mixed,1,44.67941797338426,42.92781770918665,5497.008837061003,128,23.28539098154983,257.819,46.876,49.359,2.0142109375,0.4964723313642516,35.764,0.471,10.641,71.9,11,Meta-Llama-3.1-8B-Instruct-Q4_K_M,llama.cpp,finegrained_gpu_emc
2026-06-03T10:47:39.227084,GPU1020_CPU1036,1020,1036,3199,1020,3199,p512_o128,512,128,mixed,2,44.51945598702878,42.93633538653972,5497.936444007792,128,23.28146229109421,257.974,46.904,49.743,2.015421875,0.4961740330420895,35.793,0.471,10.64,71.9,11,Meta-Llama-3.1-8B-Instruct-Q4_K_M,llama.cpp,finegrained_gpu_emc
2026-06-03T10:48:01.700181,GPU1020_CPU1036,1020,1036,3199,1020,3199,p512_o512,512,512,mixed,0,44.52563507948071,42.2884572250404,21655.924279009923,512,23.642491237201902,1040.485,48.395,50.258,2.032197265625,0.4920782135254233,36.958,0.483,10.954,72.1,43,Meta-Llama-3.1-8B-Instruct-Q4_K_M,llama.cpp,finegrained_gpu_emc
2026-06-03T10:48:24.172632,GPU1020_CPU1036,1020,1036,3199,1020,3199,p512_o512,512,512,mixed,1,48.90927695669234,42.28025883957452,21656.087346025743,512,23.64231321286948,1040.276,48.385,50.343,2.0317890625,0.4921770760836547,36.981,0.464,10.94,72.2,43,Meta-Llama-3.1-8B-Instruct-Q4_K_M,llama.cpp,finegrained_gpu_emc
2026-06-03T10:48:46.665649,GPU1020_CPU1036,1020,1036,3199,1020,3199,p512_o512,512,512,mixed,2,48.66826604120433,42.32132032084408,21676.860015955754,512,23.61965707317068,1041.241,48.43,50.358,2.033673828125,0.4917209368436318,36.968,0.492,10.97,72.3,43,Meta-Llama-3.1-8B-Instruct-Q4_K_M,llama.cpp,finegrained_gpu_emc
2026-06-03T10:49:32.076016,GPU1020_CPU1036,1020,1036,3199,1020,3199,p512_o1024,512,1024,mixed,0,48.31832798663527,43.53338149958859,44587.02512807213,1024,22.96632253572994,2099.901,48.274,50.358,2.0506845703125,0.48764203645790927,36.844,0.495,10.934,72.4,87,Meta-Llama-3.1-8B-Instruct-Q4_K_M,llama.cpp,finegrained_gpu_emc
2026-06-03T10:50:17.534051,GPU1020_CPU1036,1020,1036,3199,1020,3199,p512_o1024,512,1024,mixed,1,48.76845597755164,43.57990840568734,44635.09721099399,1024,22.941587763536457,2098.278,48.236,50.358,2.049099609375,0.4880192233822211,36.821,0.482,10.933,72.5,87,Meta-Llama-3.1-8B-Instruct-Q4_K_M,llama.cpp,finegrained_gpu_emc
2026-06-03T10:51:02.947698,GPU1020_CPU1036,1020,1036,3199,1020,3199,p512_o1024,512,1024,mixed,2,48.540989053435624,43.53665550924903,44590.60696000233,1024,22.964477718783364,2101.31,48.306,50.343,2.052060546875,0.48731505584611506,36.867,0.5,10.939,72.4,87,Meta-Llama-3.1-8B-Instruct-Q4_K_M,llama.cpp,finegrained_gpu_emc
2026-06-03T10:51:09.447172,GPU1020_CPU1036,1020,1036,3199,1020,3199,p1024_o128,1024,128,mixed,0,485.14805000741035,40.965300818765904,5688.250496983528,128,22.50252517322826,276.47,46.078,50.459,2.159921875,0.4629797084674648,35.148,0.465,10.465,72.1,12,Meta-Llama-3.1-8B-Instruct-Q4_K_M,llama.cpp,finegrained_gpu_emc
2026-06-03T10:51:15.501816,GPU1020_CPU1036,1020,1036,3199,1020,3199,p1024_o128,1024,128,mixed,1,46.05386406183243,40.921984865572156,5243.653072975576,128,24.41046312916442,258.298,46.963,50.459,2.017953125,0.4955516496449837,35.732,0.471,10.76,72.1,11,Meta-Llama-3.1-8B-Instruct-Q4_K_M,llama.cpp,finegrained_gpu_emc
2026-06-03T10:51:21.559720,GPU1020_CPU1036,1020,1036,3199,1020,3199,p1024_o128,1024,128,mixed,2,46.29024805035442,40.94380438584453,5246.6615290613845,128,24.39646607485635,256.888,46.707,50.358,2.0069375,0.4982716203170254,35.549,0.471,10.687,72.0,11,Meta-Llama-3.1-8B-Instruct-Q4_K_M,llama.cpp,finegrained_gpu_emc
2026-06-03T10:51:43.965334,GPU1020_CPU1036,1020,1036,3199,1020,3199,p1024_o512,1024,512,mixed,0,46.3641689857468,42.15502430144479,21589.60281603504,512,23.71511900254724,1029.724,49.034,50.459,2.0111796875,0.4972206144559125,37.479,0.475,11.081,72.3,42,Meta-Llama-3.1-8B-Instruct-Q4_K_M,llama.cpp,finegrained_gpu_emc
2026-06-03T10:52:06.397665,GPU1020_CPU1036,1020,1036,3199,1020,3199,p1024_o512,1024,512,mixed,1,47.75843594688922,42.204182716214085,21616.101640975103,512,23.686047026604548,1045.724,48.638,50.843,2.0424296875,0.48961293802188727,37.143,0.492,11.003,72.4,43,Meta-Llama-3.1-8B-Instruct-Q4_K_M,llama.cpp,finegrained_gpu_emc
2026-06-03T10:52:28.806477,GPU1020_CPU1036,1020,1036,3199,1020,3199,p1024_o512,1024,512,mixed,2,46.95624194573611,42.159080686942545,21592.262391000986,512,23.712197949826063,1047.82,48.736,51.357,2.0465234375,0.48863354392930086,37.164,0.538,11.034,72.5,43,Meta-Llama-3.1-8B-Instruct-Q4_K_M,llama.cpp,finegrained_gpu_emc
2026-06-03T10:53:14.207845,GPU1020_CPU1036,1020,1036,3199,1020,3199,p1024_o1024,1024,1024,mixed,0,47.7396339410916,43.524851257123515,44577.75600196328,1024,22.971097960940458,2112.299,48.559,50.858,2.0627919921875,0.4847798536097399,37.081,0.482,10.996,72.5,87,Meta-Llama-3.1-8B-Instruct-Q4_K_M,llama.cpp,finegrained_gpu_emc
2026-06-03T10:53:59.619784,GPU1020_CPU1036,1020,1036,3199,1020,3199,p1024_o1024,1024,1024,mixed,1,47.861468978226185,43.53574729232775,44588.947394047864,1024,22.965332438789368,2111.718,48.545,50.858,2.062224609375,0.4849132317856835,37.066,0.486,10.993,72.4,87,Meta-Llama-3.1-8B-Instruct-Q4_K_M,llama.cpp,finegrained_gpu_emc
2026-06-03T10:54:45.040124,GPU1020_CPU1036,1020,1036,3199,1020,3199,p1024_o1024,1024,1024,mixed,2,47.202126937918365,43.54476358947269,44597.538189962506,1024,22.960908641151633,2112.468,48.562,50.943,2.06295703125,0.48474107063396943,37.069,0.486,11.007,72.5,87,Meta-Llama-3.1-8B-Instruct-Q4_K_M,llama.cpp,finegrained_gpu_emc
2026-06-03T10:54:52.208890,GPU1020_CPU1036,1020,1036,3199,1020,3199,p2048_o128,2048,128,mixed,0,1009.5709839370102,42.103754157589115,6357.31012490578,128,20.134301691298575,302.819,46.588,50.843,2.3657734375,0.42269474504572035,35.687,0.491,10.41,72.2,13,Meta-Llama-3.1-8B-Instruct-Q4_K_M,llama.cpp,finegrained_gpu_emc
2026-06-03T10:54:58.407595,GPU1020_CPU1036,1020,1036,3199,1020,3199,p2048_o128,2048,128,mixed,1,45.48321000766009,42.05886479540486,5387.484697974287,128,23.758768177685674,263.71,47.947,50.742,2.060234375,0.485381669257897,36.625,0.471,10.851,72.2,11,Meta-Llama-3.1-8B-Instruct-Q4_K_M,llama.cpp,finegrained_gpu_emc
2026-06-03T10:55:04.603742,GPU1020_CPU1036,1020,1036,3199,1020,3199,p2048_o128,2048,128,mixed,2,45.27447698637843,42.039717810675796,5384.884587023407,128,23.770240184619134,264.01,48.002,50.742,2.062578125,0.48483012007120946,36.661,0.471,10.869,72.1,11,Meta-Llama-3.1-8B-Instruct-Q4_K_M,llama.cpp,finegrained_gpu_emc
2026-06-03T10:55:27.245715,GPU1020_CPU1036,1020,1036,3199,1020,3199,p2048_o512,2048,512,mixed,0,45.477228006348014,42.61879621136482,21825.690235942602,512,23.458593724419174,1061.41,49.368,50.858,2.07306640625,0.4823772152137251,37.814,0.473,11.08,72.3,43,Meta-Llama-3.1-8B-Instruct-Q4_K_M,llama.cpp,finegrained_gpu_emc
2026-06-03T10:55:49.887502,GPU1020_CPU1036,1020,1036,3199,1020,3199,p2048_o512,2048,512,mixed,1,49.32516906410456,42.611148759245204,21825.6181050092,512,23.458671252132415,1059.054,49.258,50.459,2.06846484375,0.4834503245349151,37.712,0.436,11.11,72.3,43,Meta-Llama-3.1-8B-Instruct-Q4_K_M,llama.cpp,finegrained_gpu_emc
2026-06-03T10:56:12.533650,GPU1020_CPU1036,1020,1036,3199,1020,3199,p2048_o512,2048,512,mixed,2,49.074969021603465,42.61958177694449,21829.718808992766,512,23.45426455008121,1060.012,49.303,50.757,2.0703359375,0.4830133998483036,37.719,0.492,11.092,72.4,43,Meta-Llama-3.1-8B-Instruct-Q4_K_M,llama.cpp,finegrained_gpu_emc
2026-06-03T10:56:23.046971,GPU1122_CPU1036,1122,1036,3199,1122,3199,p64_o64,64,64,decode,0,42.12789295706898,40.77260587401393,2611.0630210023373,64,24.511089730584757,133.25,44.417,49.56,2.08203125,0.4803001876172608,33.52,0.532,10.366,71.4,6,Meta-Llama-3.1-8B-Instruct-Q4_K_M,llama.cpp,finegrained_gpu_emc
2026-06-03T10:56:26.466861,GPU1122_CPU1036,1122,1036,3199,1122,3199,p64_o64,64,64,decode,1,41.95077496115118,40.75250449213421,2609.616315923631,64,24.52467805687682,127.705,42.568,49.46,1.995390625,0.5011550056771465,32.122,0.399,10.048,71.3,6,Meta-Llama-3.1-8B-Instruct-Q4_K_M,llama.cpp,finegrained_gpu_emc
2026-06-03T10:56:29.887520,GPU1122_CPU1036,1122,1036,3199,1122,3199,p64_o64,64,64,decode,2,41.88133601564914,40.761747874230856,2610.1300740847364,64,24.51985080568911,127.749,42.583,49.161,1.996078125,0.5009823951655199,31.92,0.532,10.131,71.3,6,Meta-Llama-3.1-8B-Instruct-Q4_K_M,llama.cpp,finegrained_gpu_emc
2026-06-03T10:56:35.929640,GPU1122_CPU1036,1122,1036,3199,1122,3199,p128_o128,128,128,decode,0,41.90079204272479,40.85265725161734,5230.676387087442,128,24.471022584380005,252.156,45.847,49.56,1.96996875,0.507622265581624,34.681,0.508,10.658,71.4,11,Meta-Llama-3.1-8B-Instruct-Q4_K_M,llama.cpp,finegrained_gpu_emc
2026-06-03T10:56:41.970250,GPU1122_CPU1036,1122,1036,3199,1122,3199,p128_o128,128,128,decode,1,42.061560903675854,40.84309656722984,5229.629125911742,128,24.475923037407412,252.7,45.946,49.661,1.97421875,0.5065294815987337,34.788,0.471,10.686,71.5,11,Meta-Llama-3.1-8B-Instruct-Q4_K_M,llama.cpp,finegrained_gpu_emc
2026-06-03T10:56:48.010788,GPU1122_CPU1036,1122,1036,3199,1122,3199,p128_o128,128,128,decode,2,42.13468008674681,40.84027448016417,5229.3398070614785,128,24.47727719417932,252.307,45.874,49.56,1.9711484375,0.5073184652031058,34.752,0.471,10.65,71.5,11,Meta-Llama-3.1-8B-Instruct-Q4_K_M,llama.cpp,finegrained_gpu_emc
2026-06-03T10:57:10.709484,GPU1122_CPU1036,1122,1036,3199,1122,3199,p128_o512,128,512,decode,0,42.07589803263545,42.73721261643449,21882.7762339497,512,23.397396862545506,1028.81,47.852,49.56,2.00939453125,0.4976623477610055,36.432,0.501,10.919,71.7,43,Meta-Llama-3.1-8B-Instruct-Q4_K_M,llama.cpp,finegrained_gpu_emc
2026-06-03T10:57:33.407418,GPU1122_CPU1036,1122,1036,3199,1122,3199,p128_o512,128,512,decode,1,45.633825939148664,42.728556005909326,21881.904362002388,512,23.39832911842356,1027.853,47.807,49.56,2.007525390625,0.4981257047457175,36.432,0.464,10.912,71.9,43,Meta-Llama-3.1-8B-Instruct-Q4_K_M,llama.cpp,finegrained_gpu_emc
2026-06-03T10:57:56.138303,GPU1122_CPU1036,1122,1036,3199,1122,3199,p128_o512,128,512,decode,2,45.90774804819375,42.79208343445074,21914.666624041274,512,23.363348792096858,1026.708,47.754,49.545,2.0052890625,0.49868122192483155,36.357,0.473,10.924,71.9,43,Meta-Llama-3.1-8B-Instruct-Q4_K_M,llama.cpp,finegrained_gpu_emc
2026-06-03T10:58:07.526510,GPU1122_CPU1036,1122,1036,3199,1122,3199,p256_o256,256,256,decode,0,45.85203994065523,41.28858022775282,10575.42619900778,256,24.207062219773114,502.623,47.869,49.56,1.96337109375,0.5093280649711613,36.418,0.475,10.976,71.9,21,Meta-Llama-3.1-8B-Instruct-Q4_K_M,llama.cpp,finegrained_gpu_emc
2026-06-03T10:58:18.899756,GPU1122_CPU1036,1122,1036,3199,1122,3199,p256_o256,256,256,decode,1,45.65482691396028,41.22938921209425,10560.122508904897,256,24.242143003940175,503.725,47.974,49.944,1.96767578125,0.5082138071368306,36.471,0.494,11.009,72.0,21,Meta-Llama-3.1-8B-Instruct-Q4_K_M,llama.cpp,finegrained_gpu_emc
2026-06-03T10:58:30.280450,GPU1122_CPU1036,1122,1036,3199,1122,3199,p256_o256,256,256,decode,2,45.68743600975722,41.247529905818986,10564.772387035191,256,24.231473298388938,502.352,47.843,49.545,1.9623125,0.509602828295697,36.436,0.437,10.97,72.0,21,Meta-Llama-3.1-8B-Instruct-Q4_K_M,llama.cpp,finegrained_gpu_emc
2026-06-03T10:58:36.332672,GPU1122_CPU1036,1122,1036,3199,1122,3199,p512_o128,512,128,decode,0,45.31217704061419,40.9088834174212,5241.23598402366,128,24.421720447270395,252.656,45.937,49.56,1.973875,0.5066176936229497,34.788,0.471,10.678,71.9,11,Meta-Llama-3.1-8B-Instruct-Q4_K_M,llama.cpp,finegrained_gpu_emc
2026-06-03T10:58:42.376437,GPU1122_CPU1036,1122,1036,3199,1122,3199,p512_o128,512,128,decode,1,42.04861703328788,40.867046882053764,5232.692591031082,128,24.461593677296086,252.61,45.929,49.859,1.973515625,0.5067099481414037,34.862,0.471,10.596,71.8,11,Meta-Llama-3.1-8B-Instruct-Q4_K_M,llama.cpp,finegrained_gpu_emc
2026-06-03T10:58:48.414342,GPU1122_CPU1036,1122,1036,3199,1122,3199,p512_o128,512,128,decode,2,41.989899007603526,40.82334582697541,5227.045361069031,128,24.48802165623861,252.412,45.893,49.56,1.97196875,0.5071074275391028,34.826,0.435,10.632,71.9,11,Meta-Llama-3.1-8B-Instruct-Q4_K_M,llama.cpp,finegrained_gpu_emc
2026-06-03T10:59:11.139966,GPU1122_CPU1036,1122,1036,3199,1122,3199,p512_o512,512,512,decode,0,41.899900999851525,42.78876968484496,21908.931281999685,512,23.369464873015406,1027.896,47.809,49.56,2.007609375,0.49810486664020487,36.422,0.464,10.924,72.0,43,Meta-Llama-3.1-8B-Instruct-Q4_K_M,llama.cpp,finegrained_gpu_emc
2026-06-03T10:59:33.864097,GPU1122_CPU1036,1122,1036,3199,1122,3199,p512_o512,512,512,decode,1,45.990969985723495,42.77896430318785,21908.00021996256,512,23.37045804543428,1027.259,47.78,49.56,2.006365234375,0.4984137398650194,36.404,0.473,10.903,72.0,43,Meta-Llama-3.1-8B-Instruct-Q4_K_M,llama.cpp,finegrained_gpu_emc
2026-06-03T10:59:56.575062,GPU1122_CPU1036,1122,1036,3199,1122,3199,p512_o512,512,512,decode,2,46.206534025259316,42.75267921709829,21894.76785203442,512,23.38458226459003,1028.04,47.816,49.56,2.007890625,0.49803509591066497,36.449,0.455,10.912,72.1,43,Meta-Llama-3.1-8B-Instruct-Q4_K_M,llama.cpp,finegrained_gpu_emc
2026-06-03T11:00:41.924511,GPU1122_CPU1036,1122,1036,3199,1122,3199,p512_o1024,512,1024,decode,0,45.684998971410096,43.476578001937085,44526.19031094946,1024,22.99770074306554,2066.313,47.501,49.56,2.0178837890625,0.495568677155881,36.124,0.472,10.905,72.2,87,Meta-Llama-3.1-8B-Instruct-Q4_K_M,llama.cpp,finegrained_gpu_emc
2026-06-03T11:01:27.238745,GPU1122_CPU1036,1122,1036,3199,1122,3199,p512_o1024,512,1024,decode,1,45.89781991671771,43.441962063602034,44491.030200966634,1024,23.015875230907827,2071.096,47.611,49.959,2.0225546875,0.4944242082452962,36.225,0.482,10.905,72.3,87,Meta-Llama-3.1-8B-Instruct-Q4_K_M,llama.cpp,finegrained_gpu_emc
2026-06-03T11:02:12.525801,GPU1122_CPU1036,1122,1036,3199,1122,3199,p512_o1024,512,1024,decode,2,46.528154984116554,43.41537614861905,44464.41982500255,1024,23.029649414748462,2068.675,47.556,49.959,2.0201904296875,0.4950028399821141,36.174,0.482,10.9,72.3,87,Meta-Llama-3.1-8B-Instruct-Q4_K_M,llama.cpp,finegrained_gpu_emc
2026-06-03T11:02:18.572701,GPU1122_CPU1036,1122,1036,3199,1122,3199,p1024_o128,1024,128,decode,0,46.11320304684341,40.85943741745895,5235.753677086905,128,24.447292194085282,253.426,46.077,49.859,1.979890625,0.5050784055306086,34.93,0.508,10.64,72.2,11,Meta-Llama-3.1-8B-Instruct-Q4_K_M,llama.cpp,finegrained_gpu_emc
2026-06-03T11:02:24.610069,GPU1122_CPU1036,1122,1036,3199,1122,3199,p1024_o128,1024,128,decode,1,42.049551964737475,40.818741347083424,5226.520122028887,128,24.490482579508672,252.76,45.956,49.56,1.9746875,0.506409241968666,34.862,0.471,10.623,72.1,11,Meta-Llama-3.1-8B-Instruct-Q4_K_M,llama.cpp,finegrained_gpu_emc
2026-06-03T11:02:30.646945,GPU1122_CPU1036,1122,1036,3199,1122,3199,p1024_o128,1024,128,decode,2,42.08194394595921,40.81475341740233,5226.042718044482,128,24.492719808439674,253.562,46.102,49.661,1.980953125,0.5048075027015089,34.936,0.471,10.695,72.1,11,Meta-Llama-3.1-8B-Instruct-Q4_K_M,llama.cpp,finegrained_gpu_emc
2026-06-03T11:02:53.342701,GPU1122_CPU1036,1122,1036,3199,1122,3199,p1024_o512,1024,512,decode,0,41.994852013885975,42.73152660460935,21879.806107957847,512,23.40057299748108,1029.021,47.861,49.661,2.009806640625,0.49756030246224325,36.441,0.473,10.947,72.2,43,Meta-Llama-3.1-8B-Instruct-Q4_K_M,llama.cpp,finegrained_gpu_emc
2026-06-03T11:03:16.058932,GPU1122_CPU1036,1122,1036,3199,1122,3199,p1024_o512,1024,512,decode,1,45.845402986742556,42.76362314675397,21900.05165792536,512,23.378940287326376,1028.665,47.845,49.959,2.009111328125,0.49773249794636737,36.469,0.473,10.903,72.3,43,Meta-Llama-3.1-8B-Instruct-Q4_K_M,llama.cpp,finegrained_gpu_emc
2026-06-03T11:03:38.774382,GPU1122_CPU1036,1122,1036,3199,1122,3199,p1024_o512,1024,512,decode,2,46.173203038051724,42.76109511331599,21899.235757999122,512,23.379811316610994,1028.311,47.828,49.56,2.008419921875,0.4979038442650133,36.46,0.445,10.923,72.3,43,Meta-Llama-3.1-8B-Instruct-Q4_K_M,llama.cpp,finegrained_gpu_emc
2026-06-03T11:04:24.086649,GPU1122_CPU1036,1122,1036,3199,1122,3199,p1024_o1024,1024,1024,decode,0,46.042869915254414,43.43985838912071,44488.98174392525,1024,23.016934977160318,2070.434,47.596,49.56,2.021908203125,0.49458229530620146,36.198,0.491,10.908,72.4,87,Meta-Llama-3.1-8B-Instruct-Q4_K_M,llama.cpp,finegrained_gpu_emc
2026-06-03T11:05:09.401515,GPU1122_CPU1036,1122,1036,3199,1122,3199,p1024_o1024,1024,1024,decode,1,46.30013799760491,43.44210534901399,44491.52664898429,1024,23.015618413790193,2071.118,47.612,49.959,2.022576171875,0.4944189563317976,36.23,0.486,10.896,72.5,87,Meta-Llama-3.1-8B-Instruct-Q4_K_M,llama.cpp,finegrained_gpu_emc
2026-06-03T11:05:54.730037,GPU1122_CPU1036,1122,1036,3199,1122,3199,p1024_o1024,1024,1024,decode,2,46.229986008256674,43.45552305957687,44505.21062698681,1024,23.008541821821485,2068.982,47.563,49.859,2.020490234375,0.49492939039585654,36.179,0.486,10.897,72.5,87,Meta-Llama-3.1-8B-Instruct-Q4_K_M,llama.cpp,finegrained_gpu_emc
2026-06-03T11:06:00.797072,GPU1122_CPU1036,1122,1036,3199,1122,3199,p2048_o128,2048,128,decode,0,46.49966198485345,41.01525744932931,5255.9238109970465,128,24.353473262337577,253.112,46.02,49.959,1.9774375,0.5057049843547521,34.899,0.471,10.65,72.3,11,Meta-Llama-3.1-8B-Instruct-Q4_K_M,llama.cpp,finegrained_gpu_emc
2026-06-03T11:06:06.833388,GPU1122_CPU1036,1122,1036,3199,1122,3199,p2048_o128,2048,128,decode,1,41.87231499236077,40.8103173785645,5225.2730439649895,128,24.49632754556924,253.421,46.077,49.959,1.9798515625,0.5050883707348641,34.9,0.508,10.668,72.3,11,Meta-Llama-3.1-8B-Instruct-Q4_K_M,llama.cpp,finegrained_gpu_emc
2026-06-03T11:06:12.872737,GPU1122_CPU1036,1122,1036,3199,1122,3199,p2048_o128,2048,128,decode,2,42.051965021528304,40.83234640974992,5228.249420993961,128,24.482382092563874,252.776,45.959,49.661,1.9748125,0.5063771877076938,34.792,0.471,10.696,72.3,11,Meta-Llama-3.1-8B-Instruct-Q4_K_M,llama.cpp,finegrained_gpu_emc
2026-06-03T11:06:35.556230,GPU1122_CPU1036,1122,1036,3199,1122,3199,p2048_o512,2048,512,decode,0,41.873926063999534,42.70759965735078,21867.418461013585,512,23.413829159249925,1028.712,47.847,49.959,2.009203125,0.4977097574442604,36.476,0.464,10.907,72.4,43,Meta-Llama-3.1-8B-Instruct-Q4_K_M,llama.cpp,finegrained_gpu_emc
2026-06-03T11:06:58.255631,GPU1122_CPU1036,1122,1036,3199,1122,3199,p2048_o512,2048,512,decode,1,45.723814982920885,42.73155793559477,21883.47896700725,512,23.396645513810654,1028.194,47.823,49.959,2.00819140625,0.4979605016173991,36.415,0.473,10.935,72.4,43,Meta-Llama-3.1-8B-Instruct-Q4_K_M,llama.cpp,finegrained_gpu_emc
2026-06-03T11:07:20.950854,GPU1122_CPU1036,1122,1036,3199,1122,3199,p2048_o512,2048,512,decode,2,45.8805050002411,42.722167661358874,21878.897546906956,512,23.40154474887525,1028.728,47.848,49.859,2.009234375,0.49770201647082607,36.461,0.473,10.914,72.5,43,Meta-Llama-3.1-8B-Instruct-Q4_K_M,llama.cpp,finegrained_gpu_emc
2026-06-03T11:07:24.412857,GPU1122_CPU1036,1122,1036,3199,1122,3199,p64_o64,64,64,mixed,0,72.62941496446729,40.9275665565113,2651.3229670235887,64,24.138892468406922,127.425,42.475,49.46,1.991015625,0.5022562291544046,31.995,0.399,10.081,72.2,6,Meta-Llama-3.1-8B-Instruct-Q4_K_M,llama.cpp,finegrained_gpu_emc
2026-06-03T11:07:27.832922,GPU1122_CPU1036,1122,1036,3199,1122,3199,p64_o64,64,64,mixed,1,42.468727100640535,40.74437350648204,2609.6217890735716,64,24.524626621361982,128.322,42.774,49.959,2.00503125,0.49874534374464236,32.194,0.465,10.114,72.1,6,Meta-Llama-3.1-8B-Instruct-Q4_K_M,llama.cpp,finegrained_gpu_emc
2026-06-03T11:07:31.249908,GPU1122_CPU1036,1122,1036,3199,1122,3199,p64_o64,64,64,mixed,2,42.0031399698928,40.70504946035466,2606.6832980141044,64,24.552273016349265,127.622,42.541,49.161,1.99409375,0.5014809358887966,32.061,0.399,10.081,71.9,6,Meta-Llama-3.1-8B-Instruct-Q4_K_M,llama.cpp,finegrained_gpu_emc
2026-06-03T11:07:37.337721,GPU1122_CPU1036,1122,1036,3199,1122,3199,p128_o128,128,128,mixed,0,84.32838902808726,40.88082604704234,5276.692038984038,128,24.257621830938767,254.466,46.267,49.56,1.988015625,0.5030141551327093,35.119,0.472,10.677,72.0,11,Meta-Llama-3.1-8B-Instruct-Q4_K_M,llama.cpp,finegrained_gpu_emc
2026-06-03T11:07:43.388487,GPU1122_CPU1036,1122,1036,3199,1122,3199,p128_o128,128,128,mixed,1,42.27181302849203,40.920279535105614,5239.67843898572,128,24.4289800396182,252.622,45.931,49.56,1.973609375,0.5066858785062267,34.754,0.472,10.705,72.1,11,Meta-Llama-3.1-8B-Instruct-Q4_K_M,llama.cpp,finegrained_gpu_emc
2026-06-03T11:07:49.434476,GPU1122_CPU1036,1122,1036,3199,1122,3199,p128_o128,128,128,mixed,2,42.43517492432147,40.88335479591335,5235.114343930036,128,24.450277795443437,252.27,45.867,49.161,1.970859375,0.5073928727157411,34.718,0.472,10.678,72.0,11,Meta-Llama-3.1-8B-Instruct-Q4_K_M,llama.cpp,finegrained_gpu_emc
2026-06-03T11:08:12.131801,GPU1122_CPU1036,1122,1036,3199,1122,3199,p128_o512,128,512,mixed,0,42.12699399795383,42.734047900083425,21881.184568977915,512,23.39909881871244,1031.192,47.962,49.759,2.014046875,0.4965127735669012,36.442,0.575,10.945,72.2,43,Meta-Llama-3.1-8B-Instruct-Q4_K_M,llama.cpp,finegrained_gpu_emc
2026-06-03T11:08:34.835492,GPU1122_CPU1036,1122,1036,3199,1122,3199,p128_o512,128,512,mixed,1,46.09192500356585,42.73892090808046,21887.626710929908,512,23.392211808159413,1029.761,47.896,49.959,2.011251953125,0.4972027489873864,36.506,0.482,10.907,72.3,43,Meta-Llama-3.1-8B-Instruct-Q4_K_M,llama.cpp,finegrained_gpu_emc
2026-06-03T11:08:57.548801,GPU1122_CPU1036,1122,1036,3199,1122,3199,p128_o512,128,512,mixed,2,46.43327998928726,42.75115781031739,21894.296611077152,512,23.38508558164686,1030.17,47.915,49.959,2.01205078125,0.4970053486317792,36.46,0.501,10.954,72.4,43,Meta-Llama-3.1-8B-Instruct-Q4_K_M,llama.cpp,finegrained_gpu_emc
2026-06-03T11:09:09.358987,GPU1122_CPU1036,1122,1036,3199,1122,3199,p256_o256,256,256,mixed,0,124.32478100527078,42.63439869015094,10997.293449006975,256,23.278454938666396,519.1,47.191,49.161,2.027734375,0.4931612406087459,35.932,0.472,10.787,72.3,22,Meta-Llama-3.1-8B-Instruct-Q4_K_M,llama.cpp,finegrained_gpu_emc
2026-06-03T11:09:21.091967,GPU1122_CPU1036,1122,1036,3199,1122,3199,p256_o256,256,256,mixed,1,45.66583095584065,42.64162274114057,10920.255644014105,256,23.44267463558194,517.345,47.031,49.161,2.02087890625,0.4948342015482898,35.786,0.453,10.792,72.3,22,Meta-Llama-3.1-8B-Instruct-Q4_K_M,llama.cpp,finegrained_gpu_emc
2026-06-03T11:09:32.824395,GPU1122_CPU1036,1122,1036,3199,1122,3199,p256_o256,256,256,mixed,2,45.82186893094331,42.63815542765181,10919.530716957524,256,23.444230950552104,517.486,47.044,49.56,2.0214296875,0.4946993735096215,35.84,0.435,10.769,72.3,22,Meta-Llama-3.1-8B-Instruct-Q4_K_M,llama.cpp,finegrained_gpu_emc
2026-06-03T11:09:39.346546,GPU1122_CPU1036,1122,1036,3199,1122,3199,p512_o128,512,128,mixed,0,238.74204198364168,43.08401638601621,5710.9265780309215,128,22.413175559356134,270.328,45.055,48.561,2.1119375,0.4734988606433666,34.249,0.466,10.341,72.2,12,Meta-Llama-3.1-8B-Instruct-Q4_K_M,llama.cpp,finegrained_gpu_emc
2026-06-03T11:09:45.687266,GPU1122_CPU1036,1122,1036,3199,1122,3199,p512_o128,512,128,mixed,1,45.02970399335027,43.18248862162321,5529.711445909925,128,23.147681619928967,253.706,46.128,48.461,1.982078125,0.5045209809779824,35.107,0.435,10.587,72.1,11,Meta-Llama-3.1-8B-Instruct-Q4_K_M,llama.cpp,finegrained_gpu_emc
2026-06-03T11:09:52.013604,GPU1122_CPU1036,1122,1036,3199,1122,3199,p512_o128,512,128,mixed,2,44.68257795087993,43.07310849585842,5515.471251914278,128,23.207445774569944,254.17,46.213,48.86,1.985703125,0.5035999527875045,35.182,0.435,10.596,72.0,11,Meta-Llama-3.1-8B-Instruct-Q4_K_M,llama.cpp,finegrained_gpu_emc
2026-06-03T11:10:14.534740,GPU1122_CPU1036,1122,1036,3199,1122,3199,p512_o512,512,512,mixed,0,44.83733105007559,42.38180282759004,21704.0031789802,512,23.590118181325163,1031.43,47.974,49.959,2.01451171875,0.49639820443461985,36.535,0.482,10.956,72.2,43,Meta-Llama-3.1-8B-Instruct-Q4_K_M,llama.cpp,finegrained_gpu_emc
2026-06-03T11:10:37.086688,GPU1122_CPU1036,1122,1036,3199,1122,3199,p512_o512,512,512,mixed,1,48.74655604362488,42.43614607642782,21735.611119074747,512,23.555813415831626,1032.878,48.041,49.56,2.01733984375,0.49570229978758384,36.591,0.51,10.94,72.3,43,Meta-Llama-3.1-8B-Instruct-Q4_K_M,llama.cpp,finegrained_gpu_emc
2026-06-03T11:10:59.616103,GPU1122_CPU1036,1122,1036,3199,1122,3199,p512_o512,512,512,mixed,2,48.72349905781448,42.39230422296701,21713.15805905033,512,23.58017192190943,1032.786,48.037,50.06,2.01716015625,0.495746456671566,36.572,0.501,10.963,72.4,43,Meta-Llama-3.1-8B-Instruct-Q4_K_M,llama.cpp,finegrained_gpu_emc
2026-06-03T11:11:45.136662,GPU1122_CPU1036,1122,1036,3199,1122,3199,p512_o1024,512,1024,mixed,0,48.543579992838204,43.64069518671878,44697.02016096562,1024,22.90980464273254,2076.936,47.746,49.975,2.0282578125,0.4930339692701171,36.331,0.486,10.929,72.4,87,Meta-Llama-3.1-8B-Instruct-Q4_K_M,llama.cpp,finegrained_gpu_emc
2026-06-03T11:12:30.689330,GPU1122_CPU1036,1122,1036,3199,1122,3199,p512_o1024,512,1024,mixed,1,49.139436916448176,43.6717732757137,44729.47536793072,1024,22.893181544762044,2074.538,47.691,49.56,2.025916015625,0.49360387710420345,36.276,0.486,10.929,72.3,87,Meta-Llama-3.1-8B-Instruct-Q4_K_M,llama.cpp,finegrained_gpu_emc
2026-06-03T11:13:16.272744,GPU1122_CPU1036,1122,1036,3199,1122,3199,p512_o1024,512,1024,mixed,2,49.20486803166568,43.7019313743633,44760.307064978406,1024,22.87741231340219,2074.048,47.679,49.959,2.0254375,0.4937204924861913,36.27,0.491,10.918,72.3,87,Meta-Llama-3.1-8B-Instruct-Q4_K_M,llama.cpp,finegrained_gpu_emc
2026-06-03T11:13:22.795106,GPU1122_CPU1036,1122,1036,3199,1122,3199,p1024_o128,1024,128,mixed,0,487.5108649721369,41.12475040904063,5710.867054993287,128,22.413409166666455,273.739,45.623,50.06,2.1385859375,0.4675986980298752,34.751,0.432,10.44,72.0,12,Meta-Llama-3.1-8B-Instruct-Q4_K_M,llama.cpp,finegrained_gpu_emc
2026-06-03T11:13:28.865272,GPU1122_CPU1036,1122,1036,3199,1122,3199,p1024_o128,1024,128,mixed,1,46.44292104057968,41.04111010234392,5259.176664054394,128,24.338410396984553,255.879,46.523,50.06,1.9990546875,0.5002364398797869,35.337,0.435,10.751,72.0,11,Meta-Llama-3.1-8B-Instruct-Q4_K_M,llama.cpp,finegrained_gpu_emc
2026-06-03T11:13:34.934118,GPU1122_CPU1036,1122,1036,3199,1122,3199,p1024_o128,1024,128,mixed,2,46.383660985156894,41.03255268519994,5258.02945997566,128,24.34372058474403,255.988,46.543,50.076,1.99990625,0.5000234385986844,35.303,0.471,10.769,71.9,11,Meta-Llama-3.1-8B-Instruct-Q4_K_M,llama.cpp,finegrained_gpu_emc
2026-06-03T11:13:57.384266,GPU1122_CPU1036,1122,1036,3199,1122,3199,p1024_o512,1024,512,mixed,0,46.390671050176024,42.24208799995475,21634.07130399719,512,23.666372954285357,1036.896,48.228,50.06,2.0251875,0.4937814399901244,36.726,0.464,11.038,72.1,43,Meta-Llama-3.1-8B-Instruct-Q4_K_M,llama.cpp,finegrained_gpu_emc
2026-06-03T11:14:19.827563,GPU1122_CPU1036,1122,1036,3199,1122,3199,p1024_o512,1024,512,mixed,1,46.96939093992114,42.22687718402886,21626.91550492309,512,23.674203558221226,1036.197,48.195,50.459,2.023822265625,0.49411453613550327,36.712,0.473,11.01,72.2,43,Meta-Llama-3.1-8B-Instruct-Q4_K_M,llama.cpp,finegrained_gpu_emc
2026-06-03T11:14:42.286178,GPU1122_CPU1036,1122,1036,3199,1122,3199,p1024_o512,1024,512,mixed,2,46.73593200277537,42.25760898252114,21642.39620405715,512,23.657269517319847,1035.46,48.161,50.06,2.0223828125,0.4944662275703552,36.673,0.464,11.024,72.3,43,Meta-Llama-3.1-8B-Instruct-Q4_K_M,llama.cpp,finegrained_gpu_emc
2026-06-03T11:15:27.781417,GPU1122_CPU1036,1122,1036,3199,1122,3199,p1024_o1024,1024,1024,mixed,0,46.99094407260418,43.618120857239504,44672.338571050204,1024,22.922462372802677,2090.733,48.063,50.16,2.0417314453125,0.4897803784605686,36.582,0.486,10.994,72.5,87,Meta-Llama-3.1-8B-Instruct-Q4_K_M,llama.cpp,finegrained_gpu_emc
2026-06-03T11:16:13.280340,GPU1122_CPU1036,1122,1036,3199,1122,3199,p1024_o1024,1024,1024,mixed,1,46.871698927134275,43.62145447609664,44675.65937794279,1024,22.920758512756677,2089.658,48.038,50.06,2.040681640625,0.4900323402202657,36.559,0.477,11.003,72.5,87,Meta-Llama-3.1-8B-Instruct-Q4_K_M,llama.cpp,finegrained_gpu_emc
2026-06-03T11:16:58.828558,GPU1122_CPU1036,1122,1036,3199,1122,3199,p1024_o1024,1024,1024,mixed,2,47.2527319798246,43.66910341355079,44724.78668298572,1024,22.89558153196406,2101.937,47.771,50.06,2.0526728515625,0.4871696915749616,36.354,0.467,10.951,72.5,88,Meta-Llama-3.1-8B-Instruct-Q4_K_M,llama.cpp,finegrained_gpu_emc
2026-06-03T11:17:06.026638,GPU1122_CPU1036,1122,1036,3199,1122,3199,p2048_o128,2048,128,mixed,0,1014.2287201015279,42.29716366838928,6386.498962994665,128,20.042279931723357,299.648,46.1,50.045,2.341,0.4271678769756514,35.199,0.46,10.441,72.2,13,Meta-Llama-3.1-8B-Instruct-Q4_K_M,llama.cpp,finegrained_gpu_emc
2026-06-03T11:17:12.253153,GPU1122_CPU1036,1122,1036,3199,1122,3199,p2048_o128,2048,128,mixed,1,45.8932799519971,42.275700126004615,5415.444821002893,128,23.63610086166394,262.032,47.642,51.342,2.047125,0.4884899554252916,35.938,0.798,10.906,72.2,11,Meta-Llama-3.1-8B-Instruct-Q4_K_M,llama.cpp,finegrained_gpu_emc
2026-06-03T11:17:18.466651,GPU1122_CPU1036,1122,1036,3199,1122,3199,p2048_o128,2048,128,mixed,2,45.67024507559836,42.17276644093666,5402.14731998276,128,23.694281628811357,260.948,47.445,50.444,2.03865625,0.4905191838987078,36.086,0.471,10.888,72.1,11,Meta-Llama-3.1-8B-Instruct-Q4_K_M,llama.cpp,finegrained_gpu_emc
2026-06-03T11:17:41.153395,GPU1122_CPU1036,1122,1036,3199,1122,3199,p2048_o512,2048,512,mixed,0,45.86256400216371,42.705429810164915,21870.362992980517,512,23.41067682161155,1049.746,48.825,50.343,2.05028515625,0.4877370335300158,37.253,0.464,11.108,72.3,43,Meta-Llama-3.1-8B-Instruct-Q4_K_M,llama.cpp,finegrained_gpu_emc
2026-06-03T11:18:03.840026,GPU1122_CPU1036,1122,1036,3199,1122,3199,p2048_o512,2048,512,mixed,1,49.42712793126702,42.698703835665476,21870.49419991672,512,23.410536374708425,1051.24,48.895,49.959,2.053203125,0.4870438719987824,37.313,0.473,11.108,72.4,43,Meta-Llama-3.1-8B-Instruct-Q4_K_M,llama.cpp,finegrained_gpu_emc
2026-06-03T11:18:26.537518,GPU1122_CPU1036,1122,1036,3199,1122,3199,p2048_o512,2048,512,mixed,2,49.69599505420774,42.71880909960002,21881.01736898534,512,23.39927761886066,1050.656,48.868,50.358,2.0520625,0.487314592026315,37.23,0.492,11.146,72.5,43,Meta-Llama-3.1-8B-Instruct-Q4_K_M,llama.cpp,finegrained_gpu_emc
2026-06-03T11:18:37.050191,GPU1224_CPU1036,1224,1036,3199,1224,3199,p64_o64,64,64,decode,0,42.00033098459244,40.72031815950241,2607.6395720010623,64,24.543269202993184,133.814,44.605,49.56,2.09084375,0.47827581568445754,33.59,0.532,10.483,71.4,6,Meta-Llama-3.1-8B-Instruct-Q4_K_M,llama.cpp,finegrained_gpu_emc
2026-06-03T11:18:40.466439,GPU1224_CPU1036,1224,1036,3199,1224,3199,p64_o64,64,64,decode,1,41.85466899070889,40.69685250786798,2606.018357910216,64,24.558537665606487,127.75,42.583,49.46,1.99609375,0.5009784735812133,32.056,0.466,10.062,71.4,6,Meta-Llama-3.1-8B-Instruct-Q4_K_M,llama.cpp,finegrained_gpu_emc
2026-06-03T11:18:43.884110,GPU1224_CPU1036,1224,1036,3199,1224,3199,p64_o64,64,64,decode,2,41.9907959876582,40.717831731493035,2607.476048055105,64,24.54480839727639,127.598,42.533,49.46,1.99371875,0.5015752598003104,32.056,0.465,10.012,71.3,6,Meta-Llama-3.1-8B-Instruct-Q4_K_M,llama.cpp,finegrained_gpu_emc
2026-06-03T11:18:49.922829,GPU1224_CPU1036,1224,1036,3199,1224,3199,p128_o128,128,128,decode,0,42.05476399511099,40.8274467794342,5227.633042028174,128,24.4852687575675,252.704,45.946,49.959,1.97425,0.5065214638470305,34.824,0.471,10.65,71.6,11,Meta-Llama-3.1-8B-Instruct-Q4_K_M,llama.cpp,finegrained_gpu_emc
2026-06-03T11:18:55.962139,GPU1224_CPU1036,1224,1036,3199,1224,3199,p128_o128,128,128,decode,1,41.87640000600368,40.82915581869123,5227.681038086303,128,24.485043954949663,253.776,46.141,49.944,1.982625,0.5043818170354959,34.928,0.544,10.669,71.6,11,Meta-Llama-3.1-8B-Instruct-Q4_K_M,llama.cpp,finegrained_gpu_emc
2026-06-03T11:19:02.001558,GPU1224_CPU1036,1224,1036,3199,1224,3199,p128_o128,128,128,decode,2,42.53924009390175,40.82741292915857,5228.117316029966,128,24.483000717588784,254.35,46.245,49.661,1.987109375,0.5032435620208374,34.86,0.617,10.769,71.7,11,Meta-Llama-3.1-8B-Instruct-Q4_K_M,llama.cpp,finegrained_gpu_emc
2026-06-03T11:19:24.691856,GPU1224_CPU1036,1224,1036,3199,1224,3199,p128_o512,128,512,decode,0,41.88561800401658,42.721102596944064,21874.28860401269,512,23.406475486753752,1028.94,47.858,49.56,2.0096484375,0.4975994713005617,36.45,0.492,10.916,71.8,43,Meta-Llama-3.1-8B-Instruct-Q4_K_M,llama.cpp,finegrained_gpu_emc
2026-06-03T11:19:47.382571,GPU1224_CPU1036,1224,1036,3199,1224,3199,p128_o512,128,512,decode,1,45.90771393850446,42.71300751857146,21874.265249003656,512,23.406500477693573,1028.297,47.828,49.944,2.008392578125,0.4979106230981905,36.445,0.473,10.909,72.0,43,Meta-Llama-3.1-8B-Instruct-Q4_K_M,llama.cpp,finegrained_gpu_emc
2026-06-03T11:20:10.115685,GPU1224_CPU1036,1224,1036,3199,1224,3199,p128_o512,128,512,decode,2,45.8070149179548,42.79679444426244,21916.91672592424,512,23.360950192158423,1026.641,47.751,49.56,2.005158203125,0.4987137665454623,36.373,0.473,10.905,72.1,43,Meta-Llama-3.1-8B-Instruct-Q4_K_M,llama.cpp,finegrained_gpu_emc
2026-06-03T11:20:21.495220,GPU1224_CPU1036,1224,1036,3199,1224,3199,p256_o256,256,256,decode,0,45.81610800232738,41.25541036072023,10566.910377005115,256,24.22657057422264,503.267,47.93,49.56,1.96588671875,0.5086763089970135,36.441,0.494,10.995,72.1,21,Meta-Llama-3.1-8B-Instruct-Q4_K_M,llama.cpp,finegrained_gpu_emc
2026-06-03T11:20:32.866706,GPU1224_CPU1036,1224,1036,3199,1224,3199,p256_o256,256,256,decode,1,45.288116903975606,41.225665627394385,10558.825414977036,256,24.24512101856329,503.704,47.972,49.56,1.96759375,0.5082349951558852,36.493,0.513,10.966,72.1,21,Meta-Llama-3.1-8B-Instruct-Q4_K_M,llama.cpp,finegrained_gpu_emc
2026-06-03T11:20:44.256793,GPU1224_CPU1036,1224,1036,3199,1224,3199,p256_o256,256,256,decode,2,45.255607925355434,41.29852356854826,10577.34710490331,256,24.20266608073463,505.408,48.134,50.045,1.97425,0.5065214638470305,36.507,0.608,11.019,72.2,21,Meta-Llama-3.1-8B-Instruct-Q4_K_M,llama.cpp,finegrained_gpu_emc
2026-06-03T11:20:50.310125,GPU1224_CPU1036,1224,1036,3199,1224,3199,p512_o128,512,128,decode,0,45.26930605061352,40.91766696811954,5242.3075650585815,128,24.41672839898886,252.706,45.947,49.56,1.974265625,0.5065174550663617,34.817,0.471,10.658,72.0,11,Meta-Llama-3.1-8B-Instruct-Q4_K_M,llama.cpp,finegrained_gpu_emc
2026-06-03T11:20:56.346981,GPU1224_CPU1036,1224,1036,3199,1224,3199,p512_o128,512,128,decode,1,41.99856496416032,40.81325000793651,5225.780989974737,128,24.493946502074667,253.202,46.037,49.56,1.978140625,0.5055252328180662,34.888,0.471,10.678,72.0,11,Meta-Llama-3.1-8B-Instruct-Q4_K_M,llama.cpp,finegrained_gpu_emc
2026-06-03T11:21:02.385174,GPU1224_CPU1036,1224,1036,3199,1224,3199,p512_o128,512,128,decode,2,41.859846911393106,40.824524654024174,5227.068519918248,128,24.48791316054949,253.088,46.016,49.545,1.97725,0.505752939688962,34.886,0.471,10.658,71.9,11,Meta-Llama-3.1-8B-Instruct-Q4_K_M,llama.cpp,finegrained_gpu_emc
2026-06-03T11:21:25.096742,GPU1224_CPU1036,1224,1036,3199,1224,3199,p512_o512,512,512,decode,0,42.193091940134764,42.7595892132382,21894.323603017256,512,23.385056751853313,1028.313,47.829,49.545,2.008423828125,0.49790287587534143,36.443,0.473,10.912,72.1,43,Meta-Llama-3.1-8B-Instruct-Q4_K_M,llama.cpp,finegrained_gpu_emc
2026-06-03T11:21:47.828233,GPU1224_CPU1036,1224,1036,3199,1224,3199,p512_o512,512,512,decode,1,46.203156001865864,42.79250145795046,21915.132847963832,512,23.36285175873669,1028.438,47.834,49.959,2.00866796875,0.4978423589949029,36.447,0.473,10.914,72.2,43,Meta-Llama-3.1-8B-Instruct-Q4_K_M,llama.cpp,finegrained_gpu_emc
2026-06-03T11:22:10.558943,GPU1224_CPU1036,1224,1036,3199,1224,3199,p512_o512,512,512,decode,2,46.61963495891541,42.79005931897195,21914.440015912987,512,23.363590382789408,1026.246,47.732,49.545,2.00438671875,0.4989057204607862,36.347,0.482,10.902,72.3,43,Meta-Llama-3.1-8B-Instruct-Q4_K_M,llama.cpp,finegrained_gpu_emc
2026-06-03T11:22:55.863751,GPU1224_CPU1036,1224,1036,3199,1224,3199,p512_o1024,512,1024,decode,0,46.06601397972554,43.43242252396669,44481.38873500284,1024,23.020863986519476,2070.528,47.598,49.944,2.022,0.4945598417408507,36.226,0.482,10.891,72.3,87,Meta-Llama-3.1-8B-Instruct-Q4_K_M,llama.cpp,finegrained_gpu_emc
2026-06-03T11:23:41.202722,GPU1224_CPU1036,1224,1036,3199,1224,3199,p512_o1024,512,1024,decode,1,46.45910405088216,43.465788378302854,44515.911094029434,1024,23.003011166884576,2069.94,47.585,49.944,2.02142578125,0.4947003294781491,36.193,0.5,10.892,72.5,87,Meta-Llama-3.1-8B-Instruct-Q4_K_M,llama.cpp,finegrained_gpu_emc
2026-06-03T11:24:26.560240,GPU1224_CPU1036,1224,1036,3199,1224,3199,p512_o1024,512,1024,decode,2,46.10212298575789,43.48415169884922,44534.394861897454,1024,22.99346388730454,2069.705,47.579,49.646,2.0211962890625,0.4947564991146081,36.196,0.468,10.916,72.5,87,Meta-Llama-3.1-8B-Instruct-Q4_K_M,llama.cpp,finegrained_gpu_emc
2026-06-03T11:24:32.620390,GPU1224_CPU1036,1224,1036,3199,1224,3199,p1024_o128,1024,128,decode,0,46.214703004807234,40.96015864583539,5248.676315997727,128,24.387101107732974,252.308,45.874,49.56,1.97115625,0.5073164544921287,34.789,0.435,10.65,72.3,11,Meta-Llama-3.1-8B-Instruct-Q4_K_M,llama.cpp,finegrained_gpu_emc
2026-06-03T11:24:38.665145,GPU1224_CPU1036,1224,1036,3199,1224,3199,p1024_o128,1024,128,decode,1,42.13788907509297,40.87333702280619,5233.542244997807,128,24.45762239185931,252.242,45.862,49.56,1.970640625,0.507449195613736,34.822,0.435,10.605,72.3,11,Meta-Llama-3.1-8B-Instruct-Q4_K_M,llama.cpp,finegrained_gpu_emc
2026-06-03T11:24:44.711540,GPU1224_CPU1036,1224,1036,3199,1224,3199,p1024_o128,1024,128,decode,2,42.27987106423825,40.882886385574466,5234.890052000992,128,24.451325381909996,252.976,45.996,49.56,1.976375,0.5059768515590412,34.892,0.435,10.669,72.2,11,Meta-Llama-3.1-8B-Instruct-Q4_K_M,llama.cpp,finegrained_gpu_emc
2026-06-03T11:25:07.423493,GPU1224_CPU1036,1224,1036,3199,1224,3199,p1024_o512,1024,512,decode,0,42.27964801248163,42.76222606265185,21895.710806013085,512,23.383575191328916,1028.849,47.853,49.56,2.009470703125,0.49764348315447654,36.454,0.464,10.935,72.4,43,Meta-Llama-3.1-8B-Instruct-Q4_K_M,llama.cpp,finegrained_gpu_emc
2026-06-03T11:25:30.137703,GPU1224_CPU1036,1224,1036,3199,1224,3199,p1024_o512,1024,512,decode,1,45.81186396535486,42.75969414285579,21897.996026906185,512,23.38113493905574,1029.514,47.884,49.944,2.01076953125,0.4973220373885154,36.476,0.492,10.916,72.4,43,Meta-Llama-3.1-8B-Instruct-Q4_K_M,llama.cpp,finegrained_gpu_emc
2026-06-03T11:25:52.864281,GPU1224_CPU1036,1224,1036,3199,1224,3199,p1024_o512,1024,512,decode,2,45.66105199046433,42.78413397843226,21910.296179936267,512,23.368009076429075,1028.522,47.838,49.56,2.00883203125,0.4978016999150237,36.446,0.464,10.928,72.5,43,Meta-Llama-3.1-8B-Instruct-Q4_K_M,llama.cpp,finegrained_gpu_emc
2026-06-03T11:26:38.213159,GPU1224_CPU1036,1224,1036,3199,1224,3199,p1024_o1024,1024,1024,decode,0,46.10082507133484,43.475755095825086,44525.82313702442,1024,22.997890389330422,2071.403,47.618,49.56,2.0228544921875,0.49435093026320814,36.218,0.486,10.915,72.5,87,Meta-Llama-3.1-8B-Instruct-Q4_K_M,llama.cpp,finegrained_gpu_emc
2026-06-03T11:27:23.554363,GPU1224_CPU1036,1224,1036,3199,1224,3199,p1024_o1024,1024,1024,decode,1,46.370169962756336,43.46808678113682,44518.13691703137,1024,23.001861059649304,2069.263,47.569,49.56,2.0207646484375,0.4948621803994949,36.187,0.486,10.896,72.3,87,Meta-Llama-3.1-8B-Instruct-Q4_K_M,llama.cpp,finegrained_gpu_emc
2026-06-03T11:28:08.917568,GPU1224_CPU1036,1224,1036,3199,1224,3199,p1024_o1024,1024,1024,decode,2,46.176449046470225,43.48971655720686,44540.17288808245,1024,22.990481033224505,2069.718,47.58,49.56,2.021208984375,0.4947533915248358,36.192,0.477,10.911,72.3,87,Meta-Llama-3.1-8B-Instruct-Q4_K_M,llama.cpp,finegrained_gpu_emc
2026-06-03T11:28:14.985052,GPU1224_CPU1036,1224,1036,3199,1224,3199,p2048_o128,2048,128,decode,0,46.20963602792472,41.019088881068285,5256.124318926595,128,24.35254423855411,251.859,45.793,49.56,1.9676484375,0.5082208696135536,34.68,0.471,10.641,72.1,11,Meta-Llama-3.1-8B-Instruct-Q4_K_M,llama.cpp,finegrained_gpu_emc
2026-06-03T11:28:21.038220,GPU1224_CPU1036,1224,1036,3199,1224,3199,p2048_o128,2048,128,decode,1,42.06162097398192,40.94211834732179,5242.19781300053,128,24.417239594157042,252.044,45.826,49.56,1.96909375,0.5078478360921109,34.641,0.508,10.678,72.0,11,Meta-Llama-3.1-8B-Instruct-Q4_K_M,llama.cpp,finegrained_gpu_emc
2026-06-03T11:28:27.086328,GPU1224_CPU1036,1224,1036,3199,1224,3199,p2048_o128,2048,128,decode,2,41.855192044749856,40.90178334594184,5236.869927030057,128,24.442081201850968,252.336,45.879,49.56,1.971375,0.5072601610551011,34.748,0.471,10.659,72.0,11,Meta-Llama-3.1-8B-Instruct-Q4_K_M,llama.cpp,finegrained_gpu_emc
2026-06-03T11:28:49.825942,GPU1224_CPU1036,1224,1036,3199,1224,3199,p2048_o512,2048,512,decode,0,41.86946398112923,42.817401287825724,21923.511740053073,512,23.353922768887596,1028.14,47.82,49.56,2.0080859375,0.49798665551384047,36.466,0.473,10.882,72.1,43,Meta-Llama-3.1-8B-Instruct-Q4_K_M,llama.cpp,finegrained_gpu_emc
2026-06-03T11:29:12.565040,GPU1224_CPU1036,1224,1036,3199,1224,3199,p2048_o512,2048,512,decode,1,46.110983937978745,42.807677720168535,21922.786531969905,512,23.354695319107933,1027.456,47.789,49.661,2.00675,0.4983181761554753,36.403,0.482,10.903,72.1,43,Meta-Llama-3.1-8B-Instruct-Q4_K_M,llama.cpp,finegrained_gpu_emc
2026-06-03T11:29:35.293246,GPU1224_CPU1036,1224,1036,3199,1224,3199,p2048_o512,2048,512,decode,2,45.93002796173096,42.786078276058,21911.52173303999,512,23.366702059216838,1027.556,47.793,49.56,2.0069453125,0.49826968067920385,36.385,0.501,10.907,72.1,43,Meta-Llama-3.1-8B-Instruct-Q4_K_M,llama.cpp,finegrained_gpu_emc
2026-06-03T11:29:38.752998,GPU1224_CPU1036,1224,1036,3199,1224,3199,p64_o64,64,64,mixed,0,72.84670998342335,40.89274609439252,2649.351279018447,64,24.156857003768575,127.358,42.452,49.061,1.98996875,0.5025204541528604,31.992,0.399,10.062,71.8,6,Meta-Llama-3.1-8B-Instruct-Q4_K_M,llama.cpp,finegrained_gpu_emc
2026-06-03T11:29:42.173037,GPU1224_CPU1036,1224,1036,3199,1224,3199,p64_o64,64,64,mixed,1,42.128633009269834,40.75084520607359,2609.6889979671687,64,24.523995023871866,127.812,42.604,49.46,1.9970625,0.5007354551998248,32.057,0.465,10.081,71.6,6,Meta-Llama-3.1-8B-Instruct-Q4_K_M,llama.cpp,finegrained_gpu_emc
2026-06-03T11:29:45.599761,GPU1224_CPU1036,1224,1036,3199,1224,3199,p64_o64,64,64,mixed,2,42.67137998249382,40.83885706310708,2615.8026359044015,64,24.466677692551638,127.012,42.338,49.161,1.9845625,0.503889396277517,31.858,0.399,10.081,71.6,6,Meta-Llama-3.1-8B-Instruct-Q4_K_M,llama.cpp,finegrained_gpu_emc
2026-06-03T11:29:51.698250,GPU1224_CPU1036,1224,1036,3199,1224,3199,p128_o128,128,128,mixed,0,84.70932603813708,40.96254599225656,5287.445685011335,128,24.20828650076726,253.209,46.038,49.56,1.9781953125,0.505511257498746,34.899,0.435,10.704,71.7,11,Meta-Llama-3.1-8B-Instruct-Q4_K_M,llama.cpp,finegrained_gpu_emc
2026-06-03T11:29:57.743246,GPU1224_CPU1036,1224,1036,3199,1224,3199,p128_o128,128,128,mixed,1,42.11388202384114,40.87827592908486,5234.150887001306,128,24.4547783897251,252.762,45.957,49.56,1.974703125,0.5064052349641165,34.862,0.435,10.659,71.7,11,Meta-Llama-3.1-8B-Instruct-Q4_K_M,llama.cpp,finegrained_gpu_emc
2026-06-03T11:30:03.792634,GPU1224_CPU1036,1224,1036,3199,1224,3199,p128_o128,128,128,mixed,2,42.34171996358782,40.909527802810544,5238.351042033173,128,24.43517033755704,252.812,45.966,49.56,1.97509375,0.5063050804550416,34.862,0.435,10.669,71.7,11,Meta-Llama-3.1-8B-Instruct-Q4_K_M,llama.cpp,finegrained_gpu_emc
2026-06-03T11:30:26.483184,GPU1224_CPU1036,1224,1036,3199,1224,3199,p128_o512,128,512,mixed,0,42.1168910106644,42.72101732670765,21874.512978014536,512,23.406235398913655,1029.12,47.866,49.56,2.01,0.49751243781094534,36.469,0.473,10.924,71.9,43,Meta-Llama-3.1-8B-Instruct-Q4_K_M,llama.cpp,finegrained_gpu_emc
2026-06-03T11:30:49.191627,GPU1224_CPU1036,1224,1036,3199,1224,3199,p128_o512,128,512,mixed,1,45.797329978086054,42.74840968494247,21892.184032010846,512,23.38734222457437,1028.611,47.842,49.56,2.009005859375,0.49775862789723224,36.441,0.482,10.919,72.0,43,Meta-Llama-3.1-8B-Instruct-Q4_K_M,llama.cpp,finegrained_gpu_emc
2026-06-03T11:31:11.913886,GPU1224_CPU1036,1224,1036,3199,1224,3199,p128_o512,128,512,mixed,2,46.08884803019464,42.77508052835084,21906.145183951594,512,23.372437081038356,1027.723,47.801,49.661,2.007271484375,0.498188714274177,36.39,0.473,10.937,72.1,43,Meta-Llama-3.1-8B-Instruct-Q4_K_M,llama.cpp,finegrained_gpu_emc
2026-06-03T11:31:23.728226,GPU1224_CPU1036,1224,1036,3199,1224,3199,p256_o256,256,256,mixed,0,124.56071993801743,42.65025895700662,11001.346727018245,256,23.269878347828882,520.37,47.306,49.56,2.0326953125,0.4919576455214559,36.089,0.435,10.782,72.1,22,Meta-Llama-3.1-8B-Instruct-Q4_K_M,llama.cpp,finegrained_gpu_emc
2026-06-03T11:31:35.455138,GPU1224_CPU1036,1224,1036,3199,1224,3199,p256_o256,256,256,mixed,1,45.94974697101861,42.61550566263716,10913.889151997864,256,23.45634965086093,517.209,47.019,49.56,2.02034765625,0.4949643180996464,35.783,0.453,10.782,72.1,22,Meta-Llama-3.1-8B-Instruct-Q4_K_M,llama.cpp,finegrained_gpu_emc
2026-06-03T11:31:47.183509,GPU1224_CPU1036,1224,1036,3199,1224,3199,p256_o256,256,256,mixed,2,45.582327991724014,42.62217908604618,10915.219743968919,256,23.453490264495123,517.551,47.05,49.56,2.02168359375,0.49463724347938653,35.805,0.453,10.792,72.1,22,Meta-Llama-3.1-8B-Instruct-Q4_K_M,llama.cpp,finegrained_gpu_emc
2026-06-03T11:31:53.712548,GPU1224_CPU1036,1224,1036,3199,1224,3199,p512_o128,512,128,mixed,0,238.7656319187954,43.13641129974569,5717.626628931612,128,22.386911267047516,270.605,45.101,48.86,2.1141015625,0.4730141719480423,34.253,0.499,10.349,72.0,12,Meta-Llama-3.1-8B-Instruct-Q4_K_M,llama.cpp,finegrained_gpu_emc
2026-06-03T11:32:00.043746,GPU1224_CPU1036,1224,1036,3199,1224,3199,p512_o128,512,128,mixed,1,44.743778998963535,43.109816370722584,5520.2027399791405,128,23.187554158651007,254.29,46.235,48.96,1.986640625,0.5033623028825357,35.222,0.435,10.577,71.9,11,Meta-Llama-3.1-8B-Instruct-Q4_K_M,llama.cpp,finegrained_gpu_emc
2026-06-03T11:32:06.374982,GPU1224_CPU1036,1224,1036,3199,1224,3199,p512_o128,512,128,mixed,2,44.75334705784917,43.10836357442207,5520.021946984343,128,23.18831360261674,254.235,46.225,48.96,1.9862109375,0.5034711979074478,35.148,0.471,10.605,71.9,11,Meta-Llama-3.1-8B-Instruct-Q4_K_M,llama.cpp,finegrained_gpu_emc
2026-06-03T11:32:28.905835,GPU1224_CPU1036,1224,1036,3199,1224,3199,p512_o512,512,512,mixed,0,44.64966803789139,42.40101225033526,21713.62469694577,512,23.57966517087392,1031.936,47.997,49.56,2.0155,0.49615480029769293,36.563,0.473,10.961,72.1,43,Meta-Llama-3.1-8B-Instruct-Q4_K_M,llama.cpp,finegrained_gpu_emc
2026-06-03T11:32:51.441742,GPU1224_CPU1036,1224,1036,3199,1224,3199,p512_o512,512,512,mixed,1,48.952053068205714,42.404138716165555,21719.47136207018,512,23.573317760124294,1034.268,48.105,49.661,2.0200546875,0.4950361028282805,36.636,0.492,10.978,72.2,43,Meta-Llama-3.1-8B-Instruct-Q4_K_M,llama.cpp,finegrained_gpu_emc
2026-06-03T11:33:13.981830,GPU1224_CPU1036,1224,1036,3199,1224,3199,p512_o512,512,512,mixed,2,48.532987013459206,42.41357090606841,21723.868398112245,512,23.56854638488289,1033.787,48.083,50.045,2.019115234375,0.4952664330273064,36.598,0.51,10.975,72.3,43,Meta-Llama-3.1-8B-Instruct-Q4_K_M,llama.cpp,finegrained_gpu_emc
2026-06-03T11:33:59.511030,GPU1224_CPU1036,1224,1036,3199,1224,3199,p512_o1024,512,1024,mixed,0,48.62474196124822,43.64939812420142,44706.028649932705,1024,22.905188202207743,2076.764,47.742,50.06,2.02808984375,0.4930748029145343,36.325,0.482,10.935,72.4,87,Meta-Llama-3.1-8B-Instruct-Q4_K_M,llama.cpp,finegrained_gpu_emc
2026-06-03T11:34:45.005529,GPU1224_CPU1036,1224,1036,3199,1224,3199,p512_o1024,512,1024,mixed,1,49.04784495010972,43.61540608413932,44671.62430204917,1024,22.9228288874427,2077.45,47.757,49.661,2.028759765625,0.4929119834412381,36.353,0.468,10.937,72.5,87,Meta-Llama-3.1-8B-Instruct-Q4_K_M,llama.cpp,finegrained_gpu_emc
2026-06-03T11:35:30.557441,GPU1224_CPU1036,1224,1036,3199,1224,3199,p512_o1024,512,1024,mixed,2,48.91038592904806,43.67147251906261,44728.95191190764,1024,22.893449460133514,2076.76,47.742,49.959,2.0280859375,0.4930757526146497,36.33,0.491,10.921,72.4,87,Meta-Llama-3.1-8B-Instruct-Q4_K_M,llama.cpp,finegrained_gpu_emc
2026-06-03T11:35:37.085580,GPU1224_CPU1036,1224,1036,3199,1224,3199,p1024_o128,1024,128,mixed,0,487.37924196757376,41.17131434696338,5716.644893982448,128,22.390755832103117,274.39,45.732,50.459,2.143671875,0.4664893035460476,34.784,0.465,10.482,72.2,12,Meta-Llama-3.1-8B-Instruct-Q4_K_M,llama.cpp,finegrained_gpu_emc
2026-06-03T11:35:43.159431,GPU1224_CPU1036,1224,1036,3199,1224,3199,p1024_o128,1024,128,mixed,1,46.37184098828584,41.068320952751854,5262.558355927467,128,24.322770664543334,256.152,46.573,50.06,2.0011875,0.49970330116493333,35.333,0.471,10.769,72.1,11,Meta-Llama-3.1-8B-Instruct-Q4_K_M,llama.cpp,finegrained_gpu_emc
2026-06-03T11:35:49.237171,GPU1224_CPU1036,1224,1036,3199,1224,3199,p1024_o128,1024,128,mixed,2,47.028900939039886,41.09504328321988,5266.606014920399,128,24.30407735786073,256.266,46.594,50.06,2.002078125,0.49948100801510925,35.372,0.471,10.751,72.1,11,Meta-Llama-3.1-8B-Instruct-Q4_K_M,llama.cpp,finegrained_gpu_emc
2026-06-03T11:36:11.730076,GPU1224_CPU1036,1224,1036,3199,1224,3199,p1024_o512,1024,512,mixed,0,46.764572034589946,42.32430896870318,21676.468916004524,512,23.620083233296906,1036.382,48.204,50.06,2.02418359375,0.4940263339193463,36.702,0.492,11.01,72.2,43,Meta-Llama-3.1-8B-Instruct-Q4_K_M,llama.cpp,finegrained_gpu_emc
2026-06-03T11:36:34.218607,GPU1224_CPU1036,1224,1036,3199,1224,3199,p1024_o512,1024,512,mixed,1,47.071681008674204,42.315368896209925,21672.248093993403,512,23.62468340983527,1036.392,48.204,50.16,2.024203125,0.49402156712903994,36.702,0.473,11.029,72.3,43,Meta-Llama-3.1-8B-Instruct-Q4_K_M,llama.cpp,finegrained_gpu_emc
2026-06-03T11:36:56.662516,GPU1224_CPU1036,1224,1036,3199,1224,3199,p1024_o512,1024,512,mixed,2,46.91765701863915,42.22848775925082,21627.703372971155,512,23.67334113893309,1036.526,48.211,50.06,2.02446484375,0.4939577010128062,36.711,0.473,11.026,72.3,43,Meta-Llama-3.1-8B-Instruct-Q4_K_M,llama.cpp,finegrained_gpu_emc
2026-06-03T11:37:42.219898,GPU1224_CPU1036,1224,1036,3199,1224,3199,p1024_o1024,1024,1024,mixed,0,46.899195993319154,43.67886485535568,44734.43893401418,1024,22.890641402934722,2102.137,47.776,50.444,2.0528681640625,0.48712334162806703,36.342,0.494,10.939,72.3,88,Meta-Llama-3.1-8B-Instruct-Q4_K_M,llama.cpp,finegrained_gpu_emc
2026-06-03T11:38:27.763923,GPU1224_CPU1036,1224,1036,3199,1224,3199,p1024_o1024,1024,1024,mixed,1,48.09102998115122,43.664477398789295,44720.91542498674,1024,22.89756348386072,2089.231,48.028,50.06,2.0402646484375,0.4901324937261604,36.559,0.486,10.983,72.4,87,Meta-Llama-3.1-8B-Instruct-Q4_K_M,llama.cpp,finegrained_gpu_emc
2026-06-03T11:39:13.328703,GPU1224_CPU1036,1224,1036,3199,1224,3199,p1024_o1024,1024,1024,mixed,2,47.46293497737497,43.68517837632368,44741.490658023395,1024,22.88703359990462,2102.217,47.778,50.06,2.0529462890625,0.48710480411869944,36.335,0.499,10.944,72.4,88,Meta-Llama-3.1-8B-Instruct-Q4_K_M,llama.cpp,finegrained_gpu_emc
2026-06-03T11:39:20.525655,GPU1224_CPU1036,1224,1036,3199,1224,3199,p2048_o128,2048,128,mixed,0,1013.549457071349,42.295154204269444,6385.568714002147,128,20.04519968899938,299.77,46.118,50.459,2.341953125,0.4269940287553792,35.209,0.46,10.449,72.1,13,Meta-Llama-3.1-8B-Instruct-Q4_K_M,llama.cpp,finegrained_gpu_emc
2026-06-03T11:39:26.738809,GPU1224_CPU1036,1224,1036,3199,1224,3199,p2048_o128,2048,128,mixed,1,45.830903109163046,42.17323555068413,5402.362011023797,128,23.69334001290721,260.728,47.405,50.358,2.0369375,0.4909330796845755,36.055,0.471,10.878,72.2,11,Meta-Llama-3.1-8B-Instruct-Q4_K_M,llama.cpp,finegrained_gpu_emc
2026-06-03T11:39:32.955401,GPU1224_CPU1036,1224,1036,3199,1224,3199,p2048_o128,2048,128,mixed,2,45.65647605340928,42.19908783428635,5405.472103971988,128,23.67970781052491,260.639,47.389,50.358,2.0362421875,0.4911007178511274,36.021,0.508,10.86,72.1,11,Meta-Llama-3.1-8B-Instruct-Q4_K_M,llama.cpp,finegrained_gpu_emc
2026-06-03T11:39:55.647721,GPU1224_CPU1036,1224,1036,3199,1224,3199,p2048_o512,2048,512,mixed,0,46.03701503947377,42.716044622314854,21875.9424360469,512,23.404705945666276,1051.362,48.901,50.06,2.05344140625,0.48698735544940747,37.296,0.473,11.132,72.3,43,Meta-Llama-3.1-8B-Instruct-Q4_K_M,llama.cpp,finegrained_gpu_emc
2026-06-03T11:40:18.344282,GPU1224_CPU1036,1224,1036,3199,1224,3199,p2048_o512,2048,512,mixed,1,49.576800083741546,42.71756585504233,21880.25121705141,512,23.40009696054108,1050.767,48.873,50.358,2.052279296875,0.4872631135161268,37.287,0.482,11.104,72.5,43,Meta-Llama-3.1-8B-Instruct-Q4_K_M,llama.cpp,finegrained_gpu_emc
2026-06-03T11:40:41.036585,GPU1224_CPU1036,1224,1036,3199,1224,3199,p2048_o512,2048,512,mixed,2,49.29720296058804,42.70967331313056,21875.92134391889,512,23.404728511803995,1051.194,48.893,49.959,2.05311328125,0.48706518492304945,37.304,0.473,11.115,72.6,43,Meta-Llama-3.1-8B-Instruct-Q4_K_M,llama.cpp,finegrained_gpu_emc
2026-06-03T11:40:51.549895,GPU1300_CPU1036,1300,1036,3199,1300,3199,p64_o64,64,64,decode,0,42.412840062752366,40.731888903777985,2608.8331129867584,64,24.53204065887094,133.064,44.355,49.46,2.079125,0.48097156255636386,33.524,0.466,10.366,71.5,6,Meta-Llama-3.1-8B-Instruct-Q4_K_M,llama.cpp,finegrained_gpu_emc
2026-06-03T11:40:54.972114,GPU1300_CPU1036,1300,1036,3199,1300,3199,p64_o64,64,64,decode,1,41.85508901719004,40.789921952795886,2611.882866011001,64,24.503395934345257,127.599,42.533,49.46,1.993734375,0.5015713289289101,31.989,0.465,10.079,71.5,6,Meta-Llama-3.1-8B-Instruct-Q4_K_M,llama.cpp,finegrained_gpu_emc
2026-06-03T11:40:58.390597,GPU1300_CPU1036,1300,1036,3199,1300,3199,p64_o64,64,64,decode,2,42.245585937052965,40.729350524969284,2608.4539720322937,64,24.535606411385686,127.849,42.616,49.56,1.997640625,0.5005905404031318,32.056,0.465,10.096,71.4,6,Meta-Llama-3.1-8B-Instruct-Q4_K_M,llama.cpp,finegrained_gpu_emc
2026-06-03T11:41:04.440533,GPU1300_CPU1036,1300,1036,3199,1300,3199,p128_o128,128,128,decode,0,42.05994203221053,40.91523837034158,5238.842589082196,128,24.43287764872977,251.863,45.793,49.56,1.9676796875,0.5082127982276079,34.718,0.471,10.604,71.6,11,Meta-Llama-3.1-8B-Instruct-Q4_K_M,llama.cpp,finegrained_gpu_emc
2026-06-03T11:41:10.486256,GPU1300_CPU1036,1300,1036,3199,1300,3199,p128_o128,128,128,decode,1,42.05093707423657,40.88178720402231,5234.52435596846,128,24.453033608307322,252.813,45.966,49.56,1.9751015625,0.5063030777689439,34.827,0.471,10.667,71.6,11,Meta-Llama-3.1-8B-Instruct-Q4_K_M,llama.cpp,finegrained_gpu_emc
2026-06-03T11:41:16.527485,GPU1300_CPU1036,1300,1036,3199,1300,3199,p128_o128,128,128,decode,2,42.22619195934385,40.84329041707381,5229.818166932091,128,24.475038311912705,252.456,45.901,49.56,1.9723125,0.5070190449028742,34.79,0.471,10.64,71.7,11,Meta-Llama-3.1-8B-Instruct-Q4_K_M,llama.cpp,finegrained_gpu_emc
2026-06-03T11:41:39.246354,GPU1300_CPU1036,1300,1036,3199,1300,3199,p128_o512,128,512,decode,0,42.32301306910813,42.7756341720554,21902.618938009255,512,23.376199962621275,1027.978,47.813,49.56,2.00776953125,0.49806513368963146,36.432,0.482,10.898,71.9,43,Meta-Llama-3.1-8B-Instruct-Q4_K_M,llama.cpp,finegrained_gpu_emc
2026-06-03T11:42:01.979039,GPU1300_CPU1036,1300,1036,3199,1300,3199,p128_o512,128,512,decode,1,46.022666967473924,42.795259454023316,21916.38832492754,512,23.36151342133571,1027.093,47.772,49.56,2.006041015625,0.4984942940902138,36.375,0.482,10.914,72.1,43,Meta-Llama-3.1-8B-Instruct-Q4_K_M,llama.cpp,finegrained_gpu_emc
2026-06-03T11:42:24.729209,GPU1300_CPU1036,1300,1036,3199,1300,3199,p128_o512,128,512,decode,2,45.878994977101684,42.83006640502895,21934.01983496733,512,23.34273443045615,1026.264,47.733,49.959,2.004421875,0.4988969699804339,36.367,0.473,10.893,72.1,43,Meta-Llama-3.1-8B-Instruct-Q4_K_M,llama.cpp,finegrained_gpu_emc
2026-06-03T11:42:36.111086,GPU1300_CPU1036,1300,1036,3199,1300,3199,p256_o256,256,256,decode,0,45.93488294631243,41.264239721474986,10569.282784941606,256,24.221132616938906,503.681,47.97,49.959,1.96750390625,0.5082582031087136,36.481,0.494,10.994,72.2,21,Meta-Llama-3.1-8B-Instruct-Q4_K_M,llama.cpp,finegrained_gpu_emc
2026-06-03T11:42:47.480573,GPU1300_CPU1036,1300,1036,3199,1300,3199,p256_o256,256,256,decode,1,45.34527997020632,41.21710946692117,10556.662390008569,256,24.25008876312016,504.222,48.021,49.959,1.9696171875,0.5077128725045714,36.557,0.475,10.989,72.1,21,Meta-Llama-3.1-8B-Instruct-Q4_K_M,llama.cpp,finegrained_gpu_emc
2026-06-03T11:42:58.864374,GPU1300_CPU1036,1300,1036,3199,1300,3199,p256_o256,256,256,decode,2,45.5982870189473,41.2730543960945,10571.185032953508,256,24.216774108292714,503.622,47.964,49.959,1.9672734375,0.5083177462461925,36.518,0.475,10.971,72.2,21,Meta-Llama-3.1-8B-Instruct-Q4_K_M,llama.cpp,finegrained_gpu_emc
2026-06-03T11:43:04.912827,GPU1300_CPU1036,1300,1036,3199,1300,3199,p512_o128,512,128,decode,0,45.76437803916633,40.87358219622392,5237.203630967997,128,24.440523802268434,253.122,46.022,49.56,1.977515625,0.5056850056494496,34.856,0.471,10.695,72.1,11,Meta-Llama-3.1-8B-Instruct-Q4_K_M,llama.cpp,finegrained_gpu_emc
2026-06-03T11:43:10.953569,GPU1300_CPU1036,1300,1036,3199,1300,3199,p512_o128,512,128,decode,1,42.01261198613793,40.842928425005574,5229.560595005751,128,24.47624378274543,253.846,46.154,49.959,1.983171875,0.5042427298440787,34.932,0.508,10.714,72.0,11,Meta-Llama-3.1-8B-Instruct-Q4_K_M,llama.cpp,finegrained_gpu_emc
2026-06-03T11:43:16.995580,GPU1300_CPU1036,1300,1036,3199,1300,3199,p512_o128,512,128,decode,2,42.07522701472044,40.852779511538316,5230.876378947869,128,24.47008698487838,249.848,45.427,49.944,1.9519375,0.5123114853831129,34.388,0.508,10.532,72.0,11,Meta-Llama-3.1-8B-Instruct-Q4_K_M,llama.cpp,finegrained_gpu_emc
2026-06-03T11:43:39.702949,GPU1300_CPU1036,1300,1036,3199,1300,3199,p512_o512,512,512,decode,0,42.492088046856225,42.7509783990426,21890.249063028023,512,23.3894095277679,1028.611,47.842,49.56,2.009005859375,0.49775862789723224,36.45,0.482,10.91,72.2,43,Meta-Llama-3.1-8B-Instruct-Q4_K_M,llama.cpp,finegrained_gpu_emc
2026-06-03T11:44:02.446151,GPU1300_CPU1036,1300,1036,3199,1300,3199,p512_o512,512,512,decode,1,46.1236669216305,42.81539570060859,21926.788185024634,512,23.350433072075795,1028.667,47.845,49.56,2.009115234375,0.4977315302230946,36.432,0.492,10.921,72.3,43,Meta-Llama-3.1-8B-Instruct-Q4_K_M,llama.cpp,finegrained_gpu_emc
2026-06-03T11:44:25.161832,GPU1300_CPU1036,1300,1036,3199,1300,3199,p512_o512,512,512,decode,2,46.68174998369068,42.76048846578375,21899.26498895511,512,23.379780109434133,1024.938,47.672,49.959,2.00183203125,0.499542411345857,36.303,0.473,10.895,72.3,43,Meta-Llama-3.1-8B-Instruct-Q4_K_M,llama.cpp,finegrained_gpu_emc
2026-06-03T11:45:10.550535,GPU1300_CPU1036,1300,1036,3199,1300,3199,p512_o1024,512,1024,decode,0,45.66373990382999,43.51520517698506,44565.72500092443,1024,22.977299258090362,2067.704,47.533,49.959,2.0192421875,0.4952352948004163,36.174,0.463,10.896,72.4,87,Meta-Llama-3.1-8B-Instruct-Q4_K_M,llama.cpp,finegrained_gpu_emc
2026-06-03T11:45:55.964201,GPU1300_CPU1036,1300,1036,3199,1300,3199,p512_o1024,512,1024,decode,1,47.25806100759655,43.53778384751545,44590.44017700944,1024,22.964563613524682,2068.835,47.559,49.56,2.0203466796875,0.4949645573474927,36.14,0.504,10.915,72.5,87,Meta-Llama-3.1-8B-Instruct-Q4_K_M,llama.cpp,finegrained_gpu_emc
2026-06-03T11:46:41.335025,GPU1300_CPU1036,1300,1036,3199,1300,3199,p512_o1024,512,1024,decode,2,46.875106054358184,43.4963518777773,44547.645623097196,1024,22.986624448432657,2069.114,47.566,49.56,2.020619140625,0.4948978161667264,36.188,0.472,10.905,72.5,87,Meta-Llama-3.1-8B-Instruct-Q4_K_M,llama.cpp,finegrained_gpu_emc
2026-06-03T11:46:47.405772,GPU1300_CPU1036,1300,1036,3199,1300,3199,p1024_o128,1024,128,decode,0,46.1244439939037,41.044999921408404,5259.332208079286,128,24.337690591852866,251.365,45.703,49.46,1.9637890625,0.5092196606528355,34.646,0.471,10.585,72.2,11,Meta-Llama-3.1-8B-Instruct-Q4_K_M,llama.cpp,finegrained_gpu_emc
2026-06-03T11:46:53.447787,GPU1300_CPU1036,1300,1036,3199,1300,3199,p1024_o128,1024,128,decode,1,42.648777016438544,40.848514715972264,5230.911207967438,128,24.469924055494843,253.316,46.058,49.56,1.97903125,0.5052977308973772,34.936,0.471,10.65,72.1,11,Meta-Llama-3.1-8B-Instruct-Q4_K_M,llama.cpp,finegrained_gpu_emc
2026-06-03T11:46:59.496317,GPU1300_CPU1036,1300,1036,3199,1300,3199,p1024_o128,1024,128,decode,2,42.106011998839676,40.90526961358484,5237.587002920918,128,24.43873484652693,252.622,45.931,49.46,1.973609375,0.5066858785062267,34.864,0.471,10.596,72.1,11,Meta-Llama-3.1-8B-Instruct-Q4_K_M,llama.cpp,finegrained_gpu_emc
2026-06-03T11:47:22.220919,GPU1300_CPU1036,1300,1036,3199,1300,3199,p1024_o512,1024,512,decode,0,42.30898409150541,42.78728574557219,21908.581334049813,512,23.369838155803425,951.96,47.598,49.56,1.859296875,0.5378377242741291,36.243,0.479,10.876,72.2,40,Meta-Llama-3.1-8B-Instruct-Q4_K_M,llama.cpp,finegrained_gpu_emc
2026-06-03T11:47:44.998508,GPU1300_CPU1036,1300,1036,3199,1300,3199,p1024_o512,1024,512,decode,1,45.876262011006474,42.88330568099092,21961.21342200786,512,23.31383016782272,1026.989,47.767,49.661,2.005837890625,0.49854477506575046,36.377,0.482,10.907,72.2,43,Meta-Llama-3.1-8B-Instruct-Q4_K_M,llama.cpp,finegrained_gpu_emc
2026-06-03T11:48:07.727324,GPU1300_CPU1036,1300,1036,3199,1300,3199,p1024_o512,1024,512,decode,2,46.77573393564671,42.78628366731414,21912.501427927054,512,23.365657347885715,1027.768,47.803,49.56,2.007359375,0.4981669014797114,36.432,0.473,10.898,72.2,43,Meta-Llama-3.1-8B-Instruct-Q4_K_M,llama.cpp,finegrained_gpu_emc
2026-06-03T11:48:53.107455,GPU1300_CPU1036,1300,1036,3199,1300,3199,p1024_o1024,1024,1024,decode,0,45.796400983817875,43.5065568084733,44556.996756000444,1024,22.981800268262,2069.548,47.576,49.56,2.02104296875,0.4947940323201009,36.202,0.5,10.874,72.2,87,Meta-Llama-3.1-8B-Instruct-Q4_K_M,llama.cpp,finegrained_gpu_emc
2026-06-03T11:49:38.464245,GPU1300_CPU1036,1300,1036,3199,1300,3199,p1024_o1024,1024,1024,decode,1,46.24288703780621,43.483618460345255,44533.97890902124,1024,22.993678649103785,2068.445,47.55,49.56,2.0199658203125,0.4950578816453906,36.16,0.482,10.909,72.2,87,Meta-Llama-3.1-8B-Instruct-Q4_K_M,llama.cpp,finegrained_gpu_emc
2026-06-03T11:50:23.810721,GPU1300_CPU1036,1300,1036,3199,1300,3199,p1024_o1024,1024,1024,decode,2,46.06901889201254,43.473473053838866,44523.412526003085,1024,22.99913555372584,2067.366,47.526,49.56,2.018912109375,0.4953162623357451,36.133,0.491,10.902,72.2,87,Meta-Llama-3.1-8B-Instruct-Q4_K_M,llama.cpp,finegrained_gpu_emc
2026-06-03T11:50:29.872236,GPU1300_CPU1036,1300,1036,3199,1300,3199,p2048_o128,2048,128,decode,0,45.98549101501703,40.97494803090382,5250.323478947394,128,24.37945024020919,252.421,45.895,49.56,1.9720390625,0.5070893467659189,34.755,0.471,10.669,72.0,11,Meta-Llama-3.1-8B-Instruct-Q4_K_M,llama.cpp,finegrained_gpu_emc
2026-06-03T11:50:35.924328,GPU1300_CPU1036,1300,1036,3199,1300,3199,p2048_o128,2048,128,decode,1,42.036112979985774,40.92894641748505,5240.495480014943,128,24.425171338881686,252.862,45.975,49.56,1.975484375,0.506204965554334,34.826,0.471,10.678,72.0,11,Meta-Llama-3.1-8B-Instruct-Q4_K_M,llama.cpp,finegrained_gpu_emc
2026-06-03T11:50:41.980582,GPU1300_CPU1036,1300,1036,3199,1300,3199,p2048_o128,2048,128,decode,2,42.17588494066149,40.96122726057399,5244.77242201101,128,24.40525340295333,251.664,45.757,49.46,1.966125,0.5086146608175981,34.681,0.471,10.605,71.9,11,Meta-Llama-3.1-8B-Instruct-Q4_K_M,llama.cpp,finegrained_gpu_emc
2026-06-03T11:51:04.712967,GPU1300_CPU1036,1300,1036,3199,1300,3199,p2048_o512,2048,512,decode,0,41.92887095268816,42.80218227589667,21915.79657094553,512,23.362144211485095,1026.721,47.754,49.56,2.005314453125,0.4986749077889709,36.395,0.455,10.905,72.1,43,Meta-Llama-3.1-8B-Instruct-Q4_K_M,llama.cpp,finegrained_gpu_emc
2026-06-03T11:51:27.424069,GPU1300_CPU1036,1300,1036,3199,1300,3199,p2048_o512,2048,512,decode,1,46.163539052940905,42.75229977103909,21894.52751807403,512,23.38483895472701,1028.532,47.839,49.46,2.0088515625,0.49779685999074413,36.46,0.464,10.915,72.1,43,Meta-Llama-3.1-8B-Instruct-Q4_K_M,llama.cpp,finegrained_gpu_emc
2026-06-03T11:51:50.142182,GPU1300_CPU1036,1300,1036,3199,1300,3199,p2048_o512,2048,512,decode,2,45.86560092866421,42.76748029756635,21902.074828976765,512,23.376780693060937,1028.267,47.826,49.959,2.008333984375,0.49792514979086167,36.423,0.501,10.902,72.1,43,Meta-Llama-3.1-8B-Instruct-Q4_K_M,llama.cpp,finegrained_gpu_emc
2026-06-03T11:51:53.603202,GPU1300_CPU1036,1300,1036,3199,1300,3199,p64_o64,64,64,mixed,0,73.18901107646525,40.907640411104595,2650.628470000811,64,24.14521715296464,127.664,42.555,49.56,1.99475,0.5013159543802481,32.06,0.399,10.096,71.8,6,Meta-Llama-3.1-8B-Instruct-Q4_K_M,llama.cpp,finegrained_gpu_emc
2026-06-03T11:51:57.021338,GPU1300_CPU1036,1300,1036,3199,1300,3199,p64_o64,64,64,mixed,1,42.03899996355176,40.72287577825288,2607.839918928221,64,24.541383669862274,127.966,42.655,49.46,1.99946875,0.5001328477876936,32.126,0.465,10.064,71.8,6,Meta-Llama-3.1-8B-Instruct-Q4_K_M,llama.cpp,finegrained_gpu_emc
2026-06-03T11:52:00.439600,GPU1300_CPU1036,1300,1036,3199,1300,3199,p64_o64,64,64,mixed,2,42.02149307820946,40.726059508169925,2608.021804015152,64,24.53967213827334,127.862,42.62,49.56,1.99784375,0.5005396443040153,31.991,0.532,10.098,71.6,6,Meta-Llama-3.1-8B-Instruct-Q4_K_M,llama.cpp,finegrained_gpu_emc
2026-06-03T11:52:06.540041,GPU1300_CPU1036,1300,1036,3199,1300,3199,p128_o128,128,128,mixed,0,84.91514704655856,40.97608512535134,5289.37437699642,128,24.199459307829333,253.066,46.012,49.56,1.977078125,0.5057969067357923,34.864,0.472,10.677,71.7,11,Meta-Llama-3.1-8B-Instruct-Q4_K_M,llama.cpp,finegrained_gpu_emc
2026-06-03T11:52:12.584325,GPU1300_CPU1036,1300,1036,3199,1300,3199,p128_o128,128,128,mixed,1,42.39166609477252,40.86978063005661,5233.399314107373,128,24.458290361096232,252.774,45.959,49.56,1.974796875,0.5063811942683979,34.864,0.435,10.659,71.8,11,Meta-Llama-3.1-8B-Instruct-Q4_K_M,llama.cpp,finegrained_gpu_emc
2026-06-03T11:52:18.623750,GPU1300_CPU1036,1300,1036,3199,1300,3199,p128_o128,128,128,mixed,2,42.042859015055,40.83185883488242,5228.190149995498,128,24.48265964467842,253.11,46.02,49.56,1.977421875,0.5057089802852515,34.935,0.435,10.65,71.8,11,Meta-Llama-3.1-8B-Instruct-Q4_K_M,llama.cpp,finegrained_gpu_emc
2026-06-03T11:52:41.328154,GPU1300_CPU1036,1300,1036,3199,1300,3199,p128_o512,128,512,mixed,0,42.54689009394497,42.746804547751296,21888.133367989212,512,23.39167033534188,1028.774,47.85,49.56,2.00932421875,0.4976797625134384,36.479,0.445,10.926,72.0,43,Meta-Llama-3.1-8B-Instruct-Q4_K_M,llama.cpp,finegrained_gpu_emc
2026-06-03T11:53:04.034723,GPU1300_CPU1036,1300,1036,3199,1300,3199,p128_o512,128,512,mixed,1,46.340337023139,42.743822082206464,21890.45506203547,512,23.38918942292614,1029.862,47.901,49.56,2.01144921875,0.4971539876216425,36.497,0.464,10.94,72.1,43,Meta-Llama-3.1-8B-Instruct-Q4_K_M,llama.cpp,finegrained_gpu_emc
2026-06-03T11:53:26.734467,GPU1300_CPU1036,1300,1036,3199,1300,3199,p128_o512,128,512,mixed,2,45.756414998322725,42.73202657150998,21883.78350599669,512,23.396319921539142,1028.502,47.837,49.56,2.00879296875,0.4978113800459309,36.45,0.482,10.905,72.2,43,Meta-Llama-3.1-8B-Instruct-Q4_K_M,llama.cpp,finegrained_gpu_emc
2026-06-03T11:53:38.563496,GPU1300_CPU1036,1300,1036,3199,1300,3199,p256_o256,256,256,mixed,0,124.56249096430838,42.70821059232249,11016.134019941092,256,23.238642479893226,518.686,47.153,49.758,2.0261171875,0.4935548674920857,35.932,0.49,10.732,72.2,22,Meta-Llama-3.1-8B-Instruct-Q4_K_M,llama.cpp,finegrained_gpu_emc
2026-06-03T11:53:50.306969,GPU1300_CPU1036,1300,1036,3199,1300,3199,p256_o256,256,256,mixed,1,46.177965006791055,42.68077851738781,10930.758122936822,256,23.42015047088236,517.494,47.045,49.959,2.0214609375,0.49469172589440646,35.805,0.472,10.769,72.2,22,Meta-Llama-3.1-8B-Instruct-Q4_K_M,llama.cpp,finegrained_gpu_emc
2026-06-03T11:54:02.040989,GPU1300_CPU1036,1300,1036,3199,1300,3199,p256_o256,256,256,mixed,2,46.12320603337139,42.64286787468283,10921.037654043175,256,23.440996003271167,517.801,47.073,49.56,2.02266015625,0.49439842719500343,35.787,0.49,10.796,72.2,22,Meta-Llama-3.1-8B-Instruct-Q4_K_M,llama.cpp,finegrained_gpu_emc
2026-06-03T11:54:08.571787,GPU1300_CPU1036,1300,1036,3199,1300,3199,p512_o128,512,128,mixed,0,238.86960104573518,43.14979482680471,5719.3994980771095,128,22.379971890936144,270.392,45.065,48.96,2.1124375,0.4733867865913193,34.285,0.465,10.315,72.1,12,Meta-Llama-3.1-8B-Instruct-Q4_K_M,llama.cpp,finegrained_gpu_emc
2026-06-03T11:54:14.899855,GPU1300_CPU1036,1300,1036,3199,1300,3199,p512_o128,512,128,mixed,1,44.776598922908306,43.084267716612814,5516.980233020149,128,23.201098172129797,254.429,46.26,48.96,1.9877265625,0.5030873052993173,35.148,0.471,10.64,72.0,11,Meta-Llama-3.1-8B-Instruct-Q4_K_M,llama.cpp,finegrained_gpu_emc
2026-06-03T11:54:21.226377,GPU1300_CPU1036,1300,1036,3199,1300,3199,p512_o128,512,128,mixed,2,44.71733095124364,43.07407972505536,5515.62558603473,128,23.2067964011352,254.478,46.269,48.96,1.988109375,0.5029904353225033,35.185,0.471,10.613,72.0,11,Meta-Llama-3.1-8B-Instruct-Q4_K_M,llama.cpp,finegrained_gpu_emc
2026-06-03T11:54:43.781863,GPU1300_CPU1036,1300,1036,3199,1300,3199,p512_o512,512,512,mixed,0,44.98094506561756,42.44937587674313,21738.5739129968,512,23.552602946686008,1032.331,48.015,50.359,2.016271484375,0.49596495697600873,36.507,0.547,10.961,72.2,43,Meta-Llama-3.1-8B-Instruct-Q4_K_M,llama.cpp,finegrained_gpu_emc
2026-06-03T11:55:06.345239,GPU1300_CPU1036,1300,1036,3199,1300,3199,p512_o512,512,512,mixed,1,48.91899600625038,42.45765249307747,21746.739906957373,512,23.543758843420814,1030.393,47.925,49.959,2.012486328125,0.49689778560219255,36.489,0.492,10.944,72.3,43,Meta-Llama-3.1-8B-Instruct-Q4_K_M,llama.cpp,finegrained_gpu_emc
2026-06-03T11:55:28.901266,GPU1300_CPU1036,1300,1036,3199,1300,3199,p512_o512,512,512,mixed,2,48.82615199312568,42.44431840126455,21739.862749003805,512,23.551206643356643,1030.498,47.93,49.661,2.01269140625,0.49684715545299457,36.489,0.464,10.977,72.4,43,Meta-Llama-3.1-8B-Instruct-Q4_K_M,llama.cpp,finegrained_gpu_emc
2026-06-03T11:56:14.539177,GPU1300_CPU1036,1300,1036,3199,1300,3199,p512_o1024,512,1024,mixed,0,49.150461913086474,43.755024280544745,44814.616280957125,1024,22.849688003133114,2085.563,47.399,49.56,2.0366826171875,0.4909945180270267,36.049,0.467,10.883,72.5,88,Meta-Llama-3.1-8B-Instruct-Q4_K_M,llama.cpp,finegrained_gpu_emc
2026-06-03T11:57:00.053790,GPU1300_CPU1036,1300,1036,3199,1300,3199,p512_o1024,512,1024,mixed,1,48.66915906313807,43.63533444083564,44691.64702098351,1024,22.912559018449556,2079.936,47.815,50.959,2.0311875,0.4923228407027908,36.344,0.532,10.939,72.5,87,Meta-Llama-3.1-8B-Instruct-Q4_K_M,llama.cpp,finegrained_gpu_emc
2026-06-03T11:57:45.660844,GPU1300_CPU1036,1300,1036,3199,1300,3199,p512_o1024,512,1024,mixed,2,49.025749089196324,43.72514583186801,44783.93608704209,1024,22.865341670945423,2074.295,47.685,49.56,2.0256787109375,0.49366170192764286,36.28,0.486,10.919,72.5,87,Meta-Llama-3.1-8B-Instruct-Q4_K_M,llama.cpp,finegrained_gpu_emc
2026-06-03T11:57:52.174212,GPU1300_CPU1036,1300,1036,3199,1300,3199,p1024_o128,1024,128,mixed,0,487.02216800302267,41.059620299845875,5702.102939016186,128,22.44785851271996,274.99,45.832,50.16,2.148359375,0.4654714716898796,34.851,0.465,10.516,72.2,12,Meta-Llama-3.1-8B-Instruct-Q4_K_M,llama.cpp,finegrained_gpu_emc
2026-06-03T11:57:58.242706,GPU1300_CPU1036,1300,1036,3199,1300,3199,p1024_o128,1024,128,mixed,1,46.4963159756735,41.025210291103235,5257.201383938082,128,24.347555030147493,255.964,46.539,50.459,1.99971875,0.500070322389086,35.299,0.508,10.732,72.2,11,Meta-Llama-3.1-8B-Instruct-Q4_K_M,llama.cpp,finegrained_gpu_emc
2026-06-03T11:58:04.309114,GPU1300_CPU1036,1300,1036,3199,1300,3199,p1024_o128,1024,128,mixed,2,46.62940197158605,41.008510457271136,5255.219319020398,128,24.356737983650874,255.562,46.466,50.06,1.996578125,0.5008569349120761,35.261,0.435,10.769,72.1,11,Meta-Llama-3.1-8B-Instruct-Q4_K_M,llama.cpp,finegrained_gpu_emc
2026-06-03T11:58:26.773351,GPU1300_CPU1036,1300,1036,3199,1300,3199,p1024_o512,1024,512,mixed,0,46.24530300498009,42.269787638140166,21648.099845042452,512,23.651036518904966,1038.291,48.293,50.959,2.027912109375,0.49311801797376653,36.684,0.557,11.052,72.3,43,Meta-Llama-3.1-8B-Instruct-Q4_K_M,llama.cpp,finegrained_gpu_emc
2026-06-03T11:58:49.233935,GPU1300_CPU1036,1300,1036,3199,1300,3199,p1024_o512,1024,512,mixed,1,47.05912107601762,42.261500150528455,21644.69818107318,512,23.65475349745044,1034.633,48.122,50.459,2.020767578125,0.49486146295353034,36.609,0.483,11.031,72.3,43,Meta-Llama-3.1-8B-Instruct-Q4_K_M,llama.cpp,finegrained_gpu_emc
2026-06-03T11:59:11.690817,GPU1300_CPU1036,1300,1036,3199,1300,3199,p1024_o512,1024,512,mixed,2,46.83617001865059,42.2540480253212,21640.675737988204,512,23.65915030560859,1036.684,48.218,50.459,2.0247734375,0.4938824174000949,36.72,0.464,11.034,72.4,43,Meta-Llama-3.1-8B-Instruct-Q4_K_M,llama.cpp,finegrained_gpu_emc
2026-06-03T11:59:57.190261,GPU1300_CPU1036,1300,1036,3199,1300,3199,p1024_o1024,1024,1024,mixed,0,46.712193987332284,43.62225219063854,44676.327390014194,1024,22.920415795611678,2087.302,47.984,50.06,2.038380859375,0.49058545433291395,36.532,0.472,10.979,72.5,87,Meta-Llama-3.1-8B-Instruct-Q4_K_M,llama.cpp,finegrained_gpu_emc
2026-06-03T12:00:42.702117,GPU1300_CPU1036,1300,1036,3199,1300,3199,p1024_o1024,1024,1024,mixed,1,47.49247001018375,43.633616677456274,44688.734046998434,1024,22.914052542259878,2088.674,48.016,50.06,2.039720703125,0.49026320048030475,36.535,0.491,10.99,72.5,87,Meta-Llama-3.1-8B-Instruct-Q4_K_M,llama.cpp,finegrained_gpu_emc
2026-06-03T12:01:28.249551,GPU1300_CPU1036,1300,1036,3199,1300,3199,p1024_o1024,1024,1024,mixed,2,47.450858051888645,43.66838273704726,44724.2650880944,1024,22.895848550736474,2103.184,47.8,50.06,2.053890625,0.48688084352106137,36.366,0.494,10.939,72.5,88,Meta-Llama-3.1-8B-Instruct-Q4_K_M,llama.cpp,finegrained_gpu_emc
2026-06-03T12:01:35.445465,GPU1300_CPU1036,1300,1036,3199,1300,3199,p2048_o128,2048,128,mixed,0,1013.9817768940702,42.28347721307971,6384.515670943074,128,20.04850588472168,300.11,46.171,50.358,2.344609375,0.42651027956415977,35.238,0.491,10.442,72.2,13,Meta-Llama-3.1-8B-Instruct-Q4_K_M,llama.cpp,finegrained_gpu_emc
2026-06-03T12:01:41.654570,GPU1300_CPU1036,1300,1036,3199,1300,3199,p2048_o128,2048,128,mixed,1,45.602044090628624,42.14301248040696,5398.302229004912,128,23.71115854022769,261.084,47.47,50.358,2.03971875,0.4902636699299842,36.129,0.471,10.869,72.2,11,Meta-Llama-3.1-8B-Instruct-Q4_K_M,llama.cpp,finegrained_gpu_emc
2026-06-03T12:01:47.865922,GPU1300_CPU1036,1300,1036,3199,1300,3199,p2048_o128,2048,128,mixed,2,45.46610708348453,42.16020076359644,5400.344916037284,128,23.702189765672422,260.777,47.414,50.258,2.0373203125,0.4908408333557024,36.129,0.471,10.814,72.2,11,Meta-Llama-3.1-8B-Instruct-Q4_K_M,llama.cpp,finegrained_gpu_emc
2026-06-03T12:02:10.579656,GPU1300_CPU1036,1300,1036,3199,1300,3199,p2048_o512,2048,512,mixed,0,45.5685060005635,42.75855052247534,21897.320208023302,512,23.38185655304069,1049.806,48.828,50.459,2.05040234375,0.4877091576919926,37.249,0.482,11.097,72.4,43,Meta-Llama-3.1-8B-Instruct-Q4_K_M,llama.cpp,finegrained_gpu_emc
2026-06-03T12:02:33.271710,GPU1300_CPU1036,1300,1036,3199,1300,3199,p2048_o512,2048,512,mixed,1,49.325013998895884,42.70944012526729,21875.842071021907,512,23.40481332502518,1050.899,48.879,49.959,2.052537109375,0.4872019099837378,37.304,0.455,11.12,72.4,43,Meta-Llama-3.1-8B-Instruct-Q4_K_M,llama.cpp,finegrained_gpu_emc
2026-06-03T12:02:55.977884,GPU1300_CPU1036,1300,1036,3199,1300,3199,p2048_o512,2048,512,mixed,2,49.85973006114364,42.7360366280382,21890.01176005695,512,23.389663085254913,1050.544,48.863,50.06,2.05184375,0.4873665453327038,37.258,0.482,11.122,72.5,43,Meta-Llama-3.1-8B-Instruct-Q4_K_M,llama.cpp,finegrained_gpu_emc
