timestamp,config_name,gpu_freq_mhz,cpu_freq_mhz,emc_freq_mhz,target_gpu_mhz,target_emc_mhz,workload,prompt_length,output_length,phase,repeat,ttft_ms,tpot_ms,total_time_ms,output_tokens,tokens_per_second,total_energy_j,avg_power_w,max_power_w,energy_per_token_j,tokens_per_joule,avg_gpu_soc_w,avg_cpu_cv_w,avg_sys_5v0_w,avg_temp_cpu_c,power_samples,model,runtime,experiment
2026-05-23T20:19:41.883756,GPU306_CPU1036,306,1036,3199,306,3199,p64_o64,64,64,decode,0,94.05773493926972,91.40834528657179,5853.05036092177,64,10.934469388355122,175.726,29.288,30.582,2.74571875,0.36420336205228593,20.262,0.532,8.493,53.7,12,Qwen2.5-7B-Instruct-Q4_K_M,llama.cpp,finegrained_gpu_emc
2026-05-23T20:19:48.548012,GPU306_CPU1036,306,1036,3199,306,3199,p64_o64,64,64,decode,1,94.11008597817272,91.4060843494972,5852.96369693242,64,10.934631293466394,174.656,29.109,30.582,2.729,0.36643459142543056,20.126,0.565,8.418,54.1,12,Qwen2.5-7B-Instruct-Q4_K_M,llama.cpp,finegrained_gpu_emc
2026-05-23T20:19:55.212413,GPU306_CPU1036,306,1036,3199,306,3199,p64_o64,64,64,decode,2,94.04058195650578,91.41420895263316,5853.409562958404,64,10.933798380520875,174.707,29.118,30.582,2.729796875,0.3663276228199214,20.159,0.532,8.426,54.4,12,Qwen2.5-7B-Instruct-Q4_K_M,llama.cpp,finegrained_gpu_emc
2026-05-23T20:20:07.745375,GPU306_CPU1036,306,1036,3199,306,3199,p128_o128,128,128,decode,0,93.99469592608511,91.53966499239529,11720.026600989513,128,10.921476917910157,341.856,29.727,30.682,2.67075,0.3744266591781335,20.671,0.503,8.553,55.0,23,Qwen2.5-7B-Instruct-Q4_K_M,llama.cpp,finegrained_gpu_emc
2026-05-23T20:20:20.286503,GPU306_CPU1036,306,1036,3199,306,3199,p128_o128,128,128,decode,1,94.22073804307729,91.60093784214943,11728.035256033763,128,10.914019032654885,342.707,29.801,30.682,2.6773984375,0.37349689384809764,20.688,0.503,8.609,55.5,23,Qwen2.5-7B-Instruct-Q4_K_M,llama.cpp,finegrained_gpu_emc
2026-05-23T20:20:32.824205,GPU306_CPU1036,306,1036,3199,306,3199,p128_o128,128,128,decode,2,94.14195502176881,91.57569877213,11724.751591100357,128,10.91707564168422,342.657,29.796,30.682,2.6770078125,0.3735513939595572,20.688,0.503,8.605,56.0,23,Qwen2.5-7B-Instruct-Q4_K_M,llama.cpp,finegrained_gpu_emc
2026-05-23T20:20:52.903916,GPU306_CPU1036,306,1036,3199,306,3199,p128_o512,128,512,decode,0,94.06701289117336,91.72188397161125,19264.373811893165,209,10.849041969429111,571.874,30.099,30.682,2.736239234449761,0.36546511993900754,20.873,0.567,8.658,56.7,38,Qwen2.5-7B-Instruct-Q4_K_M,llama.cpp,finegrained_gpu_emc
2026-05-23T20:21:41.790015,GPU306_CPU1036,306,1036,3199,306,3199,p128_o512,128,512,decode,1,94.08358798827976,93.86744836997788,48062.31646996457,512,10.652836517356846,1413.758,30.08,30.783,2.76124609375,0.3621553335153541,20.915,0.518,8.647,57.8,94,Qwen2.5-7B-Instruct-Q4_K_M,llama.cpp,finegrained_gpu_emc
2026-05-23T20:22:30.724114,GPU306_CPU1036,306,1036,3199,306,3199,p128_o512,128,512,decode,2,100.1670800615102,93.94933707048887,48110.261793015525,512,10.642220202475189,1416.334,30.135,30.783,2.76627734375,0.36149665262572245,20.932,0.556,8.647,59.0,94,Qwen2.5-7B-Instruct-Q4_K_M,llama.cpp,finegrained_gpu_emc
2026-05-23T20:22:55.154760,GPU306_CPU1036,306,1036,3199,306,3199,p256_o256,256,256,decode,0,100.2951079281047,92.20635052542112,23613.87510690838,256,10.841083847568317,704.135,29.963,30.783,2.75052734375,0.36356664560063057,20.755,0.569,8.64,59.6,47,Qwen2.5-7B-Instruct-Q4_K_M,llama.cpp,finegrained_gpu_emc
2026-05-23T20:23:19.572257,GPU306_CPU1036,306,1036,3199,306,3199,p256_o256,256,256,decode,1,99.60667707491666,92.15805719597448,23600.903779966757,256,10.847042231378506,703.878,29.952,30.783,2.7495234375,0.36369939108766003,20.761,0.56,8.631,60.0,47,Qwen2.5-7B-Instruct-Q4_K_M,llama.cpp,finegrained_gpu_emc
2026-05-23T20:23:43.993227,GPU306_CPU1036,306,1036,3199,306,3199,p256_o256,256,256,decode,2,99.73521705251187,92.17102111764618,23604.320745100267,256,10.845472011862062,704.46,29.977,30.783,2.751796875,0.3633989154813616,20.758,0.569,8.65,60.3,47,Qwen2.5-7B-Instruct-Q4_K_M,llama.cpp,finegrained_gpu_emc
2026-05-23T20:23:56.564970,GPU306_CPU1036,306,1036,3199,306,3199,p512_o128,512,128,decode,0,99.74311990663409,91.79807095293425,11758.628326002508,128,10.885623429133013,353.961,29.497,30.783,2.7653203125,0.36162176058944345,20.376,0.549,8.573,60.5,24,Qwen2.5-7B-Instruct-Q4_K_M,llama.cpp,finegrained_gpu_emc
2026-05-23T20:24:09.125750,GPU306_CPU1036,306,1036,3199,306,3199,p512_o128,512,128,decode,1,94.35836202464998,91.750259953001,11747.132402961142,128,10.896276266345186,353.758,29.48,30.783,2.763734375,0.36182927311891183,20.409,0.515,8.556,60.5,24,Qwen2.5-7B-Instruct-Q4_K_M,llama.cpp,finegrained_gpu_emc
2026-05-23T20:24:21.681119,GPU306_CPU1036,306,1036,3199,306,3199,p512_o128,512,128,decode,2,93.36817904841155,91.72069327539111,11742.395573062822,128,10.900671775496418,343.809,29.896,30.783,2.6860078125,0.37229973619073375,20.706,0.538,8.653,60.6,23,Qwen2.5-7B-Instruct-Q4_K_M,llama.cpp,finegrained_gpu_emc
2026-05-23T20:25:10.619037,GPU306_CPU1036,306,1036,3199,306,3199,p512_o512,512,512,decode,0,93.19570299703628,93.9702556205188,48114.01368107181,512,10.641390331595268,1419.152,30.195,30.783,2.77178125,0.36077883130207333,20.974,0.552,8.669,61.0,94,Qwen2.5-7B-Instruct-Q4_K_M,llama.cpp,finegrained_gpu_emc
2026-05-23T20:25:59.569433,GPU306_CPU1036,306,1036,3199,306,3199,p512_o512,512,512,decode,1,99.33740098495036,93.98281813117104,48126.52947893366,512,10.638622928838382,1418.356,30.178,30.783,2.7702265625,0.36098130511662796,20.97,0.552,8.656,61.3,94,Qwen2.5-7B-Instruct-Q4_K_M,llama.cpp,finegrained_gpu_emc
2026-05-23T20:26:48.512690,GPU306_CPU1036,306,1036,3199,306,3199,p512_o512,512,512,decode,2,99.1009910358116,93.96867747368462,48119.06216898933,512,10.64027387320865,1419.384,30.2,30.783,2.772234375,0.36071986157375313,20.979,0.552,8.668,61.5,94,Qwen2.5-7B-Instruct-Q4_K_M,llama.cpp,finegrained_gpu_emc
2026-05-23T20:27:33.434744,GPU306_CPU1036,306,1036,3199,306,3199,p512_o1024,512,1024,decode,0,99.18950102292001,93.80702343799221,44097.20415493939,469,10.635594908741322,1299.536,30.222,30.792,2.770865671641791,0.36089804360941136,20.981,0.561,8.679,61.8,86,Qwen2.5-7B-Instruct-Q4_K_M,llama.cpp,finegrained_gpu_emc
2026-05-23T20:28:07.295404,GPU306_CPU1036,306,1036,3199,306,3199,p512_o1024,512,1024,decode,1,99.10147008486092,92.93812053783236,31979.170534061268,343,10.725731601908436,739.938,30.202,30.783,2.157253644314869,0.46355235168351944,20.937,0.562,8.703,62.0,49,Qwen2.5-7B-Instruct-Q4_K_M,llama.cpp,finegrained_gpu_emc
2026-05-23T20:29:45.260759,GPU306_CPU1036,306,1036,3199,306,3199,p512_o1024,512,1024,decode,2,98.60721102450043,94.84333631865688,97127.3627220653,1024,10.542858071110466,2862.616,30.133,31.191,2.7955234375,0.3577147616026739,20.857,0.596,8.68,62.2,190,Qwen2.5-7B-Instruct-Q4_K_M,llama.cpp,finegrained_gpu_emc
2026-05-23T20:29:57.831622,GPU306_CPU1036,306,1036,3199,306,3199,p1024_o128,1024,128,decode,0,99.2974319960922,91.79423999968975,11757.673610933125,128,10.886507334323046,354.97,29.581,30.783,2.773203125,0.3605938530016621,20.376,0.582,8.623,62.3,24,Qwen2.5-7B-Instruct-Q4_K_M,llama.cpp,finegrained_gpu_emc
2026-05-23T20:30:10.397847,GPU306_CPU1036,306,1036,3199,306,3199,p1024_o128,1024,128,decode,1,93.17336406093091,91.80591229851703,11753.014549962245,128,10.890822899594827,356.611,29.718,30.783,2.7860234375,0.3589345252950694,20.425,0.648,8.644,62.3,24,Qwen2.5-7B-Instruct-Q4_K_M,llama.cpp,finegrained_gpu_emc
2026-05-23T20:30:17.077873,GPU306_CPU1036,306,1036,3199,306,3199,p1024_o128,1024,128,decode,2,93.24606601148844,91.67084190431201,5868.612464051694,63,10.735075860930978,177.8,29.633,30.783,2.8222222222222224,0.3543307086614173,20.292,0.765,8.577,62.3,12,Qwen2.5-7B-Instruct-Q4_K_M,llama.cpp,finegrained_gpu_emc
2026-05-23T20:31:06.008467,GPU306_CPU1036,306,1036,3199,306,3199,p1024_o512,1024,512,decode,0,93.2617139769718,93.95633844627748,48106.92961700261,512,10.642957346815209,1425.108,30.321,31.582,2.7834140625,0.359271016652773,20.996,0.616,8.71,62.5,94,Qwen2.5-7B-Instruct-Q4_K_M,llama.cpp,finegrained_gpu_emc
2026-05-23T20:31:54.952032,GPU306_CPU1036,306,1036,3199,306,3199,p1024_o512,1024,512,decode,1,99.19848991557956,93.9695969316926,48119.68435894232,512,10.640136293929212,1424.426,30.307,30.783,2.78208203125,0.3594430317896472,20.992,0.603,8.712,62.6,94,Qwen2.5-7B-Instruct-Q4_K_M,llama.cpp,finegrained_gpu_emc
2026-05-23T20:32:43.920805,GPU306_CPU1036,306,1036,3199,306,3199,p1024_o512,1024,512,decode,2,99.13797897752374,94.01991219194187,48145.31430602074,512,10.634472064002553,1426.451,30.35,31.582,2.786037109375,0.35893276390145895,20.991,0.641,8.718,62.8,94,Qwen2.5-7B-Instruct-Q4_K_M,llama.cpp,finegrained_gpu_emc
2026-05-23T20:34:21.922954,GPU306_CPU1036,306,1036,3199,306,3199,p1024_o1024,1024,1024,decode,0,99.09967496059835,94.87862295604504,97163.93539996352,1024,10.538889720602903,2866.567,30.174,30.783,2.7993818359375,0.3572217220110327,20.88,0.601,8.694,63.0,190,Qwen2.5-7B-Instruct-Q4_K_M,llama.cpp,finegrained_gpu_emc
2026-05-23T20:34:32.748182,GPU306_CPU1036,306,1036,3199,306,3199,p1024_o1024,1024,1024,decode,1,100.72212899103761,91.77557851414187,10012.643321068026,108,10.786362455631734,299.288,29.929,30.783,2.7711851851851854,0.3608564326000374,20.638,0.598,8.692,63.0,20,Qwen2.5-7B-Instruct-Q4_K_M,llama.cpp,finegrained_gpu_emc
2026-05-23T20:36:10.727758,GPU306_CPU1036,306,1036,3199,306,3199,p1024_o1024,1024,1024,decode,2,94.4806890329346,94.86147888172745,97141.81844110135,1024,10.541289183513356,2867.018,30.179,30.783,2.799822265625,0.3571655287828678,20.88,0.594,8.705,63.0,190,Qwen2.5-7B-Instruct-Q4_K_M,llama.cpp,finegrained_gpu_emc
2026-05-23T20:36:23.295573,GPU306_CPU1036,306,1036,3199,306,3199,p2048_o128,2048,128,decode,0,100.52383097354323,91.76043148049865,11754.59032796789,128,10.889362915136864,355.216,29.601,30.783,2.775125,0.3603441286428539,20.409,0.565,8.627,62.9,24,Qwen2.5-7B-Instruct-Q4_K_M,llama.cpp,finegrained_gpu_emc
2026-05-23T20:36:33.370929,GPU306_CPU1036,306,1036,3199,306,3199,p2048_o128,2048,128,decode,1,94.37291498761624,91.68513673663402,9263.042271952145,100,10.79558929605591,280.406,29.516,30.783,2.80406,0.35662574980563894,20.317,0.588,8.611,62.9,19,Qwen2.5-7B-Instruct-Q4_K_M,llama.cpp,finegrained_gpu_emc
2026-05-23T20:36:45.929312,GPU306_CPU1036,306,1036,3199,306,3199,p2048_o128,2048,128,decode,2,94.52609601430595,91.73555997673304,11745.440568076447,128,10.897845786040412,345.561,30.049,30.783,2.6996953125,0.3704121703548722,20.758,0.59,8.701,62.9,23,Qwen2.5-7B-Instruct-Q4_K_M,llama.cpp,finegrained_gpu_emc
2026-05-23T20:37:34.859989,GPU306_CPU1036,306,1036,3199,306,3199,p2048_o512,2048,512,decode,0,94.39944301266223,94.13846308621122,48107.00724599883,511,10.622153180033893,1424.952,30.318,30.783,2.7885557729941293,0.35860857067466134,21.021,0.577,8.72,62.9,94,Qwen2.5-7B-Instruct-Q4_K_M,llama.cpp,finegrained_gpu_emc
2026-05-23T20:37:38.433598,GPU306_CPU1036,306,1036,3199,306,3199,p2048_o512,2048,512,decode,1,100.33826692961156,91.836720642667,2763.19725997746,29,10.495088577294174,84.06,28.02,30.384,2.8986206896551723,0.34499167261479896,19.228,0.466,8.326,62.8,6,Qwen2.5-7B-Instruct-Q4_K_M,llama.cpp,finegrained_gpu_emc
2026-05-23T20:38:27.345727,GPU306_CPU1036,306,1036,3199,306,3199,p2048_o512,2048,512,decode,2,94.43899302277714,93.91734459293448,48088.13517901581,512,10.647116967501397,1424.36,30.306,30.783,2.781953125,0.35945968715774107,21.017,0.565,8.724,62.9,94,Qwen2.5-7B-Instruct-Q4_K_M,llama.cpp,finegrained_gpu_emc
2026-05-23T20:38:34.089392,GPU306_CPU1036,306,1036,3199,306,3199,p64_o64,64,64,mixed,0,147.4254260538146,91.82073068176766,5932.397893979214,64,10.788217706191547,176.455,29.409,30.783,2.757109375,0.3626987050522796,20.225,0.598,8.586,62.8,12,Qwen2.5-7B-Instruct-Q4_K_M,llama.cpp,finegrained_gpu_emc
2026-05-23T20:38:40.766305,GPU306_CPU1036,306,1036,3199,306,3199,p64_o64,64,64,mixed,1,94.67703406699002,91.60013541224457,5865.750305005349,64,10.910795153586347,176.856,29.476,30.783,2.763375,0.3618763287646447,20.292,0.598,8.585,62.8,12,Qwen2.5-7B-Instruct-Q4_K_M,llama.cpp,finegrained_gpu_emc
2026-05-23T20:38:47.444011,GPU306_CPU1036,306,1036,3199,306,3199,p64_o64,64,64,mixed,2,94.6696390165016,91.61232287315504,5866.510048042983,64,10.9093821498439,177.107,29.518,30.783,2.767296875,0.36136346954101195,20.292,0.632,8.594,62.7,12,Qwen2.5-7B-Instruct-Q4_K_M,llama.cpp,finegrained_gpu_emc
2026-05-23T20:39:00.073552,GPU306_CPU1036,306,1036,3199,306,3199,p128_o128,128,128,mixed,0,158.4570410195738,91.79274572470175,11816.62887998391,128,10.83219260755647,355.865,29.655,30.783,2.7801953125,0.35968695994267486,20.459,0.565,8.631,62.7,24,Qwen2.5-7B-Instruct-Q4_K_M,llama.cpp,finegrained_gpu_emc
2026-05-23T20:39:08.219736,GPU306_CPU1036,306,1036,3199,306,3199,p128_o128,128,128,mixed,1,94.87066196743399,91.64055553861918,7334.545136895031,79,10.770947417394101,221.736,29.565,30.783,2.806784810126582,0.3562795396327164,20.333,0.638,8.594,62.7,15,Qwen2.5-7B-Instruct-Q4_K_M,llama.cpp,finegrained_gpu_emc
2026-05-23T20:39:16.182947,GPU306_CPU1036,306,1036,3199,306,3199,p128_o128,128,128,mixed,2,94.70037999562919,91.6447329478902,7151.472277007997,77,10.767013702556774,218.838,29.178,31.182,2.842051948051948,0.3518584523711604,20.04,0.612,8.527,62.6,15,Qwen2.5-7B-Instruct-Q4_K_M,llama.cpp,finegrained_gpu_emc
2026-05-23T20:40:05.106131,GPU306_CPU1036,306,1036,3199,306,3199,p128_o512,128,512,mixed,0,94.93670996744186,95.43242197017192,48099.402881925926,504,10.47830055681181,1425.554,30.331,30.783,2.828480158730159,0.35354676146957603,21.051,0.56,8.72,62.8,94,Qwen2.5-7B-Instruct-Q4_K_M,llama.cpp,finegrained_gpu_emc
2026-05-23T20:40:54.067603,GPU306_CPU1036,306,1036,3199,306,3199,p128_o512,128,512,mixed,1,100.91609391383827,94.00154489827015,48137.713000993244,512,10.636151326703779,1425.698,30.334,31.082,2.78456640625,0.3591223386720048,21.013,0.607,8.714,62.8,94,Qwen2.5-7B-Instruct-Q4_K_M,llama.cpp,finegrained_gpu_emc
2026-05-23T20:41:43.041816,GPU306_CPU1036,306,1036,3199,306,3199,p128_o512,128,512,mixed,2,100.83089407999068,94.02646901543433,48150.32502997201,512,10.633365396418336,1424.1,30.3,30.783,2.7814453125,0.35952531423355105,21.004,0.59,8.706,62.9,94,Qwen2.5-7B-Instruct-Q4_K_M,llama.cpp,finegrained_gpu_emc
2026-05-23T20:42:07.986595,GPU306_CPU1036,306,1036,3199,306,3199,p256_o256,256,256,mixed,0,208.23153504170477,93.7989674901188,24127.942243008874,256,10.610104973795542,720.955,30.04,30.783,2.81623046875,0.35508457532023496,20.825,0.557,8.658,62.9,48,Qwen2.5-7B-Instruct-Q4_K_M,llama.cpp,finegrained_gpu_emc
2026-05-23T20:42:32.815052,GPU306_CPU1036,306,1036,3199,306,3199,p256_o256,256,256,mixed,1,100.79646902158856,93.76570391788275,24012.036999105476,256,10.66131957107749,709.456,30.19,30.792,2.7713125,0.36083985476195846,20.936,0.56,8.693,62.9,47,Qwen2.5-7B-Instruct-Q4_K_M,llama.cpp,finegrained_gpu_emc
2026-05-23T20:42:57.635117,GPU306_CPU1036,306,1036,3199,306,3199,p256_o256,256,256,mixed,2,100.82098201382905,93.7324898746595,24003.58367804438,256,10.66507415866233,710.464,30.233,31.183,2.77525,0.36032789838753265,20.937,0.594,8.702,62.9,47,Qwen2.5-7B-Instruct-Q4_K_M,llama.cpp,finegrained_gpu_emc
2026-05-23T20:43:10.787162,GPU306_CPU1036,306,1036,3199,306,3199,p512_o128,512,128,mixed,0,353.0062709469348,94.37292285802532,12338.875049958006,128,10.373717172898646,371.852,29.748,30.691,2.90509375,0.34422297042909544,20.615,0.591,8.543,62.9,25,Qwen2.5-7B-Instruct-Q4_K_M,llama.cpp,finegrained_gpu_emc
2026-05-23T20:43:23.680434,GPU306_CPU1036,306,1036,3199,306,3199,p512_o128,512,128,mixed,1,99.27576303016394,94.31213167712356,12077.419935027137,128,10.598290089158217,359.25,29.938,30.783,2.806640625,0.3562978427279054,20.741,0.565,8.631,62.9,24,Qwen2.5-7B-Instruct-Q4_K_M,llama.cpp,finegrained_gpu_emc
2026-05-23T20:43:27.600506,GPU306_CPU1036,306,1036,3199,306,3199,p512_o128,512,128,mixed,2,98.1975810136646,94.09547445078891,3109.457661048509,32,10.291183700893228,96.704,27.63,30.283,3.022,0.3309066843150232,18.877,0.57,8.183,62.7,7,Qwen2.5-7B-Instruct-Q4_K_M,llama.cpp,finegrained_gpu_emc
2026-05-23T20:44:16.464135,GPU306_CPU1036,306,1036,3199,306,3199,p512_o512,512,512,mixed,0,97.95464901253581,93.81604319371816,48039.958108915016,512,10.657794472659742,1419.166,30.195,30.783,2.77180859375,0.36077527223735634,20.907,0.569,8.72,62.8,94,Qwen2.5-7B-Instruct-Q4_K_M,llama.cpp,finegrained_gpu_emc
2026-05-23T20:45:05.321909,GPU306_CPU1036,306,1036,3199,306,3199,p512_o512,512,512,mixed,1,104.01427501346916,93.79216541085982,48033.83481700439,512,10.659153114686308,1427.02,30.362,30.792,2.7871484375,0.3587896455550728,21.034,0.582,8.747,62.9,94,Qwen2.5-7B-Instruct-Q4_K_M,llama.cpp,finegrained_gpu_emc
2026-05-23T20:45:54.193903,GPU306_CPU1036,306,1036,3199,306,3199,p512_o512,512,512,mixed,2,103.96630701143295,93.81977894727082,48047.86073509604,512,10.65604154205382,1425.75,30.335,30.783,2.78466796875,0.35910924075048223,21.025,0.586,8.724,63.0,94,Qwen2.5-7B-Instruct-Q4_K_M,llama.cpp,finegrained_gpu_emc
2026-05-23T20:47:32.749600,GPU306_CPU1036,306,1036,3199,306,3199,p512_o1024,512,1024,mixed,0,104.24654092639685,95.41458203225147,97717.61355199851,1024,10.479175276370196,2883.884,30.198,31.183,2.81629296875,0.35507669517914037,20.895,0.602,8.701,63.0,191,Qwen2.5-7B-Instruct-Q4_K_M,llama.cpp,finegrained_gpu_emc
2026-05-23T20:49:11.327816,GPU306_CPU1036,306,1036,3199,306,3199,p512_o1024,512,1024,mixed,1,104.22604205086827,95.4363229501317,97739.6692080656,1024,10.476810575449525,2885.48,30.214,30.783,2.8178515625,0.3548802972122489,20.896,0.616,8.702,63.0,191,Qwen2.5-7B-Instruct-Q4_K_M,llama.cpp,finegrained_gpu_emc
2026-05-23T20:50:49.927203,GPU306_CPU1036,306,1036,3199,306,3199,p512_o1024,512,1024,mixed,2,104.16118800640106,95.45738691689841,97761.24022598378,1024,10.47449886716794,2882.788,30.186,30.783,2.81522265625,0.3552116909047769,20.882,0.604,8.701,63.0,191,Qwen2.5-7B-Instruct-Q4_K_M,llama.cpp,finegrained_gpu_emc
2026-05-23T20:51:03.154639,GPU306_CPU1036,306,1036,3199,306,3199,p1024_o128,1024,128,mixed,0,681.8953070323914,92.37375753513706,12413.8917659875,128,10.311029160952078,377.393,30.191,31.182,2.9483828125,0.339168982996505,20.918,0.638,8.635,62.9,25,Qwen2.5-7B-Instruct-Q4_K_M,llama.cpp,finegrained_gpu_emc
2026-05-23T20:51:15.800586,GPU306_CPU1036,306,1036,3199,306,3199,p1024_o128,1024,128,mixed,1,103.24425192084163,92.35236280337416,11832.514908979647,128,10.817649585453836,357.477,29.79,31.182,2.7927890625,0.35806499439124756,20.593,0.532,8.665,62.8,24,Qwen2.5-7B-Instruct-Q4_K_M,llama.cpp,finegrained_gpu_emc
2026-05-23T20:51:28.444702,GPU306_CPU1036,306,1036,3199,306,3199,p1024_o128,1024,128,mixed,2,103.40681299567223,92.33732197679375,11830.792627064511,128,10.819224377847938,358.198,29.85,31.191,2.798421875,0.35734426211201625,20.628,0.582,8.64,62.8,24,Qwen2.5-7B-Instruct-Q4_K_M,llama.cpp,finegrained_gpu_emc
2026-05-23T20:51:47.800323,GPU306_CPU1036,306,1036,3199,306,3199,p1024_o512,1024,512,mixed,0,103.43155497685075,92.64150751999232,18539.858406991698,199,10.733631057557252,556.776,30.096,31.182,2.797869346733668,0.35741483109904165,20.813,0.572,8.711,62.8,37,Qwen2.5-7B-Instruct-Q4_K_M,llama.cpp,finegrained_gpu_emc
2026-05-23T20:52:36.752401,GPU306_CPU1036,306,1036,3199,306,3199,p1024_o512,1024,512,mixed,1,103.44300896394998,93.97757992762598,48128.04330303334,512,10.638288300570293,1427.883,30.38,31.182,2.788833984375,0.3585727962305035,21.043,0.59,8.748,62.8,94,Qwen2.5-7B-Instruct-Q4_K_M,llama.cpp,finegrained_gpu_emc
2026-05-23T20:52:53.407996,GPU306_CPU1036,306,1036,3199,306,3199,p1024_o512,1024,512,mixed,2,103.86514698620886,92.57030933158549,15841.482557007112,170,10.731318826267586,468.196,30.206,31.182,2.754094117647059,0.3630957974865227,20.848,0.618,8.741,62.8,31,Qwen2.5-7B-Instruct-Q4_K_M,llama.cpp,finegrained_gpu_emc
2026-05-23T20:54:09.668040,GPU306_CPU1036,306,1036,3199,306,3199,p1024_o1024,1024,1024,mixed,0,103.2761960523203,94.98403151637187,75428.36498096585,793,10.513286350567341,2223.322,30.249,31.182,2.8036847414880204,0.3566734822936129,20.948,0.589,8.712,62.8,147,Qwen2.5-7B-Instruct-Q4_K_M,llama.cpp,finegrained_gpu_emc
2026-05-23T20:55:48.744074,GPU306_CPU1036,306,1036,3199,306,3199,p1024_o1024,1024,1024,mixed,1,104.01910496875644,95.92299629230405,98237.38498298917,1024,10.423730234445026,2895.802,30.165,31.182,2.827931640625,0.3536153369601927,20.875,0.594,8.695,62.7,192,Qwen2.5-7B-Instruct-Q4_K_M,llama.cpp,finegrained_gpu_emc
2026-05-23T20:55:56.472157,GPU306_CPU1036,306,1036,3199,306,3199,p1024_o1024,1024,1024,mixed,2,104.1267019463703,92.05673561648351,6916.2087379954755,74,10.699503557992296,208.1,29.728,31.191,2.812162162162162,0.35559827006246997,20.474,0.627,8.627,62.6,14,Qwen2.5-7B-Instruct-Q4_K_M,llama.cpp,finegrained_gpu_emc
2026-05-23T20:56:10.659864,GPU306_CPU1036,306,1036,3199,306,3199,p2048_o128,2048,128,mixed,0,1369.834259035997,94.51788793662637,13374.139058054425,128,9.570709519646682,406.109,30.082,33.187,3.1727265625,0.3151863169740144,20.953,0.606,8.523,62.6,27,Qwen2.5-7B-Instruct-Q4_K_M,llama.cpp,finegrained_gpu_emc
2026-05-23T20:56:23.569596,GPU306_CPU1036,306,1036,3199,306,3199,p2048_o128,2048,128,mixed,1,104.84767006710172,94.41990972456236,12096.701685106382,128,10.581396758555705,359.801,29.983,31.081,2.8109453125,0.3557522074702405,20.758,0.582,8.644,62.6,24,Qwen2.5-7B-Instruct-Q4_K_M,llama.cpp,finegrained_gpu_emc
2026-05-23T20:56:36.482008,GPU306_CPU1036,306,1036,3199,306,3199,p2048_o128,2048,128,mixed,2,104.79412705171853,94.44051295221878,12099.270703969523,128,10.579150027448003,360.198,30.016,30.783,2.814046875,0.35536010749643254,20.741,0.615,8.66,62.5,24,Qwen2.5-7B-Instruct-Q4_K_M,llama.cpp,finegrained_gpu_emc
2026-05-23T20:57:26.285062,GPU306_CPU1036,306,1036,3199,306,3199,p2048_o512,2048,512,mixed,0,104.9055049661547,95.6401809511903,48979.107509949245,512,10.453436700454295,1452.71,30.265,30.792,2.83732421875,0.3524447412078116,20.98,0.59,8.695,62.6,96,Qwen2.5-7B-Instruct-Q4_K_M,llama.cpp,finegrained_gpu_emc
2026-05-23T20:58:16.101403,GPU306_CPU1036,306,1036,3199,306,3199,p2048_o512,2048,512,mixed,1,110.77150201890618,96.03066835163641,48992.37232503947,510,10.409783723401052,1452.621,30.263,30.783,2.8482764705882353,0.3510895133692821,20.985,0.565,8.713,62.7,96,Qwen2.5-7B-Instruct-Q4_K_M,llama.cpp,finegrained_gpu_emc
2026-05-23T20:58:28.178488,GPU306_CPU1036,306,1036,3199,306,3199,p2048_o512,2048,512,mixed,2,110.81177298910916,94.51761255617866,11263.976690010168,118,10.475873951750293,339.84,29.551,30.783,2.88,0.34722222222222227,20.395,0.573,8.583,62.6,23,Qwen2.5-7B-Instruct-Q4_K_M,llama.cpp,finegrained_gpu_emc
2026-05-23T20:58:41.839280,GPU408_CPU1036,408,1036,3199,408,3199,p64_o64,64,64,decode,0,72.02336401678622,70.50470311179875,4514.085441012867,64,14.177844180468089,153.906,34.201,35.593,2.40478125,0.4158382389250581,24.306,0.576,9.319,62.6,9,Qwen2.5-7B-Instruct-Q4_K_M,llama.cpp,finegrained_gpu_emc
2026-05-23T20:58:47.164356,GPU408_CPU1036,408,1036,3199,408,3199,p64_o64,64,64,decode,1,71.98657107073814,70.50969731617009,4514.364274102263,64,14.17696847530701,151.106,33.579,35.492,2.36103125,0.42354373750876867,23.685,0.709,9.185,62.7,9,Qwen2.5-7B-Instruct-Q4_K_M,llama.cpp,finegrained_gpu_emc
2026-05-23T20:58:52.490073,GPU408_CPU1036,408,1036,3199,408,3199,p64_o64,64,64,decode,2,72.03905400820076,70.51624819111552,4514.832693967037,64,14.175497596072663,150.312,33.403,35.492,2.348625,0.4257810420991005,23.686,0.576,9.141,62.7,9,Qwen2.5-7B-Instruct-Q4_K_M,llama.cpp,finegrained_gpu_emc
2026-05-23T20:59:02.341994,GPU408_CPU1036,408,1036,3199,408,3199,p128_o128,128,128,decode,0,71.99377997312695,70.60727019662286,9039.603729965165,128,14.159912737733832,308.934,34.326,35.492,2.413546875,0.414327979438974,24.418,0.576,9.332,62.9,18,Qwen2.5-7B-Instruct-Q4_K_M,llama.cpp,finegrained_gpu_emc
2026-05-23T20:59:12.194116,GPU408_CPU1036,408,1036,3199,408,3199,p128_o128,128,128,decode,1,71.94764702580869,70.61093568427884,9040.039913030341,128,14.159229520159574,309.122,34.347,35.492,2.415015625,0.4140759958851198,24.417,0.621,9.309,63.0,18,Qwen2.5-7B-Instruct-Q4_K_M,llama.cpp,finegrained_gpu_emc
2026-05-23T20:59:22.044624,GPU408_CPU1036,408,1036,3199,408,3199,p128_o128,128,128,decode,2,72.04086799174547,70.59729731491379,9038.401605095714,128,14.16179603347516,308.924,34.325,35.492,2.41346875,0.41434139141018506,24.417,0.576,9.332,63.1,18,Qwen2.5-7B-Instruct-Q4_K_M,llama.cpp,finegrained_gpu_emc
2026-05-23T20:59:55.673860,GPU408_CPU1036,408,1036,3199,408,3199,p128_o512,128,512,decode,0,71.96647999808192,72.26299219254808,32809.711317997426,453,13.80688771106351,1122.906,34.551,35.492,2.47882119205298,0.40341756122061867,24.609,0.577,9.365,63.4,65,Qwen2.5-7B-Instruct-Q4_K_M,llama.cpp,finegrained_gpu_emc
2026-05-23T21:00:33.630177,GPU408_CPU1036,408,1036,3199,408,3199,p128_o512,128,512,decode,1,77.13982299901545,72.51813084136789,37135.86261495948,512,13.787211712533386,1266.679,34.704,35.502,2.473982421875,0.40420659062003866,24.711,0.612,9.381,63.7,73,Qwen2.5-7B-Instruct-Q4_K_M,llama.cpp,finegrained_gpu_emc
2026-05-23T21:00:57.929021,GPU408_CPU1036,408,1036,3199,408,3199,p128_o512,128,512,decode,2,77.14510301593691,71.56776181890692,23482.110635959543,327,13.925494393133707,799.896,34.778,35.502,2.446165137614679,0.4088031444087732,24.761,0.572,9.444,63.8,46,Qwen2.5-7B-Instruct-Q4_K_M,llama.cpp,finegrained_gpu_emc
2026-05-23T21:01:16.922666,GPU408_CPU1036,408,1036,3199,408,3199,p256_o256,256,256,decode,0,76.74645096994936,70.98422463545027,18178.741417941637,256,14.082383049210382,626.91,34.828,36.392,2.4488671875,0.40835207605557416,24.719,0.665,9.444,63.9,36,Qwen2.5-7B-Instruct-Q4_K_M,llama.cpp,finegrained_gpu_emc
2026-05-23T21:01:35.917138,GPU408_CPU1036,408,1036,3199,408,3199,p256_o256,256,256,decode,1,76.6780519625172,70.98739487484244,18179.44533599075,256,14.081837771649948,626.534,34.807,35.502,2.4473984375,0.4085971391815927,24.718,0.654,9.436,64.1,36,Qwen2.5-7B-Instruct-Q4_K_M,llama.cpp,finegrained_gpu_emc
2026-05-23T21:01:54.909945,GPU408_CPU1036,408,1036,3199,408,3199,p256_o256,256,256,decode,2,76.72068907413632,70.98071958422295,18177.79067007359,256,14.083119596126563,626.064,34.781,35.593,2.4455625,0.40890388203123007,24.717,0.61,9.455,64.2,36,Qwen2.5-7B-Instruct-Q4_K_M,llama.cpp,finegrained_gpu_emc
2026-05-23T21:02:04.772466,GPU408_CPU1036,408,1036,3199,408,3199,p512_o128,512,128,decode,0,77.90506898891181,70.63834901576436,9049.47105399333,128,14.144473111886077,309.424,34.38,35.593,2.417375,0.413671854801179,24.372,0.621,9.387,64.2,18,Qwen2.5-7B-Instruct-Q4_K_M,llama.cpp,finegrained_gpu_emc
2026-05-23T21:02:14.623521,GPU408_CPU1036,408,1036,3199,408,3199,p512_o128,512,128,decode,1,72.27747002616525,70.5986514093545,9038.810210069641,128,14.161155840776726,309.773,34.419,35.593,2.4201015625,0.4132057990851365,24.417,0.621,9.382,64.2,18,Qwen2.5-7B-Instruct-Q4_K_M,llama.cpp,finegrained_gpu_emc
2026-05-23T21:02:24.476420,GPU408_CPU1036,408,1036,3199,408,3199,p512_o128,512,128,decode,2,72.16535194311291,70.614994937136,9040.759769035503,128,14.158102114204882,310.775,34.531,35.502,2.4279296875,0.4118735419515727,24.417,0.732,9.382,64.2,18,Qwen2.5-7B-Instruct-Q4_K_M,llama.cpp,finegrained_gpu_emc
2026-05-23T21:02:36.172787,GPU408_CPU1036,408,1036,3199,408,3199,p512_o512,512,512,decode,0,71.9709349796176,70.66339867780793,10883.652954013087,153,14.05778010806426,377.414,34.31,35.593,2.4667581699346406,0.405390367077003,24.297,0.635,9.379,64.3,22,Qwen2.5-7B-Instruct-Q4_K_M,llama.cpp,finegrained_gpu_emc
2026-05-23T21:03:00.899743,GPU408_CPU1036,408,1036,3199,408,3199,p512_o512,512,512,decode,1,72.08092196378857,71.57916329234435,23910.06944293622,333,13.927186652248665,819.166,34.858,35.593,2.459957957957958,0.406511012419949,24.758,0.645,9.455,64.4,47,Qwen2.5-7B-Instruct-Q4_K_M,llama.cpp,finegrained_gpu_emc
2026-05-23T21:03:38.850584,GPU408_CPU1036,408,1036,3199,408,3199,p512_o512,512,512,decode,2,76.71130506787449,72.50807969079129,37130.27988304384,512,13.789284691974899,1270.132,34.798,35.593,2.4807265625,0.40310770849014116,24.717,0.65,9.43,64.6,73,Qwen2.5-7B-Instruct-Q4_K_M,llama.cpp,finegrained_gpu_emc
2026-05-23T21:04:36.367232,GPU408_CPU1036,408,1036,3199,408,3199,p512_o1024,512,1024,decode,0,77.14983797632158,72.85798664433406,56689.73782204557,777,13.706184396884604,1930.658,34.787,35.593,2.4847593307593305,0.4024534640521522,24.703,0.651,9.433,64.7,111,Qwen2.5-7B-Instruct-Q4_K_M,llama.cpp,finegrained_gpu_emc
2026-05-23T21:05:33.784279,GPU408_CPU1036,408,1036,3199,408,3199,p512_o1024,512,1024,decode,1,77.30602298397571,72.91790065253322,56590.571086038835,775,13.694860912813729,1928.206,34.742,35.593,2.488007741935484,0.4019280097665914,24.646,0.661,9.435,64.9,111,Qwen2.5-7B-Instruct-Q4_K_M,llama.cpp,finegrained_gpu_emc
2026-05-23T21:06:49.910293,GPU408_CPU1036,408,1036,3199,408,3199,p512_o1024,512,1024,decode,2,77.26758799981326,73.52160750731247,75293.83978201076,1024,13.600050189559525,2541.661,34.58,35.593,2.4820908203125,0.40288614413960006,24.465,0.689,9.426,65.0,147,Qwen2.5-7B-Instruct-Q4_K_M,llama.cpp,finegrained_gpu_emc
2026-05-23T21:06:59.776034,GPU408_CPU1036,408,1036,3199,408,3199,p1024_o128,1024,128,decode,0,77.34848104882985,70.67263528326981,9053.30466106534,128,14.138483657848946,309.975,34.442,35.593,2.4216796875,0.4129365271392854,24.395,0.643,9.404,64.9,18,Qwen2.5-7B-Instruct-Q4_K_M,llama.cpp,finegrained_gpu_emc
2026-05-23T21:07:09.624367,GPU408_CPU1036,408,1036,3199,408,3199,p1024_o128,1024,128,decode,1,72.01660005375743,70.58182913410353,9036.401552031748,128,14.164930505021706,310.376,34.486,35.593,2.4248125,0.41240302085212777,24.416,0.643,9.427,64.9,18,Qwen2.5-7B-Instruct-Q4_K_M,llama.cpp,finegrained_gpu_emc
2026-05-23T21:07:19.475535,GPU408_CPU1036,408,1036,3199,408,3199,p1024_o128,1024,128,decode,2,71.99036399833858,70.60212250358946,9038.949150941335,128,14.160938164661522,310.227,34.47,35.593,2.4236484375,0.41260109532697026,24.417,0.621,9.432,64.8,18,Qwen2.5-7B-Instruct-Q4_K_M,llama.cpp,finegrained_gpu_emc
2026-05-23T21:07:57.425852,GPU408_CPU1036,408,1036,3199,408,3199,p1024_o512,1024,512,decode,0,71.92668993957341,72.51643010373218,37129.801850998774,512,13.789462223758877,1271.678,34.84,35.593,2.48374609375,0.4026176437746033,24.712,0.7,9.429,64.8,73,Qwen2.5-7B-Instruct-Q4_K_M,llama.cpp,finegrained_gpu_emc
2026-05-23T21:08:13.685464,GPU408_CPU1036,408,1036,3199,408,3199,p1024_o512,1024,512,decode,1,77.0498929778114,70.81990987030116,15445.328298956156,217,14.04955568439847,534.676,34.495,35.593,2.46394470046083,0.4058532644068557,24.479,0.618,9.398,64.7,31,Qwen2.5-7B-Instruct-Q4_K_M,llama.cpp,finegrained_gpu_emc
2026-05-23T21:08:51.635149,GPU408_CPU1036,408,1036,3199,408,3199,p1024_o512,1024,512,decode,2,72.04763195477426,72.51421197061472,37128.784622997046,512,13.78984001762542,1270.01,34.795,35.593,2.48048828125,0.4031464319178589,24.711,0.645,9.439,64.8,73,Qwen2.5-7B-Instruct-Q4_K_M,llama.cpp,finegrained_gpu_emc
2026-05-23T21:10:07.756724,GPU408_CPU1036,408,1036,3199,408,3199,p1024_o1024,1024,1024,decode,0,77.16110697947443,73.51742259930921,75289.5432440564,1024,13.600826301743275,2547.696,34.663,35.593,2.487984375,0.4019317846399257,24.564,0.673,9.425,64.8,147,Qwen2.5-7B-Instruct-Q4_K_M,llama.cpp,finegrained_gpu_emc
2026-05-23T21:11:23.944402,GPU408_CPU1036,408,1036,3199,408,3199,p1024_o1024,1024,1024,decode,1,77.34710606746376,73.58199818959261,75355.81455205102,1024,13.588865120589809,2549.016,34.68,35.593,2.4892734375,0.40172364551654444,24.611,0.654,9.415,64.7,147,Qwen2.5-7B-Instruct-Q4_K_M,llama.cpp,finegrained_gpu_emc
2026-05-23T21:12:40.080784,GPU408_CPU1036,408,1036,3199,408,3199,p1024_o1024,1024,1024,decode,2,77.36664393451065,73.53178804404833,75304.41934696864,1024,13.59813951000501,2549.386,34.686,35.593,2.489634765625,0.40166534216474087,24.606,0.66,9.42,64.8,147,Qwen2.5-7B-Instruct-Q4_K_M,llama.cpp,finegrained_gpu_emc
2026-05-23T21:12:49.942356,GPU408_CPU1036,408,1036,3199,408,3199,p2048_o128,2048,128,decode,0,77.45978294406086,70.63393675590183,9048.46121801529,128,14.146051678395303,309.998,34.444,35.593,2.421859375,0.41290588971541753,24.392,0.643,9.41,64.6,18,Qwen2.5-7B-Instruct-Q4_K_M,llama.cpp,finegrained_gpu_emc
2026-05-23T21:12:59.795072,GPU408_CPU1036,408,1036,3199,408,3199,p2048_o128,2048,128,decode,1,72.06368306651711,70.61452609413546,9040.605338988826,128,14.158343960440657,309.998,34.444,35.593,2.421859375,0.41290588971541753,24.413,0.643,9.388,64.6,18,Qwen2.5-7B-Instruct-Q4_K_M,llama.cpp,finegrained_gpu_emc
2026-05-23T21:13:09.644204,GPU408_CPU1036,408,1036,3199,408,3199,p2048_o128,2048,128,decode,2,72.09359796252102,70.58439426780421,9036.89270594623,128,14.164160642936112,310.5,34.5,35.593,2.42578125,0.41223832528180354,24.414,0.643,9.443,64.6,18,Qwen2.5-7B-Instruct-Q4_K_M,llama.cpp,finegrained_gpu_emc
2026-05-23T21:13:47.619810,GPU408_CPU1036,408,1036,3199,408,3199,p2048_o512,2048,512,decode,0,72.01791799161583,72.5649382095281,37154.695232980885,512,13.78022338198366,1268.106,34.743,35.593,2.47676953125,0.4037517368421883,24.672,0.623,9.447,64.7,73,Qwen2.5-7B-Instruct-Q4_K_M,llama.cpp,finegrained_gpu_emc
2026-05-23T21:14:25.595678,GPU408_CPU1036,408,1036,3199,408,3199,p2048_o512,2048,512,decode,1,77.23283290397376,72.55532157355864,37154.94573593605,512,13.780130474118726,1270.073,34.797,35.593,2.480611328125,0.4031264344647906,24.744,0.623,9.429,64.7,73,Qwen2.5-7B-Instruct-Q4_K_M,llama.cpp,finegrained_gpu_emc
2026-05-23T21:15:03.575132,GPU408_CPU1036,408,1036,3199,408,3199,p2048_o512,2048,512,decode,2,77.1400430239737,72.56245196076135,37158.5702970624,512,13.778786317849171,1270.838,34.817,35.891,2.48210546875,0.4028837664596117,24.734,0.645,9.439,64.7,73,Qwen2.5-7B-Instruct-Q4_K_M,llama.cpp,finegrained_gpu_emc
2026-05-23T21:15:08.956648,GPU408_CPU1036,408,1036,3199,408,3199,p64_o64,64,64,mixed,0,118.07779700029641,72.98344604816043,4570.332200964913,62,13.565753488753012,161.854,32.371,35.492,2.6105483870967743,0.3830612774475762,22.794,0.598,8.979,64.5,10,Qwen2.5-7B-Instruct-Q4_K_M,llama.cpp,finegrained_gpu_emc
2026-05-23T21:15:14.280129,GPU408_CPU1036,408,1036,3199,408,3199,p64_o64,64,64,mixed,1,72.24641798529774,71.6182904509497,4512.850924977101,63,13.960133194588002,150.311,33.402,35.492,2.385888888888889,0.4191310017230941,23.684,0.488,9.231,64.5,9,Qwen2.5-7B-Instruct-Q4_K_M,llama.cpp,finegrained_gpu_emc
2026-05-23T21:15:19.603797,GPU408_CPU1036,408,1036,3199,408,3199,p64_o64,64,64,mixed,2,72.30261608492583,70.47953761907087,4512.782865087502,64,14.181936493139705,150.515,33.448,35.492,2.351796875,0.4252067900209282,23.685,0.532,9.231,64.5,9,Qwen2.5-7B-Instruct-Q4_K_M,llama.cpp,finegrained_gpu_emc
2026-05-23T21:15:23.367877,GPU408_CPU1036,408,1036,3199,408,3199,p128_o128,128,128,mixed,0,127.24222498945892,70.6673603092965,2953.8322190055624,40,13.541730550107685,96.416,32.138,35.093,2.4104,0.41486890142714905,22.485,0.665,8.988,64.3,6,Qwen2.5-7B-Instruct-Q4_K_M,llama.cpp,finegrained_gpu_emc
2026-05-23T21:15:33.220471,GPU408_CPU1036,408,1036,3199,408,3199,p128_o128,128,128,mixed,1,72.56116298958659,71.73986757546663,9040.534919011407,126,13.937228397296899,309.766,34.418,35.593,2.4584603174603177,0.40675865007780065,24.393,0.643,9.382,64.4,18,Qwen2.5-7B-Instruct-Q4_K_M,llama.cpp,finegrained_gpu_emc
2026-05-23T21:15:43.070028,GPU408_CPU1036,408,1036,3199,408,3199,p128_o128,128,128,mixed,2,72.49771803617477,70.58466721223448,9037.252665963024,128,14.163596474632827,309.582,34.398,35.492,2.418609375,0.4134607309210484,24.395,0.598,9.405,64.5,18,Qwen2.5-7B-Instruct-Q4_K_M,llama.cpp,finegrained_gpu_emc
2026-05-23T21:16:21.037220,GPU408_CPU1036,408,1036,3199,408,3199,p128_o512,128,512,mixed,0,72.58083601482213,77.71913709428426,37146.580089000054,478,12.867940974774866,1270.786,34.816,35.593,2.6585481171548118,0.3761451574065185,24.744,0.639,9.432,64.6,73,Qwen2.5-7B-Instruct-Q4_K_M,llama.cpp,finegrained_gpu_emc
2026-05-23T21:16:59.026351,GPU408_CPU1036,408,1036,3199,408,3199,p128_o512,128,512,mixed,1,77.71415309980512,73.00910676758934,37168.28862100374,509,13.694469637549169,1272.842,34.872,35.593,2.500671905697446,0.39989252397391034,24.755,0.672,9.445,64.7,73,Qwen2.5-7B-Instruct-Q4_K_M,llama.cpp,finegrained_gpu_emc
2026-05-23T21:17:37.028838,GPU408_CPU1036,408,1036,3199,408,3199,p128_o512,128,512,mixed,2,77.64053007122129,72.60668233452536,37181.67210102547,512,13.77022524992573,1270.698,34.814,35.593,2.48183203125,0.40292815444739816,24.728,0.639,9.446,64.8,73,Qwen2.5-7B-Instruct-Q4_K_M,llama.cpp,finegrained_gpu_emc
2026-05-23T21:17:50.959707,GPU408_CPU1036,408,1036,3199,408,3199,p256_o256,256,256,mixed,0,166.83573904447258,71.94051236257623,13117.390027968213,180,13.722241971628,451.394,34.723,35.593,2.5077444444444446,0.39876471552568266,24.657,0.66,9.405,64.8,26,Qwen2.5-7B-Instruct-Q4_K_M,llama.cpp,finegrained_gpu_emc
2026-05-23T21:18:10.297055,GPU408_CPU1036,408,1036,3199,408,3199,p256_o256,256,256,mixed,1,77.71681307349354,72.32730344312229,18522.164085996337,256,13.821279134091492,640.302,34.611,35.593,2.5011796875,0.39981133902439786,24.588,0.647,9.376,64.8,37,Qwen2.5-7B-Instruct-Q4_K_M,llama.cpp,finegrained_gpu_emc
2026-05-23T21:18:29.631642,GPU408_CPU1036,408,1036,3199,408,3199,p256_o256,256,256,mixed,2,77.76095799636096,77.807914210731,18519.231471931562,238,12.851505223676353,640.013,34.595,35.492,2.6891302521008407,0.37186744644249414,24.577,0.647,9.371,64.8,37,Qwen2.5-7B-Instruct-Q4_K_M,llama.cpp,finegrained_gpu_emc
2026-05-23T21:18:35.175411,GPU408_CPU1036,408,1036,3199,408,3199,p512_o128,512,128,mixed,0,295.80611002165824,72.73763233291295,4732.734141056426,61,12.888955555484419,166.488,33.298,35.492,2.729311475409836,0.3663927730527125,23.551,0.718,9.029,64.7,10,Qwen2.5-7B-Instruct-Q4_K_M,llama.cpp,finegrained_gpu_emc
2026-05-23T21:18:45.304858,GPU408_CPU1036,408,1036,3199,408,3199,p512_o128,512,128,mixed,1,77.55103695672005,72.7414888271138,9316.260179970413,128,13.739418771836673,322.916,33.991,35.392,2.52278125,0.3963879151234377,24.14,0.63,9.222,64.7,19,Qwen2.5-7B-Instruct-Q4_K_M,llama.cpp,finegrained_gpu_emc
2026-05-23T21:18:55.435365,GPU408_CPU1036,408,1036,3199,408,3199,p512_o128,512,128,mixed,2,76.54079305939376,72.76318179476478,9317.964622983709,128,13.736905555991806,323.214,34.023,35.492,2.525109375,0.3960224495226073,24.119,0.672,9.231,64.6,19,Qwen2.5-7B-Instruct-Q4_K_M,llama.cpp,finegrained_gpu_emc
2026-05-23T21:19:33.401980,GPU408_CPU1036,408,1036,3199,408,3199,p512_o512,512,512,mixed,0,76.50850096251816,72.54033955770915,37146.63454995025,512,13.783213639758538,1275.281,34.939,35.492,2.490783203125,0.4014801443760238,24.821,0.667,9.451,64.7,73,Qwen2.5-7B-Instruct-Q4_K_M,llama.cpp,finegrained_gpu_emc
2026-05-23T21:20:11.340310,GPU408_CPU1036,408,1036,3199,408,3199,p512_o512,512,512,mixed,1,81.65829500649124,72.47283403126526,37117.22120898776,512,13.794136072773187,1273.786,34.898,35.492,2.48786328125,0.401951348185645,24.826,0.629,9.443,64.8,73,Qwen2.5-7B-Instruct-Q4_K_M,llama.cpp,finegrained_gpu_emc
2026-05-23T21:20:49.260486,GPU408_CPU1036,408,1036,3199,408,3199,p512_o512,512,512,mixed,2,81.6310909576714,72.43821321150065,37099.56205799244,512,13.800701992106095,1273.987,34.904,35.593,2.488255859375,0.4018879313525177,24.803,0.64,9.461,64.8,73,Qwen2.5-7B-Instruct-Q4_K_M,llama.cpp,finegrained_gpu_emc
2026-05-23T21:22:05.852730,GPU408_CPU1036,408,1036,3199,408,3199,p512_o1024,512,1024,mixed,0,81.66469598654658,73.97273746919969,75759.92273096927,1024,13.516381261848986,2569.764,34.727,35.593,2.50953515625,0.39848017172004896,24.645,0.669,9.413,64.8,148,Qwen2.5-7B-Instruct-Q4_K_M,llama.cpp,finegrained_gpu_emc
2026-05-23T21:22:21.150530,GPU408_CPU1036,408,1036,3199,408,3199,p512_o1024,512,1024,mixed,1,82.07807003054768,72.74363746188183,14483.884674031287,198,13.670365682695735,497.183,34.288,35.492,2.5110252525252523,0.39824370503416245,24.364,0.605,9.319,64.7,29,Qwen2.5-7B-Instruct-Q4_K_M,llama.cpp,finegrained_gpu_emc
2026-05-23T21:23:37.719911,GPU408_CPU1036,408,1036,3199,408,3199,p512_o1024,512,1024,mixed,2,80.99365804810077,76.03241489947442,75737.25452506915,996,13.150727554697966,2572.706,34.766,35.583,2.583038152610442,0.3871410102825585,24.669,0.669,9.429,64.8,148,Qwen2.5-7B-Instruct-Q4_K_M,llama.cpp,finegrained_gpu_emc
2026-05-23T21:23:48.163410,GPU408_CPU1036,408,1036,3199,408,3199,p1024_o128,1024,128,mixed,0,580.5578149156645,71.25884207885889,9630.94447995536,128,13.290492979832159,329.615,34.696,35.992,2.5751171875,0.3883318416940976,24.644,0.693,9.359,64.7,19,Qwen2.5-7B-Instruct-Q4_K_M,llama.cpp,finegrained_gpu_emc
2026-05-23T21:23:58.094512,GPU408_CPU1036,408,1036,3199,408,3199,p1024_o128,1024,128,mixed,1,81.37191098649055,71.15906307118117,9119.082065997645,128,14.036500502311966,309.631,34.403,35.593,2.4189921875,0.4133952995662579,24.395,0.621,9.388,64.7,18,Qwen2.5-7B-Instruct-Q4_K_M,llama.cpp,finegrained_gpu_emc
2026-05-23T21:24:08.030453,GPU408_CPU1036,408,1036,3199,408,3199,p1024_o128,1024,128,mixed,2,81.27009798772633,71.19746434623302,9123.852638993412,128,14.029161261653343,311.154,34.573,35.492,2.430890625,0.4113718608791788,24.392,0.798,9.382,64.6,18,Qwen2.5-7B-Instruct-Q4_K_M,llama.cpp,finegrained_gpu_emc
2026-05-23T21:24:15.454779,GPU408_CPU1036,408,1036,3199,408,3199,p1024_o512,1024,512,mixed,0,81.2831650255248,70.98466087936086,6612.716706003994,92,13.912587532514271,233.646,33.378,35.593,2.5396304347826084,0.39375807846057714,23.466,0.684,9.228,64.5,14,Qwen2.5-7B-Instruct-Q4_K_M,llama.cpp,finegrained_gpu_emc
2026-05-23T21:24:26.178994,GPU408_CPU1036,408,1036,3199,408,3199,p1024_o512,1024,512,mixed,1,81.304079038091,71.2311946927998,9911.637344048359,138,13.923027569492831,342.876,34.288,35.593,2.484608695652174,0.40247786371749555,24.311,0.579,9.398,64.5,20,Qwen2.5-7B-Instruct-Q4_K_M,llama.cpp,finegrained_gpu_emc
2026-05-23T21:25:04.155771,GPU408_CPU1036,408,1036,3199,408,3199,p1024_o512,1024,512,mixed,2,81.42837509512901,72.54928017992876,37156.08882100787,512,13.779706536564142,1274.792,34.926,35.492,2.489828125,0.40163414894351396,24.816,0.645,9.465,64.6,73,Qwen2.5-7B-Instruct-Q4_K_M,llama.cpp,finegrained_gpu_emc
2026-05-23T21:26:21.089645,GPU408_CPU1036,408,1036,3199,408,3199,p1024_o1024,1024,1024,mixed,0,81.901540979743,74.30564762864222,76100.74225708377,1024,13.455847730639999,2584.11,34.686,35.593,2.523544921875,0.3962679607292259,24.595,0.686,9.406,64.6,149,Qwen2.5-7B-Instruct-Q4_K_M,llama.cpp,finegrained_gpu_emc
2026-05-23T21:27:38.094540,GPU408_CPU1036,408,1036,3199,408,3199,p1024_o1024,1024,1024,mixed,1,82.2970139561221,74.37479921310725,76171.89317091834,1024,13.443278844367136,2581.47,34.651,35.492,2.520966796875,0.3966732133241913,24.579,0.664,9.408,64.6,149,Qwen2.5-7B-Instruct-Q4_K_M,llama.cpp,finegrained_gpu_emc
2026-05-23T21:28:55.002720,GPU408_CPU1036,408,1036,3199,408,3199,p1024_o1024,1024,1024,mixed,2,82.28598604910076,77.85794706456936,76075.65574499313,977,12.842478851249345,2584.538,34.692,35.593,2.645381780962129,0.37801727039803634,24.588,0.688,9.415,64.6,149,Qwen2.5-7B-Instruct-Q4_K_M,llama.cpp,finegrained_gpu_emc
2026-05-23T21:29:06.240875,GPU408_CPU1036,408,1036,3199,408,3199,p2048_o128,2048,128,mixed,0,1177.1538860630244,72.81738629850639,10425.492175039835,128,12.277597819933227,362.256,34.501,35.791,2.830125,0.3533412835122124,24.674,0.627,9.2,64.6,21,Qwen2.5-7B-Instruct-Q4_K_M,llama.cpp,finegrained_gpu_emc
2026-05-23T21:29:16.375573,GPU408_CPU1036,408,1036,3199,408,3199,p2048_o128,2048,128,mixed,1,83.09497602749616,72.74653387391632,9322.431295062415,128,13.730323769486468,323.999,34.105,35.492,2.5312421875,0.3950629477251473,24.139,0.672,9.294,64.6,19,Qwen2.5-7B-Instruct-Q4_K_M,llama.cpp,finegrained_gpu_emc
2026-05-23T21:29:26.510111,GPU408_CPU1036,408,1036,3199,408,3199,p2048_o128,2048,128,mixed,2,83.04923702962697,72.74525331454278,9322.229068959132,128,13.7306216199096,323.26,34.027,35.492,2.52546875,0.39596609540308114,24.14,0.588,9.3,64.5,19,Qwen2.5-7B-Instruct-Q4_K_M,llama.cpp,finegrained_gpu_emc
2026-05-23T21:30:05.100537,GPU408_CPU1036,408,1036,3199,408,3199,p2048_o512,2048,512,mixed,0,83.08547991327941,73.74626590411039,37769.459794973955,512,13.555925945971108,1292.606,34.935,35.593,2.52462109375,0.39609904332797463,24.834,0.647,9.454,64.7,74,Qwen2.5-7B-Instruct-Q4_K_M,llama.cpp,finegrained_gpu_emc
2026-05-23T21:30:43.584936,GPU408_CPU1036,408,1036,3199,408,3199,p2048_o512,2048,512,mixed,1,88.25540903490037,73.52945587662488,37663.6547150556,512,13.594007375904868,1295.427,35.012,35.492,2.530130859375,0.3952364741509943,24.874,0.685,9.453,64.7,74,Qwen2.5-7B-Instruct-Q4_K_M,llama.cpp,finegrained_gpu_emc
2026-05-23T21:31:22.171929,GPU408_CPU1036,408,1036,3199,408,3199,p2048_o512,2048,512,mixed,2,88.28083996195346,74.01876059733148,37765.84805198945,510,13.50426446926124,1293.832,34.968,35.492,2.5369254901960785,0.3941779149070358,24.873,0.642,9.454,64.8,74,Qwen2.5-7B-Instruct-Q4_K_M,llama.cpp,finegrained_gpu_emc
2026-05-23T21:31:34.338250,GPU510_CPU1036,510,1036,3199,510,3199,p64_o64,64,64,decode,0,60.39983301889151,58.859818666759466,3768.8318910077214,64,16.981388889406656,149.837,37.459,39.289,2.341203125,0.42713081548616166,26.941,0.748,9.77,64.6,8,Qwen2.5-7B-Instruct-Q4_K_M,llama.cpp,finegrained_gpu_emc
2026-05-23T21:31:38.918324,GPU510_CPU1036,510,1036,3199,510,3199,p64_o64,64,64,decode,1,60.31445600092411,58.87091546023767,3769.4674999220297,64,16.978525481735502,145.889,36.472,39.289,2.279515625,0.43868968873595676,26.142,0.698,9.632,64.6,8,Qwen2.5-7B-Instruct-Q4_K_M,llama.cpp,finegrained_gpu_emc
2026-05-23T21:31:43.498484,GPU510_CPU1036,510,1036,3199,510,3199,p64_o64,64,64,decode,2,60.460082022473216,58.86917953963377,3769.4816190050915,64,16.978461886462792,145.802,36.45,39.389,2.27815625,0.4389514547125554,26.095,0.698,9.657,64.6,8,Qwen2.5-7B-Instruct-Q4_K_M,llama.cpp,finegrained_gpu_emc
2026-05-23T21:31:51.863832,GPU510_CPU1036,510,1036,3199,510,3199,p128_o128,128,128,decode,0,60.37531292531639,58.997691417384274,7553.5895029315725,128,16.945585929752045,283.473,37.796,39.676,2.2146328125,0.45154212217742073,27.378,0.585,9.833,64.7,15,Qwen2.5-7B-Instruct-Q4_K_M,llama.cpp,finegrained_gpu_emc
2026-05-23T21:32:00.230467,GPU510_CPU1036,510,1036,3199,510,3199,p128_o128,128,128,decode,1,60.461385059170425,59.00825637825361,7555.008206050843,128,16.942403834516576,285.249,38.033,39.676,2.2285078125,0.4487307580394672,27.409,0.745,9.879,64.8,15,Qwen2.5-7B-Instruct-Q4_K_M,llama.cpp,finegrained_gpu_emc
2026-05-23T21:32:08.594186,GPU510_CPU1036,510,1036,3199,510,3199,p128_o128,128,128,decode,2,60.4577970225364,58.98381544801399,7551.903435960412,128,16.949369266361867,284.436,37.925,39.676,2.22215625,0.45001335977161827,27.347,0.692,9.886,64.9,15,Qwen2.5-7B-Instruct-Q4_K_M,llama.cpp,finegrained_gpu_emc
2026-05-23T21:32:18.378823,GPU510_CPU1036,510,1036,3199,510,3199,p128_o512,128,512,decode,0,60.57378894183785,59.81485212828989,8972.479059942998,149,16.60633577460214,343.518,38.169,39.676,2.305489932885906,0.4337472854406465,27.513,0.709,9.946,65.0,18,Qwen2.5-7B-Instruct-Q4_K_M,llama.cpp,finegrained_gpu_emc
2026-05-23T21:32:27.929393,GPU510_CPU1036,510,1036,3199,510,3199,p128_o512,128,512,decode,1,60.48684101551771,59.03220979484079,8738.363920012489,147,16.82237102340662,337.735,37.526,39.688,2.297517006802721,0.4352524908582172,27.055,0.643,9.828,65.1,18,Qwen2.5-7B-Instruct-Q4_K_M,llama.cpp,finegrained_gpu_emc
2026-05-23T21:32:40.747951,GPU510_CPU1036,510,1036,3199,510,3199,p128_o512,128,512,decode,2,60.39061397314072,59.13227773155665,12005.42465003673,202,16.82572719319695,459.526,38.294,39.289,2.274881188118812,0.43958339680453334,27.62,0.698,9.976,65.2,24,Qwen2.5-7B-Instruct-Q4_K_M,llama.cpp,finegrained_gpu_emc
2026-05-23T21:32:56.754106,GPU510_CPU1036,510,1036,3199,510,3199,p256_o256,256,256,decode,0,60.42951706331223,59.33658235669866,15192.28797906544,256,16.8506547764735,577.656,38.51,39.688,2.25646875,0.4431703297464235,27.872,0.652,9.987,65.4,30,Qwen2.5-7B-Instruct-Q4_K_M,llama.cpp,finegrained_gpu_emc
2026-05-23T21:33:12.769788,GPU510_CPU1036,510,1036,3199,510,3199,p256_o256,256,256,decode,1,64.55315893981606,59.357096082256994,15201.628763927147,256,16.84030073195036,578.218,38.548,39.289,2.2586640625,0.4427395895665649,27.846,0.678,10.024,65.5,30,Qwen2.5-7B-Instruct-Q4_K_M,llama.cpp,finegrained_gpu_emc
2026-05-23T21:33:28.779741,GPU510_CPU1036,510,1036,3199,510,3199,p256_o256,256,256,decode,2,64.47180709801614,59.33532711739341,15195.940712001175,256,16.846604290698565,578.322,38.555,39.676,2.2590703125,0.44265997143459873,27.86,0.705,9.99,65.6,30,Qwen2.5-7B-Instruct-Q4_K_M,llama.cpp,finegrained_gpu_emc
2026-05-23T21:33:37.151334,GPU510_CPU1036,510,1036,3199,510,3199,p512_o128,512,128,decode,0,65.55116502568126,58.999197369654055,7558.943810989149,128,16.93358268041553,285.776,38.103,39.688,2.232625,0.44790325289737415,27.486,0.692,9.926,65.7,15,Qwen2.5-7B-Instruct-Q4_K_M,llama.cpp,finegrained_gpu_emc
2026-05-23T21:33:45.513862,GPU510_CPU1036,510,1036,3199,510,3199,p512_o128,512,128,decode,1,60.52385305520147,58.97558806280745,7550.920997979119,128,16.95157452107592,284.484,37.931,39.688,2.22253125,0.44993743057606056,27.38,0.638,9.913,65.6,15,Qwen2.5-7B-Instruct-Q4_K_M,llama.cpp,finegrained_gpu_emc
2026-05-23T21:33:53.875360,GPU510_CPU1036,510,1036,3199,510,3199,p512_o128,512,128,decode,2,60.3469560155645,58.96890818830726,7549.961482989602,128,16.953728875092896,284.672,37.956,39.289,2.224,0.44964028776978415,27.352,0.692,9.913,65.7,15,Qwen2.5-7B-Instruct-Q4_K_M,llama.cpp,finegrained_gpu_emc
2026-05-23T21:34:25.819501,GPU510_CPU1036,510,1036,3199,510,3199,p512_o512,512,512,decode,0,60.39440701715648,60.78827901950212,31125.23649004288,512,16.449674210950697,1175.924,38.555,39.289,2.2967265625,0.4354022879029597,27.89,0.687,9.978,65.9,61,Qwen2.5-7B-Instruct-Q4_K_M,llama.cpp,finegrained_gpu_emc
2026-05-23T21:34:58.675627,GPU510_CPU1036,510,1036,3199,510,3199,p512_o512,512,512,decode,1,65.10058511048555,60.77645663007977,31123.845364083536,512,16.450409453288202,1100.505,38.614,39.788,2.149423828125,0.4652409575603927,27.886,0.721,10.007,66.1,57,Qwen2.5-7B-Instruct-Q4_K_M,llama.cpp,finegrained_gpu_emc
2026-05-23T21:35:30.627812,GPU510_CPU1036,510,1036,3199,510,3199,p512_o512,512,512,decode,2,64.98838006518781,60.7965153953199,31133.973267977126,512,16.44505812326299,1058.0,38.473,39.688,2.06640625,0.4839319470699433,27.786,0.733,9.954,66.2,55,Qwen2.5-7B-Instruct-Q4_K_M,llama.cpp,finegrained_gpu_emc
2026-05-23T21:36:34.731503,GPU510_CPU1036,510,1036,3199,510,3199,p512_o1024,512,1024,decode,0,65.03012403845787,61.78482775751662,63274.921654956415,1024,16.18334678601358,2378.472,38.362,39.776,2.3227265625,0.4305285073778459,27.656,0.74,9.966,66.4,124,Qwen2.5-7B-Instruct-Q4_K_M,llama.cpp,finegrained_gpu_emc
2026-05-23T21:36:49.164933,GPU510_CPU1036,510,1036,3199,510,3199,p512_o1024,512,1024,decode,1,65.16391900368035,59.18744642985985,13619.569176924415,229,16.81404140066294,521.202,38.608,39.776,2.275991266375546,0.43936899704912874,27.844,0.724,10.04,66.5,27,Qwen2.5-7B-Instruct-Q4_K_M,llama.cpp,finegrained_gpu_emc
2026-05-23T21:37:46.191446,GPU510_CPU1036,510,1036,3199,510,3199,p512_o1024,512,1024,decode,2,60.338270966894925,61.55412691774646,56199.86545306165,912,16.227796857658067,2118.874,38.525,39.776,2.3233267543859646,0.4304172876726035,27.765,0.751,10.009,66.7,110,Qwen2.5-7B-Instruct-Q4_K_M,llama.cpp,finegrained_gpu_emc
2026-05-23T21:37:54.573910,GPU510_CPU1036,510,1036,3199,510,3199,p1024_o128,1024,128,decode,0,65.20283594727516,59.093791810891,7570.613294956274,128,16.907480941507963,286.832,38.244,40.675,2.240875,0.44625425336085234,27.427,0.825,9.993,66.7,15,Qwen2.5-7B-Instruct-Q4_K_M,llama.cpp,finegrained_gpu_emc
2026-05-23T21:38:02.934227,GPU510_CPU1036,510,1036,3199,510,3199,p1024_o128,1024,128,decode,1,60.36583299282938,58.95992776371656,7548.783333972096,128,16.956374866921454,285.579,38.077,39.377,2.2310859375,0.4482122284901901,27.346,0.771,9.96,66.7,15,Qwen2.5-7B-Instruct-Q4_K_M,llama.cpp,finegrained_gpu_emc
2026-05-23T21:38:06.627056,GPU510_CPU1036,510,1036,3199,510,3199,p1024_o128,1024,128,decode,2,60.27271202765405,58.797966701255994,2882.70672399085,48,16.651017462348126,109.132,36.377,39.377,2.2735833333333333,0.43983432906938386,25.936,0.798,9.644,66.6,6,Qwen2.5-7B-Instruct-Q4_K_M,llama.cpp,finegrained_gpu_emc
2026-05-23T21:38:34.653083,GPU510_CPU1036,510,1036,3199,510,3199,p1024_o512,1024,512,decode,0,60.27421494945884,60.45823320762013,27208.45366595313,449,16.5022241069822,1040.74,38.546,39.776,2.3179064587973275,0.431423794607683,27.816,0.739,9.991,66.8,54,Qwen2.5-7B-Instruct-Q4_K_M,llama.cpp,finegrained_gpu_emc
2026-05-23T21:39:06.569382,GPU510_CPU1036,510,1036,3199,510,3199,p1024_o512,1024,512,decode,1,64.91281103808433,60.72520964583947,31097.455435083248,512,16.464369603127608,1180.857,38.717,39.776,2.306361328125,0.43358340595008543,27.965,0.726,10.026,66.9,61,Qwen2.5-7B-Instruct-Q4_K_M,llama.cpp,finegrained_gpu_emc
2026-05-23T21:39:16.659482,GPU510_CPU1036,510,1036,3199,510,3199,p1024_o512,1024,512,decode,2,64.98336000367999,59.05416430304608,9277.58424996864,156,16.814722000560362,360.109,37.906,39.788,2.3083910256410256,0.43320216934317113,27.242,0.756,9.909,66.8,19,Qwen2.5-7B-Instruct-Q4_K_M,llama.cpp,finegrained_gpu_emc
2026-05-23T21:40:20.760031,GPU510_CPU1036,510,1036,3199,510,3199,p1024_o1024,1024,1024,decode,0,60.38328004069626,61.786455694014315,63271.99119201396,1024,16.18409632300693,2383.761,38.448,40.075,2.3278916015625,0.4295732667830374,27.694,0.766,9.988,66.9,124,Qwen2.5-7B-Instruct-Q4_K_M,llama.cpp,finegrained_gpu_emc
2026-05-23T21:40:36.957476,GPU510_CPU1036,510,1036,3199,510,3199,p1024_o1024,1024,1024,decode,1,65.23082207422704,59.36254643570588,15383.224353077821,258,16.77151643103874,593.144,38.267,39.688,2.2990077519379843,0.43497026017290913,27.548,0.734,9.985,66.8,31,Qwen2.5-7B-Instruct-Q4_K_M,llama.cpp,finegrained_gpu_emc
2026-05-23T21:41:41.074923,GPU510_CPU1036,510,1036,3199,510,3199,p1024_o1024,1024,1024,decode,2,64.43912500981241,61.79905496776661,63288.89718197752,1024,16.179773160774868,2384.476,38.459,39.776,2.32858984375,0.4294444565598479,27.685,0.775,9.999,66.8,124,Qwen2.5-7B-Instruct-Q4_K_M,llama.cpp,finegrained_gpu_emc
2026-05-23T21:41:49.447348,GPU510_CPU1036,510,1036,3199,510,3199,p2048_o128,2048,128,decode,0,65.19230804406106,59.01437857477948,7560.582916019484,128,16.929911545416896,287.026,38.27,39.776,2.242390625,0.44595263146892616,27.506,0.771,9.993,66.6,15,Qwen2.5-7B-Instruct-Q4_K_M,llama.cpp,finegrained_gpu_emc
2026-05-23T21:41:57.807758,GPU510_CPU1036,510,1036,3199,510,3199,p2048_o128,2048,128,decode,1,60.278609045781195,58.96203790509003,7548.949187039398,128,16.956002329405,286.726,38.23,39.776,2.240046875,0.4464192295083111,27.532,0.692,10.006,66.6,15,Qwen2.5-7B-Instruct-Q4_K_M,llama.cpp,finegrained_gpu_emc
2026-05-23T21:42:06.169420,GPU510_CPU1036,510,1036,3199,510,3199,p2048_o128,2048,128,decode,2,60.2943510748446,58.97132440939487,7550.1418500207365,128,16.953323863663364,286.227,38.164,39.776,2.2361484375,0.4471975040789304,27.479,0.718,9.966,66.6,15,Qwen2.5-7B-Instruct-Q4_K_M,llama.cpp,finegrained_gpu_emc
2026-05-23T21:42:38.074472,GPU510_CPU1036,510,1036,3199,510,3199,p2048_o512,2048,512,decode,0,60.23124698549509,60.71212260078077,31086.14190807566,512,16.47036166514414,1183.22,38.794,40.175,2.3109765625,0.43271749970419704,27.998,0.759,10.038,66.6,61,Qwen2.5-7B-Instruct-Q4_K_M,llama.cpp,finegrained_gpu_emc
2026-05-23T21:43:09.997248,GPU510_CPU1036,510,1036,3199,510,3199,p2048_o512,2048,512,decode,1,65.03284501377493,60.73771422107407,31103.96175296046,512,16.460925590974536,1181.508,38.738,39.776,2.3076328125,0.43334450549636566,27.971,0.733,10.034,66.6,61,Qwen2.5-7B-Instruct-Q4_K_M,llama.cpp,finegrained_gpu_emc
2026-05-23T21:43:41.905255,GPU510_CPU1036,510,1036,3199,510,3199,p2048_o512,2048,512,decode,2,64.9184409994632,60.708698072313986,31089.018721017055,512,16.468837585210547,1182.41,38.768,39.776,2.30939453125,0.4330139291785421,27.978,0.759,10.031,66.6,61,Qwen2.5-7B-Instruct-Q4_K_M,llama.cpp,finegrained_gpu_emc
2026-05-23T21:43:46.534677,GPU510_CPU1036,510,1036,3199,510,3199,p64_o64,64,64,mixed,0,102.05494007095695,58.99009150674655,3818.7068899860606,64,16.759600001725616,147.764,36.941,39.776,2.3088125,0.43312308816761863,26.436,0.798,9.707,66.4,8,Qwen2.5-7B-Instruct-Q4_K_M,llama.cpp,finegrained_gpu_emc
2026-05-23T21:43:51.111592,GPU510_CPU1036,510,1036,3199,510,3199,p64_o64,64,64,mixed,1,60.478263068944216,58.81988419042457,3766.3954730378464,64,16.992373864654148,147.13,36.783,39.788,2.29890625,0.43498946509889214,26.29,0.798,9.694,66.4,8,Qwen2.5-7B-Instruct-Q4_K_M,llama.cpp,finegrained_gpu_emc
2026-05-23T21:43:55.691164,GPU510_CPU1036,510,1036,3199,510,3199,p64_o64,64,64,mixed,2,60.52997300866991,58.86178414174725,3769.0892789978534,64,16.980229244401627,147.225,36.806,39.688,2.300390625,0.43470877907964,26.339,0.798,9.669,66.3,8,Qwen2.5-7B-Instruct-Q4_K_M,llama.cpp,finegrained_gpu_emc
2026-05-23T21:44:03.159110,GPU510_CPU1036,510,1036,3199,510,3199,p128_o128,128,128,mixed,0,110.1228219922632,58.97618808190931,6656.58382489346,111,16.67522004078069,259.768,37.11,39.776,2.340252252252252,0.42730436389393617,26.682,0.684,9.744,66.3,14,Qwen2.5-7B-Instruct-Q4_K_M,llama.cpp,finegrained_gpu_emc
2026-05-23T21:44:11.521377,GPU510_CPU1036,510,1036,3199,510,3199,p128_o128,128,128,mixed,1,60.75799698010087,58.97360939374853,7550.9072409477085,128,16.951605405224765,285.746,38.1,39.688,2.232390625,0.4479502775191954,27.482,0.665,9.953,66.3,15,Qwen2.5-7B-Instruct-Q4_K_M,llama.cpp,finegrained_gpu_emc
2026-05-23T21:44:15.568046,GPU510_CPU1036,510,1036,3199,510,3199,p128_o128,128,128,mixed,2,60.818794067017734,58.80269469728447,3236.4099570550025,54,16.685154450932952,125.54,35.868,39.377,2.324814814814815,0.4301417874780946,25.655,0.627,9.586,66.2,7,Qwen2.5-7B-Instruct-Q4_K_M,llama.cpp,finegrained_gpu_emc
2026-05-23T21:44:22.034062,GPU510_CPU1036,510,1036,3199,510,3199,p128_o512,128,512,mixed,0,60.72951597161591,58.88462404254824,5654.8722320003435,95,16.799672229976252,222.072,37.012,39.776,2.3376,0.4277891854893908,26.57,0.698,9.744,66.2,12,Qwen2.5-7B-Instruct-Q4_K_M,llama.cpp,finegrained_gpu_emc
2026-05-23T21:44:53.977840,GPU510_CPU1036,510,1036,3199,510,3199,p128_o512,128,512,mixed,1,60.76980195939541,60.78675424465053,31124.79694490321,512,16.4499065136501,1179.911,38.686,39.676,2.304513671875,0.43393103378136144,27.95,0.726,10.01,66.4,61,Qwen2.5-7B-Instruct-Q4_K_M,llama.cpp,finegrained_gpu_emc
2026-05-23T21:45:25.918489,GPU510_CPU1036,510,1036,3199,510,3199,p128_o512,128,512,mixed,2,65.4484269907698,60.77182328181775,31121.836407925002,512,16.451471349217105,1181.322,38.732,39.788,2.30726953125,0.43341273590096524,27.967,0.746,10.02,66.4,61,Qwen2.5-7B-Instruct-Q4_K_M,llama.cpp,finegrained_gpu_emc
2026-05-23T21:45:42.314936,GPU510_CPU1036,510,1036,3199,510,3199,p256_o256,256,256,mixed,0,147.32674800325185,60.52651969012896,15582.56361191161,256,16.42861895999633,596.032,38.454,39.289,2.32825,0.4295071405562117,27.747,0.772,9.934,66.4,31,Qwen2.5-7B-Instruct-Q4_K_M,llama.cpp,finegrained_gpu_emc
2026-05-23T21:45:58.623052,GPU510_CPU1036,510,1036,3199,510,3199,p256_o256,256,256,mixed,1,65.6175990588963,60.49914106671863,15493.880624999292,256,16.52265214867768,594.8,38.374,39.788,2.3234375,0.43039677202420984,27.71,0.721,9.944,66.4,31,Qwen2.5-7B-Instruct-Q4_K_M,llama.cpp,finegrained_gpu_emc
2026-05-23T21:46:04.033820,GPU510_CPU1036,510,1036,3199,510,3199,p256_o256,256,256,mixed,2,65.69017097353935,58.883704000005594,4599.845510907471,77,16.739692630418194,181.165,36.233,39.788,2.352792207792208,0.42502690917119756,25.862,0.758,9.613,66.2,10,Qwen2.5-7B-Instruct-Q4_K_M,llama.cpp,finegrained_gpu_emc
2026-05-23T21:46:12.845118,GPU510_CPU1036,510,1036,3199,510,3199,p512_o128,512,128,mixed,0,263.6965629644692,60.90868662998784,7999.603079981171,128,16.000793879425988,304.618,38.077,39.277,2.379828125,0.42019841243787304,27.508,0.773,9.796,66.3,16,Qwen2.5-7B-Instruct-Q4_K_M,llama.cpp,finegrained_gpu_emc
2026-05-23T21:46:16.026965,GPU510_CPU1036,510,1036,3199,510,3199,p512_o128,512,128,mixed,1,65.51791809033602,60.68861680860455,2371.685090009123,38,16.022363238727376,88.442,35.377,39.177,2.327421052631579,0.42966011623436834,25.297,0.718,9.362,66.1,5,Qwen2.5-7B-Instruct-Q4_K_M,llama.cpp,finegrained_gpu_emc
2026-05-23T21:46:24.632672,GPU510_CPU1036,510,1036,3199,510,3199,p512_o128,512,128,mixed,2,65.47209504060447,60.84398925212747,7793.167837080546,128,16.42464305605806,299.91,37.489,39.277,2.343046875,0.42679470507819006,26.988,0.723,9.777,66.1,16,Qwen2.5-7B-Instruct-Q4_K_M,llama.cpp,finegrained_gpu_emc
2026-05-23T21:46:29.639349,GPU510_CPU1036,510,1036,3199,510,3199,p512_o512,512,512,mixed,0,64.54091798514128,60.75471913469816,4195.9258450660855,68,16.206196799202253,163.264,36.281,39.676,2.4009411764705884,0.4165033320266562,25.983,0.754,9.544,66.1,9,Qwen2.5-7B-Instruct-Q4_K_M,llama.cpp,finegrained_gpu_emc
2026-05-23T21:47:01.594345,GPU510_CPU1036,510,1036,3199,510,3199,p512_o512,512,512,mixed,1,64.41980099771172,60.80142114290497,31135.939362924546,512,16.44401969158732,1182.317,38.764,39.676,2.309212890625,0.4330479896677456,27.998,0.752,10.015,66.3,61,Qwen2.5-7B-Instruct-Q4_K_M,llama.cpp,finegrained_gpu_emc
2026-05-23T21:47:33.521694,GPU510_CPU1036,510,1036,3199,510,3199,p512_o512,512,512,mixed,2,69.17840801179409,60.738225087957225,31108.37289795745,512,16.458591443515115,1182.828,38.781,39.289,2.3102109375,0.43286090623488793,27.988,0.765,10.028,66.3,61,Qwen2.5-7B-Instruct-Q4_K_M,llama.cpp,finegrained_gpu_emc
2026-05-23T21:48:38.043135,GPU510_CPU1036,510,1036,3199,510,3199,p512_o1024,512,1024,mixed,0,69.14351799059659,62.18916954739404,63692.72270507645,1024,16.07718992861307,2397.903,38.366,39.289,2.3417021484375,0.42703979268552567,27.66,0.747,9.96,66.4,125,Qwen2.5-7B-Instruct-Q4_K_M,llama.cpp,finegrained_gpu_emc
2026-05-23T21:48:50.737109,GPU510_CPU1036,510,1036,3199,510,3199,p512_o1024,512,1024,mixed,1,69.17478202376515,60.889933497157585,11880.819931044243,194,16.32883934997479,455.006,37.917,39.289,2.3453917525773194,0.4263680039384096,27.389,0.665,9.863,66.3,24,Qwen2.5-7B-Instruct-Q4_K_M,llama.cpp,finegrained_gpu_emc
2026-05-23T21:49:55.269183,GPU510_CPU1036,510,1036,3199,510,3199,p512_o1024,512,1024,mixed,2,68.63233202602714,62.199917212124085,63703.256058041006,1024,16.074531560318015,2397.79,38.365,39.289,2.341591796875,0.42705991767419166,27.635,0.763,9.966,66.4,125,Qwen2.5-7B-Instruct-Q4_K_M,llama.cpp,finegrained_gpu_emc
2026-05-23T21:50:04.169208,GPU510_CPU1036,510,1036,3199,510,3199,p1024_o128,1024,128,mixed,0,517.1143909683451,59.610440094192604,8088.154942030087,128,15.825611764043757,306.819,38.352,39.776,2.3970234375,0.41718407269432467,27.758,0.723,9.871,66.3,16,Qwen2.5-7B-Instruct-Q4_K_M,llama.cpp,finegrained_gpu_emc
2026-05-23T21:50:12.613914,GPU510_CPU1036,510,1036,3199,510,3199,p1024_o128,1024,128,mixed,1,69.1389690618962,59.55562610215852,7633.220702991821,128,16.768806376819516,285.878,38.117,39.776,2.233421875,0.4477434430071569,27.479,0.665,9.973,66.3,15,Qwen2.5-7B-Instruct-Q4_K_M,llama.cpp,finegrained_gpu_emc
2026-05-23T21:50:21.062005,GPU510_CPU1036,510,1036,3199,510,3199,p1024_o128,1024,128,mixed,2,69.12524905055761,59.581927716820026,7636.543350992724,128,16.76151029553973,286.242,38.166,39.788,2.236265625,0.4471740694936452,27.488,0.718,9.96,66.3,15,Qwen2.5-7B-Instruct-Q4_K_M,llama.cpp,finegrained_gpu_emc
2026-05-23T21:50:53.030870,GPU510_CPU1036,510,1036,3199,510,3199,p1024_o512,1024,512,mixed,0,69.01912996545434,60.8197125577078,31149.932277039625,512,16.436632845503528,1182.99,38.787,39.776,2.31052734375,0.4328016297686371,28.021,0.72,10.046,66.4,61,Qwen2.5-7B-Instruct-Q4_K_M,llama.cpp,finegrained_gpu_emc
2026-05-23T21:51:25.012822,GPU510_CPU1036,510,1036,3199,510,3199,p1024_o512,1024,512,mixed,1,69.57944401074201,60.84453520536379,31163.118519005366,512,16.429677911976235,1184.106,38.823,39.788,2.31270703125,0.4323937215080407,28.007,0.765,10.051,66.4,61,Qwen2.5-7B-Instruct-Q4_K_M,llama.cpp,finegrained_gpu_emc
2026-05-23T21:51:57.033908,GPU510_CPU1036,510,1036,3199,510,3199,p1024_o512,1024,512,mixed,2,69.668835029006,60.92088840698637,31202.22806802485,512,16.409084597541383,1180.79,38.714,39.788,2.30623046875,0.4336080081979014,27.943,0.726,10.046,66.4,61,Qwen2.5-7B-Instruct-Q4_K_M,llama.cpp,finegrained_gpu_emc
2026-05-23T21:52:06.209016,GPU510_CPU1036,510,1036,3199,510,3199,p1024_o1024,1024,1024,mixed,0,69.54428099561483,59.662991080203675,8363.203527056612,139,16.620425360964564,323.886,38.104,39.788,2.3301151079136693,0.4291633475976115,27.401,0.798,9.905,66.3,17,Qwen2.5-7B-Instruct-Q4_K_M,llama.cpp,finegrained_gpu_emc
2026-05-23T21:52:54.657448,GPU510_CPU1036,510,1036,3199,510,3199,p1024_o1024,1024,1024,mixed,1,69.09067404922098,61.75742176847632,47624.74465998821,770,16.168065687224843,1796.793,38.641,39.688,2.3334974025974025,0.4285412955192947,27.864,0.768,10.009,66.5,93,Qwen2.5-7B-Instruct-Q4_K_M,llama.cpp,finegrained_gpu_emc
2026-05-23T21:53:59.412901,GPU510_CPU1036,510,1036,3199,510,3199,p1024_o1024,1024,1024,mixed,2,69.64223692193627,62.41687821606238,63926.439125905745,1024,16.018411380355317,2393.143,38.29,39.688,2.3370537109375,0.42788918171626183,27.549,0.772,9.969,66.4,125,Qwen2.5-7B-Instruct-Q4_K_M,llama.cpp,finegrained_gpu_emc
2026-05-23T21:54:09.039943,GPU510_CPU1036,510,1036,3199,510,3199,p2048_o128,2048,128,mixed,0,1074.011521995999,60.94531427544549,8814.633784000762,128,14.52130662902069,338.802,37.645,39.277,2.646890625,0.3778017839327985,27.202,0.776,9.667,66.2,18,Qwen2.5-7B-Instruct-Q4_K_M,llama.cpp,finegrained_gpu_emc
2026-05-23T21:54:17.652698,GPU510_CPU1036,510,1036,3199,510,3199,p2048_o128,2048,128,mixed,1,70.65254193730652,60.86639565412014,7801.220777910203,128,16.407688443127068,300.398,37.55,39.688,2.346859375,0.42610137217957506,26.962,0.748,9.84,66.2,16,Qwen2.5-7B-Instruct-Q4_K_M,llama.cpp,finegrained_gpu_emc
2026-05-23T21:54:26.261170,GPU510_CPU1036,510,1036,3199,510,3199,p2048_o128,2048,128,mixed,2,70.62093203421682,60.82956472459418,7796.513527981006,128,16.417594805757624,301.233,37.654,39.776,2.3533828125,0.4249202444619281,27.16,0.673,9.821,66.2,16,Qwen2.5-7B-Instruct-Q4_K_M,llama.cpp,finegrained_gpu_emc
2026-05-23T21:54:58.681362,GPU510_CPU1036,510,1036,3199,510,3199,p2048_o512,2048,512,mixed,0,70.60500106308609,61.700291420631984,31601.483777048998,512,16.20177089190498,1201.414,38.755,39.676,2.34651171875,0.4261645028275016,28.024,0.708,10.023,66.3,62,Qwen2.5-7B-Instruct-Q4_K_M,llama.cpp,finegrained_gpu_emc
2026-05-23T21:55:31.117854,GPU510_CPU1036,510,1036,3199,510,3199,p2048_o512,2048,512,mixed,1,75.51404007244855,61.72175133653685,31617.3564910423,512,16.193637192440733,1203.196,38.813,39.676,2.3499921875,0.42553332956559037,28.048,0.746,10.018,66.3,62,Qwen2.5-7B-Instruct-Q4_K_M,llama.cpp,finegrained_gpu_emc
2026-05-23T21:56:03.555418,GPU510_CPU1036,510,1036,3199,510,3199,p2048_o512,2048,512,mixed,2,75.35638497211039,61.72453117813849,31618.653794983402,512,16.192972772333327,1202.994,38.806,39.676,2.34959765625,0.425604782733746,28.054,0.727,10.025,66.3,62,Qwen2.5-7B-Instruct-Q4_K_M,llama.cpp,finegrained_gpu_emc
2026-05-23T21:56:14.800884,GPU612_CPU1036,612,1036,3199,612,3199,p64_o64,64,64,decode,0,53.05729398969561,51.65199909566177,3307.40098899696,64,19.350541471359165,142.668,40.762,42.884,2.2291875,0.4485939383744077,29.815,0.684,10.263,65.9,7,Qwen2.5-7B-Instruct-Q4_K_M,llama.cpp,finegrained_gpu_emc
2026-05-23T21:56:18.918369,GPU612_CPU1036,612,1036,3199,612,3199,p64_o64,64,64,decode,1,53.124221973121166,51.645064016892796,3307.0487990044057,64,19.35260224139037,138.44,39.554,42.573,2.163125,0.4622941346431667,28.725,0.741,10.089,66.0,7,Qwen2.5-7B-Instruct-Q4_K_M,llama.cpp,finegrained_gpu_emc
2026-05-23T21:56:23.036115,GPU612_CPU1036,612,1036,3199,612,3199,p64_o64,64,64,decode,2,52.987977978773415,51.65528201697661,3307.535136002116,64,19.349756652126782,137.972,39.421,42.46,2.1558125,0.46386223291682366,28.662,0.684,10.074,66.0,7,Qwen2.5-7B-Instruct-Q4_K_M,llama.cpp,finegrained_gpu_emc
2026-05-23T21:56:30.480374,GPU612_CPU1036,612,1036,3199,612,3199,p128_o128,128,128,decode,0,53.000794956460595,51.80560014170309,6632.806617999449,128,19.29801475783213,282.052,40.293,44.27,2.20353125,0.4538170266475685,29.213,0.883,10.196,66.2,14,Qwen2.5-7B-Instruct-Q4_K_M,llama.cpp,finegrained_gpu_emc
2026-05-23T21:56:37.918461,GPU612_CPU1036,612,1036,3199,612,3199,p128_o128,128,128,decode,1,53.078209049999714,51.757594031523766,6626.78709498141,128,19.315544345303746,279.484,39.926,43.383,2.18346875,0.4579868615019107,29.132,0.655,10.139,66.2,14,Qwen2.5-7B-Instruct-Q4_K_M,llama.cpp,finegrained_gpu_emc
2026-05-23T21:56:45.359832,GPU612_CPU1036,612,1036,3199,612,3199,p128_o128,128,128,decode,2,53.10035403817892,51.78309362161699,6630.044137011282,128,19.306055488448127,281.42,40.203,43.271,2.19859375,0.4548361879042001,29.33,0.77,10.103,66.3,14,Qwen2.5-7B-Instruct-Q4_K_M,llama.cpp,finegrained_gpu_emc
2026-05-23T21:57:13.558436,GPU612_CPU1036,612,1036,3199,612,3199,p128_o512,128,512,decode,0,53.051461931318045,53.47509280238082,27380.835609976202,512,18.699210180914015,1125.061,41.669,43.085,2.197384765625,0.45508643531328524,30.557,0.746,10.365,66.6,54,Qwen2.5-7B-Instruct-Q4_K_M,llama.cpp,finegrained_gpu_emc
2026-05-23T21:57:32.422559,GPU612_CPU1036,612,1036,3199,612,3199,p128_o512,128,512,decode,1,57.47763405088335,52.75511340279242,18048.905855044723,341,18.89311201125743,746.257,41.459,42.984,2.1884369501466274,0.456947137514288,30.326,0.776,10.357,66.8,36,Qwen2.5-7B-Instruct-Q4_K_M,llama.cpp,finegrained_gpu_emc
2026-05-23T21:57:59.241733,GPU612_CPU1036,612,1036,3199,612,3199,p128_o512,128,512,decode,2,57.10116808768362,53.3792825298115,26001.766752102412,486,18.691037598847153,1064.416,41.742,42.984,2.190156378600823,0.45658840152722246,30.585,0.751,10.406,67.0,51,Qwen2.5-7B-Instruct-Q4_K_M,llama.cpp,finegrained_gpu_emc
2026-05-23T21:58:13.420912,GPU612_CPU1036,612,1036,3199,612,3199,p256_o256,256,256,decode,0,57.45550896972418,52.185226133202804,13365.663327975199,256,19.153557419344494,560.324,41.505,43.384,2.188765625,0.45687852028469245,30.285,0.857,10.363,67.0,27,Qwen2.5-7B-Instruct-Q4_K_M,llama.cpp,finegrained_gpu_emc
2026-05-23T21:58:27.589589,GPU612_CPU1036,612,1036,3199,612,3199,p256_o256,256,256,decode,1,56.993498001247644,52.14615840391785,13355.257797054946,256,19.16848060068539,556.04,41.188,42.872,2.17203125,0.46039853247967777,30.075,0.783,10.33,67.0,27,Qwen2.5-7B-Instruct-Q4_K_M,llama.cpp,finegrained_gpu_emc
2026-05-23T21:58:41.095455,GPU612_CPU1036,612,1036,3199,612,3199,p256_o256,256,256,decode,2,56.925383978523314,51.9975015329782,12692.734210053459,243,19.14481119501647,521.47,41.718,42.984,2.1459670781893005,0.4659903733675954,30.499,0.782,10.437,67.1,25,Qwen2.5-7B-Instruct-Q4_K_M,llama.cpp,finegrained_gpu_emc
2026-05-23T21:58:48.534376,GPU612_CPU1036,612,1036,3199,612,3199,p512_o128,512,128,decode,0,53.18076105322689,51.7600023382028,6627.200810005888,128,19.31433853743241,280.52,40.074,42.972,2.1915625,0.4562954513047198,29.157,0.741,10.176,67.0,14,Qwen2.5-7B-Instruct-Q4_K_M,llama.cpp,finegrained_gpu_emc
2026-05-23T21:58:55.976208,GPU612_CPU1036,612,1036,3199,612,3199,p512_o128,512,128,decode,1,53.10358596034348,51.78596704692294,6630.411776946858,128,19.304985015416474,281.792,40.256,43.085,2.2015,0.4542357483533955,29.305,0.769,10.182,67.0,14,Qwen2.5-7B-Instruct-Q4_K_M,llama.cpp,finegrained_gpu_emc
2026-05-23T21:59:03.422205,GPU612_CPU1036,612,1036,3199,612,3199,p512_o128,512,128,decode,2,54.30470302235335,51.80264396801972,6633.734990959056,128,19.295314053764262,281.131,40.162,42.972,2.1963359375,0.4553037551888622,29.189,0.77,10.203,67.0,14,Qwen2.5-7B-Instruct-Q4_K_M,llama.cpp,finegrained_gpu_emc
2026-05-23T21:59:31.626338,GPU612_CPU1036,612,1036,3199,612,3199,p512_o512,512,512,decode,0,53.18677600007504,53.485619446213505,27386.362183024175,512,18.69543667677668,1127.252,41.75,43.383,2.2016640625,0.4542018998413842,30.594,0.754,10.403,67.2,54,Qwen2.5-7B-Instruct-Q4_K_M,llama.cpp,finegrained_gpu_emc
2026-05-23T21:59:45.591355,GPU612_CPU1036,612,1036,3199,612,3199,p512_o512,512,512,decode,1,57.494053966365755,52.157919988036156,13151.53781499248,251,19.08522056742788,543.908,41.839,42.985,2.166964143426295,0.4614751024070247,30.634,0.752,10.453,67.2,26,Qwen2.5-7B-Instruct-Q4_K_M,llama.cpp,finegrained_gpu_emc
2026-05-23T22:00:13.809993,GPU612_CPU1036,612,1036,3199,612,3199,p512_o512,512,512,decode,2,57.054933975450695,53.50660720344363,27400.91853600461,512,18.685504988719106,1128.334,41.79,42.972,2.20377734375,0.4537663493256429,30.593,0.791,10.406,67.3,54,Qwen2.5-7B-Instruct-Q4_K_M,llama.cpp,finegrained_gpu_emc
2026-05-23T22:00:23.142386,GPU612_CPU1036,612,1036,3199,612,3199,p512_o1024,512,1024,decode,0,57.41568899247795,51.919062931613745,8520.336029934697,163,19.130700881670425,351.962,41.407,43.085,2.159276073619632,0.46311817753052886,30.232,0.774,10.401,67.3,17,Qwen2.5-7B-Instruct-Q4_K_M,llama.cpp,finegrained_gpu_emc
2026-05-23T22:00:48.698770,GPU612_CPU1036,612,1036,3199,612,3199,p512_o1024,512,1024,decode,1,53.16396499983966,53.31438923157848,24739.57427602727,463,18.71495422007518,1022.393,41.73,43.77,2.2081922246220302,0.45285912560042957,30.555,0.79,10.386,67.4,49,Qwen2.5-7B-Instruct-Q4_K_M,llama.cpp,finegrained_gpu_emc
2026-05-23T22:01:08.927350,GPU612_CPU1036,612,1036,3199,612,3199,p512_o1024,512,1024,decode,2,57.649165973998606,52.87934775075122,19413.371831993572,366,18.852984590591607,796.412,41.916,43.284,2.1759890710382517,0.4595611316755649,30.727,0.756,10.433,67.4,38,Qwen2.5-7B-Instruct-Q4_K_M,llama.cpp,finegrained_gpu_emc
2026-05-23T22:01:16.376084,GPU612_CPU1036,612,1036,3199,612,3199,p1024_o128,1024,128,decode,0,57.0446930360049,51.80930862969565,6637.322862050496,128,19.28488377924958,281.507,40.215,43.396,2.1992734375,0.4546956203575755,29.249,0.769,10.197,67.3,14,Qwen2.5-7B-Instruct-Q4_K_M,llama.cpp,finegrained_gpu_emc
2026-05-23T22:01:23.816634,GPU612_CPU1036,612,1036,3199,612,3199,p1024_o128,1024,128,decode,1,53.046492976136506,51.776546818996216,6629.168616025709,128,19.308605258669377,281.167,40.167,43.271,2.1966171875,0.45524545910437575,29.33,0.684,10.153,67.3,14,Qwen2.5-7B-Instruct-Q4_K_M,llama.cpp,finegrained_gpu_emc
2026-05-23T22:01:31.260783,GPU612_CPU1036,612,1036,3199,612,3199,p1024_o128,1024,128,decode,2,53.055212018080056,51.80500282660332,6632.785807014443,128,19.29807530715597,281.608,40.23,42.972,2.2000625,0.4545325416891566,29.243,0.798,10.189,67.3,14,Qwen2.5-7B-Instruct-Q4_K_M,llama.cpp,finegrained_gpu_emc
2026-05-23T22:01:43.192512,GPU612_CPU1036,612,1036,3199,612,3199,p1024_o512,1024,512,decode,0,53.05654101539403,51.95131691069483,11118.990476010367,213,19.15641536518584,459.456,41.769,42.984,2.1570704225352113,0.4635917258671124,30.527,0.78,10.462,67.4,22,Qwen2.5-7B-Instruct-Q4_K_M,llama.cpp,finegrained_gpu_emc
2026-05-23T22:02:11.366922,GPU612_CPU1036,612,1036,3199,612,3199,p1024_o512,1024,512,decode,1,53.10800299048424,53.42790831510094,27356.71643097885,512,18.71569642839918,1127.272,41.751,42.984,2.201703125,0.4541938414153816,30.546,0.768,10.436,67.4,54,Qwen2.5-7B-Instruct-Q4_K_M,llama.cpp,finegrained_gpu_emc
2026-05-23T22:02:39.577737,GPU612_CPU1036,612,1036,3199,612,3199,p1024_o512,1024,512,decode,2,57.59121000301093,53.49044396688728,27393.189561087638,512,18.690777094730958,1126.562,41.724,42.972,2.20031640625,0.45448009075399315,30.54,0.776,10.408,67.5,54,Qwen2.5-7B-Instruct-Q4_K_M,llama.cpp,finegrained_gpu_emc
2026-05-23T22:02:57.778558,GPU612_CPU1036,612,1036,3199,612,3199,p1024_o1024,1024,1024,decode,0,57.501996983774006,52.664066622283585,17385.97916904837,329,18.92329427069065,712.167,41.892,42.972,2.1646413373860183,0.46197029629286385,30.654,0.786,10.452,67.6,34,Qwen2.5-7B-Instruct-Q4_K_M,llama.cpp,finegrained_gpu_emc
2026-05-23T22:03:54.406923,GPU612_CPU1036,612,1036,3199,612,3199,p1024_o1024,1024,1024,decode,1,57.06435604952276,54.4879048621648,55802.18023003545,1024,18.35053748399661,2263.093,41.525,43.085,2.2100517578125,0.45247809082525553,30.36,0.78,10.385,67.7,109,Qwen2.5-7B-Instruct-Q4_K_M,llama.cpp,finegrained_gpu_emc
2026-05-23T22:04:51.043445,GPU612_CPU1036,612,1036,3199,612,3199,p1024_o1024,1024,1024,decode,2,57.71647591609508,54.494983817287746,55810.141345951706,1024,18.34791984583063,2263.426,41.531,43.384,2.210376953125,0.45241152129559353,30.37,0.787,10.374,67.7,109,Qwen2.5-7B-Instruct-Q4_K_M,llama.cpp,finegrained_gpu_emc
2026-05-23T22:04:58.494011,GPU612_CPU1036,612,1036,3199,612,3199,p2048_o128,2048,128,decode,0,57.78674699831754,51.8185662208345,6639.245809987187,128,19.27929823105119,282.039,40.291,43.384,2.2034296875,0.4538379443977606,29.303,0.798,10.19,67.6,14,Qwen2.5-7B-Instruct-Q4_K_M,llama.cpp,finegrained_gpu_emc
2026-05-23T22:05:05.937430,GPU612_CPU1036,612,1036,3199,612,3199,p2048_o128,2048,128,decode,1,53.102631005458534,51.79842422884984,6631.995021016337,128,19.300376371570966,281.346,40.192,43.073,2.198015625,0.4549558195247133,29.327,0.712,10.153,67.6,14,Qwen2.5-7B-Instruct-Q4_K_M,llama.cpp,finegrained_gpu_emc
2026-05-23T22:05:13.379592,GPU612_CPU1036,612,1036,3199,612,3199,p2048_o128,2048,128,decode,2,53.07372298557311,51.78796359810861,6630.653676926158,128,19.304280729579336,281.356,40.194,43.085,2.19809375,0.45493964941213266,29.277,0.712,10.204,67.5,14,Qwen2.5-7B-Instruct-Q4_K_M,llama.cpp,finegrained_gpu_emc
2026-05-23T22:05:23.009089,GPU612_CPU1036,612,1036,3199,612,3199,p2048_o512,2048,512,decode,0,53.06741001550108,51.857468124667534,8817.357994965278,169,19.16673907269039,368.434,40.937,42.984,2.1800828402366865,0.458698165750175,29.863,0.732,10.343,67.5,18,Qwen2.5-7B-Instruct-Q4_K_M,llama.cpp,finegrained_gpu_emc
2026-05-23T22:05:51.214242,GPU612_CPU1036,612,1036,3199,612,3199,p2048_o512,2048,512,decode,1,53.08592296205461,53.48778064585967,27387.332777958363,512,18.694774118787624,1129.192,41.822,43.284,2.205453125,0.45342156161219704,30.616,0.791,10.416,67.6,54,Qwen2.5-7B-Instruct-Q4_K_M,llama.cpp,finegrained_gpu_emc
2026-05-23T22:06:19.430529,GPU612_CPU1036,612,1036,3199,612,3199,p2048_o512,2048,512,decode,2,57.44604708161205,53.50089807827901,27398.3970930567,512,18.687224594235513,1128.03,41.779,43.085,2.20318359375,0.453888637713536,30.586,0.783,10.41,67.6,54,Qwen2.5-7B-Instruct-Q4_K_M,llama.cpp,finegrained_gpu_emc
2026-05-23T22:06:23.600775,GPU612_CPU1036,612,1036,3199,612,3199,p64_o64,64,64,mixed,0,91.75003611017019,51.87140079215169,3359.9140139995143,64,19.048106509076053,138.564,39.59,43.284,2.1650625,0.46188043070350165,28.789,0.798,10.003,67.5,7,Qwen2.5-7B-Instruct-Q4_K_M,llama.cpp,finegrained_gpu_emc
2026-05-23T22:06:27.720624,GPU612_CPU1036,612,1036,3199,612,3199,p64_o64,64,64,mixed,1,53.34225995466113,51.68036544429405,3309.501666924916,64,19.338258880366954,138.889,39.683,42.972,2.170140625,0.4607996313602949,28.896,0.741,10.046,67.4,7,Qwen2.5-7B-Instruct-Q4_K_M,llama.cpp,finegrained_gpu_emc
2026-05-23T22:06:31.839454,GPU612_CPU1036,612,1036,3199,612,3199,p64_o64,64,64,mixed,2,53.31374192610383,51.66565219221253,3308.5141179617494,64,19.344031102224218,138.6,39.6,42.585,2.165625,0.46176046176046176,28.785,0.684,10.132,67.3,7,Qwen2.5-7B-Instruct-Q4_K_M,llama.cpp,finegrained_gpu_emc
2026-05-23T22:06:39.333670,GPU612_CPU1036,612,1036,3199,612,3199,p128_o128,128,128,mixed,0,100.2333969809115,51.827216196409246,6682.781085954048,128,19.15370238133821,281.44,40.206,43.085,2.19875,0.4548038658328596,29.275,0.741,10.19,67.4,14,Qwen2.5-7B-Instruct-Q4_K_M,llama.cpp,finegrained_gpu_emc
2026-05-23T22:06:46.775167,GPU612_CPU1036,612,1036,3199,612,3199,p128_o128,128,128,mixed,1,53.582207998260856,51.77875671730062,6630.043031065725,128,19.306058708856533,281.628,40.233,43.284,2.20021875,0.45450026275796446,29.273,0.77,10.19,67.4,14,Qwen2.5-7B-Instruct-Q4_K_M,llama.cpp,finegrained_gpu_emc
2026-05-23T22:06:54.212524,GPU612_CPU1036,612,1036,3199,612,3199,p128_o128,128,128,mixed,2,53.58242301736027,51.747055023937946,6625.951786991209,128,19.31797938091001,281.416,40.202,43.384,2.1985625,0.4548426528697729,29.301,0.741,10.16,67.4,14,Qwen2.5-7B-Instruct-Q4_K_M,llama.cpp,finegrained_gpu_emc
2026-05-23T22:07:00.146483,GPU612_CPU1036,612,1036,3199,612,3199,p128_o512,128,512,mixed,0,53.5684620263055,53.374912744596045,5122.724127024412,95,18.544820615819837,217.732,39.588,43.17,2.291915789473684,0.43631620524314296,28.842,0.689,10.057,67.3,11,Qwen2.5-7B-Instruct-Q4_K_M,llama.cpp,finegrained_gpu_emc
2026-05-23T22:07:02.661790,GPU612_CPU1036,612,1036,3199,612,3199,p128_o512,128,512,mixed,1,53.690279950387776,51.61953483888459,1705.521146999672,32,18.762593507734532,72.866,36.433,41.574,2.2770625,0.43916229791672384,26.143,0.798,9.492,67.2,4,Qwen2.5-7B-Instruct-Q4_K_M,llama.cpp,finegrained_gpu_emc
2026-05-23T22:07:11.458543,GPU612_CPU1036,612,1036,3199,612,3199,p128_o512,128,512,mixed,2,53.52026107721031,51.83778372960851,7985.059577040374,153,19.16078377673279,332.573,41.572,43.284,2.1736797385620914,0.46004937261894385,30.407,0.773,10.392,67.3,16,Qwen2.5-7B-Instruct-Q4_K_M,llama.cpp,finegrained_gpu_emc
2026-05-23T22:07:25.999820,GPU612_CPU1036,612,1036,3199,612,3199,p256_o256,256,256,mixed,0,137.151247006841,53.291992062483644,13727.594756986946,256,18.648569143527745,561.866,41.62,42.972,2.1947890625,0.45562465071743086,30.518,0.754,10.348,67.4,27,Qwen2.5-7B-Instruct-Q4_K_M,llama.cpp,finegrained_gpu_emc
2026-05-23T22:07:40.454235,GPU612_CPU1036,612,1036,3199,612,3199,p256_o256,256,256,mixed,1,58.1641310127452,53.2618620547046,13640.909545007162,256,18.76707701604113,561.88,41.621,42.872,2.19484375,0.4556132982131416,30.519,0.724,10.378,67.5,27,Qwen2.5-7B-Instruct-Q4_K_M,llama.cpp,finegrained_gpu_emc
2026-05-23T22:07:54.907739,GPU612_CPU1036,612,1036,3199,612,3199,p256_o256,256,256,mixed,2,57.98705795314163,53.259957059030874,13640.249641961418,256,18.767984950397736,563.245,41.722,43.098,2.20017578125,0.45450913900700407,30.579,0.768,10.374,67.5,27,Qwen2.5-7B-Instruct-Q4_K_M,llama.cpp,finegrained_gpu_emc
2026-05-23T22:08:02.781373,GPU612_CPU1036,612,1036,3199,612,3199,p512_o128,512,128,mixed,0,248.91855893656611,53.64406903230358,7062.226908979937,128,18.124594642695815,286.756,40.965,42.473,2.24028125,0.44637252577103886,30.041,0.741,10.183,67.4,14,Qwen2.5-7B-Instruct-Q4_K_M,llama.cpp,finegrained_gpu_emc
2026-05-23T22:08:10.456785,GPU612_CPU1036,612,1036,3199,612,3199,p512_o128,512,128,mixed,1,57.027066010050476,53.59373731523987,6863.940184004605,128,18.648181156689713,284.92,40.703,42.473,2.2259375,0.44924891197529127,29.758,0.77,10.176,67.4,14,Qwen2.5-7B-Instruct-Q4_K_M,llama.cpp,finegrained_gpu_emc
2026-05-23T22:08:12.819465,GPU612_CPU1036,612,1036,3199,612,3199,p512_o128,512,128,mixed,2,57.02907498925924,53.42174507677555,1552.865850040689,28,18.031177644396216,67.916,33.958,40.974,2.4255714285714283,0.41227398551151423,24.346,0.598,9.014,67.1,4,Qwen2.5-7B-Instruct-Q4_K_M,llama.cpp,finegrained_gpu_emc
2026-05-23T22:08:41.016183,GPU612_CPU1036,612,1036,3199,612,3199,p512_o512,512,512,mixed,0,56.941424030810595,53.462459434438024,27378.22705297731,512,18.700991814016,1129.168,41.821,42.884,2.20540625,0.4534311989004294,30.596,0.776,10.449,67.4,54,Qwen2.5-7B-Instruct-Q4_K_M,llama.cpp,finegrained_gpu_emc
2026-05-23T22:09:09.230731,GPU612_CPU1036,612,1036,3199,612,3199,p512_o512,512,512,mixed,1,61.60272494889796,53.48939218202063,27396.688906941563,512,18.688389744436357,1123.392,41.607,42.686,2.194125,0.4557625477126417,30.427,0.746,10.434,67.5,54,Qwen2.5-7B-Instruct-Q4_K_M,llama.cpp,finegrained_gpu_emc
2026-05-23T22:09:14.448735,GPU612_CPU1036,612,1036,3199,612,3199,p512_o512,512,512,mixed,2,61.5708859404549,53.65125716198236,4407.290369970724,81,18.37863929998741,178.36,39.636,41.985,2.2019753086419755,0.4541376990356582,28.825,0.754,10.057,67.3,9,Qwen2.5-7B-Instruct-Q4_K_M,llama.cpp,finegrained_gpu_emc
2026-05-23T22:09:37.707222,GPU612_CPU1036,612,1036,3199,612,3199,p512_o1024,512,1024,mixed,0,57.144592981785536,53.297764026262044,22442.33198708389,420,18.71463269689265,914.858,41.584,42.485,2.178233333333333,0.45908763983044365,30.415,0.735,10.435,67.4,44,Qwen2.5-7B-Instruct-Q4_K_M,llama.cpp,finegrained_gpu_emc
2026-05-23T22:09:48.081484,GPU612_CPU1036,612,1036,3199,612,3199,p512_o1024,512,1024,mixed,1,61.13540299702436,53.68534901142332,9562.193218967877,177,18.510397766162793,391.968,41.26,42.771,2.214508474576271,0.45156747489590987,30.225,0.756,10.279,67.4,19,Qwen2.5-7B-Instruct-Q4_K_M,llama.cpp,finegrained_gpu_emc
2026-05-23T22:10:45.063207,GPU612_CPU1036,612,1036,3199,612,3199,p512_o1024,512,1024,mixed,2,60.93766610138118,54.82877025306534,56154.85492604785,1024,18.235288851668106,2280.484,41.463,42.897,2.22703515625,0.4490274871474652,30.338,0.765,10.36,67.6,110,Qwen2.5-7B-Instruct-Q4_K_M,llama.cpp,finegrained_gpu_emc
2026-05-23T22:10:53.018737,GPU612_CPU1036,612,1036,3199,612,3199,p1024_o128,1024,128,mixed,0,488.0326889688149,52.40204162239354,7143.618723959662,128,17.91808954902487,302.699,40.36,43.371,2.3648359375,0.42286231536939334,29.449,0.851,10.059,67.5,15,Qwen2.5-7B-Instruct-Q4_K_M,llama.cpp,finegrained_gpu_emc
2026-05-23T22:11:00.535784,GPU612_CPU1036,612,1036,3199,612,3199,p1024_o128,1024,128,mixed,1,61.7024990497157,52.31017954317545,6705.62061003875,128,19.08846435606209,283.335,40.476,42.972,2.2135546875,0.4517620484585385,29.473,0.77,10.234,67.4,14,Qwen2.5-7B-Instruct-Q4_K_M,llama.cpp,finegrained_gpu_emc
2026-05-23T22:11:08.052609,GPU612_CPU1036,612,1036,3199,612,3199,p1024_o128,1024,128,mixed,2,61.621470958925784,52.30919175641978,6705.412021023221,128,19.08905815163729,282.642,40.377,42.984,2.208140625,0.45286970796979925,29.417,0.741,10.22,67.4,14,Qwen2.5-7B-Instruct-Q4_K_M,llama.cpp,finegrained_gpu_emc
2026-05-23T22:11:36.293163,GPU612_CPU1036,612,1036,3199,612,3199,p1024_o512,1024,512,mixed,0,61.444568913429976,53.54041009211873,27422.596578951925,512,18.67073376971833,1130.832,41.883,42.972,2.20865625,0.45276398262518214,30.691,0.754,10.438,67.5,54,Qwen2.5-7B-Instruct-Q4_K_M,llama.cpp,finegrained_gpu_emc
2026-05-23T22:12:04.521944,GPU612_CPU1036,612,1036,3199,612,3199,p1024_o512,1024,512,mixed,1,62.412252998910844,53.5156471723574,27410.932842059992,512,18.678678429154914,1128.96,41.813,42.872,2.205,0.4535147392290249,30.581,0.791,10.442,67.6,54,Qwen2.5-7B-Instruct-Q4_K_M,llama.cpp,finegrained_gpu_emc
2026-05-23T22:12:32.731964,GPU612_CPU1036,612,1036,3199,612,3199,p1024_o512,1024,512,mixed,2,62.09156091790646,53.47895839546831,27391.9669999741,512,18.691611303433742,1131.21,41.897,42.984,2.20939453125,0.4526126890674587,30.712,0.739,10.445,67.6,54,Qwen2.5-7B-Instruct-Q4_K_M,llama.cpp,finegrained_gpu_emc
2026-05-23T22:13:29.918238,GPU612_CPU1036,612,1036,3199,612,3199,p1024_o1024,1024,1024,mixed,0,62.044659978710115,55.02823349461688,56359.97517697979,1024,18.168922125754456,2284.104,41.529,42.984,2.2305703125,0.4483158385082291,30.378,0.776,10.375,67.8,110,Qwen2.5-7B-Instruct-Q4_K_M,llama.cpp,finegrained_gpu_emc
2026-05-23T22:14:27.085557,GPU612_CPU1036,612,1036,3199,612,3199,p1024_o1024,1024,1024,mixed,1,62.27034900803119,55.009198714619394,56340.740028070286,1024,18.17512513129609,2286.657,41.576,42.972,2.2330634765625,0.4478153041754841,30.411,0.78,10.385,67.8,110,Qwen2.5-7B-Instruct-Q4_K_M,llama.cpp,finegrained_gpu_emc
2026-05-23T22:14:34.134552,GPU612_CPU1036,612,1036,3199,612,3199,p1024_o1024,1024,1024,mixed,2,62.384522054344416,52.32740652998193,6237.35727800522,118,18.91826854557509,262.642,40.407,42.984,2.225779661016949,0.44928077002155026,29.408,0.798,10.201,67.7,13,Qwen2.5-7B-Instruct-Q4_K_M,llama.cpp,finegrained_gpu_emc
2026-05-23T22:14:42.744357,GPU612_CPU1036,612,1036,3199,612,3199,p2048_o128,2048,128,mixed,0,1007.4883729685098,53.46622273204922,7798.240224015899,128,16.413959601527022,325.79,40.724,42.872,2.545234375,0.39289112618557964,29.929,0.798,9.997,67.7,16,Qwen2.5-7B-Instruct-Q4_K_M,llama.cpp,finegrained_gpu_emc
2026-05-23T22:14:50.400792,GPU612_CPU1036,612,1036,3199,612,3199,p2048_o128,2048,128,mixed,1,63.28008999116719,53.3949113313446,6844.968929071911,128,18.699865744657973,286.571,40.939,42.972,2.2388359375,0.4466606879272501,29.929,0.77,10.24,67.6,14,Qwen2.5-7B-Instruct-Q4_K_M,llama.cpp,finegrained_gpu_emc
2026-05-23T22:14:58.061624,GPU612_CPU1036,612,1036,3199,612,3199,p2048_o128,2048,128,mixed,2,63.30357398837805,53.43043153617883,6849.502711091191,128,18.6874880409542,286.812,40.973,42.872,2.24071875,0.4462853716023039,29.956,0.77,10.248,67.7,14,Qwen2.5-7B-Instruct-Q4_K_M,llama.cpp,finegrained_gpu_emc
2026-05-23T22:15:26.640873,GPU612_CPU1036,612,1036,3199,612,3199,p2048_o512,2048,512,mixed,0,63.24449798557907,54.200232326947955,27761.543232947588,512,18.442778764271107,1151.616,41.877,43.371,2.24925,0.44459264199177506,30.668,0.776,10.433,67.8,55,Qwen2.5-7B-Instruct-Q4_K_M,llama.cpp,finegrained_gpu_emc
2026-05-23T22:15:55.225742,GPU612_CPU1036,612,1036,3199,612,3199,p2048_o512,2048,512,mixed,1,67.65622401144356,54.20200796474369,27766.90624502953,512,18.43921665171652,1150.434,41.834,42.972,2.24694140625,0.44504943351813314,30.625,0.783,10.426,67.8,55,Qwen2.5-7B-Instruct-Q4_K_M,llama.cpp,finegrained_gpu_emc
2026-05-23T22:16:23.814463,GPU612_CPU1036,612,1036,3199,612,3199,p2048_o512,2048,512,mixed,2,67.71534401923418,54.209460949282835,27770.81563102547,512,18.436620904572756,1151.276,41.865,42.972,2.2485859375,0.4447239410879754,30.676,0.776,10.413,67.8,55,Qwen2.5-7B-Instruct-Q4_K_M,llama.cpp,finegrained_gpu_emc
2026-05-23T22:16:34.462377,GPU714_CPU1036,714,1036,3199,714,3199,p64_o64,64,64,decode,0,48.50182600785047,46.96451620723579,3007.5285841012374,64,21.279930750558638,129.963,43.321,45.668,2.030671875,0.4924478505420774,31.923,0.798,10.6,67.3,6,Qwen2.5-7B-Instruct-Q4_K_M,llama.cpp,finegrained_gpu_emc
2026-05-23T22:16:38.282553,GPU714_CPU1036,714,1036,3199,714,3199,p64_o64,64,64,decode,1,48.432193929329515,47.006288286490694,3010.096770012751,64,21.26177491620274,124.566,41.522,45.269,1.94634375,0.5137838575534255,30.458,0.731,10.332,67.3,6,Qwen2.5-7B-Instruct-Q4_K_M,llama.cpp,finegrained_gpu_emc
2026-05-23T22:16:42.101793,GPU714_CPU1036,714,1036,3199,714,3199,p64_o64,64,64,decode,2,48.344640992581844,46.992105570444394,3009.1343929525465,64,21.268574826664203,125.058,41.686,45.668,1.95403125,0.5117625421804283,30.592,0.798,10.296,67.2,6,Qwen2.5-7B-Instruct-Q4_K_M,llama.cpp,finegrained_gpu_emc
2026-05-23T22:16:48.944081,GPU714_CPU1036,714,1036,3199,714,3199,p128_o128,128,128,decode,0,48.29523200169206,47.10670769320962,6031.346497009508,128,21.222458378649872,260.912,43.485,45.668,2.038375,0.4905868645367021,32.155,0.731,10.599,67.4,12,Qwen2.5-7B-Instruct-Q4_K_M,llama.cpp,finegrained_gpu_emc
2026-05-23T22:16:55.787823,GPU714_CPU1036,714,1036,3199,714,3199,p128_o128,128,128,decode,1,48.524828045628965,47.11591962937588,6032.7417210210115,128,21.217550148713585,261.514,43.586,45.668,2.043078125,0.48945754338199865,32.187,0.765,10.634,67.5,12,Qwen2.5-7B-Instruct-Q4_K_M,llama.cpp,finegrained_gpu_emc
2026-05-23T22:17:02.631905,GPU714_CPU1036,714,1036,3199,714,3199,p128_o128,128,128,decode,2,48.43961098231375,47.11882462981707,6033.029502956197,128,21.21653804896524,261.469,43.578,45.668,2.0427265625,0.4895417812436656,32.188,0.765,10.625,67.5,12,Qwen2.5-7B-Instruct-Q4_K_M,llama.cpp,finegrained_gpu_emc
2026-05-23T22:17:19.022923,GPU714_CPU1036,714,1036,3199,714,3199,p128_o512,128,512,decode,0,48.41954493895173,47.921553427489016,15576.901916996576,324,20.8000282550711,686.244,44.274,45.768,2.118037037037037,0.4721352754996765,32.76,0.759,10.754,67.7,31,Qwen2.5-7B-Instruct-Q4_K_M,llama.cpp,finegrained_gpu_emc
2026-05-23T22:17:40.586082,GPU714_CPU1036,714,1036,3199,714,3199,p128_o512,128,512,decode,1,52.21822496969253,48.461734960260124,20747.298240079544,427,20.580993007326764,908.281,44.306,45.768,2.127121779859485,0.4701188288646355,32.838,0.759,10.709,68.0,41,Qwen2.5-7B-Instruct-Q4_K_M,llama.cpp,finegrained_gpu_emc
2026-05-23T22:18:06.402609,GPU714_CPU1036,714,1036,3199,714,3199,p128_o512,128,512,decode,2,52.29972198139876,48.816571262056364,24999.564994941466,512,20.48035636234473,1087.192,44.375,45.668,2.123421875,0.47093797599688003,32.859,0.79,10.726,68.1,49,Qwen2.5-7B-Instruct-Q4_K_M,llama.cpp,finegrained_gpu_emc
2026-05-23T22:18:19.375592,GPU714_CPU1036,714,1036,3199,714,3199,p256_o256,256,256,decode,0,52.52534302417189,47.47590045901198,12159.864526009187,256,21.052866127943453,531.938,44.328,45.768,2.0778828125,0.4812590941049521,32.838,0.731,10.759,68.2,24,Qwen2.5-7B-Instruct-Q4_K_M,llama.cpp,finegrained_gpu_emc
2026-05-23T22:18:32.346443,GPU714_CPU1036,714,1036,3199,714,3199,p256_o256,256,256,decode,1,52.11983900517225,47.46959145482191,12157.847443013452,256,21.05635896485206,533.474,44.456,46.167,2.0838828125,0.4798734333819455,32.836,0.848,10.772,68.3,24,Qwen2.5-7B-Instruct-Q4_K_M,llama.cpp,finegrained_gpu_emc
2026-05-23T22:18:45.317506,GPU714_CPU1036,714,1036,3199,714,3199,p256_o256,256,256,decode,2,52.20572208054364,47.46965827036868,12158.010618994012,256,21.05607636170844,532.366,44.364,45.668,2.0795546875,0.48087218191995734,32.836,0.781,10.747,68.3,24,Qwen2.5-7B-Instruct-Q4_K_M,llama.cpp,finegrained_gpu_emc
2026-05-23T22:18:52.167310,GPU714_CPU1036,714,1036,3199,714,3199,p512_o128,512,128,decode,0,52.120600012131035,47.13392385747284,6038.635709905066,128,21.196840834436145,261.26,43.543,45.668,2.04109375,0.4899333996784812,32.153,0.765,10.625,68.2,12,Qwen2.5-7B-Instruct-Q4_K_M,llama.cpp,finegrained_gpu_emc
2026-05-23T22:18:59.011700,GPU714_CPU1036,714,1036,3199,714,3199,p512_o128,512,128,decode,1,48.4520880272612,47.12111140165009,6033.3254870492965,128,21.21549720378183,260.868,43.478,45.567,2.03803125,0.4906696106843308,32.089,0.798,10.592,68.1,12,Qwen2.5-7B-Instruct-Q4_K_M,llama.cpp,finegrained_gpu_emc
2026-05-23T22:19:05.856462,GPU714_CPU1036,714,1036,3199,714,3199,p512_o128,512,128,decode,2,49.660427030175924,47.11364896044018,6033.582736970857,128,21.214592652501196,260.013,43.336,45.269,2.0313515625,0.49228307815378464,31.987,0.732,10.617,68.1,12,Qwen2.5-7B-Instruct-Q4_K_M,llama.cpp,finegrained_gpu_emc
2026-05-23T22:19:23.625845,GPU714_CPU1036,714,1036,3199,714,3199,p512_o512,512,512,decode,0,49.66234497260302,48.154203285729245,16953.780374955386,351,20.703347114163833,740.559,43.562,45.269,2.109854700854701,0.4739662876286697,32.134,0.763,10.665,68.2,34,Qwen2.5-7B-Instruct-Q4_K_M,llama.cpp,finegrained_gpu_emc
2026-05-23T22:19:49.441198,GPU714_CPU1036,714,1036,3199,714,3199,p512_o512,512,512,decode,1,52.50237695872784,48.81354855371679,24998.19997290615,512,20.481474688374444,1085.262,44.296,45.668,2.11965234375,0.4717754791008992,32.819,0.757,10.72,68.3,49,Qwen2.5-7B-Instruct-Q4_K_M,llama.cpp,finegrained_gpu_emc
2026-05-23T22:20:14.083123,GPU714_CPU1036,714,1036,3199,714,3199,p512_o512,512,512,decode,2,52.67296091187745,48.80949795493327,23825.410094927065,487,20.44036170037185,1041.458,44.317,45.768,2.138517453798768,0.4676136723708493,32.832,0.764,10.721,68.3,47,Qwen2.5-7B-Instruct-Q4_K_M,llama.cpp,finegrained_gpu_emc
2026-05-23T22:20:38.740171,GPU714_CPU1036,714,1036,3199,714,3199,p512_o1024,512,1024,decode,0,52.65010707080364,48.740505581019825,23840.290570049547,488,20.469549167872653,1041.822,44.333,45.768,2.1348811475409835,0.4684101506783309,32.816,0.773,10.745,68.4,47,Qwen2.5-7B-Instruct-Q4_K_M,llama.cpp,finegrained_gpu_emc
2026-05-23T22:21:30.505082,GPU714_CPU1036,714,1036,3199,714,3199,p512_o1024,512,1024,decode,1,52.71144397556782,49.73906626388201,50939.733724924736,1024,20.102185958207283,2198.074,43.961,45.682,2.146556640625,0.4658623867986246,32.49,0.798,10.673,68.5,100,Qwen2.5-7B-Instruct-Q4_K_M,llama.cpp,finegrained_gpu_emc
2026-05-23T22:22:22.311587,GPU714_CPU1036,714,1036,3199,714,3199,p512_o1024,512,1024,decode,2,52.835881942883134,49.82834158022387,50981.42740793992,1023,20.06613098166562,2194.954,43.899,45.668,2.145605083088954,0.4660689927898261,32.434,0.782,10.683,68.6,100,Qwen2.5-7B-Instruct-Q4_K_M,llama.cpp,finegrained_gpu_emc
2026-05-23T22:22:29.166531,GPU714_CPU1036,714,1036,3199,714,3199,p1024_o128,1024,128,decode,0,52.97643493395299,47.166046646137644,6043.564080027863,128,21.17955535922933,261.21,43.535,45.768,2.040703125,0.49002718119520694,32.121,0.765,10.649,68.5,12,Qwen2.5-7B-Instruct-Q4_K_M,llama.cpp,finegrained_gpu_emc
2026-05-23T22:22:36.011433,GPU714_CPU1036,714,1036,3199,714,3199,p1024_o128,1024,128,decode,1,48.458272009156644,47.12434503154492,6033.741780091077,128,21.2140334580357,261.716,43.619,45.768,2.04465625,0.48907976585306207,32.154,0.798,10.667,68.4,12,Qwen2.5-7B-Instruct-Q4_K_M,llama.cpp,finegrained_gpu_emc
2026-05-23T22:22:42.852588,GPU714_CPU1036,714,1036,3199,714,3199,p1024_o128,1024,128,decode,2,48.44635701738298,47.096374503329514,6030.179751920514,128,21.226564591086042,261.753,43.626,45.768,2.0449453125,0.48901063216085394,32.22,0.731,10.674,68.4,12,Qwen2.5-7B-Instruct-Q4_K_M,llama.cpp,finegrained_gpu_emc
2026-05-23T22:22:58.742397,GPU714_CPU1036,714,1036,3199,714,3199,p1024_o512,1024,512,decode,0,48.35207702126354,47.852107242624555,15075.948316021822,314,20.8278771867571,665.208,44.347,45.768,2.118496815286624,0.47203280778343015,32.788,0.785,10.774,68.5,30,Qwen2.5-7B-Instruct-Q4_K_M,llama.cpp,finegrained_gpu_emc
2026-05-23T22:23:04.926564,GPU714_CPU1036,714,1036,3199,714,3199,p1024_o512,1024,512,decode,1,52.23779892548919,47.084583241875016,5373.147618956864,113,21.03050353601446,238.581,43.378,45.668,2.1113362831858407,0.47363369254047893,32.03,0.762,10.587,68.4,11,Qwen2.5-7B-Instruct-Q4_K_M,llama.cpp,finegrained_gpu_emc
2026-05-23T22:23:30.703247,GPU714_CPU1036,714,1036,3199,714,3199,p1024_o512,1024,512,decode,2,48.51516999769956,48.74619693539074,24959.765237988904,512,20.513013448569343,1087.248,44.377,45.668,2.12353125,0.4709137197769046,32.876,0.757,10.745,68.5,49,Qwen2.5-7B-Instruct-Q4_K_M,llama.cpp,finegrained_gpu_emc
2026-05-23T22:23:49.506202,GPU714_CPU1036,714,1036,3199,714,3199,p1024_o1024,1024,1024,decode,0,52.59640293661505,48.20841693820186,17988.051355001517,372,20.680394594079623,793.066,44.059,45.668,2.1318978494623657,0.4690656263160947,32.589,0.787,10.684,68.6,36,Qwen2.5-7B-Instruct-Q4_K_M,llama.cpp,finegrained_gpu_emc
2026-05-23T22:23:59.868435,GPU714_CPU1036,714,1036,3199,714,3199,p1024_o1024,1024,1024,decode,1,52.21106100361794,47.25136280001607,9550.178164965473,201,21.0467277707302,419.0,44.105,45.768,2.084577114427861,0.4797136038186158,32.615,0.756,10.734,68.5,19,Qwen2.5-7B-Instruct-Q4_K_M,llama.cpp,finegrained_gpu_emc
2026-05-23T22:24:51.670869,GPU714_CPU1036,714,1036,3199,714,3199,p1024_o1024,1024,1024,decode,2,48.49822400137782,49.779903931581465,50977.385575999506,1024,20.087338501763142,2194.996,43.9,45.768,2.14355078125,0.46651565652055854,32.445,0.782,10.672,68.6,100,Qwen2.5-7B-Instruct-Q4_K_M,llama.cpp,finegrained_gpu_emc
2026-05-23T22:24:58.529383,GPU714_CPU1036,714,1036,3199,714,3199,p2048_o128,2048,128,decode,0,52.95048491097987,47.19439538665057,6047.146135009825,128,21.167009551653912,260.962,43.494,45.768,2.038765625,0.49049286869352626,32.02,0.798,10.675,68.5,12,Qwen2.5-7B-Instruct-Q4_K_M,llama.cpp,finegrained_gpu_emc
2026-05-23T22:25:05.372418,GPU714_CPU1036,714,1036,3199,714,3199,p2048_o128,2048,128,decode,1,48.45170397311449,47.10932373248891,6031.834965921007,128,21.22073974556357,261.918,43.653,45.668,2.046234375,0.4887025710336823,32.255,0.765,10.634,68.5,12,Qwen2.5-7B-Instruct-Q4_K_M,llama.cpp,finegrained_gpu_emc
2026-05-23T22:25:12.216716,GPU714_CPU1036,714,1036,3199,714,3199,p2048_o128,2048,128,decode,2,48.46320708747953,47.119773598021176,6033.178114099428,128,21.21601543651866,260.654,43.442,45.668,2.036359375,0.49107245620631185,32.053,0.765,10.625,68.4,12,Qwen2.5-7B-Instruct-Q4_K_M,llama.cpp,finegrained_gpu_emc
2026-05-23T22:25:21.435776,GPU714_CPU1036,714,1036,3199,714,3199,p2048_o512,2048,512,decode,0,48.379383981227875,47.22329488669691,8407.191934995353,177,21.053403011203862,373.646,43.958,45.768,2.110994350282486,0.4737104103884425,32.439,0.798,10.721,68.4,17,Qwen2.5-7B-Instruct-Q4_K_M,llama.cpp,finegrained_gpu_emc
2026-05-23T22:25:39.528913,GPU714_CPU1036,714,1036,3199,714,3199,p2048_o512,2048,512,decode,1,48.46135200932622,48.123960700199135,17278.5345769953,358,20.719349688175665,755.766,44.457,45.668,2.1110782122905025,0.4736915923711837,32.92,0.774,10.763,68.6,34,Qwen2.5-7B-Instruct-Q4_K_M,llama.cpp,finegrained_gpu_emc
2026-05-23T22:26:05.330761,GPU714_CPU1036,714,1036,3199,714,3199,p2048_o512,2048,512,decode,2,52.33272898476571,48.78783802531018,24984.871071996167,512,20.49240112244829,1088.75,44.439,45.768,2.12646484375,0.47026406429391504,32.908,0.79,10.741,68.6,49,Qwen2.5-7B-Instruct-Q4_K_M,llama.cpp,finegrained_gpu_emc
2026-05-23T22:26:09.197033,GPU714_CPU1036,714,1036,3199,714,3199,p64_o64,64,64,mixed,0,84.92844295687973,47.15325455698702,3055.852974066511,64,20.943415976860095,139.056,39.73,45.369,2.17275,0.46024623173397766,28.958,0.798,9.974,68.4,7,Qwen2.5-7B-Instruct-Q4_K_M,llama.cpp,finegrained_gpu_emc
2026-05-23T22:26:13.016751,GPU714_CPU1036,714,1036,3199,714,3199,p64_o64,64,64,mixed,1,48.57913905289024,46.99569126953267,3009.5756150549278,64,21.265456724147445,125.155,41.718,45.668,1.955546875,0.5113659062762175,30.588,0.798,10.332,68.3,6,Qwen2.5-7B-Instruct-Q4_K_M,llama.cpp,finegrained_gpu_emc
2026-05-23T22:26:16.365778,GPU714_CPU1036,714,1036,3199,714,3199,p64_o64,64,64,mixed,2,48.54631598573178,46.98720807657362,2538.940374040976,53,20.87485020991069,117.432,39.144,45.668,2.215698113207547,0.45132502214047276,28.532,0.732,9.88,68.2,6,Qwen2.5-7B-Instruct-Q4_K_M,llama.cpp,finegrained_gpu_emc
2026-05-23T22:26:23.263071,GPU714_CPU1036,714,1036,3199,714,3199,p128_o128,128,128,mixed,0,93.65334396716207,47.18147357467445,6086.234036949463,128,21.031067688641834,260.962,43.494,45.768,2.038765625,0.49049286869352626,32.088,0.798,10.607,68.3,12,Qwen2.5-7B-Instruct-Q4_K_M,llama.cpp,finegrained_gpu_emc
2026-05-23T22:26:30.105780,GPU714_CPU1036,714,1036,3199,714,3199,p128_o128,128,128,mixed,1,48.93700801767409,47.10243131477738,6031.457126024179,128,21.22206911621954,262.053,43.676,45.768,2.0472890625,0.4884508095690566,32.219,0.798,10.659,68.3,12,Qwen2.5-7B-Instruct-Q4_K_M,llama.cpp,finegrained_gpu_emc
2026-05-23T22:26:36.954295,GPU714_CPU1036,714,1036,3199,714,3199,p128_o128,128,128,mixed,2,48.96086105145514,48.68071825182959,6037.191428011283,124,20.539352027942396,261.303,43.55,45.668,2.107282258064516,0.47454487702016435,32.087,0.798,10.666,68.3,12,Qwen2.5-7B-Instruct-Q4_K_M,llama.cpp,finegrained_gpu_emc
2026-05-23T22:27:02.751823,GPU714_CPU1036,714,1036,3199,714,3199,p128_o512,128,512,mixed,0,48.96164091769606,48.78618194536651,24980.65638600383,512,20.495858559059464,1087.544,44.39,45.668,2.124109375,0.47078554982603,32.867,0.782,10.741,68.5,49,Qwen2.5-7B-Instruct-Q4_K_M,llama.cpp,finegrained_gpu_emc
2026-05-23T22:27:28.577440,GPU714_CPU1036,714,1036,3199,714,3199,p128_o512,128,512,mixed,1,53.15651593264192,48.83210674573443,25008.388050016947,512,20.473130814189084,1082.46,44.182,45.768,2.1141796875,0.47299669271843764,32.641,0.79,10.751,68.5,49,Qwen2.5-7B-Instruct-Q4_K_M,llama.cpp,finegrained_gpu_emc
2026-05-23T22:27:54.397340,GPU714_CPU1036,714,1036,3199,714,3199,p128_o512,128,512,mixed,2,53.146930993534625,48.821422727979034,25002.89371900726,512,20.47762973974394,1087.308,44.38,45.768,2.1236484375,0.47088773374241705,32.874,0.782,10.724,68.6,49,Qwen2.5-7B-Instruct-Q4_K_M,llama.cpp,finegrained_gpu_emc
2026-05-23T22:28:07.733249,GPU714_CPU1036,714,1036,3199,714,3199,p256_o256,256,256,mixed,0,131.89911807421595,48.58683347062883,12522.552308044396,256,20.44311684252638,550.574,44.046,45.668,2.1506796875,0.46496928659907666,32.61,0.782,10.654,68.6,25,Qwen2.5-7B-Instruct-Q4_K_M,llama.cpp,finegrained_gpu_emc
2026-05-23T22:28:20.140605,GPU714_CPU1036,714,1036,3199,714,3199,p256_o256,256,256,mixed,1,53.40033501852304,48.6930483558523,11594.448226038367,237,20.440817482608143,507.608,44.14,45.668,2.141805907172996,0.4668957148035492,32.683,0.781,10.676,68.5,23,Qwen2.5-7B-Instruct-Q4_K_M,llama.cpp,finegrained_gpu_emc
2026-05-23T22:28:33.387288,GPU714_CPU1036,714,1036,3199,714,3199,p256_o256,256,256,mixed,2,53.16112900618464,48.93114916214594,12433.710123994388,254,20.428335345363617,548.287,43.863,45.768,2.1586102362204724,0.4632610293514163,32.419,0.782,10.662,68.6,25,Qwen2.5-7B-Instruct-Q4_K_M,llama.cpp,finegrained_gpu_emc
2026-05-23T22:28:40.649492,GPU714_CPU1036,714,1036,3199,714,3199,p512_o128,512,128,mixed,0,238.97105699870735,48.909691362238426,6451.0121159255505,128,19.84184771316855,280.992,43.23,45.168,2.19525,0.4555289830315454,32.076,0.737,10.417,68.5,13,Qwen2.5-7B-Instruct-Q4_K_M,llama.cpp,finegrained_gpu_emc
2026-05-23T22:28:47.715073,GPU714_CPU1036,714,1036,3199,714,3199,p512_o128,512,128,mixed,1,52.38969798665494,48.82854190526721,6254.1384389624,128,20.466448136577544,277.164,42.641,45.168,2.16534375,0.46182043844077875,31.493,0.767,10.38,68.4,13,Qwen2.5-7B-Instruct-Q4_K_M,llama.cpp,finegrained_gpu_emc
2026-05-23T22:28:52.968317,GPU714_CPU1036,714,1036,3199,714,3199,p512_o128,512,128,mixed,2,52.31883202213794,48.781024865031746,4442.721343017183,90,20.257853925827888,191.766,42.615,45.168,2.130733333333333,0.4693219861706455,31.434,0.798,10.382,68.4,9,Qwen2.5-7B-Instruct-Q4_K_M,llama.cpp,finegrained_gpu_emc
2026-05-23T22:29:18.734557,GPU714_CPU1036,714,1036,3199,714,3199,p512_o512,512,512,mixed,0,52.21708188764751,48.71660016054277,24948.39183089789,512,20.522364867057373,1091.634,44.557,46.168,2.13209765625,0.4690216684346585,32.965,0.831,10.761,68.6,49,Qwen2.5-7B-Instruct-Q4_K_M,llama.cpp,finegrained_gpu_emc
2026-05-23T22:29:44.503586,GPU714_CPU1036,714,1036,3199,714,3199,p512_o512,512,512,mixed,1,56.91377597395331,48.71429843051676,24952.041395008564,512,20.519363201378027,1089.936,44.487,45.269,2.12878125,0.46975235243170244,32.957,0.782,10.749,68.7,49,Qwen2.5-7B-Instruct-Q4_K_M,llama.cpp,finegrained_gpu_emc
2026-05-23T22:30:10.283697,GPU714_CPU1036,714,1036,3199,714,3199,p512_o512,512,512,mixed,2,56.64774100296199,48.736858054760425,24963.138374034315,512,20.510241634223462,1090.477,44.509,45.269,2.129837890625,0.46951930210357484,32.964,0.782,10.763,68.7,49,Qwen2.5-7B-Instruct-Q4_K_M,llama.cpp,finegrained_gpu_emc
2026-05-23T22:31:02.404481,GPU714_CPU1036,714,1036,3199,714,3199,p512_o1024,512,1024,mixed,0,56.5209339838475,50.18141489518381,51295.8173629595,1022,19.923651723268613,2202.451,44.049,45.682,2.1550401174168297,0.46402848462916996,32.558,0.794,10.698,68.8,100,Qwen2.5-7B-Instruct-Q4_K_M,llama.cpp,finegrained_gpu_emc
2026-05-23T22:31:54.575133,GPU714_CPU1036,714,1036,3199,714,3199,p512_o1024,512,1024,mixed,1,56.97023693937808,50.13133443797322,51345.51517397631,1024,19.943319227206796,2211.606,43.794,45.269,2.159771484375,0.46301194697428016,32.366,0.794,10.634,68.8,101,Qwen2.5-7B-Instruct-Q4_K_M,llama.cpp,finegrained_gpu_emc
2026-05-23T22:32:46.679580,GPU714_CPU1036,714,1036,3199,714,3199,p512_o1024,512,1024,mixed,2,56.90834892448038,50.06698193062709,51279.486118932255,1024,19.968998862918436,2199.195,43.984,45.269,2.1476513671875,0.46562492184640286,32.51,0.794,10.679,68.9,100,Qwen2.5-7B-Instruct-Q4_K_M,llama.cpp,finegrained_gpu_emc
2026-05-23T22:32:54.008691,GPU714_CPU1036,714,1036,3199,714,3199,p1024_o128,1024,128,mixed,0,469.70050409436226,47.6178470549841,6517.690938082524,128,19.638856953480683,282.893,43.522,45.768,2.2101015625,0.45246789422149014,32.229,0.798,10.495,68.7,13,Qwen2.5-7B-Instruct-Q4_K_M,llama.cpp,finegrained_gpu_emc
2026-05-23T22:33:00.916379,GPU714_CPU1036,714,1036,3199,714,3199,p1024_o128,1024,128,mixed,1,56.69677001424134,47.55415563016954,6096.583162085153,128,20.995366846799715,262.169,43.695,45.768,2.0481953125,0.4882346883117379,32.222,0.798,10.675,68.7,12,Qwen2.5-7B-Instruct-Q4_K_M,llama.cpp,finegrained_gpu_emc
2026-05-23T22:33:06.240436,GPU714_CPU1036,714,1036,3199,714,3199,p1024_o128,1024,128,mixed,2,56.81603809352964,47.40654205357636,4513.526289025322,94,20.826288356525545,193.617,43.026,45.768,2.059755319148936,0.4854945588455559,31.656,0.798,10.572,68.6,9,Qwen2.5-7B-Instruct-Q4_K_M,llama.cpp,finegrained_gpu_emc
2026-05-23T22:33:32.019115,GPU714_CPU1036,714,1036,3199,714,3199,p1024_o512,1024,512,mixed,0,56.52677093166858,48.73395195105997,24961.556487949565,512,20.5115414276018,1092.992,44.612,45.768,2.13475,0.46843892727485653,33.014,0.798,10.8,68.8,49,Qwen2.5-7B-Instruct-Q4_K_M,llama.cpp,finegrained_gpu_emc
2026-05-23T22:33:57.817833,GPU714_CPU1036,714,1036,3199,714,3199,p1024_o512,1024,512,mixed,1,57.19807499554008,48.771783743698855,24981.63225292228,512,20.49505792160989,1092.254,44.582,45.768,2.13330859375,0.4687554360066432,33.007,0.798,10.777,68.8,49,Qwen2.5-7B-Instruct-Q4_K_M,llama.cpp,finegrained_gpu_emc
2026-05-23T22:34:18.048904,GPU714_CPU1036,714,1036,3199,714,3199,p1024_o512,1024,512,mixed,2,57.215570006519556,48.39401743853264,19415.97723099403,400,20.601589878333485,847.671,44.614,45.768,2.1191775,0.4718811897540437,33.026,0.777,10.812,68.8,38,Qwen2.5-7B-Instruct-Q4_K_M,llama.cpp,finegrained_gpu_emc
2026-05-23T22:35:10.248181,GPU714_CPU1036,714,1036,3199,714,3199,p1024_o1024,1024,1024,mixed,0,56.78500595968217,50.159586495642465,51374.09047095571,1024,19.93222635403964,2220.247,43.965,45.768,2.1682099609375,0.4612099464609118,32.488,0.794,10.683,68.9,101,Qwen2.5-7B-Instruct-Q4_K_M,llama.cpp,finegrained_gpu_emc
2026-05-23T22:35:15.961300,GPU714_CPU1036,714,1036,3199,714,3199,p1024_o1024,1024,1024,mixed,1,57.38016893155873,47.496918169320516,4902.492502005771,102,20.80574319252267,216.047,43.209,45.768,2.118107843137255,0.47211949251783175,31.841,0.798,10.57,68.7,10,Qwen2.5-7B-Instruct-Q4_K_M,llama.cpp,finegrained_gpu_emc
2026-05-23T22:36:08.137561,GPU714_CPU1036,714,1036,3199,714,3199,p1024_o1024,1024,1024,mixed,2,56.57395301386714,50.13728139884242,51351.05141799431,1024,19.941169104108592,2219.883,43.958,45.668,2.1678544921875,0.46128557225763706,32.496,0.79,10.672,68.9,101,Qwen2.5-7B-Instruct-Q4_K_M,llama.cpp,finegrained_gpu_emc
2026-05-23T22:36:16.091278,GPU714_CPU1036,714,1036,3199,714,3199,p2048_o128,2048,128,mixed,0,968.6595819657668,48.60408087426019,7141.943439957686,128,17.922292591098756,318.351,42.447,45.668,2.4871171875,0.4020719268982978,31.468,0.798,10.181,68.7,15,Qwen2.5-7B-Instruct-Q4_K_M,llama.cpp,finegrained_gpu_emc
2026-05-23T22:36:23.124984,GPU714_CPU1036,714,1036,3199,714,3199,p2048_o128,2048,128,mixed,1,58.312388020567596,48.53275052719111,6222.499085008167,128,20.57051326988375,279.111,42.94,45.668,2.1805546875,0.45859890867790953,31.677,0.798,10.465,68.7,13,Qwen2.5-7B-Instruct-Q4_K_M,llama.cpp,finegrained_gpu_emc
2026-05-23T22:36:30.160861,GPU714_CPU1036,714,1036,3199,714,3199,p2048_o128,2048,128,mixed,2,58.41283896006644,48.549211228369025,6224.695644923486,128,20.563254382467623,278.812,42.894,45.668,2.17821875,0.4590907134556619,31.677,0.767,10.449,68.6,13,Qwen2.5-7B-Instruct-Q4_K_M,llama.cpp,finegrained_gpu_emc
2026-05-23T22:36:56.219295,GPU714_CPU1036,714,1036,3199,714,3199,p2048_o512,2048,512,mixed,0,58.36935597471893,49.278121416770475,25241.498379036784,512,20.2840573214631,1111.92,44.477,45.668,2.17171875,0.4604647816389668,32.952,0.79,10.735,68.8,50,Qwen2.5-7B-Instruct-Q4_K_M,llama.cpp,finegrained_gpu_emc
2026-05-23T22:37:22.283351,GPU714_CPU1036,714,1036,3199,714,3199,p2048_o512,2048,512,mixed,1,62.68988503143191,49.28057276896236,25247.043070034124,512,20.279602588696655,1111.508,44.46,45.668,2.1709140625,0.46063546101332603,32.944,0.79,10.727,68.9,50,Qwen2.5-7B-Instruct-Q4_K_M,llama.cpp,finegrained_gpu_emc
2026-05-23T22:37:48.353857,GPU714_CPU1036,714,1036,3199,714,3199,p2048_o512,2048,512,mixed,2,62.62401503045112,49.486842888136614,25253.453273093328,510,20.19525783206003,1112.056,44.482,45.668,2.180501960784314,0.45860999805765174,32.96,0.79,10.733,68.9,50,Qwen2.5-7B-Instruct-Q4_K_M,llama.cpp,finegrained_gpu_emc
2026-05-23T22:37:58.631033,GPU816_CPU1036,816,1036,3199,816,3199,p64_o64,64,64,decode,0,45.52092403173447,44.081472793579216,2822.9163920041174,64,22.671588921754594,133.703,44.568,47.066,2.089109375,0.47867287944174775,33.118,0.665,10.784,68.3,6,Qwen2.5-7B-Instruct-Q4_K_M,llama.cpp,finegrained_gpu_emc
2026-05-23T22:38:02.267608,GPU816_CPU1036,816,1036,3199,816,3199,p64_o64,64,64,decode,1,45.54690793156624,44.135445523785336,2826.3500499306247,64,22.64404580797447,129.27,43.09,47.052,2.01984375,0.4950878007271602,31.776,0.798,10.516,68.3,6,Qwen2.5-7B-Instruct-Q4_K_M,llama.cpp,finegrained_gpu_emc
2026-05-23T22:38:05.904150,GPU816_CPU1036,816,1036,3199,816,3199,p64_o64,64,64,decode,2,45.45270395465195,44.13722479523766,2826.3542449567467,64,22.644012198470694,129.24,43.08,47.166,2.019375,0.49520272361497986,31.782,0.798,10.5,68.3,6,Qwen2.5-7B-Instruct-Q4_K_M,llama.cpp,finegrained_gpu_emc
2026-05-23T22:38:12.380616,GPU816_CPU1036,816,1036,3199,816,3199,p128_o128,128,128,decode,0,45.4818569123745,44.24930931486952,5665.6448328867555,128,22.592309220834363,263.362,43.894,47.066,2.057515625,0.4860230405297651,32.454,0.798,10.642,68.4,12,Qwen2.5-7B-Instruct-Q4_K_M,llama.cpp,finegrained_gpu_emc
2026-05-23T22:38:18.849474,GPU816_CPU1036,816,1036,3199,816,3199,p128_o128,128,128,decode,1,45.53414601832628,44.18711874755026,5657.786023919471,128,22.623690514072695,264.614,44.102,47.465,2.067296875,0.4837234613436931,32.754,0.731,10.617,68.4,12,Qwen2.5-7B-Instruct-Q4_K_M,llama.cpp,finegrained_gpu_emc
2026-05-23T22:38:25.315435,GPU816_CPU1036,816,1036,3199,816,3199,p128_o128,128,128,decode,2,45.49171810504049,44.16336785767257,5654.727009008639,128,22.635929160873918,265.863,44.31,47.565,2.0770546875,0.4814509728694854,32.82,0.798,10.692,68.5,12,Qwen2.5-7B-Instruct-Q4_K_M,llama.cpp,finegrained_gpu_emc
2026-05-23T22:38:28.636794,GPU816_CPU1036,816,1036,3199,816,3199,p128_o512,128,512,decode,0,45.570118934847414,44.030431617813356,2511.4633509656414,56,22.29775719341808,121.418,40.473,47.465,2.1681785714285717,0.46121662356487503,29.727,0.731,10.014,68.4,6,Qwen2.5-7B-Instruct-Q4_K_M,llama.cpp,finegrained_gpu_emc
2026-05-23T22:38:52.917534,GPU816_CPU1036,816,1036,3199,816,3199,p128_o512,128,512,decode,1,45.42138706892729,45.825876369835434,23464.4729050342,512,21.820221663285377,1064.056,46.263,47.666,2.078234375,0.4811776823776192,34.533,0.789,10.941,68.7,46,Qwen2.5-7B-Instruct-Q4_K_M,llama.cpp,finegrained_gpu_emc
2026-05-23T22:39:10.952807,GPU816_CPU1036,816,1036,3199,816,3199,p128_o512,128,512,decode,2,49.49340701568872,45.30138895500737,17220.78357101418,379,22.0082900663085,787.664,46.333,47.565,2.078269129287599,0.48116963578378596,34.539,0.798,10.996,68.8,34,Qwen2.5-7B-Instruct-Q4_K_M,llama.cpp,finegrained_gpu_emc
2026-05-23T22:39:23.171659,GPU816_CPU1036,816,1036,3199,816,3199,p256_o256,256,256,decode,0,49.071600078605115,44.53331299226585,11406.038488028571,256,22.4442518117653,526.328,45.768,47.565,2.05596875,0.4863887157817939,34.022,0.781,10.965,68.9,23,Qwen2.5-7B-Instruct-Q4_K_M,llama.cpp,finegrained_gpu_emc
2026-05-23T22:39:35.387002,GPU816_CPU1036,816,1036,3199,816,3199,p256_o256,256,256,decode,1,49.095444031991065,44.520100008002395,11402.680094004609,256,22.45086224374581,526.776,45.807,47.565,2.05771875,0.4859750634045591,34.057,0.798,10.952,69.0,23,Qwen2.5-7B-Instruct-Q4_K_M,llama.cpp,finegrained_gpu_emc
2026-05-23T22:39:47.600264,GPU816_CPU1036,816,1036,3199,816,3199,p256_o256,256,256,decode,2,49.16047095321119,44.511169055020254,11400.460143922828,256,22.455233978995516,528.172,45.928,47.964,2.063171875,0.48469059321584634,34.144,0.815,10.969,69.0,23,Qwen2.5-7B-Instruct-Q4_K_M,llama.cpp,finegrained_gpu_emc
2026-05-23T22:39:54.071543,GPU816_CPU1036,816,1036,3199,816,3199,p512_o128,512,128,decode,0,48.99273603223264,44.17863783452249,5660.167442983948,128,22.61417198154839,265.47,44.245,47.565,2.073984375,0.482163709647041,32.788,0.798,10.659,69.0,12,Qwen2.5-7B-Instruct-Q4_K_M,llama.cpp,finegrained_gpu_emc
2026-05-23T22:40:00.534480,GPU816_CPU1036,816,1036,3199,816,3199,p512_o128,512,128,decode,1,45.39722902700305,44.14137266942952,5651.840187958442,128,22.647491037115856,265.924,44.321,47.666,2.07753125,0.4813405333854786,32.855,0.765,10.7,69.0,12,Qwen2.5-7B-Instruct-Q4_K_M,llama.cpp,finegrained_gpu_emc
2026-05-23T22:40:07.000401,GPU816_CPU1036,816,1036,3199,816,3199,p512_o128,512,128,decode,2,46.77019501104951,44.15480274795078,5654.918421991169,128,22.635162958713302,265.378,44.23,47.565,2.073265625,0.4823308638997958,32.789,0.765,10.675,68.9,12,Qwen2.5-7B-Instruct-Q4_K_M,llama.cpp,finegrained_gpu_emc
2026-05-23T22:40:31.280571,GPU816_CPU1036,816,1036,3199,816,3199,p512_o512,512,512,decode,0,46.66917503345758,45.819990364005406,23462.61848299764,512,21.821946274710324,1064.777,46.295,47.565,2.079642578125,0.4808518591216752,34.534,0.798,10.963,69.1,46,Qwen2.5-7B-Instruct-Q4_K_M,llama.cpp,finegrained_gpu_emc
2026-05-23T22:40:55.580633,GPU816_CPU1036,816,1036,3199,816,3199,p512_o512,512,512,decode,1,49.764800001867115,45.854951091905335,23483.653118950315,512,21.80240005277704,1064.122,46.266,47.864,2.07836328125,0.4811478383117725,34.499,0.824,10.943,69.2,46,Qwen2.5-7B-Instruct-Q4_K_M,llama.cpp,finegrained_gpu_emc
2026-05-23T22:41:01.039364,GPU816_CPU1036,816,1036,3199,816,3199,p512_o512,512,512,decode,2,49.418510985560715,44.21573496102672,4647.872454021126,104,22.375829162442695,218.298,43.66,47.565,2.0990192307692306,0.4764129767565438,32.282,0.798,10.58,69.0,10,Qwen2.5-7B-Instruct-Q4_K_M,llama.cpp,finegrained_gpu_emc
2026-05-23T22:41:49.847466,GPU816_CPU1036,816,1036,3199,816,3199,p512_o1024,512,1024,decode,0,45.522369095124304,46.85658257568887,47983.88850304764,1024,21.340496402974132,2149.382,45.732,47.565,2.099005859375,0.4764160116721923,34.056,0.79,10.887,69.2,94,Qwen2.5-7B-Instruct-Q4_K_M,llama.cpp,finegrained_gpu_emc
2026-05-23T22:42:38.636596,GPU816_CPU1036,816,1036,3199,816,3199,p512_o1024,512,1024,decode,1,49.80776901356876,46.83411973794851,47965.18472395837,1024,21.348818020678173,2151.531,45.777,47.565,2.1011044921875,0.4759401561027938,34.079,0.811,10.888,69.4,94,Qwen2.5-7B-Instruct-Q4_K_M,llama.cpp,finegrained_gpu_emc
2026-05-23T22:43:27.409386,GPU816_CPU1036,816,1036,3199,816,3199,p512_o1024,512,1024,decode,2,49.650634988211095,46.818256501530826,47948.768333066255,1024,21.356127291675037,2151.518,45.777,47.565,2.101091796875,0.4759430318500705,34.075,0.794,10.908,69.5,94,Qwen2.5-7B-Instruct-Q4_K_M,llama.cpp,finegrained_gpu_emc
2026-05-23T22:43:33.891910,GPU816_CPU1036,816,1036,3199,816,3199,p1024_o128,1024,128,decode,0,49.65986299794167,44.26086546420523,5671.27872700803,128,22.56986583826896,265.514,44.252,47.565,2.074328125,0.4820838072568678,32.754,0.798,10.7,69.3,12,Qwen2.5-7B-Instruct-Q4_K_M,llama.cpp,finegrained_gpu_emc
2026-05-23T22:43:40.356836,GPU816_CPU1036,816,1036,3199,816,3199,p1024_o128,1024,128,decode,1,45.45057099312544,44.15721689739565,5653.907218948007,128,22.639211264562686,265.763,44.294,47.565,2.0762734375,0.48163213088353163,32.82,0.798,10.675,69.3,12,Qwen2.5-7B-Instruct-Q4_K_M,llama.cpp,finegrained_gpu_emc
2026-05-23T22:43:46.822387,GPU816_CPU1036,816,1036,3199,816,3199,p1024_o128,1024,128,decode,2,45.488652074709535,44.16083551184311,5654.403489083052,128,22.637224288491158,265.848,44.308,47.565,2.0769375,0.48147813788330174,32.851,0.765,10.692,69.2,12,Qwen2.5-7B-Instruct-Q4_K_M,llama.cpp,finegrained_gpu_emc
2026-05-23T22:44:15.375646,GPU816_CPU1036,816,1036,3199,816,3199,p1024_o512,1024,512,decode,0,45.454253908246756,45.832336397291165,23467.731746961363,512,21.817191602520108,902.67,46.291,47.565,1.76302734375,0.567206177229774,34.531,0.798,10.962,69.3,39,Qwen2.5-7B-Instruct-Q4_K_M,llama.cpp,finegrained_gpu_emc
2026-05-23T22:44:39.678832,GPU816_CPU1036,816,1036,3199,816,3199,p1024_o512,1024,512,decode,1,49.498695065267384,45.863803375627185,23487.89565404877,512,21.79846196275753,851.813,46.044,47.565,1.663697265625,0.6010708923202628,34.327,0.787,10.93,68.7,37,Qwen2.5-7B-Instruct-Q4_K_M,llama.cpp,finegrained_gpu_emc
2026-05-23T22:45:03.964467,GPU816_CPU1036,816,1036,3199,816,3199,p1024_o512,1024,512,decode,2,49.60465000476688,45.83007515861002,23470.719867036678,512,21.814413997547454,828.082,46.005,47.565,1.61734765625,0.6182962556848235,34.327,0.776,10.902,69.0,36,Qwen2.5-7B-Instruct-Q4_K_M,llama.cpp,finegrained_gpu_emc
2026-05-23T22:45:15.878020,GPU816_CPU1036,816,1036,3199,816,3199,p1024_o1024,1024,1024,decode,0,49.58683194126934,44.40109205086518,8885.6931530172,199,22.395551655126436,292.88,45.058,47.066,1.4717587939698493,0.6794591641627971,33.425,0.798,10.836,68.9,13,Qwen2.5-7B-Instruct-Q4_K_M,llama.cpp,finegrained_gpu_emc
2026-05-23T22:46:04.623826,GPU816_CPU1036,816,1036,3199,816,3199,p1024_o1024,1024,1024,decode,1,45.565919019281864,48.50276210333533,47921.80896806531,988,20.616917876752,2146.583,45.672,47.565,2.172654858299595,0.4602663861588394,34.001,0.794,10.877,68.8,94,Qwen2.5-7B-Instruct-Q4_K_M,llama.cpp,finegrained_gpu_emc
2026-05-23T22:46:18.346805,GPU816_CPU1036,816,1036,3199,816,3199,p1024_o1024,1024,1024,decode,2,49.70636102370918,44.80180109426106,12909.636311931536,287,22.231455097983247,594.853,45.758,47.565,2.0726585365853656,0.4824721401758082,34.054,0.798,10.906,68.9,26,Qwen2.5-7B-Instruct-Q4_K_M,llama.cpp,finegrained_gpu_emc
2026-05-23T22:46:24.822743,GPU816_CPU1036,816,1036,3199,816,3199,p2048_o128,2048,128,decode,0,49.100038944743574,44.21511085843301,5664.972163038328,128,22.59499187571453,264.8,44.133,47.465,2.06875,0.4833836858006042,32.785,0.732,10.617,68.8,12,Qwen2.5-7B-Instruct-Q4_K_M,llama.cpp,finegrained_gpu_emc
2026-05-23T22:46:31.290241,GPU816_CPU1036,816,1036,3199,816,3199,p2048_o128,2048,128,decode,1,45.56871496606618,44.17591263067094,5656.401418033056,128,22.629228468815146,265.892,44.315,47.565,2.07728125,0.4813984625336603,32.85,0.798,10.667,68.8,12,Qwen2.5-7B-Instruct-Q4_K_M,llama.cpp,finegrained_gpu_emc
2026-05-23T22:46:37.758627,GPU816_CPU1036,816,1036,3199,816,3199,p2048_o128,2048,128,decode,2,45.47703708522022,44.18318582640037,5657.234396087006,128,22.625896513769167,265.355,44.226,47.551,2.0730859375,0.4823726705733828,32.811,0.798,10.617,68.7,12,Qwen2.5-7B-Instruct-Q4_K_M,llama.cpp,finegrained_gpu_emc
2026-05-23T22:47:02.036387,GPU816_CPU1036,816,1036,3199,816,3199,p2048_o512,2048,512,decode,0,45.52202904596925,45.81973073573933,23461.36599907186,512,21.823111238290853,1062.466,46.194,47.551,2.07512890625,0.48189777366993397,34.46,0.789,10.945,68.8,46,Qwen2.5-7B-Instruct-Q4_K_M,llama.cpp,finegrained_gpu_emc
2026-05-23T22:47:26.337430,GPU816_CPU1036,816,1036,3199,816,3199,p2048_o512,2048,512,decode,1,49.57757401280105,45.856617714156286,23484.29104499519,512,21.80180781353048,1062.31,46.187,47.551,2.07482421875,0.4819685402566106,34.459,0.789,10.939,68.9,46,Qwen2.5-7B-Instruct-Q4_K_M,llama.cpp,finegrained_gpu_emc
2026-05-23T22:47:49.784875,GPU816_CPU1036,816,1036,3199,816,3199,p2048_o512,2048,512,decode,2,49.51044206973165,45.800328629973485,22631.141549092717,493,21.78414195017769,1032.903,45.907,47.551,2.0951379310344826,0.4772955446929673,34.224,0.789,10.894,68.9,45,Qwen2.5-7B-Instruct-Q4_K_M,llama.cpp,finegrained_gpu_emc
2026-05-23T22:47:53.460875,GPU816_CPU1036,816,1036,3199,816,3199,p64_o64,64,64,mixed,0,80.20994404796511,44.210019284888865,2865.7014740165323,64,22.333100841204644,129.268,43.089,47.551,2.0198125,0.4950954605934957,31.909,0.731,10.449,68.6,6,Qwen2.5-7B-Instruct-Q4_K_M,llama.cpp,finegrained_gpu_emc
2026-05-23T22:47:57.093235,GPU816_CPU1036,816,1036,3199,816,3199,p64_o64,64,64,mixed,1,45.620343065820634,44.06792157152224,2822.1609010361135,64,22.677658094017026,130.362,43.454,47.551,2.03690625,0.49094061152789925,32.173,0.731,10.55,68.6,6,Qwen2.5-7B-Instruct-Q4_K_M,llama.cpp,finegrained_gpu_emc
2026-05-23T22:48:00.723864,GPU816_CPU1036,816,1036,3199,816,3199,p64_o64,64,64,mixed,2,45.62690295279026,44.041046111415774,2820.479426998645,64,22.69117774353145,130.217,43.406,47.451,2.034640625,0.49148728660620344,32.175,0.731,10.5,68.5,6,Qwen2.5-7B-Instruct-Q4_K_M,llama.cpp,finegrained_gpu_emc
2026-05-23T22:48:07.241155,GPU816_CPU1036,816,1036,3199,816,3199,p128_o128,128,128,mixed,0,89.46190401911736,44.22198982604992,5706.15258696489,128,22.431927301138536,266.19,44.365,47.551,2.079609375,0.48085953642135315,32.876,0.798,10.691,68.5,12,Qwen2.5-7B-Instruct-Q4_K_M,llama.cpp,finegrained_gpu_emc
2026-05-23T22:48:11.845484,GPU816_CPU1036,816,1036,3199,816,3199,p128_o128,128,128,mixed,1,45.98808195441961,44.09033726274391,3793.7288800021634,85,22.40539656063971,176.732,44.183,47.451,2.0792,0.4809542131589073,32.76,0.798,10.625,68.4,8,Qwen2.5-7B-Instruct-Q4_K_M,llama.cpp,finegrained_gpu_emc
2026-05-23T22:48:18.311938,GPU816_CPU1036,816,1036,3199,816,3199,p128_o128,128,128,mixed,2,45.91912392061204,44.16353842536882,5655.189935001545,128,22.634076215154572,265.195,44.199,47.551,2.0718359375,0.48266370029600864,32.809,0.765,10.625,68.5,12,Qwen2.5-7B-Instruct-Q4_K_M,llama.cpp,finegrained_gpu_emc
2026-05-23T22:48:22.697714,GPU816_CPU1036,816,1036,3199,816,3199,p128_o512,128,512,mixed,0,45.979219023138285,44.11504865783161,3575.2884990070015,80,22.375816671079594,169.694,42.423,47.551,2.121175,0.47143682157294897,31.314,0.748,10.362,68.4,8,Qwen2.5-7B-Instruct-Q4_K_M,llama.cpp,finegrained_gpu_emc
2026-05-23T22:48:46.977832,GPU816_CPU1036,816,1036,3199,816,3199,p128_o512,128,512,mixed,1,45.99093203432858,45.822627185853,23463.34567607846,512,21.821269953074015,1063.989,46.26,47.565,2.078103515625,0.481207982413352,34.521,0.789,10.95,68.6,46,Qwen2.5-7B-Instruct-Q4_K_M,llama.cpp,finegrained_gpu_emc
2026-05-23T22:49:11.278861,GPU816_CPU1036,816,1036,3199,816,3199,p128_o512,128,512,mixed,2,50.0962040387094,45.855719514588465,23484.332263935357,512,21.80176954770279,1064.374,46.277,47.565,2.07885546875,0.481033922286715,34.523,0.798,10.956,68.8,46,Qwen2.5-7B-Instruct-Q4_K_M,llama.cpp,finegrained_gpu_emc
2026-05-23T22:49:23.859324,GPU816_CPU1036,816,1036,3199,816,3199,p256_o256,256,256,mixed,0,128.22367995977402,45.63997015722242,11767.385140992701,256,21.7550455715265,543.334,45.278,47.565,2.1223984375,0.4711650660551337,33.716,0.781,10.78,68.7,24,Qwen2.5-7B-Instruct-Q4_K_M,llama.cpp,finegrained_gpu_emc
2026-05-23T22:49:27.411470,GPU816_CPU1036,816,1036,3199,816,3199,p256_o256,256,256,mixed,1,50.295214052312076,44.12566588337844,2742.0118680456653,61,22.24643908761671,128.161,42.72,47.465,2.101,0.47596382674916704,31.523,0.798,10.399,68.6,6,Qwen2.5-7B-Instruct-Q4_K_M,llama.cpp,finegrained_gpu_emc
2026-05-23T22:49:39.897764,GPU816_CPU1036,816,1036,3199,816,3199,p256_o256,256,256,mixed,2,46.4738430455327,45.59206851374577,11673.425856046379,256,21.93015171012561,530.012,46.088,47.565,2.070359375,0.48300793189588165,34.399,0.781,10.908,68.7,23,Qwen2.5-7B-Instruct-Q4_K_M,llama.cpp,finegrained_gpu_emc
2026-05-23T22:49:46.779527,GPU816_CPU1036,816,1036,3199,816,3199,p512_o128,512,128,mixed,0,233.09721006080508,45.95998647956427,6070.522140013054,128,21.085500892304587,269.281,44.88,46.965,2.1037578125,0.4753398865868739,33.483,0.798,10.599,68.6,12,Qwen2.5-7B-Instruct-Q4_K_M,llama.cpp,finegrained_gpu_emc
2026-05-23T22:49:53.473042,GPU816_CPU1036,816,1036,3199,816,3199,p512_o128,512,128,mixed,1,49.31939404923469,45.92522325940195,5882.410769001581,128,21.75978608541229,270.118,45.02,46.965,2.110296875,0.4738669766546472,33.513,0.798,10.709,68.6,12,Qwen2.5-7B-Instruct-Q4_K_M,llama.cpp,finegrained_gpu_emc
2026-05-23T22:50:00.165310,GPU816_CPU1036,816,1036,3199,816,3199,p512_o128,512,128,mixed,2,49.317218945361674,45.91629465337931,5881.183142890222,128,21.764328178546783,269.718,44.953,46.965,2.107171875,0.4745697357981299,33.481,0.798,10.674,68.6,12,Qwen2.5-7B-Instruct-Q4_K_M,llama.cpp,finegrained_gpu_emc
2026-05-23T22:50:20.480507,GPU816_CPU1036,816,1036,3199,816,3199,p512_o512,512,512,mixed,0,49.341570935212076,45.54944396256185,19499.006147962064,427,21.898551995924564,897.061,46.003,47.465,2.1008454332552695,0.4759988451175561,34.315,0.798,10.89,68.7,39,Qwen2.5-7B-Instruct-Q4_K_M,llama.cpp,finegrained_gpu_emc
2026-05-23T22:50:44.726124,GPU816_CPU1036,816,1036,3199,816,3199,p512_o512,512,512,mixed,1,53.29705402255058,45.741174835483896,23429.0201109834,512,21.85324002346889,1066.777,46.382,47.565,2.083548828125,0.47995035513514067,34.601,0.798,10.982,68.8,46,Qwen2.5-7B-Instruct-Q4_K_M,llama.cpp,finegrained_gpu_emc
2026-05-23T22:51:04.551829,GPU816_CPU1036,816,1036,3199,816,3199,p512_o512,512,512,mixed,2,53.4540779190138,45.56978309403611,19010.4310689494,416,21.882723147686622,873.258,45.961,47.465,2.0991778846153846,0.4763769699218329,34.285,0.788,10.888,68.8,38,Qwen2.5-7B-Instruct-Q4_K_M,llama.cpp,finegrained_gpu_emc
2026-05-23T22:51:53.556173,GPU816_CPU1036,816,1036,3199,816,3199,p512_o1024,512,1024,mixed,0,53.08544705621898,47.0413365044002,48180.39165902883,1024,21.25345944148435,2154.976,45.851,47.565,2.10446875,0.47517930594122626,34.155,0.798,10.897,68.9,94,Qwen2.5-7B-Instruct-Q4_K_M,llama.cpp,finegrained_gpu_emc
2026-05-23T22:52:42.577537,GPU816_CPU1036,816,1036,3199,816,3199,p512_o1024,512,1024,mixed,1,53.74204902909696,47.1494424093677,48197.35141308047,1022,21.204484687153066,2149.83,45.741,47.465,2.103551859099804,0.47538642590344354,34.041,0.798,10.902,68.9,94,Qwen2.5-7B-Instruct-Q4_K_M,llama.cpp,finegrained_gpu_emc
2026-05-23T22:52:45.188451,GPU816_CPU1036,816,1036,3199,816,3199,p512_o1024,512,1024,mixed,2,53.671653964556754,45.982614027436924,1800.7491929456592,38,21.10232793598521,81.374,40.687,46.851,2.141421052631579,0.4669796249416276,29.917,0.798,9.972,68.5,4,Qwen2.5-7B-Instruct-Q4_K_M,llama.cpp,finegrained_gpu_emc
2026-05-23T22:52:52.130969,GPU816_CPU1036,816,1036,3199,816,3199,p1024_o128,1024,128,mixed,0,458.03554402664304,44.66556857512369,6131.11205608584,128,20.87712617696249,286.878,44.135,47.964,2.241234375,0.4461826978715691,32.842,0.798,10.495,68.6,13,Qwen2.5-7B-Instruct-Q4_K_M,llama.cpp,finegrained_gpu_emc
2026-05-23T22:52:58.658768,GPU816_CPU1036,816,1036,3199,816,3199,p1024_o128,1024,128,mixed,1,53.54452203027904,44.58743174776699,5716.704984079115,128,22.390520475777027,266.713,44.452,47.565,2.0836953125,0.47991661448823264,32.987,0.765,10.7,68.7,12,Qwen2.5-7B-Instruct-Q4_K_M,llama.cpp,finegrained_gpu_emc
2026-05-23T22:53:05.183221,GPU816_CPU1036,816,1036,3199,816,3199,p1024_o128,1024,128,mixed,2,53.63389605190605,44.558594700895014,5713.138037011959,128,22.40449979866854,267.411,44.568,47.964,2.0891484375,0.47866392930732093,33.087,0.798,10.684,68.6,12,Qwen2.5-7B-Instruct-Q4_K_M,llama.cpp,finegrained_gpu_emc
2026-05-23T22:53:19.430250,GPU816_CPU1036,816,1036,3199,816,3199,p1024_o512,1024,512,mixed,0,53.51412296295166,45.0480437941371,13433.438275940716,297,22.109008423549085,621.89,46.066,47.565,2.0939057239057237,0.47757642026724983,34.361,0.798,10.907,68.7,27,Qwen2.5-7B-Instruct-Q4_K_M,llama.cpp,finegrained_gpu_emc
2026-05-23T22:53:43.672345,GPU816_CPU1036,816,1036,3199,816,3199,p1024_o512,1024,512,mixed,1,53.5707320086658,45.733440068455636,23425.40679394733,512,21.856610837267972,1068.152,46.441,47.864,2.086234375,0.479332529452737,34.652,0.789,11.0,68.8,46,Qwen2.5-7B-Instruct-Q4_K_M,llama.cpp,finegrained_gpu_emc
2026-05-23T22:53:47.549947,GPU816_CPU1036,816,1036,3199,816,3199,p1024_o512,1024,512,mixed,2,54.01133396662772,44.31095885098981,3067.147962981835,68,22.170433516970412,146.036,41.725,47.85,2.147588235294118,0.46563860965789255,30.721,0.798,10.205,68.6,7,Qwen2.5-7B-Instruct-Q4_K_M,llama.cpp,finegrained_gpu_emc
2026-05-23T22:54:36.647451,GPU816_CPU1036,816,1036,3199,816,3199,p1024_o1024,1024,1024,mixed,0,49.85166294500232,47.135321660793934,48273.42353691347,1024,21.212500066770136,2171.382,45.713,47.666,2.120490234375,0.47158906171277093,34.038,0.794,10.882,68.9,95,Qwen2.5-7B-Instruct-Q4_K_M,llama.cpp,finegrained_gpu_emc
2026-05-23T22:55:25.697583,GPU816_CPU1036,816,1036,3199,816,3199,p1024_o1024,1024,1024,mixed,1,54.22496609389782,47.13074874951652,48225.89628503192,1023,21.21266951584916,2173.965,45.768,47.964,2.12508797653959,0.47056875340679355,34.096,0.798,10.873,69.0,95,Qwen2.5-7B-Instruct-Q4_K_M,llama.cpp,finegrained_gpu_emc
2026-05-23T22:56:14.783772,GPU816_CPU1036,816,1036,3199,816,3199,p1024_o1024,1024,1024,mixed,2,54.215022013522685,47.12008934887718,48262.16752198525,1024,21.21744738326411,2173.57,45.759,47.964,2.122626953125,0.4711143418431428,34.081,0.798,10.88,69.1,95,Qwen2.5-7B-Instruct-Q4_K_M,llama.cpp,finegrained_gpu_emc
2026-05-23T22:56:22.338108,GPU816_CPU1036,816,1036,3199,816,3199,p2048_o128,2048,128,mixed,0,942.3988580238074,45.66801393745599,6742.768825031817,128,18.983299490383462,311.218,44.46,48.763,2.431390625,0.41128726487542494,33.035,1.026,10.398,69.0,14,Qwen2.5-7B-Instruct-Q4_K_M,llama.cpp,finegrained_gpu_emc
2026-05-23T22:56:28.986540,GPU816_CPU1036,816,1036,3199,816,3199,p2048_o128,2048,128,mixed,1,55.31888804398477,45.522095614450244,5837.161932024173,128,21.92846480714524,271.003,45.167,47.565,2.1172109375,0.47231949461814077,33.618,0.798,10.751,68.9,12,Qwen2.5-7B-Instruct-Q4_K_M,llama.cpp,finegrained_gpu_emc
2026-05-23T22:56:35.640087,GPU816_CPU1036,816,1036,3199,816,3199,p2048_o128,2048,128,mixed,2,55.430167936719954,45.56143430783963,5842.271466040984,128,21.909286609500743,270.414,45.069,47.465,2.112609375,0.47334827338821217,33.486,0.798,10.784,68.9,12,Qwen2.5-7B-Instruct-Q4_K_M,llama.cpp,finegrained_gpu_emc
2026-05-23T22:57:00.169963,GPU816_CPU1036,816,1036,3199,816,3199,p2048_o512,2048,512,mixed,0,55.37405703216791,48.67485508829578,23713.39694201015,487,20.536914267952945,1089.945,46.381,47.465,2.2380800821355233,0.44681153636192655,34.648,0.798,10.935,69.1,47,Qwen2.5-7B-Instruct-Q4_K_M,llama.cpp,finegrained_gpu_emc
2026-05-23T22:57:24.690697,GPU816_CPU1036,816,1036,3199,816,3199,p2048_o512,2048,512,mixed,1,59.34862093999982,46.26700287086091,23703.93049402628,512,21.59979333929582,1089.959,46.381,47.565,2.128826171875,0.46974243985324216,34.614,0.798,10.969,69.1,47,Qwen2.5-7B-Instruct-Q4_K_M,llama.cpp,finegrained_gpu_emc
2026-05-23T22:57:49.180917,GPU816_CPU1036,816,1036,3199,816,3199,p2048_o512,2048,512,mixed,2,59.41457697190344,46.207169281799935,23673.310316051356,512,21.62773153245263,1089.652,46.368,47.565,2.1282265625,0.4698747857114014,34.623,0.79,10.956,69.2,47,Qwen2.5-7B-Instruct-Q4_K_M,llama.cpp,finegrained_gpu_emc
2026-05-23T22:57:59.219003,GPU918_CPU1036,918,1036,3199,918,3199,p64_o64,64,64,decode,0,43.59246697276831,42.20327457028722,2702.658381895162,64,23.680388327555413,135.166,45.055,48.863,2.11196875,0.47349185446044123,33.59,0.732,10.734,68.5,6,Qwen2.5-7B-Instruct-Q4_K_M,llama.cpp,finegrained_gpu_emc
2026-05-23T22:58:02.735204,GPU918_CPU1036,918,1036,3199,918,3199,p64_o64,64,64,decode,1,43.59937401022762,42.25522422209559,2705.942117027007,64,23.651651525464334,130.463,43.488,48.863,2.038484375,0.49056054206939903,32.19,0.798,10.5,68.6,6,Qwen2.5-7B-Instruct-Q4_K_M,llama.cpp,finegrained_gpu_emc
2026-05-23T22:58:06.249415,GPU918_CPU1036,918,1036,3199,918,3199,p64_o64,64,64,decode,2,43.62083994783461,42.22582730220719,2704.11090599373,64,23.66766831128945,130.348,43.449,48.863,2.0366875,0.49099334090281394,32.254,0.732,10.464,68.5,6,Qwen2.5-7B-Instruct-Q4_K_M,llama.cpp,finegrained_gpu_emc
2026-05-23T22:58:12.490945,GPU918_CPU1036,918,1036,3199,918,3199,p128_o128,128,128,decode,0,43.746018898673356,42.41120760644397,5430.500331916846,128,23.57057217135255,256.995,46.726,48.863,2.0077734375,0.49806416467246445,34.822,0.907,10.998,68.7,11,Qwen2.5-7B-Instruct-Q4_K_M,llama.cpp,finegrained_gpu_emc
2026-05-23T22:58:18.724495,GPU918_CPU1036,918,1036,3199,918,3199,p128_o128,128,128,decode,1,43.646745034493506,42.34946014975586,5422.515195095912,128,23.605281939230412,256.666,46.667,48.963,2.005203125,0.4987025940327118,34.853,0.798,11.016,68.7,11,Qwen2.5-7B-Instruct-Q4_K_M,llama.cpp,finegrained_gpu_emc
2026-05-23T22:58:24.958925,GPU918_CPU1036,918,1036,3199,918,3199,p128_o128,128,128,decode,2,43.681774055585265,42.354784921493646,5423.340038047172,128,23.601691780714905,256.19,46.58,48.863,2.001484375,0.49962918146688007,34.784,0.798,10.998,68.8,11,Qwen2.5-7B-Instruct-Q4_K_M,llama.cpp,finegrained_gpu_emc
2026-05-23T22:58:48.307211,GPU918_CPU1036,918,1036,3199,918,3199,p128_o512,128,512,decode,0,43.69347798638046,44.00038937176897,22529.88835796714,512,22.72536782539998,1045.347,47.516,48.863,2.041693359375,0.48978951486922523,35.638,0.789,11.089,69.0,44,Qwen2.5-7B-Instruct-Q4_K_M,llama.cpp,finegrained_gpu_emc
2026-05-23T22:59:11.637356,GPU918_CPU1036,918,1036,3199,918,3199,p128_o512,128,512,decode,1,47.674962086603045,43.96167238344987,22514.02894803323,512,22.7413761073949,1046.147,47.552,48.863,2.043255859375,0.4894149674950079,35.649,0.798,11.105,69.1,44,Qwen2.5-7B-Instruct-Q4_K_M,llama.cpp,finegrained_gpu_emc
2026-05-23T22:59:34.989214,GPU918_CPU1036,918,1036,3199,918,3199,p128_o512,128,512,decode,2,47.50356497243047,44.00429549720867,22535.6942799408,512,22.719513037401082,1045.746,47.534,48.863,2.04247265625,0.48960263773421075,35.64,0.798,11.096,69.2,44,Qwen2.5-7B-Instruct-Q4_K_M,llama.cpp,finegrained_gpu_emc
2026-05-23T22:59:46.748296,GPU918_CPU1036,918,1036,3199,918,3199,p256_o256,256,256,decode,0,47.59674600791186,42.736074212007225,10946.360312053002,256,23.386768999200513,519.61,47.237,48.963,2.0297265625,0.49267720020784816,35.35,0.798,11.089,69.2,22,Qwen2.5-7B-Instruct-Q4_K_M,llama.cpp,finegrained_gpu_emc
2026-05-23T22:59:55.902928,GPU918_CPU1036,918,1036,3199,918,3199,p256_o256,256,256,decode,1,47.147639095783234,42.54016105671288,8342.729833093472,195,23.37364434678023,399.358,46.983,50.161,2.0479897435897434,0.48828369533100624,35.021,0.915,11.047,69.3,17,Qwen2.5-7B-Instruct-Q4_K_M,llama.cpp,finegrained_gpu_emc
2026-05-23T23:00:07.644842,GPU918_CPU1036,918,1036,3199,918,3199,p256_o256,256,256,decode,2,43.68634207639843,42.68431034094343,10929.199176025577,256,23.423491133876002,520.216,47.292,48.963,2.03209375,0.4921032801759269,35.405,0.78,11.107,69.3,22,Qwen2.5-7B-Instruct-Q4_K_M,llama.cpp,finegrained_gpu_emc
2026-05-23T23:00:13.888225,GPU918_CPU1036,918,1036,3199,918,3199,p512_o128,512,128,decode,0,47.24476404953748,42.39757292845294,5432.22782202065,128,23.563076548653896,256.403,46.619,48.863,2.0031484375,0.49921412775981555,34.823,0.798,10.998,69.2,11,Qwen2.5-7B-Instruct-Q4_K_M,llama.cpp,finegrained_gpu_emc
2026-05-23T23:00:20.125773,GPU918_CPU1036,918,1036,3199,918,3199,p512_o128,512,128,decode,1,43.915119022130966,42.37792848822052,5426.403524936177,128,23.588367398737727,256.096,46.563,48.863,2.00075,0.4998125702861427,34.822,0.762,10.979,69.2,11,Qwen2.5-7B-Instruct-Q4_K_M,llama.cpp,finegrained_gpu_emc
2026-05-23T23:00:26.363532,GPU918_CPU1036,918,1036,3199,918,3199,p512_o128,512,128,decode,2,44.95213599875569,42.37114135395941,5426.592655945569,128,23.58754528216866,256.497,46.636,48.963,2.0038828125,0.4990311777525663,34.822,0.798,11.016,69.2,11,Qwen2.5-7B-Instruct-Q4_K_M,llama.cpp,finegrained_gpu_emc
2026-05-23T23:00:49.721050,GPU918_CPU1036,918,1036,3199,918,3199,p512_o512,512,512,decode,0,44.881089008413255,44.0185522310228,22540.345823043026,512,22.71482452041981,1060.91,47.152,48.863,2.07208984375,0.4826045564656757,35.317,0.807,11.028,69.3,45,Qwen2.5-7B-Instruct-Q4_K_M,llama.cpp,finegrained_gpu_emc
2026-05-23T23:01:02.015599,GPU918_CPU1036,918,1036,3199,918,3199,p512_o512,512,512,decode,1,47.77008295059204,42.81573959046807,11481.44506092649,267,23.254912476884208,545.068,47.397,48.863,2.0414531835205993,0.4898471383387027,35.512,0.798,11.087,69.4,23,Qwen2.5-7B-Instruct-Q4_K_M,llama.cpp,finegrained_gpu_emc
2026-05-23T23:01:12.881224,GPU918_CPU1036,918,1036,3199,918,3199,p512_o512,512,512,decode,2,47.1763729583472,42.575984085317,10053.079475997947,235,23.375921831819802,475.508,47.551,48.963,2.02343829787234,0.49420829933460636,35.61,0.798,11.143,69.4,20,Qwen2.5-7B-Instruct-Q4_K_M,llama.cpp,finegrained_gpu_emc
2026-05-23T23:01:59.712371,GPU918_CPU1036,918,1036,3199,918,3199,p512_o1024,512,1024,decode,0,43.640168965794146,44.92655393935172,46007.58605799638,1024,22.2571990347236,2122.596,47.169,48.963,2.07284765625,0.4824281210366928,35.304,0.82,11.044,69.6,90,Qwen2.5-7B-Instruct-Q4_K_M,llama.cpp,finegrained_gpu_emc
2026-05-23T23:02:33.081008,GPU918_CPU1036,918,1036,3199,918,3199,p512_o1024,512,1024,decode,1,47.80088097322732,44.33903054784617,32549.402685952373,733,22.51961447871199,1515.45,47.358,49.161,2.067462482946794,0.4836847141113201,35.501,0.804,11.052,69.7,64,Qwen2.5-7B-Instruct-Q4_K_M,llama.cpp,finegrained_gpu_emc
2026-05-23T23:02:51.047731,GPU918_CPU1036,918,1036,3199,918,3199,p512_o1024,512,1024,decode,2,47.618317999877036,43.51838648483176,17152.08550298121,393,22.91266563075916,809.45,47.615,48.963,2.0596692111959287,0.485514855766261,35.679,0.798,11.138,69.6,34,Qwen2.5-7B-Instruct-Q4_K_M,llama.cpp,finegrained_gpu_emc
2026-05-23T23:02:57.288204,GPU918_CPU1036,918,1036,3199,918,3199,p1024_o128,1024,128,decode,0,47.21145296934992,42.376858701078795,5429.565371014178,128,23.57463097936532,256.346,46.608,48.863,2.002703125,0.49932513087779795,34.822,0.798,10.989,69.5,11,Qwen2.5-7B-Instruct-Q4_K_M,llama.cpp,finegrained_gpu_emc
2026-05-23T23:03:03.519697,GPU918_CPU1036,918,1036,3199,918,3199,p1024_o128,1024,128,decode,1,43.70157001540065,42.33356216541073,5420.560283935629,128,23.61379512360388,256.887,46.707,49.262,2.0069296875,0.4982735599699479,34.893,0.834,10.979,69.4,11,Qwen2.5-7B-Instruct-Q4_K_M,llama.cpp,finegrained_gpu_emc
2026-05-23T23:03:09.752917,GPU918_CPU1036,918,1036,3199,918,3199,p1024_o128,1024,128,decode,2,43.59385196585208,42.34807438576433,5422.286048997194,128,23.606279499708897,256.389,46.616,48.963,2.0030390625,0.4992413871109915,34.821,0.798,10.998,69.4,11,Qwen2.5-7B-Instruct-Q4_K_M,llama.cpp,finegrained_gpu_emc
2026-05-23T23:03:24.414192,GPU918_CPU1036,918,1036,3199,918,3199,p1024_o512,1024,512,decode,0,43.622677912935615,43.1313349060323,13847.48741495423,320,23.108885418045183,659.174,47.084,48.963,2.05991875,0.48545604043848817,35.226,0.798,11.06,69.5,28,Qwen2.5-7B-Instruct-Q4_K_M,llama.cpp,finegrained_gpu_emc
2026-05-23T23:03:30.098165,GPU918_CPU1036,918,1036,3199,918,3199,p1024_o512,1024,512,decode,1,47.184286057017744,42.33072715939179,4873.034801101312,114,23.39404593914163,231.542,46.308,49.262,2.0310701754385967,0.4923512796814401,34.589,0.798,10.922,69.4,10,Qwen2.5-7B-Instruct-Q4_K_M,llama.cpp,finegrained_gpu_emc
2026-05-23T23:03:38.980457,GPU918_CPU1036,918,1036,3199,918,3199,p1024_o512,1024,512,decode,2,43.58675598632544,42.467371994713716,8070.419954950921,189,23.418855654971843,378.704,47.338,48.963,2.0037248677248676,0.4990705141746588,35.412,0.798,11.128,69.4,16,Qwen2.5-7B-Instruct-Q4_K_M,llama.cpp,finegrained_gpu_emc
2026-05-23T23:04:03.517396,GPU918_CPU1036,918,1036,3199,918,3199,p1024_o1024,1024,1024,decode,0,43.68953302036971,44.00740945438579,23720.19491204992,538,22.681095243728148,1114.1,47.409,48.963,2.0708178438661706,0.4829009963198995,35.52,0.798,11.091,69.5,47,Qwen2.5-7B-Instruct-Q4_K_M,llama.cpp,finegrained_gpu_emc
2026-05-23T23:04:50.309003,GPU918_CPU1036,918,1036,3199,918,3199,p1024_o1024,1024,1024,decode,1,47.653881018050015,44.88416775361883,45968.077825033106,1024,22.27632845335887,2114.014,46.978,49.347,2.064466796875,0.48438657454491785,35.117,0.802,11.059,69.6,90,Qwen2.5-7B-Instruct-Q4_K_M,llama.cpp,finegrained_gpu_emc
2026-05-23T23:05:37.127645,GPU918_CPU1036,918,1036,3199,918,3199,p1024_o1024,1024,1024,decode,2,47.866545035503805,44.910266470138566,45995.09849702008,1024,22.26324181187138,2123.164,47.181,49.262,2.07340234375,0.4822990593284362,35.321,0.798,11.062,69.7,90,Qwen2.5-7B-Instruct-Q4_K_M,llama.cpp,finegrained_gpu_emc
2026-05-23T23:05:43.375162,GPU918_CPU1036,918,1036,3199,918,3199,p2048_o128,2048,128,decode,0,47.901740996167064,42.42475935455969,5436.336576007307,128,23.54526770195105,255.782,46.506,48.963,1.998296875,0.5004261441383678,34.747,0.798,10.961,69.6,11,Qwen2.5-7B-Instruct-Q4_K_M,llama.cpp,finegrained_gpu_emc
2026-05-23T23:05:49.610580,GPU918_CPU1036,918,1036,3199,918,3199,p2048_o128,2048,128,decode,1,43.778688996098936,42.362076079098905,5424.25668402575,128,23.59770332715921,256.746,46.681,48.963,2.005828125,0.49854720229331717,34.858,0.798,11.025,69.6,11,Qwen2.5-7B-Instruct-Q4_K_M,llama.cpp,finegrained_gpu_emc
2026-05-23T23:05:55.842329,GPU918_CPU1036,918,1036,3199,918,3199,p2048_o128,2048,128,decode,2,43.62527700141072,42.33673537758685,5420.8917550276965,128,23.61235121164046,256.837,46.698,48.963,2.0065390625,0.49837056187387335,34.893,0.798,11.007,69.5,11,Qwen2.5-7B-Instruct-Q4_K_M,llama.cpp,finegrained_gpu_emc
2026-05-23T23:06:19.189192,GPU918_CPU1036,918,1036,3199,918,3199,p2048_o512,2048,512,decode,0,43.614201014861465,43.99826525826255,22528.670871979557,512,22.726595941210597,1047.402,47.609,48.863,2.04570703125,0.4888285491148575,35.702,0.798,11.11,69.6,44,Qwen2.5-7B-Instruct-Q4_K_M,llama.cpp,finegrained_gpu_emc
2026-05-23T23:06:42.535706,GPU918_CPU1036,918,1036,3199,918,3199,p2048_o512,2048,512,decode,1,47.59620898403227,43.99329473591663,22530.125230085105,512,22.72512890058472,1047.469,47.612,49.247,2.045837890625,0.48879728182886556,35.719,0.798,11.096,69.7,44,Qwen2.5-7B-Instruct-Q4_K_M,llama.cpp,finegrained_gpu_emc
2026-05-23T23:07:02.788261,GPU918_CPU1036,918,1036,3199,918,3199,p2048_o512,2048,512,decode,2,47.48829093296081,43.76499795031469,19437.08126200363,443,22.79148777681934,905.176,47.641,49.347,2.0432866817155757,0.48940758482328295,35.719,0.808,11.113,69.7,38,Qwen2.5-7B-Instruct-Q4_K_M,llama.cpp,finegrained_gpu_emc
2026-05-23T23:07:06.343252,GPU918_CPU1036,918,1036,3199,918,3199,p64_o64,64,64,mixed,0,76.74481102731079,42.34513200058173,2744.7507170727476,64,23.31723591578307,131.54,43.847,48.963,2.0553125,0.4865440170290406,32.516,0.798,10.533,69.5,6,Qwen2.5-7B-Instruct-Q4_K_M,llama.cpp,finegrained_gpu_emc
2026-05-23T23:07:09.860468,GPU918_CPU1036,918,1036,3199,918,3199,p64_o64,64,64,mixed,1,43.797389953397214,42.2717434453911,2707.173096947372,64,23.640896872153046,130.405,43.468,48.863,2.037578125,0.4907787278095165,32.188,0.798,10.483,69.4,6,Qwen2.5-7B-Instruct-Q4_K_M,llama.cpp,finegrained_gpu_emc
2026-05-23T23:07:13.374255,GPU918_CPU1036,918,1036,3199,918,3199,p64_o64,64,64,mixed,2,43.939244002103806,42.21481600007604,2703.7421859567985,64,23.67089596501292,130.661,43.554,48.863,2.041578125,0.4898171604380802,32.323,0.798,10.433,69.3,6,Qwen2.5-7B-Instruct-Q4_K_M,llama.cpp,finegrained_gpu_emc
2026-05-23T23:07:19.657062,GPU918_CPU1036,918,1036,3199,918,3199,p128_o128,128,128,mixed,0,86.80041006300598,42.39916553497168,5472.000924986787,128,23.391808911346093,255.032,46.37,48.863,1.9924375,0.501897801060259,34.638,0.798,10.934,69.3,11,Qwen2.5-7B-Instruct-Q4_K_M,llama.cpp,finegrained_gpu_emc
2026-05-23T23:07:25.897544,GPU918_CPU1036,918,1036,3199,918,3199,p128_o128,128,128,mixed,1,44.203939964063466,42.40112859062762,5429.6448670793325,128,23.57428582043758,254.3,46.236,48.863,1.98671875,0.5033425088478175,34.459,0.798,10.979,69.4,11,Qwen2.5-7B-Instruct-Q4_K_M,llama.cpp,finegrained_gpu_emc
2026-05-23T23:07:32.128455,GPU918_CPU1036,918,1036,3199,918,3199,p128_o128,128,128,mixed,2,44.054626021534204,42.3263643307274,5420.000139973126,128,23.616235552465255,256.574,46.65,48.948,2.004484375,0.4988814143288096,34.854,0.798,10.998,69.3,11,Qwen2.5-7B-Instruct-Q4_K_M,llama.cpp,finegrained_gpu_emc
2026-05-23T23:07:55.478659,GPU918_CPU1036,918,1036,3199,918,3199,p128_o512,128,512,mixed,0,44.01103896088898,44.00769365954153,22533.906996017322,512,22.721315042726133,1049.447,47.702,48.963,2.049701171875,0.4878759956434199,35.765,0.816,11.121,69.5,44,Qwen2.5-7B-Instruct-Q4_K_M,llama.cpp,finegrained_gpu_emc
2026-05-23T23:08:18.844230,GPU918_CPU1036,918,1036,3199,918,3199,p128_o512,128,512,mixed,1,48.12197107821703,44.029595107550925,22549.202815978788,512,22.705902473731232,1062.481,47.221,49.247,2.075158203125,0.4818909702855863,35.396,0.798,11.028,69.6,45,Qwen2.5-7B-Instruct-Q4_K_M,llama.cpp,finegrained_gpu_emc
2026-05-23T23:08:42.195929,GPU918_CPU1036,918,1036,3199,918,3199,p128_o512,128,512,mixed,2,48.292772960849106,44.002496450137045,22535.53356300108,512,22.719675066429463,1046.92,47.587,48.863,2.044765625,0.4890536048599702,35.707,0.798,11.082,69.6,44,Qwen2.5-7B-Instruct-Q4_K_M,llama.cpp,finegrained_gpu_emc
2026-05-23T23:08:50.731195,GPU918_CPU1036,918,1036,3199,918,3199,p256_o256,256,256,mixed,0,125.81472692545503,43.409613707108186,7723.541516927071,175,22.65799952217081,367.707,45.963,48.863,2.1011828571428572,0.4759224056109892,34.34,0.798,10.825,69.6,16,Qwen2.5-7B-Instruct-Q4_K_M,llama.cpp,finegrained_gpu_emc
2026-05-23T23:09:02.753380,GPU918_CPU1036,918,1036,3199,918,3199,p256_o256,256,256,mixed,1,48.27957309316844,43.76514489789877,11209.374202066101,256,22.838027831456845,520.527,47.321,48.863,2.03330859375,0.49180926253585305,35.493,0.798,11.03,69.6,22,Qwen2.5-7B-Instruct-Q4_K_M,llama.cpp,finegrained_gpu_emc
2026-05-23T23:09:14.772565,GPU918_CPU1036,918,1036,3199,918,3199,p256_o256,256,256,mixed,2,48.27339109033346,43.7534166271707,11206.404958036728,256,22.844078985063657,520.658,47.333,49.262,2.0338203125,0.4916855210137941,35.491,0.798,11.043,69.7,22,Qwen2.5-7B-Instruct-Q4_K_M,llama.cpp,finegrained_gpu_emc
2026-05-23T23:09:21.413660,GPU918_CPU1036,918,1036,3199,918,3199,p512_o128,512,128,mixed,0,229.2429649969563,44.09625585003954,5829.974716994911,128,21.95549830205408,275.47,45.912,48.762,2.152109375,0.4646603985914981,34.381,0.798,10.733,69.5,12,Qwen2.5-7B-Instruct-Q4_K_M,llama.cpp,finegrained_gpu_emc
2026-05-23T23:09:27.869345,GPU918_CPU1036,918,1036,3199,918,3199,p512_o128,512,128,mixed,1,47.49694105703384,44.06648701584832,5644.531635101885,128,22.676815061855805,270.342,45.057,48.662,2.112046875,0.47347433991018784,33.65,0.798,10.609,69.4,12,Qwen2.5-7B-Instruct-Q4_K_M,llama.cpp,finegrained_gpu_emc
2026-05-23T23:09:34.322310,GPU918_CPU1036,918,1036,3199,918,3199,p512_o128,512,128,mixed,2,47.63911303598434,44.044759488429904,5641.820203978568,128,22.68771342797053,269.572,44.929,48.349,2.10603125,0.4748267624233971,33.58,0.731,10.617,69.4,12,Qwen2.5-7B-Instruct-Q4_K_M,llama.cpp,finegrained_gpu_emc
2026-05-23T23:09:57.603618,GPU918_CPU1036,918,1036,3199,918,3199,p512_o512,512,512,mixed,0,47.50077496282756,43.8609705616423,22462.45472994633,512,22.793590734204823,1051.126,47.778,48.863,2.05298046875,0.4870966944020032,35.848,0.798,11.132,69.6,44,Qwen2.5-7B-Instruct-Q4_K_M,llama.cpp,finegrained_gpu_emc
2026-05-23T23:10:02.433022,GPU918_CPU1036,918,1036,3199,918,3199,p512_o512,512,512,mixed,1,51.70546402223408,44.07357231562099,4018.5952790779993,90,22.39588556443261,180.446,45.111,48.263,2.0049555555555556,0.4987641732152555,33.663,0.798,10.65,69.5,8,Qwen2.5-7B-Instruct-Q4_K_M,llama.cpp,finegrained_gpu_emc
2026-05-23T23:10:25.693001,GPU918_CPU1036,918,1036,3199,918,3199,p512_o512,512,512,mixed,2,47.61372192297131,43.82392239721342,22443.606720888056,512,22.812732657781176,1052.58,47.845,48.863,2.0558203125,0.4864238347679037,35.876,0.807,11.162,69.6,44,Qwen2.5-7B-Instruct-Q4_K_M,llama.cpp,finegrained_gpu_emc
2026-05-23T23:11:12.704649,GPU918_CPU1036,918,1036,3199,918,3199,p512_o1024,512,1024,mixed,0,51.65242694783956,45.095240458516535,46188.10628994834,1024,22.17020965466271,2139.118,47.014,48.863,2.088982421875,0.47870196969031165,35.199,0.794,11.021,69.7,91,Qwen2.5-7B-Instruct-Q4_K_M,llama.cpp,finegrained_gpu_emc
2026-05-23T23:11:20.992262,GPU918_CPU1036,918,1036,3199,918,3199,p512_o1024,512,1024,mixed,1,51.712631015107036,44.19058561115944,7475.982437026687,168,22.471962904559227,349.673,46.623,48.363,2.0813869047619047,0.4804488765217789,34.9,0.798,10.925,69.7,15,Qwen2.5-7B-Instruct-Q4_K_M,llama.cpp,finegrained_gpu_emc
2026-05-23T23:12:08.050339,GPU918_CPU1036,918,1036,3199,918,3199,p512_o1024,512,1024,mixed,2,47.540571074932814,45.14446700782035,46234.36512798071,1024,22.14802770981022,2139.652,47.025,48.863,2.08950390625,0.4785824984623668,35.189,0.807,11.029,69.8,91,Qwen2.5-7B-Instruct-Q4_K_M,llama.cpp,finegrained_gpu_emc
2026-05-23T23:12:14.745323,GPU918_CPU1036,918,1036,3199,918,3199,p1024_o128,1024,128,mixed,0,451.9540990004316,42.76726041704152,5883.963429951109,128,21.754044110546687,279.15,46.525,49.262,2.180859375,0.4585348379007702,34.944,0.798,10.783,69.6,12,Qwen2.5-7B-Instruct-Q4_K_M,llama.cpp,finegrained_gpu_emc
2026-05-23T23:12:21.030924,GPU918_CPU1036,918,1036,3199,918,3199,p1024_o128,1024,128,mixed,1,51.46940902341157,42.699561079443384,5474.826397025026,128,23.37973676563591,256.838,46.698,49.362,2.006546875,0.4983686214656709,34.893,0.798,11.007,69.6,11,Qwen2.5-7B-Instruct-Q4_K_M,llama.cpp,finegrained_gpu_emc
2026-05-23T23:12:27.319411,GPU918_CPU1036,918,1036,3199,918,3199,p1024_o128,1024,128,mixed,2,51.43660795874894,42.72170503180122,5477.601430029608,128,23.36789224901822,257.145,46.754,49.362,2.0089453125,0.4977736296641973,34.931,0.798,11.025,69.6,11,Qwen2.5-7B-Instruct-Q4_K_M,llama.cpp,finegrained_gpu_emc
2026-05-23T23:12:50.592334,GPU918_CPU1036,918,1036,3199,918,3199,p1024_o512,1024,512,mixed,0,51.54428398236632,43.928085988405726,22456.874102004804,511,22.754725242654374,1049.097,47.686,49.362,2.0530273972602737,0.4870855602484804,35.731,0.798,11.157,69.7,44,Qwen2.5-7B-Instruct-Q4_K_M,llama.cpp,finegrained_gpu_emc
2026-05-23T23:12:56.587622,GPU918_CPU1036,918,1036,3199,918,3199,p1024_o512,1024,512,mixed,1,51.94561602547765,42.76487820179147,5184.174354071729,120,23.147369629987498,249.92,45.44,49.362,2.0826666666666664,0.4801536491677337,33.845,0.798,10.797,69.6,11,Qwen2.5-7B-Instruct-Q4_K_M,llama.cpp,finegrained_gpu_emc
2026-05-23T23:13:19.842723,GPU918_CPU1036,918,1036,3199,918,3199,p1024_o512,1024,512,mixed,2,51.45528295543045,43.807034434499165,22438.795265974477,512,22.817624294490606,1053.148,47.87,49.362,2.0569296875,0.48616148917341157,35.892,0.798,11.18,69.8,44,Qwen2.5-7B-Instruct-Q4_K_M,llama.cpp,finegrained_gpu_emc
2026-05-23T23:14:06.955620,GPU918_CPU1036,918,1036,3199,918,3199,p1024_o1024,1024,1024,mixed,0,51.96311103645712,45.19387959825369,46289.32957700454,1024,22.121728902911123,2144.476,47.131,48.963,2.09421484375,0.4775059268557913,35.29,0.794,11.048,69.9,91,Qwen2.5-7B-Instruct-Q4_K_M,llama.cpp,finegrained_gpu_emc
2026-05-23T23:14:53.778538,GPU918_CPU1036,918,1036,3199,918,3199,p1024_o1024,1024,1024,mixed,1,52.14952595997602,44.91078710950045,45999.43839595653,1024,22.26114134667375,2137.412,47.498,49.262,2.08731640625,0.47908405117965097,35.609,0.802,11.087,70.0,90,Qwen2.5-7B-Instruct-Q4_K_M,llama.cpp,finegrained_gpu_emc
2026-05-23T23:15:20.294797,GPU918_CPU1036,918,1036,3199,918,3199,p1024_o1024,1024,1024,mixed,2,52.285992074757814,43.98785424726788,25698.811382986605,583,22.685874117351737,1212.121,47.534,49.362,2.0791097770154376,0.48097508417063967,35.615,0.806,11.113,70.0,51,Qwen2.5-7B-Instruct-Q4_K_M,llama.cpp,finegrained_gpu_emc
2026-05-23T23:15:27.574713,GPU918_CPU1036,918,1036,3199,918,3199,p2048_o128,2048,128,mixed,0,925.9003100451082,43.637979716084544,6468.456561095081,128,19.788337262688547,301.245,46.345,49.262,2.3534765625,0.4249033178973925,34.866,0.798,10.681,69.9,13,Qwen2.5-7B-Instruct-Q4_K_M,llama.cpp,finegrained_gpu_emc
2026-05-23T23:15:33.978115,GPU918_CPU1036,918,1036,3199,918,3199,p2048_o128,2048,128,mixed,1,53.427026025019586,43.61001094509884,5592.424554051831,128,22.888104928882992,271.948,45.325,49.262,2.12459375,0.4706782178945975,33.818,0.798,10.709,69.8,12,Qwen2.5-7B-Instruct-Q4_K_M,llama.cpp,finegrained_gpu_emc
2026-05-23T23:15:40.377018,GPU918_CPU1036,918,1036,3199,918,3199,p2048_o128,2048,128,mixed,2,53.400272969156504,43.57420631471699,5587.846452952363,128,22.90685706518844,271.704,45.284,49.262,2.1226875,0.47110090392485937,33.785,0.798,10.7,69.8,12,Qwen2.5-7B-Instruct-Q4_K_M,llama.cpp,finegrained_gpu_emc
2026-05-23T23:15:46.512454,GPU918_CPU1036,918,1036,3199,918,3199,p2048_o512,2048,512,mixed,0,53.42983896844089,43.55852261651307,5324.39366390463,121,22.725592365622525,255.808,46.511,49.262,2.1141157024793387,0.47301100825619213,34.788,0.798,10.925,69.8,11,Qwen2.5-7B-Instruct-Q4_K_M,llama.cpp,finegrained_gpu_emc
2026-05-23T23:16:09.971160,GPU918_CPU1036,918,1036,3199,918,3199,p2048_o512,2048,512,mixed,1,53.35015896707773,44.20199231704817,22642.53342698794,512,22.612310660861844,1076.633,47.85,49.262,2.102798828125,0.47555666601339547,35.902,0.833,11.115,70.0,45,Qwen2.5-7B-Instruct-Q4_K_M,llama.cpp,finegrained_gpu_emc
2026-05-23T23:16:17.126276,GPU918_CPU1036,918,1036,3199,918,3199,p2048_o512,2048,512,mixed,2,57.30761191807687,43.65475937053301,6343.836266896687,144,22.69919870905538,303.506,46.693,49.262,2.1076805555555556,0.4744552002266842,34.959,0.798,10.936,69.9,13,Qwen2.5-7B-Instruct-Q4_K_M,llama.cpp,finegrained_gpu_emc
2026-05-23T23:16:27.021364,GPU1020_CPU1036,1020,1036,3199,1020,3199,p64_o64,64,64,decode,0,42.383169988170266,41.12887750786271,2633.7671540677547,64,24.299794270406327,135.904,45.302,49.761,2.1235,0.4709206498704968,33.786,0.798,10.718,69.3,6,Qwen2.5-7B-Instruct-Q4_K_M,llama.cpp,finegrained_gpu_emc
2026-05-23T23:16:30.462948,GPU1020_CPU1036,1020,1036,3199,1020,3199,p64_o64,64,64,decode,1,42.440447956323624,41.0893177613616,2631.330632022582,64,24.32229504766042,130.508,43.502,49.862,2.0391875,0.4903913936310417,32.255,0.798,10.449,69.2,6,Qwen2.5-7B-Instruct-Q4_K_M,llama.cpp,finegrained_gpu_emc
2026-05-23T23:16:33.906624,GPU1020_CPU1036,1020,1036,3199,1020,3199,p64_o64,64,64,decode,2,42.560255038551986,41.12336882537911,2633.5978000424802,64,24.30135687346324,130.958,43.652,49.761,2.04621875,0.4887063027840987,32.388,0.798,10.466,69.2,6,Qwen2.5-7B-Instruct-Q4_K_M,llama.cpp,finegrained_gpu_emc
2026-05-23T23:16:39.998212,GPU1020_CPU1036,1020,1036,3199,1020,3199,p128_o128,128,128,decode,0,42.584478040225804,41.24099871704692,5280.680845025927,128,24.239298635244744,257.654,46.846,49.862,2.012921875,0.4967902691206036,35.042,0.798,11.007,69.3,11,Qwen2.5-7B-Instruct-Q4_K_M,llama.cpp,finegrained_gpu_emc
2026-05-23T23:16:46.092620,GPU1020_CPU1036,1020,1036,3199,1020,3199,p128_o128,128,128,decode,1,42.55970905069262,41.26342639371049,5283.504327991977,128,24.226345253822675,258.352,46.973,50.16,2.018375,0.49544807084907416,35.187,0.798,10.988,69.4,11,Qwen2.5-7B-Instruct-Q4_K_M,llama.cpp,finegrained_gpu_emc
2026-05-23T23:16:52.183950,GPU1020_CPU1036,1020,1036,3199,1020,3199,p128_o128,128,128,decode,2,42.60002705268562,41.23908523598495,5280.449126963504,128,24.240362310545688,257.896,46.89,49.862,2.0148125,0.496324099637063,35.077,0.798,11.016,69.4,11,Qwen2.5-7B-Instruct-Q4_K_M,llama.cpp,finegrained_gpu_emc
2026-05-23T23:17:14.946419,GPU1020_CPU1036,1020,1036,3199,1020,3199,p128_o512,128,512,decode,0,42.45980398263782,42.861299757406464,21946.538773947395,512,23.329419061186638,1041.968,48.464,49.761,2.03509375,0.49137785421433283,36.487,0.798,11.178,69.7,43,Qwen2.5-7B-Instruct-Q4_K_M,llama.cpp,finegrained_gpu_emc
2026-05-23T23:17:37.724275,GPU1020_CPU1036,1020,1036,3199,1020,3199,p128_o512,128,512,decode,1,46.39501904603094,42.883251549916636,21961.714201956056,512,23.3132985563758,1042.099,48.47,50.16,2.035349609375,0.4913160841724251,36.477,0.798,11.195,69.8,43,Qwen2.5-7B-Instruct-Q4_K_M,llama.cpp,finegrained_gpu_emc
2026-05-23T23:18:00.500351,GPU1020_CPU1036,1020,1036,3199,1020,3199,p128_o512,128,512,decode,2,46.36023100465536,42.88004283950921,21960.06529906299,512,23.315049068722324,1041.716,48.452,50.261,2.0346015625,0.4914967227152123,36.459,0.798,11.195,70.0,43,Qwen2.5-7B-Instruct-Q4_K_M,llama.cpp,finegrained_gpu_emc
2026-05-23T23:18:11.978580,GPU1020_CPU1036,1020,1036,3199,1020,3199,p256_o256,256,256,decode,0,46.500641969032586,41.63999578404222,10665.656931931153,256,24.0022721182396,509.234,48.499,50.261,1.9891953125,0.5027158437967614,36.462,0.798,11.239,70.0,21,Qwen2.5-7B-Instruct-Q4_K_M,llama.cpp,finegrained_gpu_emc
2026-05-23T23:18:23.446145,GPU1020_CPU1036,1020,1036,3199,1020,3199,p256_o256,256,256,decode,1,45.99370202049613,41.60085043906435,10655.191448051482,256,24.025847048183707,510.112,48.582,50.261,1.992625,0.5018505739915939,36.517,0.798,11.268,70.0,21,Qwen2.5-7B-Instruct-Q4_K_M,llama.cpp,finegrained_gpu_emc
2026-05-23T23:18:34.910816,GPU1020_CPU1036,1020,1036,3199,1020,3199,p256_o256,256,256,decode,2,45.876676915213466,41.58972199211883,10652.20578899607,256,24.032581145254706,509.982,48.57,50.16,1.9921171875,0.5019785012020032,36.514,0.798,11.258,70.1,21,Qwen2.5-7B-Instruct-Q4_K_M,llama.cpp,finegrained_gpu_emc
2026-05-23T23:18:41.008079,GPU1020_CPU1036,1020,1036,3199,1020,3199,p512_o128,512,128,decode,0,45.96121795475483,41.25924469301785,5286.377575946972,128,24.213177768913113,258.258,46.956,50.16,2.017640625,0.49562840260514684,35.188,0.798,10.97,69.9,11,Qwen2.5-7B-Instruct-Q4_K_M,llama.cpp,finegrained_gpu_emc
2026-05-23T23:18:45.277575,GPU1020_CPU1036,1020,1036,3199,1020,3199,p512_o128,512,128,decode,1,43.66006108466536,41.145497011645446,3459.008279023692,83,23.99531695351328,162.064,46.304,50.261,1.952578313253012,0.5121433507750025,34.597,0.798,10.909,69.8,7,Qwen2.5-7B-Instruct-Q4_K_M,llama.cpp,finegrained_gpu_emc
2026-05-23T23:18:51.368692,GPU1020_CPU1036,1020,1036,3199,1020,3199,p512_o128,512,128,decode,2,43.79452206194401,41.226635937300316,5280.072480090894,128,24.242091464205913,258.46,46.993,50.261,2.01921875,0.49524104310144706,35.188,0.798,11.007,69.8,11,Qwen2.5-7B-Instruct-Q4_K_M,llama.cpp,finegrained_gpu_emc
2026-05-23T23:19:14.150486,GPU1020_CPU1036,1020,1036,3199,1020,3199,p512_o512,512,512,decode,0,43.74479502439499,42.894525273927215,21964.79883498978,512,23.31002454638407,1041.044,48.421,49.862,2.0332890625,0.4918139867287069,36.439,0.798,11.183,70.0,43,Qwen2.5-7B-Instruct-Q4_K_M,llama.cpp,finegrained_gpu_emc
2026-05-23T23:19:23.145591,GPU1020_CPU1036,1020,1036,3199,1020,3199,p512_o512,512,512,decode,1,46.65464395657182,41.51068440017601,8183.127617929131,196,23.95172226943723,397.154,46.724,49.463,2.026295918367347,0.49351133313525736,34.927,0.798,10.999,70.0,17,Qwen2.5-7B-Instruct-Q4_K_M,llama.cpp,finegrained_gpu_emc
2026-05-23T23:19:45.936301,GPU1020_CPU1036,1020,1036,3199,1020,3199,p512_o512,512,512,decode,2,42.69213101360947,42.91592493339819,21974.7087249998,512,23.299512471695103,1038.282,48.292,49.463,2.02789453125,0.49312229240225686,36.302,0.798,11.193,70.0,43,Qwen2.5-7B-Instruct-Q4_K_M,llama.cpp,finegrained_gpu_emc
2026-05-23T23:20:28.502233,GPU1020_CPU1036,1020,1036,3199,1020,3199,p512_o1024,512,1024,decode,0,46.395506942644715,43.65979497485933,41743.56499093119,955,22.87777769357922,1968.87,48.021,50.261,2.0616439790575916,0.48504980013916615,36.063,0.803,11.155,70.2,82,Qwen2.5-7B-Instruct-Q4_K_M,llama.cpp,finegrained_gpu_emc
2026-05-23T23:20:43.084522,GPU1020_CPU1036,1020,1036,3199,1020,3199,p512_o1024,512,1024,decode,1,46.53652396518737,42.087134756864266,13768.760161940008,326,23.67678688318926,655.355,48.545,50.16,2.0102914110429446,0.4974403186059464,36.516,0.798,11.231,70.1,27,Qwen2.5-7B-Instruct-Q4_K_M,llama.cpp,finegrained_gpu_emc
2026-05-23T23:21:06.341832,GPU1020_CPU1036,1020,1036,3199,1020,3199,p512_o1024,512,1024,decode,2,46.07732698787004,42.900898349256885,22440.908867982216,522,23.261089961680142,1067.004,48.5,50.261,2.044068965517241,0.4892202840851581,36.501,0.798,11.201,70.2,44,Qwen2.5-7B-Instruct-Q4_K_M,llama.cpp,finegrained_gpu_emc
2026-05-23T23:21:12.451150,GPU1020_CPU1036,1020,1036,3199,1020,3199,p1024_o128,1024,128,decode,0,46.46141699049622,41.34894725976614,5298.275056993589,128,24.158806144094623,258.054,46.919,49.862,2.016046875,0.4960202128236726,35.114,0.798,11.007,70.1,11,Qwen2.5-7B-Instruct-Q4_K_M,llama.cpp,finegrained_gpu_emc
2026-05-23T23:21:18.545111,GPU1020_CPU1036,1020,1036,3199,1020,3199,p1024_o128,1024,128,decode,1,42.59026295039803,41.25935303993288,5283.024445059709,128,24.228545851173575,258.459,46.992,50.16,2.0192109375,0.49524295923144485,35.188,0.798,11.006,70.0,11,Qwen2.5-7B-Instruct-Q4_K_M,llama.cpp,finegrained_gpu_emc
2026-05-23T23:21:24.636374,GPU1020_CPU1036,1020,1036,3199,1020,3199,p1024_o128,1024,128,decode,2,42.504439945332706,41.236970094252584,5280.094355926849,128,24.241991027361355,258.212,46.948,49.862,2.01728125,0.49571669790714606,35.152,0.762,11.034,70.0,11,Qwen2.5-7B-Instruct-Q4_K_M,llama.cpp,finegrained_gpu_emc
2026-05-23T23:21:44.066730,GPU1020_CPU1036,1020,1036,3199,1020,3199,p1024_o512,1024,512,decode,0,42.51499893143773,42.59375811490263,18615.073377965018,436,23.421879202265227,894.732,48.364,50.16,2.052137614678899,0.48729675478243767,36.375,0.809,11.18,70.1,37,Qwen2.5-7B-Instruct-Q4_K_M,llama.cpp,finegrained_gpu_emc
2026-05-23T23:22:06.826654,GPU1020_CPU1036,1020,1036,3199,1020,3199,p1024_o512,1024,512,decode,1,46.11146496608853,42.84845408413982,21943.719892995432,512,23.332415948466124,1043.392,48.53,50.261,2.037875,0.4907072317978286,36.511,0.798,11.221,70.2,43,Qwen2.5-7B-Instruct-Q4_K_M,llama.cpp,finegrained_gpu_emc
2026-05-23T23:22:18.872735,GPU1020_CPU1036,1020,1036,3199,1020,3199,p1024_o512,1024,512,decode,2,46.40252992976457,41.73501309012639,11233.296340913512,268,23.85764533104143,532.071,48.37,49.862,1.985339552238806,0.5036921764200643,36.31,0.798,11.262,70.1,22,Qwen2.5-7B-Instruct-Q4_K_M,llama.cpp,finegrained_gpu_emc
2026-05-23T23:22:25.174733,GPU1020_CPU1036,1020,1036,3199,1020,3199,p1024_o1024,1024,1024,decode,0,46.04563792236149,41.24960544312956,5491.171085974202,132,24.03858811413842,262.17,47.667,50.261,1.9861363636363638,0.503490101842316,35.762,0.798,11.107,70.1,11,Qwen2.5-7B-Instruct-Q4_K_M,llama.cpp,finegrained_gpu_emc
2026-05-23T23:23:10.838563,GPU1020_CPU1036,1020,1036,3199,1020,3199,p1024_o1024,1024,1024,decode,1,42.546737007796764,43.786926735110605,44840.64758406021,1024,22.836423093140336,2109.876,47.952,50.261,2.06042578125,0.4853365790217055,36.014,0.803,11.136,70.2,88,Qwen2.5-7B-Instruct-Q4_K_M,llama.cpp,finegrained_gpu_emc
2026-05-23T23:23:56.489119,GPU1020_CPU1036,1020,1036,3199,1020,3199,p1024_o1024,1024,1024,decode,2,46.628762036561966,43.77025577903362,44827.638517017476,1024,22.843050267108513,2110.3,47.961,50.145,2.06083984375,0.4852390655357058,36.024,0.798,11.139,70.3,88,Qwen2.5-7B-Instruct-Q4_K_M,llama.cpp,finegrained_gpu_emc
2026-05-23T23:24:02.590737,GPU1020_CPU1036,1020,1036,3199,1020,3199,p2048_o128,2048,128,decode,0,46.75534809939563,41.284505849865475,5290.487968013622,128,24.194365580999357,257.904,46.892,50.246,2.014875,0.49630870401389665,35.069,0.798,11.025,70.0,11,Qwen2.5-7B-Instruct-Q4_K_M,llama.cpp,finegrained_gpu_emc
2026-05-23T23:24:08.682704,GPU1020_CPU1036,1020,1036,3199,1020,3199,p2048_o128,2048,128,decode,1,42.80717298388481,41.24237353616489,5281.125053064898,128,24.2372598099557,258.46,46.993,50.261,2.01921875,0.49524104310144706,35.142,0.798,11.052,70.0,11,Qwen2.5-7B-Instruct-Q4_K_M,llama.cpp,finegrained_gpu_emc
2026-05-23T23:24:14.772360,GPU1020_CPU1036,1020,1036,3199,1020,3199,p2048_o128,2048,128,decode,2,42.57802397478372,41.22533621248151,5278.6886129761115,128,24.24844679895485,257.879,46.887,50.16,2.0146796875,0.4963568185079048,35.146,0.798,10.943,70.0,11,Qwen2.5-7B-Instruct-Q4_K_M,llama.cpp,finegrained_gpu_emc
2026-05-23T23:24:37.549629,GPU1020_CPU1036,1020,1036,3199,1020,3199,p2048_o512,2048,512,decode,0,42.52983198966831,42.889966667263444,21961.271477979608,512,23.31376853627889,1042.982,48.511,50.16,2.03707421875,0.4909001305871051,36.506,0.798,11.206,70.2,43,Qwen2.5-7B-Instruct-Q4_K_M,llama.cpp,finegrained_gpu_emc
2026-05-23T23:24:56.240930,GPU1020_CPU1036,1020,1036,3199,1020,3199,p2048_o512,2048,512,decode,1,46.387637965381145,42.54967652865057,17876.50933698751,419,23.438580323568274,849.945,48.568,50.246,2.028508353221957,0.49297307472836477,36.537,0.798,11.233,70.2,35,Qwen2.5-7B-Instruct-Q4_K_M,llama.cpp,finegrained_gpu_emc
2026-05-23T23:25:19.020600,GPU1020_CPU1036,1020,1036,3199,1020,3199,p2048_o512,2048,512,decode,2,46.031033038161695,42.887449631997825,21963.49255403038,512,23.31141091247103,1041.607,48.447,49.847,2.034388671875,0.49154815587836875,36.447,0.798,11.202,70.2,43,Qwen2.5-7B-Instruct-Q4_K_M,llama.cpp,finegrained_gpu_emc
2026-05-23T23:25:22.507696,GPU1020_CPU1036,1020,1036,3199,1020,3199,p64_o64,64,64,mixed,0,74.89424792584032,41.297401349607206,2676.90710502211,64,23.90818862557107,131.188,43.729,49.746,2.0498125,0.48784949842973446,32.449,0.798,10.483,69.9,6,Qwen2.5-7B-Instruct-Q4_K_M,llama.cpp,finegrained_gpu_emc
2026-05-23T23:25:25.952675,GPU1020_CPU1036,1020,1036,3199,1020,3199,p64_o64,64,64,mixed,1,42.66771406400949,41.139492269841924,2634.7210680833086,64,24.290996407660845,131.036,43.679,49.847,2.0474375,0.48841539729539973,32.381,0.798,10.5,69.9,6,Qwen2.5-7B-Instruct-Q4_K_M,llama.cpp,finegrained_gpu_emc
2026-05-23T23:25:29.396305,GPU1020_CPU1036,1020,1036,3199,1020,3199,p64_o64,64,64,mixed,2,42.71177703049034,41.11845055521126,2633.4387980168685,64,24.302824143168124,131.348,43.783,49.761,2.0523125,0.48725523038036356,32.519,0.798,10.466,69.7,6,Qwen2.5-7B-Instruct-Q4_K_M,llama.cpp,finegrained_gpu_emc
2026-05-23T23:25:35.537806,GPU1020_CPU1036,1020,1036,3199,1020,3199,p128_o128,128,128,mixed,0,85.1146939676255,41.298302102239994,5330.493646906689,128,24.012785396391763,259.17,47.122,49.862,2.024765625,0.493884323031215,35.253,0.798,11.071,69.8,11,Qwen2.5-7B-Instruct-Q4_K_M,llama.cpp,finegrained_gpu_emc
2026-05-23T23:25:41.632051,GPU1020_CPU1036,1020,1036,3199,1020,3199,p128_o128,128,128,mixed,1,43.067452032119036,41.257432463952874,5283.255256945267,128,24.227487368083082,258.303,46.964,50.261,2.0179921875,0.4955420571963934,35.151,0.798,11.016,69.9,11,Qwen2.5-7B-Instruct-Q4_K_M,llama.cpp,finegrained_gpu_emc
2026-05-23T23:25:47.729382,GPU1020_CPU1036,1020,1036,3199,1020,3199,p128_o128,128,128,mixed,2,42.95391694176942,41.28316003191248,5286.415777984075,128,24.213002793513073,258.281,46.96,50.261,2.0178203125,0.4955842667482316,35.146,0.798,11.016,69.9,11,Qwen2.5-7B-Instruct-Q4_K_M,llama.cpp,finegrained_gpu_emc
2026-05-23T23:26:10.518139,GPU1020_CPU1036,1020,1036,3199,1020,3199,p128_o512,128,512,mixed,0,43.03391498979181,42.9112687593038,21972.687648958527,512,23.301655590788325,1042.61,48.494,49.847,2.03634765625,0.4910752822244176,36.494,0.798,11.202,70.0,43,Qwen2.5-7B-Instruct-Q4_K_M,llama.cpp,finegrained_gpu_emc
2026-05-23T23:26:16.829655,GPU1020_CPU1036,1020,1036,3199,1020,3199,p128_o512,128,512,mixed,1,46.859305002726614,41.31242706092032,5500.384510029107,132,23.998322255347468,261.319,47.513,50.145,1.979689393939394,0.5051297456365591,35.608,0.798,11.107,69.9,11,Qwen2.5-7B-Instruct-Q4_K_M,llama.cpp,finegrained_gpu_emc
2026-05-23T23:26:39.630930,GPU1020_CPU1036,1020,1036,3199,1020,3199,p128_o512,128,512,mixed,2,43.10674499720335,42.93571169275805,21985.22877099458,512,23.288363534132916,1042.893,48.507,50.246,2.036900390625,0.49094202377425106,36.497,0.798,11.211,70.0,43,Qwen2.5-7B-Instruct-Q4_K_M,llama.cpp,finegrained_gpu_emc
2026-05-23T23:26:51.456556,GPU1020_CPU1036,1020,1036,3199,1020,3199,p256_o256,256,256,mixed,0,124.23312803730369,43.03454151358676,11012.98024598509,254,23.063693416920334,529.052,48.096,50.261,2.0828818897637795,0.4801040351421032,36.178,0.798,11.12,70.0,22,Qwen2.5-7B-Instruct-Q4_K_M,llama.cpp,finegrained_gpu_emc
2026-05-23T23:27:03.195221,GPU1020_CPU1036,1020,1036,3199,1020,3199,p256_o256,256,256,mixed,1,47.0402289647609,43.16665177762006,10925.996977020986,253,23.155781621768433,527.333,47.939,50.261,2.084320158102767,0.47977274321918034,36.048,0.798,11.093,70.0,22,Qwen2.5-7B-Instruct-Q4_K_M,llama.cpp,finegrained_gpu_emc
2026-05-23T23:27:08.292964,GPU1020_CPU1036,1020,1036,3199,1020,3199,p256_o256,256,256,mixed,2,47.019268036819994,41.55454885140799,4287.094036000781,102,23.792340252734643,208.302,46.289,50.145,2.042176470588235,0.4896736469164963,34.662,0.798,10.829,70.0,9,Qwen2.5-7B-Instruct-Q4_K_M,llama.cpp,finegrained_gpu_emc
2026-05-23T23:27:14.792660,GPU1020_CPU1036,1020,1036,3199,1020,3199,p512_o128,512,128,mixed,0,226.9988739863038,43.0002703778739,5688.541076960973,128,22.501375707456837,275.116,45.853,49.545,2.14934375,0.4652582910481397,34.439,0.798,10.616,69.8,12,Qwen2.5-7B-Instruct-Q4_K_M,llama.cpp,finegrained_gpu_emc
2026-05-23T23:27:17.104461,GPU1020_CPU1036,1020,1036,3199,1020,3199,p512_o128,512,128,mixed,1,46.33281193673611,42.808408485584415,1501.9127799896523,34,22.637799247060304,77.334,38.667,48.148,2.274529411764706,0.4396513823156697,28.324,0.798,9.545,69.5,4,Qwen2.5-7B-Instruct-Q4_K_M,llama.cpp,finegrained_gpu_emc
2026-05-23T23:27:23.420010,GPU1020_CPU1036,1020,1036,3199,1020,3199,p512_o128,512,128,mixed,2,46.393132070079446,42.97322498388794,5504.5023950515315,128,23.253691399075446,258.228,46.951,49.347,2.01740625,0.495685982929814,35.21,0.798,10.943,69.7,11,Qwen2.5-7B-Instruct-Q4_K_M,llama.cpp,finegrained_gpu_emc
2026-05-23T23:27:31.979509,GPU1020_CPU1036,1020,1036,3199,1020,3199,p512_o512,512,512,mixed,0,46.40746698714793,43.03176399435471,7747.842806973495,179,23.103204912584175,374.264,46.783,49.545,2.0908603351955306,0.47827202188829276,35.128,0.798,10.857,69.8,16,Qwen2.5-7B-Instruct-Q4_K_M,llama.cpp,finegrained_gpu_emc
2026-05-23T23:27:54.686399,GPU1020_CPU1036,1020,1036,3199,1020,3199,p512_o512,512,512,mixed,1,49.73596800118685,43.073845666757904,21890.127983991988,508,23.206808127001125,1046.471,48.673,49.761,2.059982283464567,0.48544106812324467,36.622,0.798,11.253,70.0,43,Qwen2.5-7B-Instruct-Q4_K_M,llama.cpp,finegrained_gpu_emc
2026-05-23T23:28:17.393525,GPU1020_CPU1036,1020,1036,3199,1020,3199,p512_o512,512,512,mixed,2,50.291543011553586,42.73694541297102,21890.857472084463,512,23.388759469696872,1047.131,48.704,49.761,2.045177734375,0.4889550591091277,36.671,0.798,11.235,70.1,43,Qwen2.5-7B-Instruct-Q4_K_M,llama.cpp,finegrained_gpu_emc
2026-05-23T23:28:19.764032,GPU1020_CPU1036,1020,1036,3199,1020,3199,p512_o1024,512,1024,mixed,0,50.34946103114635,43.15330832169446,1560.5398520128801,35,22.428135977978936,78.286,39.143,47.649,2.236742857142857,0.4470786602968602,28.724,0.798,9.62,69.7,4,Qwen2.5-7B-Instruct-Q4_K_M,llama.cpp,finegrained_gpu_emc
2026-05-23T23:28:25.389353,GPU1020_CPU1036,1020,1036,3199,1020,3199,p512_o1024,512,1024,mixed,1,46.27453803550452,42.95467082728547,4814.683255972341,111,23.054476088808297,232.121,46.424,49.247,2.09118018018018,0.4781988704167223,34.785,0.798,10.841,69.8,10,Qwen2.5-7B-Instruct-Q4_K_M,llama.cpp,finegrained_gpu_emc
2026-05-23T23:28:29.286957,GPU1020_CPU1036,1020,1036,3199,1020,3199,p512_o1024,512,1024,mixed,2,46.396326972171664,42.82875824220745,3087.2867049183697,71,22.997540165897,152.558,43.588,49.247,2.1487042253521125,0.4653967671311895,32.427,0.798,10.363,69.6,7,Qwen2.5-7B-Instruct-Q4_K_M,llama.cpp,finegrained_gpu_emc
2026-05-23T23:28:35.827750,GPU1020_CPU1036,1020,1036,3199,1020,3199,p1024_o128,1024,128,mixed,0,446.8218650436029,41.594882984279,5729.880316997878,128,22.339035532781338,279.736,46.623,50.261,2.1854375,0.45757428432522096,35.007,0.798,10.818,69.7,12,Qwen2.5-7B-Instruct-Q4_K_M,llama.cpp,finegrained_gpu_emc
2026-05-23T23:28:41.972190,GPU1020_CPU1036,1020,1036,3199,1020,3199,p1024_o128,1024,128,mixed,1,50.196693977341056,41.59703425142738,5333.534020930529,128,23.999096939793805,260.456,47.356,50.246,2.0348125,0.4914457720305925,35.505,0.798,11.052,69.7,11,Qwen2.5-7B-Instruct-Q4_K_M,llama.cpp,finegrained_gpu_emc
2026-05-23T23:28:48.115015,GPU1020_CPU1036,1020,1036,3199,1020,3199,p1024_o128,1024,128,mixed,2,50.25701294653118,41.58259210301431,5331.773114972748,128,24.007023037148542,260.4,47.345,50.16,2.034375,0.49155145929339483,35.514,0.798,11.034,69.7,11,Qwen2.5-7B-Instruct-Q4_K_M,llama.cpp,finegrained_gpu_emc
2026-05-23T23:29:10.786835,GPU1020_CPU1036,1020,1036,3199,1020,3199,p1024_o512,1024,512,mixed,0,50.31694704666734,42.66838241872467,21855.866187019274,512,23.42620491994452,1048.614,48.773,50.16,2.04807421875,0.48826355551232387,36.722,0.789,11.263,69.9,43,Qwen2.5-7B-Instruct-Q4_K_M,llama.cpp,finegrained_gpu_emc
2026-05-23T23:29:33.460714,GPU1020_CPU1036,1020,1036,3199,1020,3199,p1024_o512,1024,512,mixed,1,50.856734975241125,42.671574403143644,21858.055480988696,512,23.42385856076347,1049.48,48.813,50.16,2.049765625,0.4878606548004726,36.75,0.798,11.265,70.1,43,Qwen2.5-7B-Instruct-Q4_K_M,llama.cpp,finegrained_gpu_emc
2026-05-23T23:29:56.146891,GPU1020_CPU1036,1020,1036,3199,1020,3199,p1024_o512,1024,512,mixed,2,50.90850999113172,42.695380953038494,21870.209657005034,512,23.410840958079532,1049.583,48.818,50.246,2.049966796875,0.48781277897984243,36.746,0.789,11.284,70.2,43,Qwen2.5-7B-Instruct-Q4_K_M,llama.cpp,finegrained_gpu_emc
2026-05-23T23:30:42.192267,GPU1020_CPU1036,1020,1036,3199,1020,3199,p1024_o1024,1024,1024,mixed,0,56.86667398549616,44.14592536857292,45222.179064992815,1024,22.643756253503806,2127.421,47.807,50.246,2.0775595703125,0.481333971978278,35.858,0.811,11.138,70.3,89,Qwen2.5-7B-Instruct-Q4_K_M,llama.cpp,finegrained_gpu_emc
2026-05-23T23:30:51.940560,GPU1020_CPU1036,1020,1036,3199,1020,3199,p1024_o1024,1024,1024,mixed,1,51.1188970413059,41.908677928900055,8936.165233026259,212,23.723822744065977,434.655,48.295,50.246,2.050259433962264,0.4877431526152926,36.305,0.798,11.192,70.3,18,Qwen2.5-7B-Instruct-Q4_K_M,llama.cpp,finegrained_gpu_emc
2026-05-23T23:31:37.890057,GPU1020_CPU1036,1020,1036,3199,1020,3199,p1024_o1024,1024,1024,mixed,2,50.331659032963216,44.05883948679627,45126.50906096678,1024,22.69176192238926,2122.223,48.232,50.261,2.0724833984375,0.48251291216804265,36.257,0.798,11.178,70.4,88,Qwen2.5-7B-Instruct-Q4_K_M,llama.cpp,finegrained_gpu_emc
2026-05-23T23:31:45.021316,GPU1020_CPU1036,1020,1036,3199,1020,3199,p2048_o128,2048,128,mixed,0,916.466053109616,42.54418503086075,6320.110074011609,128,20.252811818315948,302.806,46.586,50.16,2.365671875,0.42271289208271967,35.177,0.798,10.611,70.2,13,Qwen2.5-7B-Instruct-Q4_K_M,llama.cpp,finegrained_gpu_emc
2026-05-23T23:31:51.275531,GPU1020_CPU1036,1020,1036,3199,1020,3199,p2048_o128,2048,128,mixed,1,52.2316109854728,42.44525542512067,5443.308916990645,128,23.51510854003952,262.374,47.704,50.16,2.049796875,0.48785321716328595,35.872,0.798,11.034,70.2,11,Qwen2.5-7B-Instruct-Q4_K_M,llama.cpp,finegrained_gpu_emc
2026-05-23T23:31:57.529891,GPU1020_CPU1036,1020,1036,3199,1020,3199,p2048_o128,2048,128,mixed,2,52.46492801234126,42.444605322547375,5443.45823104959,128,23.514463520613706,262.766,47.776,50.16,2.052859375,0.4871254271861656,35.907,0.798,11.07,70.2,11,Qwen2.5-7B-Instruct-Q4_K_M,llama.cpp,finegrained_gpu_emc
2026-05-23T23:32:20.419905,GPU1020_CPU1036,1020,1036,3199,1020,3199,p2048_o512,2048,512,mixed,0,52.379025029949844,43.090832295532316,22073.81706603337,512,23.194900930290512,1070.284,48.649,50.16,2.0903984375,0.4783777016193832,36.635,0.798,11.217,70.4,44,Qwen2.5-7B-Instruct-Q4_K_M,llama.cpp,finegrained_gpu_emc
2026-05-23T23:32:26.218433,GPU1020_CPU1036,1020,1036,3199,1020,3199,p2048_o512,2048,512,mixed,1,56.163826026022434,42.51189125175385,4987.740920041688,116,23.257021938306785,236.617,47.323,50.246,2.039801724137931,0.49024372720472326,35.543,0.798,10.982,70.2,10,Qwen2.5-7B-Instruct-Q4_K_M,llama.cpp,finegrained_gpu_emc
2026-05-23T23:32:49.117788,GPU1020_CPU1036,1020,1036,3199,1020,3199,p2048_o512,2048,512,mixed,2,52.33915394637734,43.10942257739924,22083.24508892838,512,23.184998307005863,1069.59,48.618,50.16,2.08904296875,0.47868809543843904,36.626,0.798,11.194,70.4,44,Qwen2.5-7B-Instruct-Q4_K_M,llama.cpp,finegrained_gpu_emc
2026-05-23T23:32:58.936599,GPU1122_CPU1036,1122,1036,3199,1122,3199,p64_o64,64,64,decode,0,41.80005204398185,40.484672920438385,2592.5983079941943,64,24.68565986587974,136.873,45.624,50.645,2.138640625,0.46758674099347575,34.109,0.798,10.718,69.7,6,Qwen2.5-7B-Instruct-Q4_K_M,llama.cpp,finegrained_gpu_emc
2026-05-23T23:33:02.345379,GPU1122_CPU1036,1122,1036,3199,1122,3199,p64_o64,64,64,decode,1,41.848088963888586,40.57971663433053,2598.6323399702087,64,24.628339690690414,131.384,43.794,50.645,2.052875,0.48712171953967004,32.514,0.798,10.483,69.6,6,Qwen2.5-7B-Instruct-Q4_K_M,llama.cpp,finegrained_gpu_emc
2026-05-23T23:33:05.748129,GPU1122_CPU1036,1122,1036,3199,1122,3199,p64_o64,64,64,decode,2,41.797470999881625,40.48253790408905,2592.459365958348,64,24.686982885975258,131.482,43.828,50.645,2.05440625,0.4867586437687288,32.58,0.798,10.45,69.6,6,Qwen2.5-7B-Instruct-Q4_K_M,llama.cpp,finegrained_gpu_emc
2026-05-23T23:33:11.755738,GPU1122_CPU1036,1122,1036,3199,1122,3199,p128_o128,128,128,decode,0,41.898754076100886,40.58648039326512,5196.875090012327,128,24.63018598349578,259.103,47.11,50.745,2.0242421875,0.4940120338243864,35.359,0.762,10.989,69.8,11,Qwen2.5-7B-Instruct-Q4_K_M,llama.cpp,finegrained_gpu_emc
2026-05-23T23:33:17.763828,GPU1122_CPU1036,1122,1036,3199,1122,3199,p128_o128,128,128,decode,1,41.88676399644464,40.5888808185352,5197.159633971751,128,24.628837483327484,258.502,47.0,50.66,2.019546875,0.4951605790284021,35.25,0.798,10.952,69.8,11,Qwen2.5-7B-Instruct-Q4_K_M,llama.cpp,finegrained_gpu_emc
2026-05-23T23:33:23.778064,GPU1122_CPU1036,1122,1036,3199,1122,3199,p128_o128,128,128,decode,2,41.834007017314434,40.63644940968544,5203.150073066354,128,24.600482054627,258.894,47.072,50.645,2.022609375,0.49441083995766605,35.322,0.798,10.952,69.8,11,Qwen2.5-7B-Instruct-Q4_K_M,llama.cpp,finegrained_gpu_emc
2026-05-23T23:33:33.519422,GPU1122_CPU1036,1122,1036,3199,1122,3199,p128_o512,128,512,decode,0,41.91817296668887,40.76620660805946,8929.296372924,218,24.414017733920662,439.212,48.801,50.66,2.0147339449541284,0.4963434514539676,36.75,0.798,11.253,69.9,18,Qwen2.5-7B-Instruct-Q4_K_M,llama.cpp,finegrained_gpu_emc
2026-05-23T23:33:55.958000,GPU1122_CPU1036,1122,1036,3199,1122,3199,p128_o512,128,512,decode,1,41.9077550759539,42.22830343438375,21622.51435802318,512,23.679022315460685,1046.818,48.689,50.745,2.04456640625,0.4891012573341307,36.666,0.798,11.225,70.0,43,Qwen2.5-7B-Instruct-Q4_K_M,llama.cpp,finegrained_gpu_emc
2026-05-23T23:34:09.350291,GPU1122_CPU1036,1122,1036,3199,1122,3199,p128_o512,128,512,decode,2,45.74951098766178,41.35802023179077,12579.035287955776,303,24.087697749772403,609.654,48.772,50.246,2.012059405940594,0.49700321821885857,36.649,0.798,11.326,70.1,25,Qwen2.5-7B-Instruct-Q4_K_M,llama.cpp,finegrained_gpu_emc
2026-05-23T23:34:20.648394,GPU1122_CPU1036,1122,1036,3199,1122,3199,p256_o256,256,256,decode,0,45.267852023243904,40.93760701544656,10485.351110924967,256,24.41501455619038,514.555,49.005,50.645,2.00998046875,0.49751727220608105,36.925,0.798,11.282,70.2,21,Qwen2.5-7B-Instruct-Q4_K_M,llama.cpp,finegrained_gpu_emc
2026-05-23T23:34:31.946991,GPU1122_CPU1036,1122,1036,3199,1122,3199,p256_o256,256,256,decode,1,45.19519803579897,40.9406573525356,10486.033253953792,256,24.41342629763971,515.198,49.066,50.645,2.0124921875,0.49689633888330315,36.982,0.798,11.287,70.2,21,Qwen2.5-7B-Instruct-Q4_K_M,llama.cpp,finegrained_gpu_emc
2026-05-23T23:34:43.251286,GPU1122_CPU1036,1122,1036,3199,1122,3199,p256_o256,256,256,decode,2,45.23486306425184,40.96260438444933,10491.678500082344,256,24.400290191697238,515.446,49.09,50.745,2.0134609375,0.4966572638064899,36.982,0.798,11.311,70.2,21,Qwen2.5-7B-Instruct-Q4_K_M,llama.cpp,finegrained_gpu_emc
2026-05-23T23:34:49.265296,GPU1122_CPU1036,1122,1036,3199,1122,3199,p512_o128,512,128,decode,0,45.25491001550108,40.60775634656682,5202.936206012964,128,24.601493259147038,258.845,47.063,50.645,2.0222265625,0.4945044331549769,35.285,0.798,10.979,70.1,11,Qwen2.5-7B-Instruct-Q4_K_M,llama.cpp,finegrained_gpu_emc
2026-05-23T23:34:55.273780,GPU1122_CPU1036,1122,1036,3199,1122,3199,p512_o128,512,128,decode,1,41.84623097535223,40.59159683474288,5197.471525054425,128,24.62735955030743,259.334,47.152,50.645,2.026046875,0.4935719959588793,35.356,0.798,10.998,70.1,11,Qwen2.5-7B-Instruct-Q4_K_M,llama.cpp,finegrained_gpu_emc
2026-05-23T23:35:01.286419,GPU1122_CPU1036,1122,1036,3199,1122,3199,p512_o128,512,128,decode,2,41.941242991015315,40.6226855666032,5201.510517974384,128,24.608236310910478,257.428,46.805,50.645,2.01115625,0.4972264089376447,35.037,0.798,10.97,70.1,11,Qwen2.5-7B-Instruct-Q4_K_M,llama.cpp,finegrained_gpu_emc
2026-05-23T23:35:08.433983,GPU1122_CPU1036,1122,1036,3199,1122,3199,p512_o512,512,512,decode,0,43.054238078184426,40.59890164258926,6336.034453008324,155,24.463250815564397,313.418,48.218,50.66,2.0220516129032258,0.49454721809213253,36.275,0.798,11.145,70.1,13,Qwen2.5-7B-Instruct-Q4_K_M,llama.cpp,finegrained_gpu_emc
2026-05-23T23:35:23.350544,GPU1122_CPU1036,1122,1036,3199,1122,3199,p512_o512,512,512,decode,1,43.12007001135498,41.464939378697935,14101.808054023422,339,24.0394705913813,689.802,49.272,50.745,2.0348141592920355,0.4914453712804544,37.156,0.798,11.318,70.2,28,Qwen2.5-7B-Instruct-Q4_K_M,llama.cpp,finegrained_gpu_emc
2026-05-23T23:35:29.361555,GPU1122_CPU1036,1122,1036,3199,1122,3199,p512_o512,512,512,decode,2,45.543945976532996,40.58492822214104,5200.043406919576,127,24.422873053521837,258.517,47.003,50.66,2.035566929133858,0.49126363063164125,35.253,0.798,10.952,70.1,11,Qwen2.5-7B-Instruct-Q4_K_M,llama.cpp,finegrained_gpu_emc
2026-05-23T23:36:14.292038,GPU1122_CPU1036,1122,1036,3199,1122,3199,p512_o1024,512,1024,decode,0,41.82944889180362,43.07143938912485,44107.856302987784,1024,23.21581880937243,2094.454,48.708,50.66,2.045365234375,0.4889102362716011,36.71,0.798,11.201,70.4,86,Qwen2.5-7B-Instruct-Q4_K_M,llama.cpp,finegrained_gpu_emc
2026-05-23T23:36:59.350496,GPU1122_CPU1036,1122,1036,3199,1122,3199,p512_o1024,512,1024,decode,1,45.81414500717074,43.19167134790378,44235.006356961094,1024,23.149086760306457,2109.112,48.485,50.66,2.0596796875,0.4855123862554478,36.49,0.798,11.198,70.5,87,Qwen2.5-7B-Instruct-Q4_K_M,llama.cpp,finegrained_gpu_emc
2026-05-23T23:37:05.818581,GPU1122_CPU1036,1122,1036,3199,1122,3199,p512_o1024,512,1024,decode,2,45.9558250149712,40.65534945264676,5656.558362999931,138,24.396460028180865,282.12,47.02,50.645,2.0443478260869568,0.4891535516801361,35.236,0.798,10.986,70.3,12,Qwen2.5-7B-Instruct-Q4_K_M,llama.cpp,finegrained_gpu_emc
2026-05-23T23:37:11.825957,GPU1122_CPU1036,1122,1036,3199,1122,3199,p1024_o128,1024,128,decode,0,41.98987002018839,40.58089073175403,5196.248451014981,128,24.633156248523456,258.91,47.075,50.745,2.022734375,0.49438028658607236,35.288,0.798,10.988,70.3,11,Qwen2.5-7B-Instruct-Q4_K_M,llama.cpp,finegrained_gpu_emc
2026-05-23T23:37:17.835173,GPU1122_CPU1036,1122,1036,3199,1122,3199,p1024_o128,1024,128,decode,1,41.90885403659195,40.597892708262414,5198.333885055035,128,24.623274077872136,259.009,47.093,50.66,2.0235078125,0.4941913215370894,35.324,0.798,10.97,70.3,11,Qwen2.5-7B-Instruct-Q4_K_M,llama.cpp,finegrained_gpu_emc
2026-05-23T23:37:23.842622,GPU1122_CPU1036,1122,1036,3199,1122,3199,p1024_o128,1024,128,decode,2,41.841020924039185,40.5835922207962,5196.506176958792,128,24.63193454239495,259.187,47.125,50.745,2.0248984375,0.4938519293020097,35.357,0.798,10.97,70.3,11,Qwen2.5-7B-Instruct-Q4_K_M,llama.cpp,finegrained_gpu_emc
2026-05-23T23:37:46.277483,GPU1122_CPU1036,1122,1036,3199,1122,3199,p1024_o512,1024,512,decode,0,41.833988041616976,42.22140876907097,21618.9237650251,512,23.682955061264842,1050.136,48.844,50.66,2.051046875,0.4875558975218448,36.83,0.798,11.216,70.4,43,Qwen2.5-7B-Instruct-Q4_K_M,llama.cpp,finegrained_gpu_emc
2026-05-23T23:37:54.881574,GPU1122_CPU1036,1122,1036,3199,1122,3199,p1024_o512,1024,512,decode,1,45.63319601584226,40.770177994904024,7792.348375078291,190,24.382893430132484,385.258,48.157,50.745,2.027673684210526,0.4931760015366326,36.2,0.798,11.159,70.4,16,Qwen2.5-7B-Instruct-Q4_K_M,llama.cpp,finegrained_gpu_emc
2026-05-23T23:38:17.325408,GPU1122_CPU1036,1122,1036,3199,1122,3199,p1024_o512,1024,512,decode,2,41.85756796505302,42.23831820346364,21627.724639954977,512,23.67331786045274,1051.383,48.902,51.942,2.053482421875,0.48697762851406196,36.848,0.844,11.209,70.5,43,Qwen2.5-7B-Instruct-Q4_K_M,llama.cpp,finegrained_gpu_emc
2026-05-23T23:39:02.261342,GPU1122_CPU1036,1122,1036,3199,1122,3199,p1024_o1024,1024,1024,decode,0,45.70563999004662,43.072636717523494,44113.01807803102,1024,23.213102268102762,2095.577,48.734,50.745,2.0464619140625,0.4886482338754433,36.716,0.798,11.221,70.6,86,Qwen2.5-7B-Instruct-Q4_K_M,llama.cpp,finegrained_gpu_emc
2026-05-23T23:39:11.354029,GPU1122_CPU1036,1122,1036,3199,1122,3199,p1024_o1024,1024,1024,decode,1,45.839629019610584,40.76523111440445,8280.746813048609,202,24.393935059298407,409.534,48.181,50.76,2.0273960396039605,0.49324354021888295,36.212,0.798,11.171,70.5,17,Qwen2.5-7B-Instruct-Q4_K_M,llama.cpp,finegrained_gpu_emc
2026-05-23T23:39:23.454154,GPU1122_CPU1036,1122,1036,3199,1122,3199,p1024_o1024,1024,1024,decode,2,41.90316505264491,41.03394438454629,11287.282882956788,274,24.27510702453695,558.425,48.559,50.66,2.0380474452554744,0.49066571159958816,36.564,0.798,11.197,70.6,23,Qwen2.5-7B-Instruct-Q4_K_M,llama.cpp,finegrained_gpu_emc
2026-05-23T23:39:29.465526,GPU1122_CPU1036,1122,1036,3199,1122,3199,p2048_o128,2048,128,decode,0,45.24388595018536,40.586868882193926,5200.255836942233,128,24.614173612516804,258.967,47.085,50.76,2.0231796875,0.49427147088239043,35.289,0.798,10.997,70.4,11,Qwen2.5-7B-Instruct-Q4_K_M,llama.cpp,finegrained_gpu_emc
2026-05-23T23:39:35.470790,GPU1122_CPU1036,1122,1036,3199,1122,3199,p2048_o128,2048,128,decode,1,41.956842062063515,40.56506692871862,5194.240264012478,128,24.6426798711698,258.974,47.086,50.645,2.023234375,0.49425811085282695,35.327,0.798,10.961,70.4,11,Qwen2.5-7B-Instruct-Q4_K_M,llama.cpp,finegrained_gpu_emc
2026-05-23T23:39:41.477506,GPU1122_CPU1036,1122,1036,3199,1122,3199,p2048_o128,2048,128,decode,2,41.861040983349085,40.57879960641089,5195.857601938769,128,24.635009233555284,259.397,47.163,50.745,2.0265390625,0.49345212165136837,35.358,0.798,11.007,70.3,11,Qwen2.5-7B-Instruct-Q4_K_M,llama.cpp,finegrained_gpu_emc
2026-05-23T23:39:43.743062,GPU1122_CPU1036,1122,1036,3199,1122,3199,p2048_o512,2048,512,decode,0,41.876915958710015,40.396526000489864,1455.9159120544791,35,24.039849904937594,63.326,42.217,49.347,1.8093142857142857,0.5526955752771373,31.105,0.797,10.315,69.9,3,Qwen2.5-7B-Instruct-Q4_K_M,llama.cpp,finegrained_gpu_emc
2026-05-23T23:40:02.095190,GPU1122_CPU1036,1122,1036,3199,1122,3199,p2048_o512,2048,512,decode,1,41.79170401766896,41.85026528300356,17537.27086901199,418,23.83495146548701,855.755,48.9,50.745,2.0472607655502393,0.4884575608673043,36.869,0.787,11.245,70.3,35,Qwen2.5-7B-Instruct-Q4_K_M,llama.cpp,finegrained_gpu_emc
2026-05-23T23:40:11.715296,GPU1122_CPU1036,1122,1036,3199,1122,3199,p2048_o512,2048,512,decode,2,45.32228200696409,40.75393559809374,8807.903086999431,215,24.40989618940546,435.799,48.422,50.645,2.0269720930232555,0.4933467034114351,36.41,0.798,11.214,70.2,18,Qwen2.5-7B-Instruct-Q4_K_M,llama.cpp,finegrained_gpu_emc
2026-05-23T23:40:15.156144,GPU1122_CPU1036,1122,1036,3199,1122,3199,p64_o64,64,64,mixed,0,73.36998404935002,40.59015257128825,2630.8132690610364,64,24.32707815208878,131.572,43.857,50.645,2.0558125,0.486425683276077,32.643,0.798,10.416,70.0,6,Qwen2.5-7B-Instruct-Q4_K_M,llama.cpp,finegrained_gpu_emc
2026-05-23T23:40:18.561777,GPU1122_CPU1036,1122,1036,3199,1122,3199,p64_o64,64,64,mixed,1,42.05645597539842,41.17802091904225,2595.3860980225727,63,24.273845054498736,132.026,44.008,51.044,2.095650793650794,0.4771787375213973,32.711,0.864,10.433,69.9,6,Qwen2.5-7B-Instruct-Q4_K_M,llama.cpp,finegrained_gpu_emc
2026-05-23T23:40:21.962062,GPU1122_CPU1036,1122,1036,3199,1122,3199,p64_o64,64,64,mixed,2,42.020523105748,40.442170998421574,2590.140649001114,64,24.70908289273077,131.166,43.722,50.645,2.04946875,0.487931323666194,32.508,0.798,10.416,69.8,6,Qwen2.5-7B-Instruct-Q4_K_M,llama.cpp,finegrained_gpu_emc
2026-05-23T23:40:28.015916,GPU1122_CPU1036,1122,1036,3199,1122,3199,p128_o128,128,128,mixed,0,84.11516109481454,40.61605354246691,5242.84498905763,128,24.414225533493642,259.584,47.197,50.645,2.028,0.4930966469428008,35.429,0.798,10.97,69.8,11,Qwen2.5-7B-Instruct-Q4_K_M,llama.cpp,finegrained_gpu_emc
2026-05-23T23:40:34.023969,GPU1122_CPU1036,1122,1036,3199,1122,3199,p128_o128,128,128,mixed,1,42.32768900692463,40.58576880323547,5197.208315017633,128,24.62860679071428,259.29,47.144,50.745,2.025703125,0.4936557522465193,35.321,0.798,11.025,69.9,11,Qwen2.5-7B-Instruct-Q4_K_M,llama.cpp,finegrained_gpu_emc
2026-05-23T23:40:40.028880,GPU1122_CPU1036,1122,1036,3199,1122,3199,p128_o128,128,128,mixed,2,42.40903595928103,40.56085508654085,5194.129491923377,128,24.643205410845816,259.245,47.135,50.745,2.0253515625,0.49374144149356786,35.322,0.798,11.016,69.8,11,Qwen2.5-7B-Instruct-Q4_K_M,llama.cpp,finegrained_gpu_emc
2026-05-23T23:41:02.464565,GPU1122_CPU1036,1122,1036,3199,1122,3199,p128_o512,128,512,mixed,0,42.40142402704805,42.221611215315626,21619.631618028507,512,23.68217965254531,1050.746,48.872,50.745,2.05223828125,0.48727285185953595,36.821,0.826,11.225,70.1,43,Qwen2.5-7B-Instruct-Q4_K_M,llama.cpp,finegrained_gpu_emc
2026-05-23T23:41:24.915067,GPU1122_CPU1036,1122,1036,3199,1122,3199,p128_o512,128,512,mixed,1,46.09613004140556,42.24347229158495,21634.448824101128,512,23.6659599772019,1049.347,48.807,50.66,2.049505859375,0.4879224889383588,36.793,0.807,11.207,70.2,43,Qwen2.5-7B-Instruct-Q4_K_M,llama.cpp,finegrained_gpu_emc
2026-05-23T23:41:29.958144,GPU1122_CPU1036,1122,1036,3199,1122,3199,p128_o512,128,512,mixed,2,46.05704196728766,40.6421565681276,4232.380072935484,103,24.336188675172902,210.052,46.678,50.745,2.0393398058252425,0.49035476929522215,34.928,0.798,10.952,70.1,9,Qwen2.5-7B-Instruct-Q4_K_M,llama.cpp,finegrained_gpu_emc
2026-05-23T23:41:41.608710,GPU1122_CPU1036,1122,1036,3199,1122,3199,p256_o256,256,256,mixed,0,122.72159499116242,42.01619993740072,10837.871529976837,256,23.620874199506876,529.74,48.158,50.645,2.069296875,0.48325593687469326,36.299,0.798,11.061,70.2,22,Qwen2.5-7B-Instruct-Q4_K_M,llama.cpp,finegrained_gpu_emc
2026-05-23T23:41:45.383240,GPU1122_CPU1036,1122,1036,3199,1122,3199,p256_o256,256,256,mixed,1,46.27631092444062,40.52903149342558,2964.3856160109863,72,24.28833806611385,138.497,46.166,50.645,1.9235694444444447,0.5198668563217975,34.5,0.798,10.868,70.0,6,Qwen2.5-7B-Instruct-Q4_K_M,llama.cpp,finegrained_gpu_emc
2026-05-23T23:41:56.946415,GPU1122_CPU1036,1122,1036,3199,1122,3199,p256_o256,256,256,mixed,2,42.926347930915654,41.98659982386173,10750.484128016979,256,23.81288107135892,528.04,48.004,50.645,2.06265625,0.4848117566850996,36.153,0.798,11.052,70.1,22,Qwen2.5-7B-Instruct-Q4_K_M,llama.cpp,finegrained_gpu_emc
2026-05-23T23:42:03.360495,GPU1122_CPU1036,1122,1036,3199,1122,3199,p512_o128,512,128,mixed,0,225.59521801304072,42.33794422787211,5603.016074979678,128,22.84483897370654,276.918,46.153,50.045,2.163421875,0.46223069645165715,34.705,0.798,10.65,70.0,12,Qwen2.5-7B-Instruct-Q4_K_M,llama.cpp,finegrained_gpu_emc
2026-05-23T23:42:09.587463,GPU1122_CPU1036,1122,1036,3199,1122,3199,p512_o128,512,128,mixed,1,45.63573293853551,42.28238342604857,5416.004815953784,128,23.63365697588631,262.362,47.702,50.045,2.049703125,0.48787553075521606,35.934,0.798,10.97,70.0,11,Qwen2.5-7B-Instruct-Q4_K_M,llama.cpp,finegrained_gpu_emc
2026-05-23T23:42:15.815661,GPU1122_CPU1036,1122,1036,3199,1122,3199,p512_o128,512,128,mixed,2,45.80091591924429,42.291164740106076,5417.2823779517785,128,23.628083431825008,262.26,47.684,50.045,2.04890625,0.4880652787310303,35.934,0.798,10.952,69.9,11,Qwen2.5-7B-Instruct-Q4_K_M,llama.cpp,finegrained_gpu_emc
2026-05-23T23:42:22.638340,GPU1122_CPU1036,1122,1036,3199,1122,3199,p512_o512,512,512,mixed,0,45.66277901176363,42.30929545758824,6011.469561024569,141,23.45516326227036,287.331,47.888,50.045,2.037808510638298,0.4907232425321319,36.13,0.798,10.96,70.0,12,Qwen2.5-7B-Instruct-Q4_K_M,llama.cpp,finegrained_gpu_emc
2026-05-23T23:42:45.032490,GPU1122_CPU1036,1122,1036,3199,1122,3199,p512_o512,512,512,mixed,1,45.71241408120841,42.1326030977526,21577.465190086514,512,23.728459088662174,1041.948,48.463,49.862,2.0350546875,0.4913872861217642,36.435,0.798,11.23,70.1,43,Qwen2.5-7B-Instruct-Q4_K_M,llama.cpp,finegrained_gpu_emc
2026-05-23T23:43:07.432723,GPU1122_CPU1036,1122,1036,3199,1122,3199,p512_o512,512,512,mixed,2,49.75348396692425,42.13740273379701,21583.98712996859,512,23.721289162978902,1046.425,48.671,50.145,2.043798828125,0.4892849463650047,36.643,0.789,11.239,70.3,43,Qwen2.5-7B-Instruct-Q4_K_M,llama.cpp,finegrained_gpu_emc
2026-05-23T23:43:11.936654,GPU1122_CPU1036,1122,1036,3199,1122,3199,p512_o1024,512,1024,mixed,0,49.45363092701882,42.37085423596642,3693.3194160228595,86,23.28528630015133,181.538,45.384,50.145,2.1109069767441864,0.4737300179576727,33.911,0.798,10.676,70.0,8,Qwen2.5-7B-Instruct-Q4_K_M,llama.cpp,finegrained_gpu_emc
2026-05-23T23:43:57.117459,GPU1122_CPU1036,1122,1036,3199,1122,3199,p512_o1024,512,1024,mixed,1,45.622171950526536,43.31197312617454,44357.85618692171,1024,23.08497497455506,2117.652,48.682,50.544,2.06801953125,0.48355442726189196,36.671,0.821,11.19,70.4,87,Qwen2.5-7B-Instruct-Q4_K_M,llama.cpp,finegrained_gpu_emc
2026-05-23T23:44:42.323829,GPU1122_CPU1036,1122,1036,3199,1122,3199,p512_o1024,512,1024,mixed,2,49.771122983656824,43.33320424247002,44383.65241396241,1024,23.07155775395054,2118.118,48.692,50.559,2.068474609375,0.4834480420826413,36.676,0.798,11.219,70.5,87,Qwen2.5-7B-Instruct-Q4_K_M,llama.cpp,finegrained_gpu_emc
2026-05-23T23:44:48.777838,GPU1122_CPU1036,1122,1036,3199,1122,3199,p1024_o128,1024,128,mixed,0,444.7166440077126,40.92646522839796,5642.880725092255,128,22.68344950670694,280.054,46.676,51.059,2.187921875,0.457054710877188,35.111,0.798,10.767,70.3,12,Qwen2.5-7B-Instruct-Q4_K_M,llama.cpp,finegrained_gpu_emc
2026-05-23T23:44:54.836341,GPU1122_CPU1036,1122,1036,3199,1122,3199,p1024_o128,1024,128,mixed,1,49.53765100799501,40.9245373072528,5247.479989076965,128,24.39266090893951,260.675,47.395,50.76,2.0365234375,0.49103289536779515,35.545,0.798,11.052,70.3,11,Qwen2.5-7B-Instruct-Q4_K_M,llama.cpp,finegrained_gpu_emc
2026-05-23T23:45:00.893907,GPU1122_CPU1036,1122,1036,3199,1122,3199,p1024_o128,1024,128,mixed,2,49.37221691943705,40.919493331104576,5246.65131396614,128,24.396513574148692,261.094,47.472,50.745,2.039796875,0.4902448926440286,35.612,0.798,11.062,70.3,11,Qwen2.5-7B-Instruct-Q4_K_M,llama.cpp,finegrained_gpu_emc
2026-05-23T23:45:14.928688,GPU1122_CPU1036,1122,1036,3199,1122,3199,p1024_o512,1024,512,mixed,0,49.44488999899477,41.41953149523986,13221.542967949063,318,24.051655753861567,642.764,49.443,50.76,2.0212704402515724,0.4947383487563087,37.296,0.798,11.35,70.4,26,Qwen2.5-7B-Instruct-Q4_K_M,llama.cpp,finegrained_gpu_emc
2026-05-23T23:45:37.250423,GPU1122_CPU1036,1122,1036,3199,1122,3199,p1024_o512,1024,512,mixed,1,49.59151800721884,41.98037513300281,21503.641117946245,512,23.809921175288835,1039.676,49.508,51.144,2.0306171875,0.4924611128851681,37.352,0.798,11.359,70.5,42,Qwen2.5-7B-Instruct-Q4_K_M,llama.cpp,finegrained_gpu_emc
2026-05-23T23:45:59.575683,GPU1122_CPU1036,1122,1036,3199,1122,3199,p1024_o512,1024,512,mixed,2,50.00543803907931,41.99080633267454,21509.329190012068,512,23.803624719163672,1040.576,49.551,51.245,2.032375,0.49203518051540684,37.38,0.798,11.373,70.6,42,Qwen2.5-7B-Instruct-Q4_K_M,llama.cpp,finegrained_gpu_emc
2026-05-23T23:46:44.812803,GPU1122_CPU1036,1122,1036,3199,1122,3199,p1024_o1024,1024,1024,mixed,0,49.96893601492047,43.36255309190182,44413.988213054836,1024,23.055799337088363,2125.132,48.854,51.044,2.07532421875,0.4818524214025293,36.817,0.798,11.238,70.6,87,Qwen2.5-7B-Instruct-Q4_K_M,llama.cpp,finegrained_gpu_emc
2026-05-23T23:46:52.695323,GPU1122_CPU1036,1122,1036,3199,1122,3199,p1024_o1024,1024,1024,mixed,1,50.25426100473851,41.054398064528975,7070.9763809572905,171,24.183364614329186,341.037,48.72,51.144,1.9943684210526313,0.5014118702662761,36.668,0.798,11.253,70.3,14,Qwen2.5-7B-Instruct-Q4_K_M,llama.cpp,finegrained_gpu_emc
2026-05-23T23:47:37.916932,GPU1122_CPU1036,1122,1036,3199,1122,3199,p1024_o1024,1024,1024,mixed,2,49.59174897521734,43.34814806845684,44398.78781104926,1024,23.06369273769144,2124.334,48.835,51.044,2.074544921875,0.48203342788845827,36.8,0.798,11.237,70.3,87,Qwen2.5-7B-Instruct-Q4_K_M,llama.cpp,finegrained_gpu_emc
2026-05-23T23:47:44.947183,GPU1122_CPU1036,1122,1036,3199,1122,3199,p2048_o128,2048,128,mixed,0,909.3788840109482,41.80231825155243,6218.846347066574,128,20.582595686799294,302.73,46.574,50.645,2.365078125,0.4228190136425197,35.165,0.798,10.611,70.0,13,Qwen2.5-7B-Instruct-Q4_K_M,llama.cpp,finegrained_gpu_emc
2026-05-23T23:47:51.109634,GPU1122_CPU1036,1122,1036,3199,1122,3199,p2048_o128,2048,128,mixed,1,51.474095904268324,41.728445622102015,5351.51499893982,128,23.918460478081045,264.471,48.086,50.645,2.0661796875,0.48398501158917234,36.19,0.798,11.098,70.0,11,Qwen2.5-7B-Instruct-Q4_K_M,llama.cpp,finegrained_gpu_emc
2026-05-23T23:47:57.272433,GPU1122_CPU1036,1122,1036,3199,1122,3199,p2048_o128,2048,128,mixed,2,51.55972798820585,41.729855307150544,5351.7827009782195,128,23.91726405046372,264.62,48.113,50.66,2.06734375,0.48371249338674327,36.226,0.798,11.089,70.0,11,Qwen2.5-7B-Instruct-Q4_K_M,llama.cpp,finegrained_gpu_emc
2026-05-23T23:48:03.348904,GPU1122_CPU1036,1122,1036,3199,1122,3199,p2048_o512,2048,512,mixed,0,51.621170016005635,41.70937641080649,5265.453441999853,125,23.739645858975482,261.252,47.5,50.66,2.090016,0.4784652366297674,35.687,0.798,11.016,69.9,11,Qwen2.5-7B-Instruct-Q4_K_M,llama.cpp,finegrained_gpu_emc
2026-05-23T23:48:25.847704,GPU1122_CPU1036,1122,1036,3199,1122,3199,p2048_o512,2048,512,mixed,1,51.562612992711365,42.32715255578108,21682.753175962716,512,23.613237481649612,1062.427,49.415,50.645,2.075052734375,0.48191546336830676,37.322,0.798,11.295,70.1,43,Qwen2.5-7B-Instruct-Q4_K_M,llama.cpp,finegrained_gpu_emc
2026-05-23T23:48:48.355405,GPU1122_CPU1036,1122,1036,3199,1122,3199,p2048_o512,2048,512,mixed,2,55.298606981523335,42.33714605092915,21691.56138296239,512,23.60364894719611,1062.91,49.438,50.745,2.07599609375,0.48169647477208793,37.358,0.798,11.281,70.2,43,Qwen2.5-7B-Instruct-Q4_K_M,llama.cpp,finegrained_gpu_emc
2026-05-23T23:48:58.108275,GPU1224_CPU1036,1224,1036,3199,1224,3199,p64_o64,64,64,decode,0,41.282773949205875,39.943717205749145,2558.0008570104837,64,25.01953813838683,136.649,45.55,51.159,2.135140625,0.468353226148746,34.118,0.731,10.7,69.4,6,Qwen2.5-7B-Instruct-Q4_K_M,llama.cpp,finegrained_gpu_emc
2026-05-23T23:49:01.479966,GPU1224_CPU1036,1224,1036,3199,1224,3199,p64_o64,64,64,decode,1,41.26799199730158,39.99935772957369,2561.48169899825,64,24.985538653283864,131.803,43.934,51.059,2.059421875,0.4855731660129132,32.72,0.798,10.416,69.3,6,Qwen2.5-7B-Instruct-Q4_K_M,llama.cpp,finegrained_gpu_emc
2026-05-23T23:49:04.849735,GPU1224_CPU1036,1224,1036,3199,1224,3199,p64_o64,64,64,decode,2,41.30699997767806,39.967560826519886,2559.526719036512,64,25.004622739039682,131.454,43.818,51.059,2.05396875,0.48686232446331035,32.654,0.732,10.433,69.3,6,Qwen2.5-7B-Instruct-Q4_K_M,llama.cpp,finegrained_gpu_emc
2026-05-23T23:49:10.795005,GPU1224_CPU1036,1224,1036,3199,1224,3199,p128_o128,128,128,decode,0,41.31829598918557,40.098463008216925,5134.305777028203,128,24.93034220374929,259.5,47.182,51.159,2.02734375,0.4932562620423892,35.441,0.798,10.943,69.5,11,Qwen2.5-7B-Instruct-Q4_K_M,llama.cpp,finegrained_gpu_emc
2026-05-23T23:49:16.740465,GPU1224_CPU1036,1224,1036,3199,1224,3199,p128_o128,128,128,decode,1,41.36722499970347,40.099676818528216,5134.517626953311,128,24.929313579151515,259.501,47.182,51.059,2.0273515625,0.49325436125487,35.441,0.798,10.943,69.6,11,Qwen2.5-7B-Instruct-Q4_K_M,llama.cpp,finegrained_gpu_emc
2026-05-23T23:49:22.684951,GPU1224_CPU1036,1224,1036,3199,1224,3199,p128_o128,128,128,decode,2,41.3494030945003,40.09113231431839,5133.407902088948,128,24.934702724073947,259.651,47.209,51.159,2.0285234375,0.49296940893738134,35.441,0.798,10.97,69.6,11,Qwen2.5-7B-Instruct-Q4_K_M,llama.cpp,finegrained_gpu_emc
2026-05-23T23:49:44.858033,GPU1224_CPU1036,1224,1036,3199,1224,3199,p128_o512,128,512,decode,0,41.34492401499301,41.7103279883647,21357.27419902105,512,23.973096717720114,1041.959,49.617,51.159,2.035076171875,0.4913820985278691,37.506,0.807,11.304,69.8,42,Qwen2.5-7B-Instruct-Q4_K_M,llama.cpp,finegrained_gpu_emc
2026-05-23T23:50:01.853856,GPU1224_CPU1036,1224,1036,3199,1224,3199,p128_o512,128,512,decode,1,45.09512602817267,41.264993753821514,16181.499716010876,391,24.163396895352218,794.48,49.655,51.159,2.031918158567775,0.4921458060618266,37.519,0.798,11.338,70.0,32,Qwen2.5-7B-Instruct-Q4_K_M,llama.cpp,finegrained_gpu_emc
2026-05-23T23:50:24.014048,GPU1224_CPU1036,1224,1036,3199,1224,3199,p128_o512,128,512,decode,2,44.70947408117354,41.67815135612377,21344.19357799925,512,23.98778844133748,1042.589,49.647,51.159,2.036306640625,0.49108517354393727,37.536,0.798,11.313,70.1,42,Qwen2.5-7B-Instruct-Q4_K_M,llama.cpp,finegrained_gpu_emc
2026-05-23T23:50:35.191816,GPU1224_CPU1036,1224,1036,3199,1224,3199,p256_o256,256,256,decode,0,45.19980400800705,40.46597123127796,10364.997297059745,256,24.698511023502142,515.534,49.098,51.159,2.0138046875,0.4965724860048028,37.014,0.798,11.287,70.2,21,Qwen2.5-7B-Instruct-Q4_K_M,llama.cpp,finegrained_gpu_emc
2026-05-23T23:50:46.384771,GPU1224_CPU1036,1224,1036,3199,1224,3199,p256_o256,256,256,decode,1,44.707112945616245,40.52775968231407,10380.264309002087,256,24.662185121624397,510.73,48.641,50.66,1.9950390625,0.5012433183874062,36.556,0.817,11.268,70.2,21,Qwen2.5-7B-Instruct-Q4_K_M,llama.cpp,finegrained_gpu_emc
2026-05-23T23:50:57.579181,GPU1224_CPU1036,1224,1036,3199,1224,3199,p256_o256,256,256,decode,2,44.74768997170031,40.53338681959419,10381.702941958793,256,24.65876758670756,509.396,48.514,50.361,1.989828125,0.5025559682447447,36.463,0.798,11.253,70.2,21,Qwen2.5-7B-Instruct-Q4_K_M,llama.cpp,finegrained_gpu_emc
2026-05-23T23:51:03.543068,GPU1224_CPU1036,1224,1036,3199,1224,3199,p512_o128,512,128,decode,0,44.86976994667202,40.216725251791395,5152.880426961929,128,24.840475499926775,257.557,46.829,50.76,2.0121640625,0.4969773681165722,35.042,0.798,10.988,70.1,11,Qwen2.5-7B-Instruct-Q4_K_M,llama.cpp,finegrained_gpu_emc
2026-05-23T23:51:09.497804,GPU1224_CPU1036,1224,1036,3199,1224,3199,p512_o128,512,128,decode,1,41.532653965987265,40.1714535349408,5143.803594983183,128,24.88430937076214,257.806,46.874,50.76,2.014109375,0.49649736623662755,35.042,0.834,10.997,70.0,11,Qwen2.5-7B-Instruct-Q4_K_M,llama.cpp,finegrained_gpu_emc
2026-05-23T23:51:15.441263,GPU1224_CPU1036,1224,1036,3199,1224,3199,p512_o128,512,128,decode,2,41.30289901513606,40.08488170894259,5132.573714014143,128,24.938755316948438,259.501,47.182,51.059,2.0273515625,0.49325436125487,35.441,0.798,10.943,70.0,11,Qwen2.5-7B-Instruct-Q4_K_M,llama.cpp,finegrained_gpu_emc
2026-05-23T23:51:37.622946,GPU1224_CPU1036,1224,1036,3199,1224,3199,p512_o512,512,512,decode,0,42.55897202529013,41.72272809782046,21364.83152001165,512,23.964616782511413,1042.086,49.623,51.159,2.03532421875,0.49132221332980197,37.514,0.798,11.311,70.3,42,Qwen2.5-7B-Instruct-Q4_K_M,llama.cpp,finegrained_gpu_emc
2026-05-23T23:51:59.814925,GPU1224_CPU1036,1224,1036,3199,1224,3199,p512_o512,512,512,decode,1,45.34932097885758,41.73899614279488,21375.95535092987,512,23.952145838371973,1039.538,49.502,51.159,2.03034765625,0.49252648772820234,37.408,0.798,11.296,70.4,42,Qwen2.5-7B-Instruct-Q4_K_M,llama.cpp,finegrained_gpu_emc
2026-05-23T23:52:22.005256,GPU1224_CPU1036,1224,1036,3199,1224,3199,p512_o512,512,512,decode,2,45.01678794622421,41.73668471817474,21374.451088020578,512,23.953831510880438,1041.643,49.602,51.159,2.034458984375,0.4915311675881276,37.496,0.798,11.308,70.4,42,Qwen2.5-7B-Instruct-Q4_K_M,llama.cpp,finegrained_gpu_emc
2026-05-23T23:53:06.503704,GPU1224_CPU1036,1224,1036,3199,1224,3199,p512_o1024,512,1024,decode,0,45.06104707252234,42.64560158836509,43675.55494606495,1024,23.44560936351101,2104.242,48.936,51.159,2.054923828125,0.48663604281256617,36.914,0.798,11.224,70.6,86,Qwen2.5-7B-Instruct-Q4_K_M,llama.cpp,finegrained_gpu_emc
2026-05-23T23:53:19.779824,GPU1224_CPU1036,1224,1036,3199,1224,3199,p512_o1024,512,1024,decode,1,45.26693909429014,40.84133562361422,12462.802848080173,304,24.392586780495332,616.576,49.326,51.044,2.0282105263157897,0.4930454639817313,37.259,0.798,11.27,70.6,25,Qwen2.5-7B-Instruct-Q4_K_M,llama.cpp,finegrained_gpu_emc
2026-05-23T23:53:26.335872,GPU1224_CPU1036,1224,1036,3199,1224,3199,p512_o1024,512,1024,decode,2,44.61140208877623,40.14174802086798,5744.915470015258,142,24.717509028835696,287.53,47.922,51.159,2.0248591549295774,0.4938615101032936,36.046,0.798,11.078,70.4,12,Qwen2.5-7B-Instruct-Q4_K_M,llama.cpp,finegrained_gpu_emc
2026-05-23T23:53:32.283527,GPU1224_CPU1036,1224,1036,3199,1224,3199,p1024_o128,1024,128,decode,0,41.35399195365608,40.116479472755856,5136.659386917017,128,24.918919157071965,259.994,47.272,51.26,2.031203125,0.4923190535166196,35.44,0.798,11.034,70.3,11,Qwen2.5-7B-Instruct-Q4_K_M,llama.cpp,finegrained_gpu_emc
2026-05-23T23:53:38.225429,GPU1224_CPU1036,1224,1036,3199,1224,3199,p1024_o128,1024,128,decode,1,41.32583399768919,40.07176177183855,5130.9377460274845,128,24.94670688591012,259.901,47.255,51.159,2.0304765625,0.4924952193335154,35.441,0.798,11.016,70.3,11,Qwen2.5-7B-Instruct-Q4_K_M,llama.cpp,finegrained_gpu_emc
2026-05-23T23:53:44.171097,GPU1224_CPU1036,1224,1036,3199,1224,3199,p1024_o128,1024,128,decode,2,41.343018994666636,40.10186240894676,5134.769135969691,128,24.92809250241539,259.701,47.218,51.159,2.0289140625,0.4928744979803697,35.441,0.798,10.979,70.2,11,Qwen2.5-7B-Instruct-Q4_K_M,llama.cpp,finegrained_gpu_emc
2026-05-23T23:53:47.258977,GPU1224_CPU1036,1224,1036,3199,1224,3199,p1024_o512,1024,512,decode,0,41.39287502039224,39.93451289028268,2277.796817012131,56,24.585160353967495,114.598,45.839,51.059,2.046392857142857,0.48866472364264646,34.31,0.798,10.731,70.0,5,Qwen2.5-7B-Instruct-Q4_K_M,llama.cpp,finegrained_gpu_emc
2026-05-23T23:54:09.433938,GPU1224_CPU1036,1224,1036,3199,1224,3199,p1024_o512,1024,512,decode,1,41.37677897233516,41.71334497845657,21358.86696993839,512,23.971308998769278,1042.336,49.635,51.159,2.0358125,0.4912043717189083,37.493,0.798,11.344,70.3,42,Qwen2.5-7B-Instruct-Q4_K_M,llama.cpp,finegrained_gpu_emc
2026-05-23T23:54:31.608120,GPU1224_CPU1036,1224,1036,3199,1224,3199,p1024_o512,1024,512,decode,2,45.109158963896334,41.70496684158268,21358.342409017496,512,23.971897734153448,1043.372,49.684,51.26,2.0378359375,0.49071663797763404,37.535,0.807,11.342,70.4,42,Qwen2.5-7B-Instruct-Q4_K_M,llama.cpp,finegrained_gpu_emc
2026-05-23T23:54:56.280876,GPU1224_CPU1036,1224,1036,3199,1224,3199,p1024_o1024,1024,1024,decode,0,45.19716103095561,41.77186640940266,23855.786588974297,570,23.8935739081202,1165.12,49.58,51.159,2.044070175438596,0.4892199945070036,37.462,0.798,11.32,70.5,47,Qwen2.5-7B-Instruct-Q4_K_M,llama.cpp,finegrained_gpu_emc
2026-05-23T23:55:32.958688,GPU1224_CPU1036,1224,1036,3199,1224,3199,p1024_o1024,1024,1024,decode,1,45.139117049984634,42.32941980820877,35857.440527994186,846,23.59342963532272,1722.219,49.206,51.159,2.0357198581560283,0.4912267255209703,37.115,0.798,11.293,70.7,70,Qwen2.5-7B-Instruct-Q4_K_M,llama.cpp,finegrained_gpu_emc
2026-05-23T23:56:17.459473,GPU1224_CPU1036,1224,1036,3199,1224,3199,p1024_o1024,1024,1024,decode,2,45.27540702838451,42.984227254170136,43678.33594698459,1016,23.260959420093048,2105.69,48.97,51.159,2.072529527559055,0.4825021726844882,36.933,0.798,11.238,70.6,86,Qwen2.5-7B-Instruct-Q4_K_M,llama.cpp,finegrained_gpu_emc
2026-05-23T23:56:23.417330,GPU1224_CPU1036,1224,1036,3199,1224,3199,p2048_o128,2048,128,decode,0,45.249396935105324,40.16490484309185,5146.682927035727,128,24.870387745786903,258.853,47.064,51.159,2.0222890625,0.4944891502126689,35.296,0.798,10.97,70.3,11,Qwen2.5-7B-Instruct-Q4_K_M,llama.cpp,finegrained_gpu_emc
2026-05-23T23:56:29.364688,GPU1224_CPU1036,1224,1036,3199,1224,3199,p2048_o128,2048,128,decode,1,41.379358037374914,40.11168185801164,5136.060863966122,128,24.9218230449779,259.551,47.191,51.059,2.0277421875,0.4931593405534943,35.441,0.798,10.952,70.2,11,Qwen2.5-7B-Instruct-Q4_K_M,llama.cpp,finegrained_gpu_emc
2026-05-23T23:56:35.313495,GPU1224_CPU1036,1224,1036,3199,1224,3199,p2048_o128,2048,128,decode,2,41.49826802313328,40.125164771672544,5137.890473008156,128,24.912948353501584,259.801,47.237,51.159,2.0296953125,0.49268478566287277,35.441,0.798,10.997,70.2,11,Qwen2.5-7B-Instruct-Q4_K_M,llama.cpp,finegrained_gpu_emc
2026-05-23T23:56:57.491488,GPU1224_CPU1036,1224,1036,3199,1224,3199,p2048_o512,2048,512,decode,0,41.38854204211384,41.7197789079209,21362.195110996254,512,23.96757436863061,1043.562,49.693,51.159,2.03820703125,0.49062729382633713,37.566,0.798,11.33,70.3,42,Qwen2.5-7B-Instruct-Q4_K_M,llama.cpp,finegrained_gpu_emc
2026-05-23T23:57:19.705104,GPU1224_CPU1036,1224,1036,3199,1224,3199,p2048_o512,2048,512,decode,1,45.043613063171506,41.78222734435533,21397.79560395982,512,23.92769841699257,1039.617,49.506,51.159,2.030501953125,0.49248906087530314,37.414,0.798,11.294,70.3,42,Qwen2.5-7B-Instruct-Q4_K_M,llama.cpp,finegrained_gpu_emc
2026-05-23T23:57:41.899936,GPU1224_CPU1036,1224,1036,3199,1224,3199,p2048_o512,2048,512,decode,2,44.97715295292437,41.745613602722706,21378.986787050962,512,23.94874954083948,1040.928,49.568,51.26,2.0330625,0.49186879399920064,37.462,0.798,11.308,70.3,42,Qwen2.5-7B-Instruct-Q4_K_M,llama.cpp,finegrained_gpu_emc
2026-05-23T23:57:45.318870,GPU1224_CPU1036,1224,1036,3199,1224,3199,p64_o64,64,64,mixed,0,73.08060396462679,40.24301938128672,2608.652772032656,64,24.53373660386827,131.804,43.935,51.059,2.0594375,0.48556948195805893,32.721,0.798,10.416,70.0,6,Qwen2.5-7B-Instruct-Q4_K_M,llama.cpp,finegrained_gpu_emc
2026-05-23T23:57:48.689464,GPU1224_CPU1036,1224,1036,3199,1224,3199,p64_o64,64,64,mixed,1,41.57529701478779,39.97715280967809,2560.401199036278,64,24.99608265458135,131.704,43.901,51.159,2.057875,0.48593816436858406,32.654,0.798,10.45,69.8,6,Qwen2.5-7B-Instruct-Q4_K_M,llama.cpp,finegrained_gpu_emc
2026-05-23T23:57:51.661410,GPU1224_CPU1036,1224,1036,3199,1224,3199,p64_o64,64,64,mixed,2,41.55318590346724,40.004757192666425,2161.9196289684623,53,24.515249914858494,109.534,43.814,50.559,2.066679245283019,0.48386802271440826,32.647,0.798,10.369,69.7,5,Qwen2.5-7B-Instruct-Q4_K_M,llama.cpp,finegrained_gpu_emc
2026-05-23T23:57:57.666627,GPU1224_CPU1036,1224,1036,3199,1224,3199,p128_o128,128,128,mixed,0,83.52169394493103,40.23826837000679,5194.331398932263,128,24.64224751357055,261.661,47.575,52.058,2.0442265625,0.4891825682849183,35.589,0.979,11.007,69.8,11,Qwen2.5-7B-Instruct-Q4_K_M,llama.cpp,finegrained_gpu_emc
2026-05-23T23:58:03.616421,GPU1224_CPU1036,1224,1036,3199,1224,3199,p128_o128,128,128,mixed,1,41.85874992981553,40.13078787463065,5138.974144938402,128,24.90769488032407,259.5,47.182,51.159,2.02734375,0.4932562620423892,35.441,0.798,10.943,69.8,11,Qwen2.5-7B-Instruct-Q4_K_M,llama.cpp,finegrained_gpu_emc
2026-05-23T23:58:09.565101,GPU1224_CPU1036,1224,1036,3199,1224,3199,p128_o128,128,128,mixed,2,41.843615006655455,40.12167406283084,5137.787571991794,128,24.91344731685307,259.201,47.127,51.059,2.0250078125,0.49382525530379895,35.441,0.762,10.925,69.8,11,Qwen2.5-7B-Instruct-Q4_K_M,llama.cpp,finegrained_gpu_emc
2026-05-23T23:58:31.770426,GPU1224_CPU1036,1224,1036,3199,1224,3199,p128_o512,128,512,mixed,0,41.84601502493024,41.77207680812758,21389.34590003919,512,23.93715087842223,1041.805,49.61,51.159,2.034775390625,0.49145473481121704,37.499,0.798,11.313,70.0,42,Qwen2.5-7B-Instruct-Q4_K_M,llama.cpp,finegrained_gpu_emc
2026-05-23T23:58:53.982463,GPU1224_CPU1036,1224,1036,3199,1224,3199,p128_o512,128,512,mixed,1,45.594012015499175,42.27447414258956,21396.156218019314,506,23.64910757072615,1038.461,49.451,51.159,2.052294466403162,0.4872595119123395,37.347,0.807,11.296,70.0,42,Qwen2.5-7B-Instruct-Q4_K_M,llama.cpp,finegrained_gpu_emc
2026-05-23T23:59:16.189582,GPU1224_CPU1036,1224,1036,3199,1224,3199,p128_o512,128,512,mixed,2,45.77554692514241,42.264291235605384,21391.178585006855,506,23.654610613865707,1039.413,49.496,51.159,2.054175889328063,0.4868132301597151,37.394,0.788,11.313,70.0,42,Qwen2.5-7B-Instruct-Q4_K_M,llama.cpp,finegrained_gpu_emc
2026-05-23T23:59:27.720053,GPU1224_CPU1036,1224,1036,3199,1224,3199,p256_o256,256,256,mixed,0,122.46442004106939,41.547140454891704,10717.99075405579,256,23.8850737861597,516.616,49.201,51.159,2.01803125,0.4955324651191601,37.203,0.798,11.2,69.9,21,Qwen2.5-7B-Instruct-Q4_K_M,llama.cpp,finegrained_gpu_emc
2026-05-23T23:59:39.167577,GPU1224_CPU1036,1224,1036,3199,1224,3199,p256_o256,256,256,mixed,1,45.707614975981414,41.52250685911699,10634.906847029924,256,24.071672999326243,516.654,49.205,51.159,2.0181796875,0.4954960186120692,37.163,0.798,11.244,70.0,21,Qwen2.5-7B-Instruct-Q4_K_M,llama.cpp,finegrained_gpu_emc
2026-05-23T23:59:50.607240,GPU1224_CPU1036,1224,1036,3199,1224,3199,p256_o256,256,256,mixed,2,45.74060707818717,41.491981968740184,10627.15947907418,256,24.089221631056418,517.374,49.274,51.159,2.0209921875,0.4948064649557187,37.241,0.798,11.234,70.0,21,Qwen2.5-7B-Instruct-Q4_K_M,llama.cpp,finegrained_gpu_emc
2026-05-23T23:59:56.956939,GPU1224_CPU1036,1224,1036,3199,1224,3199,p512_o128,512,128,mixed,0,224.75648496765643,41.83778795322007,5538.655097945593,128,23.110303446675704,263.576,47.923,50.559,2.0591875,0.485628433544784,36.201,0.834,10.888,69.9,11,Qwen2.5-7B-Instruct-Q4_K_M,llama.cpp,finegrained_gpu_emc
2026-05-23T23:59:59.854166,GPU1224_CPU1036,1224,1036,3199,1224,3199,p512_o128,512,128,mixed,1,45.26400892063975,41.669459479938574,2087.2518949909136,49,23.475844059642505,106.074,42.43,50.06,2.1647755102040818,0.46194166336708337,31.524,0.798,10.108,69.7,5,Qwen2.5-7B-Instruct-Q4_K_M,llama.cpp,finegrained_gpu_emc
2026-05-24T00:00:06.019239,GPU1224_CPU1036,1224,1036,3199,1224,3199,p512_o128,512,128,mixed,2,45.150730991736054,41.80006099237848,5354.266244103201,128,23.90617017615997,264.126,48.023,50.559,2.063484375,0.4846171902803965,36.2,0.798,11.025,69.8,11,Qwen2.5-7B-Instruct-Q4_K_M,llama.cpp,finegrained_gpu_emc
2026-05-24T00:00:13.069070,GPU1224_CPU1036,1224,1036,3199,1224,3199,p512_o512,512,512,mixed,0,45.20653805229813,41.845684966110454,6238.574648974463,148,23.72336764846265,309.002,47.539,50.559,2.0878513513513512,0.4789613012213513,35.82,0.798,10.921,69.8,13,Qwen2.5-7B-Instruct-Q4_K_M,llama.cpp,finegrained_gpu_emc
2026-05-24T00:00:35.204561,GPU1224_CPU1036,1224,1036,3199,1224,3199,p512_o512,512,512,mixed,1,46.599634108133614,41.62400075915195,21318.499025073834,512,24.016700209419493,1044.057,49.717,51.059,2.039173828125,0.4903946815164306,37.556,0.807,11.354,70.1,42,Qwen2.5-7B-Instruct-Q4_K_M,llama.cpp,finegrained_gpu_emc
2026-05-24T00:00:57.327870,GPU1224_CPU1036,1224,1036,3199,1224,3199,p512_o512,512,512,mixed,2,49.25677098799497,41.59711548920043,21307.362942025065,512,24.029252300863995,1046.008,49.81,51.059,2.042984375,0.489480003977025,37.622,0.798,11.39,70.2,42,Qwen2.5-7B-Instruct-Q4_K_M,llama.cpp,finegrained_gpu_emc
2026-05-24T00:01:42.020824,GPU1224_CPU1036,1224,1036,3199,1224,3199,p512_o1024,512,1024,mixed,0,48.860523966141045,42.83206046441477,43870.093666017056,1024,23.341641524536286,2111.842,49.113,51.059,2.062345703125,0.48488475937120296,37.05,0.798,11.265,70.4,86,Qwen2.5-7B-Instruct-Q4_K_M,llama.cpp,finegrained_gpu_emc
2026-05-24T00:02:26.690353,GPU1224_CPU1036,1224,1036,3199,1224,3199,p512_o1024,512,1024,mixed,1,49.25578401889652,44.05778938725448,43846.71109903138,995,22.692694048425004,2113.835,49.159,51.059,2.1244572864321607,0.4707084517003456,37.115,0.798,11.246,70.6,86,Qwen2.5-7B-Instruct-Q4_K_M,llama.cpp,finegrained_gpu_emc
2026-05-24T00:03:11.371362,GPU1224_CPU1036,1224,1036,3199,1224,3199,p512_o1024,512,1024,mixed,2,49.21786696650088,42.82002911535624,43858.12394495588,1024,23.348011905050267,2112.655,49.132,51.059,2.0631396484375,0.4846981641583694,37.078,0.798,11.256,70.6,86,Qwen2.5-7B-Instruct-Q4_K_M,llama.cpp,finegrained_gpu_emc
2026-05-24T00:03:17.762307,GPU1224_CPU1036,1224,1036,3199,1224,3199,p1024_o128,1024,128,mixed,0,442.8602820262313,40.44508447184953,5579.893797985278,128,22.939504699214297,266.368,48.43,51.659,2.081,0.48053820278712156,36.599,0.798,11.033,70.4,11,Qwen2.5-7B-Instruct-Q4_K_M,llama.cpp,finegrained_gpu_emc
2026-05-24T00:03:23.755969,GPU1224_CPU1036,1224,1036,3199,1224,3199,p1024_o128,1024,128,mixed,1,48.90199308283627,40.42070339283517,5182.838473003358,128,24.69689161001894,261.941,47.626,51.558,2.0464140625,0.488659659999771,35.803,0.798,11.025,70.3,11,Qwen2.5-7B-Instruct-Q4_K_M,llama.cpp,finegrained_gpu_emc
2026-05-24T00:03:29.746597,GPU1224_CPU1036,1224,1036,3199,1224,3199,p1024_o128,1024,128,mixed,2,48.969962052069604,40.39561717338332,5179.746058071032,128,24.711636162269304,261.847,47.609,51.644,2.0456796875,0.48883508308286905,35.758,0.798,11.052,70.2,11,Qwen2.5-7B-Instruct-Q4_K_M,llama.cpp,finegrained_gpu_emc
2026-05-24T00:03:51.814403,GPU1224_CPU1036,1224,1036,3199,1224,3199,p1024_o512,1024,512,mixed,0,48.99527889210731,41.48880821341054,21251.746356952935,512,24.092137718954515,1047.917,49.901,51.558,2.046712890625,0.48858831376912487,37.737,0.808,11.356,70.4,42,Qwen2.5-7B-Instruct-Q4_K_M,llama.cpp,finegrained_gpu_emc
2026-05-24T00:04:13.879942,GPU1224_CPU1036,1224,1036,3199,1224,3199,p1024_o512,1024,512,mixed,1,49.5138349942863,41.483789659606444,21249.741681967862,512,24.094410542151376,1046.767,49.846,51.558,2.044466796875,0.4891250870537569,37.661,0.798,11.387,70.4,42,Qwen2.5-7B-Instruct-Q4_K_M,llama.cpp,finegrained_gpu_emc
2026-05-24T00:04:19.919305,GPU1224_CPU1036,1224,1036,3199,1224,3199,p1024_o512,1024,512,mixed,2,49.529811018146574,40.45538293696412,5228.51313999854,128,24.481147234916527,262.35,47.7,51.558,2.049609375,0.4878978463884124,35.877,0.798,11.025,70.2,11,Qwen2.5-7B-Instruct-Q4_K_M,llama.cpp,finegrained_gpu_emc
2026-05-24T00:04:23.186272,GPU1224_CPU1036,1224,1036,3199,1224,3199,p1024_o1024,1024,1024,mixed,0,48.94938901998103,40.13373915271802,2456.965645076707,60,24.42036587700305,114.698,45.879,51.159,1.9116333333333333,0.5231128703203195,34.31,0.798,10.771,70.0,5,Qwen2.5-7B-Instruct-Q4_K_M,llama.cpp,finegrained_gpu_emc
2026-05-24T00:05:07.880568,GPU1224_CPU1036,1224,1036,3199,1224,3199,p1024_o1024,1024,1024,mixed,1,45.75079202186316,43.00474235125369,43871.561651001684,1020,23.249685254290718,2116.798,49.228,51.558,2.0752921568627447,0.481859865702821,37.16,0.798,11.27,70.2,86,Qwen2.5-7B-Instruct-Q4_K_M,llama.cpp,finegrained_gpu_emc
2026-05-24T00:05:52.559876,GPU1224_CPU1036,1224,1036,3199,1224,3199,p1024_o1024,1024,1024,mixed,2,49.69990090467036,42.817946357851916,43856.487618992105,1024,23.348883040888015,2119.525,49.291,51.558,2.0698486328125,0.4831271157452731,37.226,0.798,11.267,70.2,86,Qwen2.5-7B-Instruct-Q4_K_M,llama.cpp,finegrained_gpu_emc
2026-05-24T00:05:59.516195,GPU1224_CPU1036,1224,1036,3199,1224,3199,p2048_o128,2048,128,mixed,0,904.3828319991007,41.26092606301119,6145.047502010129,128,20.829782024976932,304.596,46.861,51.458,2.37965625,0.42022876203233134,35.452,0.798,10.611,70.0,13,Qwen2.5-7B-Instruct-Q4_K_M,llama.cpp,finegrained_gpu_emc
2026-05-24T00:06:03.792027,GPU1224_CPU1036,1224,1036,3199,1224,3199,p2048_o128,2048,128,mixed,1,51.144914934411645,41.13599189085795,3465.6286439858377,83,23.94947887565393,166.356,47.53,51.558,2.004289156626506,0.49893000553030853,35.737,0.798,10.995,69.9,7,Qwen2.5-7B-Instruct-Q4_K_M,llama.cpp,finegrained_gpu_emc
2026-05-24T00:06:09.888999,GPU1224_CPU1036,1224,1036,3199,1224,3199,p2048_o128,2048,128,mixed,2,51.04142893105745,41.217111448911346,5286.150506930426,128,24.214217857055935,264.746,48.136,51.558,2.068328125,0.4834822811298377,36.276,0.798,11.061,69.9,11,Qwen2.5-7B-Instruct-Q4_K_M,llama.cpp,finegrained_gpu_emc
2026-05-24T00:06:32.140845,GPU1224_CPU1036,1224,1036,3199,1224,3199,p2048_o512,2048,512,mixed,0,51.0584810981527,41.84493433853608,21435.86015002802,512,23.885209010347584,1053.48,50.166,51.443,2.057578125,0.48600827732847324,37.99,0.798,11.378,70.3,42,Qwen2.5-7B-Instruct-Q4_K_M,llama.cpp,finegrained_gpu_emc
2026-05-24T00:06:54.406256,GPU1224_CPU1036,1224,1036,3199,1224,3199,p2048_o512,2048,512,mixed,1,55.07311993278563,41.86316384157483,21449.15221701376,512,23.87040731586,1052.977,50.142,51.443,2.056595703125,0.4862404401995485,37.952,0.798,11.392,70.4,42,Qwen2.5-7B-Instruct-Q4_K_M,llama.cpp,finegrained_gpu_emc
2026-05-24T00:06:57.993506,GPU1224_CPU1036,1224,1036,3199,1224,3199,p2048_o512,2048,512,mixed,2,54.809316992759705,41.249304569254704,2777.3060819599777,66,23.76403538259745,137.166,45.722,50.645,2.078272727272727,0.4811688027645335,34.174,0.798,10.751,70.2,6,Qwen2.5-7B-Instruct-Q4_K_M,llama.cpp,finegrained_gpu_emc
2026-05-24T00:07:07.710500,GPU1300_CPU1036,1300,1036,3199,1300,3199,p64_o64,64,64,decode,0,41.04926099535078,39.73302850869322,2544.4949970114976,64,25.152338705781627,137.52,45.84,51.543,2.14875,0.46538685282140774,34.308,0.798,10.734,69.5,6,Qwen2.5-7B-Instruct-Q4_K_M,llama.cpp,finegrained_gpu_emc
2026-05-24T00:07:11.064822,GPU1300_CPU1036,1300,1036,3199,1300,3199,p64_o64,64,64,decode,1,41.13438900094479,39.72761199942657,2544.2318780114874,64,25.15493990666484,132.436,44.146,51.159,2.0693125,0.4832522878975505,32.848,0.798,10.5,69.4,6,Qwen2.5-7B-Instruct-Q4_K_M,llama.cpp,finegrained_gpu_emc
2026-05-24T00:07:14.417371,GPU1300_CPU1036,1300,1036,3199,1300,3199,p64_o64,64,64,decode,2,41.08317196369171,39.696734047509615,2542.2448850004002,64,25.174600754478426,132.244,44.081,51.558,2.0663125,0.48395390339070204,32.85,0.798,10.433,69.4,6,Qwen2.5-7B-Instruct-Q4_K_M,llama.cpp,finegrained_gpu_emc
2026-05-24T00:07:20.326951,GPU1300_CPU1036,1300,1036,3199,1300,3199,p128_o128,128,128,decode,0,41.058320086449385,39.81839553508028,5098.5300010070205,128,25.10527543717865,259.976,47.268,51.558,2.0310625,0.4923531402898729,35.473,0.798,10.997,69.6,11,Qwen2.5-7B-Instruct-Q4_K_M,llama.cpp,finegrained_gpu_emc
2026-05-24T00:07:26.195390,GPU1300_CPU1036,1300,1036,3199,1300,3199,p128_o128,128,128,decode,1,41.13334300927818,39.81248333584517,5057.67162295524,126,24.912649415221846,244.44,48.888,51.558,1.94,0.5154639175257733,36.867,0.798,11.223,69.7,10,Qwen2.5-7B-Instruct-Q4_K_M,llama.cpp,finegrained_gpu_emc
2026-05-24T00:07:32.103951,GPU1300_CPU1036,1300,1036,3199,1300,3199,p128_o128,128,128,decode,2,41.08341597020626,39.812272125818424,5097.731092013419,128,25.10920989938774,260.588,47.38,51.558,2.03584375,0.491196831780435,35.621,0.798,10.961,69.7,11,Qwen2.5-7B-Instruct-Q4_K_M,llama.cpp,finegrained_gpu_emc
2026-05-24T00:07:54.146046,GPU1300_CPU1036,1300,1036,3199,1300,3199,p128_o512,128,512,decode,0,41.0704780369997,41.454543346364176,21226.29382798914,512,24.121026692133757,1043.392,49.685,51.558,2.037875,0.4907072317978286,37.57,0.798,11.318,69.9,42,Qwen2.5-7B-Instruct-Q4_K_M,llama.cpp,finegrained_gpu_emc
2026-05-24T00:08:16.173415,GPU1300_CPU1036,1300,1036,3199,1300,3199,p128_o512,128,512,decode,1,44.78574090171605,41.418366542189894,21211.51865099091,512,24.137828527241332,1044.326,49.73,51.644,2.03969921875,0.49026836447622674,37.597,0.817,11.315,70.1,42,Qwen2.5-7B-Instruct-Q4_K_M,llama.cpp,finegrained_gpu_emc
2026-05-24T00:08:38.208444,GPU1300_CPU1036,1300,1036,3199,1300,3199,p128_o512,128,512,decode,2,44.65667507611215,41.43357474161877,21219.1707380116,512,24.129123909767756,1043.534,49.692,51.543,2.03815234375,0.490640458288853,37.6,0.798,11.294,70.2,42,Qwen2.5-7B-Instruct-Q4_K_M,llama.cpp,finegrained_gpu_emc
2026-05-24T00:08:49.311888,GPU1300_CPU1036,1300,1036,3199,1300,3199,p256_o256,256,256,decode,0,44.73469592630863,40.17678086289807,10290.773335029371,256,24.876653256814674,515.662,49.111,51.458,2.0143046875,0.4964492244920122,37.088,0.798,11.225,70.2,21,Qwen2.5-7B-Instruct-Q4_K_M,llama.cpp,finegrained_gpu_emc
2026-05-24T00:09:00.415581,GPU1300_CPU1036,1300,1036,3199,1300,3199,p256_o256,256,256,decode,1,44.435775955207646,40.17865084312564,10290.929086040705,256,24.8762767539867,515.894,49.133,51.558,2.0152109375,0.4962259689005881,37.072,0.798,11.263,70.2,21,Qwen2.5-7B-Instruct-Q4_K_M,llama.cpp,finegrained_gpu_emc
2026-05-24T00:09:09.872657,GPU1300_CPU1036,1300,1036,3199,1300,3199,p256_o256,256,256,decode,2,44.34183402918279,40.00106392043129,8645.152679062448,215,24.869427756979345,423.133,49.78,51.558,1.968060465116279,0.5081144699184418,37.576,0.821,11.383,70.2,17,Qwen2.5-7B-Instruct-Q4_K_M,llama.cpp,finegrained_gpu_emc
2026-05-24T00:09:15.783642,GPU1300_CPU1036,1300,1036,3199,1300,3199,p512_o128,512,128,decode,0,41.17173794656992,39.829612047756164,5100.0213959487155,128,25.097933922724103,260.397,47.345,51.558,2.0343515625,0.4915571223938832,35.55,0.798,10.997,70.2,11,Qwen2.5-7B-Instruct-Q4_K_M,llama.cpp,finegrained_gpu_emc
2026-05-24T00:09:21.693290,GPU1300_CPU1036,1300,1036,3199,1300,3199,p512_o128,512,128,decode,1,41.17329197470099,39.81898219680311,5098.673790926114,128,25.104567432377415,260.796,47.418,51.558,2.03746875,0.49080507369744936,35.622,0.798,10.997,70.1,11,Qwen2.5-7B-Instruct-Q4_K_M,llama.cpp,finegrained_gpu_emc
2026-05-24T00:09:27.604141,GPU1300_CPU1036,1300,1036,3199,1300,3199,p512_o128,512,128,decode,2,41.130079072900116,39.826727771075575,5099.611515062861,128,25.099951167245372,261.095,47.472,51.558,2.0398046875,0.49024301499454215,35.695,0.798,10.979,70.1,11,Qwen2.5-7B-Instruct-Q4_K_M,llama.cpp,finegrained_gpu_emc
2026-05-24T00:09:49.627513,GPU1300_CPU1036,1300,1036,3199,1300,3199,p512_o512,512,512,decode,0,42.28633700404316,41.41339981598586,21206.475887913257,512,24.143568347054643,1043.601,49.695,51.558,2.038283203125,0.4906089587878892,37.594,0.798,11.303,70.3,42,Qwen2.5-7B-Instruct-Q4_K_M,llama.cpp,finegrained_gpu_emc
2026-05-24T00:10:11.679654,GPU1300_CPU1036,1300,1036,3199,1300,3199,p512_o512,512,512,decode,1,44.91867893375456,41.46609385315613,21236.056194989942,512,24.109938083550194,1044.661,49.746,51.558,2.040353515625,0.4901111461038557,37.623,0.798,11.325,70.4,42,Qwen2.5-7B-Instruct-Q4_K_M,llama.cpp,finegrained_gpu_emc
2026-05-24T00:10:17.687116,GPU1300_CPU1036,1300,1036,3199,1300,3199,p512_o512,512,512,decode,2,44.72160304430872,39.93278136749723,5196.276510017924,129,24.825468727713073,262.292,47.689,51.558,2.033271317829457,0.4918182788647767,35.839,0.798,11.052,70.4,11,Qwen2.5-7B-Instruct-Q4_K_M,llama.cpp,finegrained_gpu_emc
2026-05-24T00:10:26.247972,GPU1300_CPU1036,1300,1036,3199,1300,3199,p512_o1024,512,1024,decode,0,41.14020895212889,39.936017296592276,7749.1166749969125,193,24.906064535423567,390.386,48.798,51.558,2.0227253886010366,0.49438248297838544,36.785,0.798,11.216,70.3,16,Qwen2.5-7B-Instruct-Q4_K_M,llama.cpp,finegrained_gpu_emc
2026-05-24T00:11:10.427095,GPU1300_CPU1036,1300,1036,3199,1300,3199,p512_o1024,512,1024,decode,1,41.12442291807383,42.33787787094064,43356.74889897928,1024,23.618007023218187,2099.704,49.405,51.558,2.0504921875,0.4876877883739803,37.315,0.798,11.292,70.5,85,Qwen2.5-7B-Instruct-Q4_K_M,llama.cpp,finegrained_gpu_emc
2026-05-24T00:11:54.664550,GPU1300_CPU1036,1300,1036,3199,1300,3199,p512_o1024,512,1024,decode,2,44.915375066921115,42.39057387097421,43414.51461601537,1024,23.58658179313727,2102.592,49.473,51.558,2.0533125,0.48701792834748725,37.324,0.854,11.295,70.7,85,Qwen2.5-7B-Instruct-Q4_K_M,llama.cpp,finegrained_gpu_emc
2026-05-24T00:12:00.591444,GPU1300_CPU1036,1300,1036,3199,1300,3199,p1024_o128,1024,128,decode,0,45.03819195087999,39.923080929745666,5115.771968965419,128,25.02066174499289,260.291,47.326,51.558,2.0335234375,0.491757302403848,35.548,0.798,10.979,70.4,11,Qwen2.5-7B-Instruct-Q4_K_M,llama.cpp,finegrained_gpu_emc
2026-05-24T00:12:06.501998,GPU1300_CPU1036,1300,1036,3199,1300,3199,p1024_o128,1024,128,decode,1,41.120058041997254,39.82639429892787,5099.555691005662,128,25.100225932576816,260.29,47.326,51.659,2.033515625,0.49175919167082865,35.548,0.798,10.979,70.4,11,Qwen2.5-7B-Instruct-Q4_K_M,llama.cpp,finegrained_gpu_emc
2026-05-24T00:12:12.411685,GPU1300_CPU1036,1300,1036,3199,1300,3199,p1024_o128,1024,128,decode,2,41.08471097424626,39.82103040980864,5098.84572098963,128,25.103720921204225,260.446,47.354,51.558,2.034734375,0.49146464142279006,35.622,0.762,10.97,70.3,11,Qwen2.5-7B-Instruct-Q4_K_M,llama.cpp,finegrained_gpu_emc
2026-05-24T00:12:34.442967,GPU1300_CPU1036,1300,1036,3199,1300,3199,p1024_o512,1024,512,decode,0,41.09365097247064,41.432653172187685,21215.15752200503,512,24.133688353194525,1043.759,49.703,51.543,2.038591796875,0.49053469239546676,37.573,0.808,11.323,70.4,42,Qwen2.5-7B-Instruct-Q4_K_M,llama.cpp,finegrained_gpu_emc
2026-05-24T00:12:56.482145,GPU1300_CPU1036,1300,1036,3199,1300,3199,p1024_o512,1024,512,decode,1,44.81537907849997,41.44138797849723,21223.30046899151,512,24.124428749810242,1045.182,49.771,51.558,2.04137109375,0.4898668365892256,37.652,0.788,11.33,70.5,42,Qwen2.5-7B-Instruct-Q4_K_M,llama.cpp,finegrained_gpu_emc
2026-05-24T00:13:18.523229,GPU1300_CPU1036,1300,1036,3199,1300,3199,p1024_o512,1024,512,decode,2,44.83631905168295,41.44429500395188,21224.82264309656,512,24.12269862554209,1044.786,49.752,51.543,2.04059765625,0.49005250836056374,37.607,0.808,11.337,70.5,42,Qwen2.5-7B-Instruct-Q4_K_M,llama.cpp,finegrained_gpu_emc
2026-05-24T00:13:45.518737,GPU1300_CPU1036,1300,1036,3199,1300,3199,p1024_o1024,1024,1024,decode,0,44.767085928469896,41.611638513543724,26177.669832948595,628,23.989912165885983,1287.278,49.511,51.558,2.0498057324840766,0.4878511090844402,37.423,0.806,11.282,70.4,52,Qwen2.5-7B-Instruct-Q4_K_M,llama.cpp,finegrained_gpu_emc
2026-05-24T00:13:53.091302,GPU1300_CPU1036,1300,1036,3199,1300,3199,p1024_o1024,1024,1024,decode,1,44.88418600521982,39.975828155847324,6761.018072022125,168,24.84832878870764,340.256,48.608,51.558,2.025333333333333,0.4937458854509546,36.593,0.798,11.217,70.3,14,Qwen2.5-7B-Instruct-Q4_K_M,llama.cpp,finegrained_gpu_emc
2026-05-24T00:14:19.336792,GPU1300_CPU1036,1300,1036,3199,1300,3199,p1024_o1024,1024,1024,decode,2,41.06836300343275,41.54899290984222,25428.293704986572,611,24.02835231843263,1247.394,49.896,51.558,2.0415613747954175,0.48982117919438445,37.722,0.798,11.376,70.4,50,Qwen2.5-7B-Instruct-Q4_K_M,llama.cpp,finegrained_gpu_emc
2026-05-24T00:14:25.256621,GPU1300_CPU1036,1300,1036,3199,1300,3199,p2048_o128,2048,128,decode,0,44.81116100214422,39.8700773939637,5108.793845982291,128,25.05483757201576,260.291,47.326,51.558,2.0335234375,0.491757302403848,35.548,0.798,10.979,70.2,11,Qwen2.5-7B-Instruct-Q4_K_M,llama.cpp,finegrained_gpu_emc
2026-05-24T00:14:31.166458,GPU1300_CPU1036,1300,1036,3199,1300,3199,p2048_o128,2048,128,decode,1,41.0574380075559,39.82132442541215,5098.881870042533,128,25.103542945765927,260.736,47.407,51.543,2.037,0.4909180166912126,35.648,0.798,10.961,70.2,11,Qwen2.5-7B-Instruct-Q4_K_M,llama.cpp,finegrained_gpu_emc
2026-05-24T00:14:37.074204,GPU1300_CPU1036,1300,1036,3199,1300,3199,p2048_o128,2048,128,decode,2,41.21267097070813,39.8037077952543,5096.774192992598,128,25.113924053371516,261.04,47.462,51.659,2.039375,0.49034630707937477,35.621,0.798,11.043,70.1,11,Qwen2.5-7B-Instruct-Q4_K_M,llama.cpp,finegrained_gpu_emc
2026-05-24T00:14:59.090215,GPU1300_CPU1036,1300,1036,3199,1300,3199,p2048_o512,2048,512,decode,0,41.05713707394898,41.403358612426445,21200.107309035957,512,24.15082115088041,1045.66,49.793,51.558,2.0423046875,0.48964290495954704,37.661,0.808,11.325,70.3,42,Qwen2.5-7B-Instruct-Q4_K_M,llama.cpp,finegrained_gpu_emc
2026-05-24T00:15:21.112321,GPU1300_CPU1036,1300,1036,3199,1300,3199,p2048_o512,2048,512,decode,1,44.87951006740332,41.40770532475118,21206.140711088665,512,24.1439499518305,1045.576,49.789,51.957,2.042140625,0.48968224213256617,37.619,0.836,11.335,70.3,42,Qwen2.5-7B-Instruct-Q4_K_M,llama.cpp,finegrained_gpu_emc
2026-05-24T00:15:43.151007,GPU1300_CPU1036,1300,1036,3199,1300,3199,p2048_o512,2048,512,decode,2,45.41359900031239,41.43870981599691,21222.538703936152,512,24.125294675751455,1044.713,49.748,51.558,2.040455078125,0.4900867510981485,37.64,0.798,11.311,70.3,42,Qwen2.5-7B-Instruct-Q4_K_M,llama.cpp,finegrained_gpu_emc
2026-05-24T00:15:46.543986,GPU1300_CPU1036,1300,1036,3199,1300,3199,p64_o64,64,64,mixed,0,72.7030630223453,39.83929825370156,2582.8395769931376,64,24.778929582032667,131.996,43.998,51.558,2.0624375,0.4848631776720506,32.784,0.798,10.416,70.0,6,Qwen2.5-7B-Instruct-Q4_K_M,llama.cpp,finegrained_gpu_emc
2026-05-24T00:15:49.896283,GPU1300_CPU1036,1300,1036,3199,1300,3199,p64_o64,64,64,mixed,1,41.30253300536424,39.691940921964864,2542.158991098404,64,25.17545134828376,132.694,44.231,51.558,2.07334375,0.48231268934541127,32.917,0.798,10.516,69.8,6,Qwen2.5-7B-Instruct-Q4_K_M,llama.cpp,finegrained_gpu_emc
2026-05-24T00:15:53.247169,GPU1300_CPU1036,1300,1036,3199,1300,3199,p64_o64,64,64,mixed,2,41.20740806683898,39.67236353838373,2540.8212430775166,64,25.18870627926636,132.436,44.145,51.543,2.0693125,0.4832522878975505,32.914,0.798,10.433,69.7,6,Qwen2.5-7B-Instruct-Q4_K_M,llama.cpp,finegrained_gpu_emc
2026-05-24T00:15:59.203234,GPU1300_CPU1036,1300,1036,3199,1300,3199,p128_o128,128,128,mixed,0,83.32085993606597,39.85209372462925,5145.030307932757,128,24.878376285295325,261.324,47.514,51.558,2.04159375,0.4898134117034792,35.727,0.798,10.988,69.8,11,Qwen2.5-7B-Instruct-Q4_K_M,llama.cpp,finegrained_gpu_emc
2026-05-24T00:16:01.521340,GPU1300_CPU1036,1300,1036,3199,1300,3199,p128_o128,128,128,mixed,1,41.72361898235977,39.636846111130176,1508.284933050163,37,24.53117391100362,80.731,40.366,50.045,2.1819189189189188,0.45831217252356593,29.721,0.798,9.847,69.6,4,Qwen2.5-7B-Instruct-Q4_K_M,llama.cpp,finegrained_gpu_emc
2026-05-24T00:16:07.435564,GPU1300_CPU1036,1300,1036,3199,1300,3199,p128_o128,128,128,mixed,2,41.458322084508836,39.85167911008558,5103.104459005408,128,25.08277089529677,260.716,47.403,51.558,2.03684375,0.4909556759078844,35.617,0.798,10.988,69.7,11,Qwen2.5-7B-Instruct-Q4_K_M,llama.cpp,finegrained_gpu_emc
2026-05-24T00:16:55.577036,GPU1300_CPU1036,1300,1036,3199,1300,3199,p128_o512,128,512,mixed,0,41.60667397081852,41.42740086507446,21213.031462975778,512,24.13610713271324,1044.772,49.751,51.558,2.0405703125,0.4900590750900675,37.63,0.798,11.323,69.9,42,Qwen2.5-7B-Instruct-Q4_K_M,llama.cpp,finegrained_gpu_emc
2026-05-24T00:17:00.209044,GPU1300_CPU1036,1300,1036,3199,1300,3199,p128_o512,128,512,mixed,1,46.64049006532878,39.7337826905138,3821.553212008439,95,24.859002277263127,189.125,47.281,51.458,1.9907894736842104,0.5023132848645075,35.608,0.748,10.925,66.5,8,Qwen2.5-7B-Instruct-Q4_K_M,llama.cpp,finegrained_gpu_emc
2026-05-24T00:17:22.275287,GPU1300_CPU1036,1300,1036,3199,1300,3199,p128_o512,128,512,mixed,2,41.45029792562127,41.99409945153327,21250.392547925003,506,23.811324843004297,1034.86,49.279,51.558,2.045177865612648,0.48895502773322,37.25,0.788,11.241,67.8,42,Qwen2.5-7B-Instruct-Q4_K_M,llama.cpp,finegrained_gpu_emc
2026-05-24T00:17:29.086420,GPU1300_CPU1036,1300,1036,3199,1300,3199,p256_o256,256,256,mixed,0,122.75916605722159,40.80674348242737,5999.95296401903,144,24.000188145398813,287.197,47.866,50.76,1.994423611111111,0.5013979951044056,36.109,0.731,11.026,68.1,12,Qwen2.5-7B-Instruct-Q4_K_M,llama.cpp,finegrained_gpu_emc
2026-05-24T00:17:40.486716,GPU1300_CPU1036,1300,1036,3199,1300,3199,p256_o256,256,256,mixed,1,45.50208698492497,41.66539337968255,10587.816937011667,254,23.98983676343101,512.876,48.845,50.66,2.019196850393701,0.4952464143379687,36.842,0.779,11.224,68.3,21,Qwen2.5-7B-Instruct-Q4_K_M,llama.cpp,finegrained_gpu_emc
2026-05-24T00:17:51.887345,GPU1300_CPU1036,1300,1036,3199,1300,3199,p256_o256,256,256,mixed,2,45.61588692013174,41.66569111071777,10588.017070898786,254,23.98938330937529,513.313,48.887,50.76,2.0209173228346455,0.494824795008114,36.898,0.798,11.191,68.5,21,Qwen2.5-7B-Instruct-Q4_K_M,llama.cpp,finegrained_gpu_emc
2026-05-24T00:17:58.201477,GPU1300_CPU1036,1300,1036,3199,1300,3199,p512_o128,512,128,mixed,0,223.94694900140166,41.56560668498131,5503.276927978732,128,23.258869519948437,264.378,48.069,50.958,2.065453125,0.4841552625407561,36.338,0.798,10.932,68.6,11,Qwen2.5-7B-Instruct-Q4_K_M,llama.cpp,finegrained_gpu_emc
2026-05-24T00:18:04.332871,GPU1300_CPU1036,1300,1036,3199,1300,3199,p512_o128,512,128,mixed,1,44.91181101184338,41.53627225135519,5320.522972964682,128,24.057785418916502,263.433,47.897,50.958,2.0580703125,0.48589204845254774,36.129,0.798,10.97,68.6,11,Qwen2.5-7B-Instruct-Q4_K_M,llama.cpp,finegrained_gpu_emc
2026-05-24T00:18:10.463136,GPU1300_CPU1036,1300,1036,3199,1300,3199,p512_o128,512,128,mixed,2,44.91508100181818,41.52699180339705,5319.346089963801,128,24.06310810298697,263.468,47.903,50.958,2.05834375,0.4858275008729713,36.162,0.798,10.943,68.6,11,Qwen2.5-7B-Instruct-Q4_K_M,llama.cpp,finegrained_gpu_emc
2026-05-24T00:18:32.424044,GPU1300_CPU1036,1300,1036,3199,1300,3199,p512_o512,512,512,mixed,0,44.914544094353914,41.286428966568586,21144.258222077042,512,24.214611580245126,1044.513,49.739,51.144,2.040064453125,0.49018059133778136,37.628,0.798,11.313,68.9,42,Qwen2.5-7B-Instruct-Q4_K_M,llama.cpp,finegrained_gpu_emc
2026-05-24T00:18:41.753634,GPU1300_CPU1036,1300,1036,3199,1300,3199,p512_o512,512,512,mixed,1,48.841599957086146,41.521126778310006,8518.053389969282,204,23.94913375868564,415.648,48.9,51.159,2.0374901960784313,0.490799907614135,36.919,0.798,11.182,69.0,17,Qwen2.5-7B-Instruct-Q4_K_M,llama.cpp,finegrained_gpu_emc
2026-05-24T00:19:03.722549,GPU1300_CPU1036,1300,1036,3199,1300,3199,p512_o512,512,512,mixed,2,48.135432065464556,41.29720304877572,21152.97343500424,512,24.204634945209882,1044.705,49.748,51.059,2.040439453125,0.4900905040178807,37.622,0.798,11.328,69.3,42,Qwen2.5-7B-Instruct-Q4_K_M,llama.cpp,finegrained_gpu_emc
2026-05-24T00:19:48.091963,GPU1300_CPU1036,1300,1036,3199,1300,3199,p512_o1024,512,1024,mixed,0,48.700136016123,42.767171147476326,43546.9295399962,1018,23.37707872296727,2100.502,49.424,51.059,2.063361493123772,0.4846460512772661,37.353,0.798,11.272,69.6,85,Qwen2.5-7B-Instruct-Q4_K_M,llama.cpp,finegrained_gpu_emc
2026-05-24T00:20:32.494720,GPU1300_CPU1036,1300,1036,3199,1300,3199,p512_o1024,512,1024,mixed,1,49.000969040207565,42.54869652881523,43580.34305204637,1024,23.49683201844178,2100.871,49.432,51.159,2.0516318359375,0.48741688566313685,37.335,0.803,11.295,69.9,85,Qwen2.5-7B-Instruct-Q4_K_M,llama.cpp,finegrained_gpu_emc
2026-05-24T00:21:08.881465,GPU1300_CPU1036,1300,1036,3199,1300,3199,p512_o1024,512,1024,mixed,2,48.97931404411793,42.0302293045166,35566.43226300366,845,23.75835714280997,1735.918,49.598,51.458,2.0543408284023665,0.4867741448616813,37.486,0.798,11.313,70.1,70,Qwen2.5-7B-Instruct-Q4_K_M,llama.cpp,finegrained_gpu_emc
2026-05-24T00:21:13.367705,GPU1300_CPU1036,1300,1036,3199,1300,3199,p1024_o128,1024,128,mixed,0,441.8124440126121,39.923838450340554,3675.6067470414564,81,22.037177961216322,184.163,46.041,52.058,2.2736172839506175,0.4398277612766951,34.669,0.798,10.574,69.9,8,Qwen2.5-7B-Instruct-Q4_K_M,llama.cpp,finegrained_gpu_emc
2026-05-24T00:21:19.318546,GPU1300_CPU1036,1300,1036,3199,1300,3199,p1024_o128,1024,128,mixed,1,45.36269197706133,40.109071402084524,5139.726356021129,128,24.90404958039245,261.853,47.61,51.558,2.0457265625,0.4888238821017899,35.841,0.798,10.97,69.9,11,Qwen2.5-7B-Instruct-Q4_K_M,llama.cpp,finegrained_gpu_emc
2026-05-24T00:21:25.275899,GPU1300_CPU1036,1300,1036,3199,1300,3199,p1024_o128,1024,128,mixed,2,48.71843697037548,40.13500570073929,5146.375436917879,128,24.871873723355506,261.704,47.583,51.659,2.0445625,0.48910219178919695,35.769,0.798,11.016,69.8,11,Qwen2.5-7B-Instruct-Q4_K_M,llama.cpp,finegrained_gpu_emc
2026-05-24T00:21:47.185593,GPU1300_CPU1036,1300,1036,3199,1300,3199,p1024_o512,1024,512,mixed,0,48.63854090217501,41.18050344620053,21093.81367894821,512,24.27251931740442,1048.175,49.913,51.957,2.047216796875,0.48846805161351875,37.756,0.798,11.359,70.1,42,Qwen2.5-7B-Instruct-Q4_K_M,llama.cpp,finegrained_gpu_emc
2026-05-24T00:22:09.108412,GPU1300_CPU1036,1300,1036,3199,1300,3199,p1024_o512,1024,512,mixed,1,49.22960698604584,41.204400587035984,21106.651991023682,512,24.257755337878567,1048.667,49.937,51.659,2.048177734375,0.48823887850003866,37.794,0.798,11.344,70.2,42,Qwen2.5-7B-Instruct-Q4_K_M,llama.cpp,finegrained_gpu_emc
2026-05-24T00:22:31.029011,GPU1300_CPU1036,1300,1036,3199,1300,3199,p1024_o512,1024,512,mixed,2,49.19260099995881,41.20078271618495,21104.79009291157,512,24.259895395593844,1048.314,49.92,51.659,2.04748828125,0.48840328374895303,37.746,0.798,11.375,70.3,42,Qwen2.5-7B-Instruct-Q4_K_M,llama.cpp,finegrained_gpu_emc
2026-05-24T00:23:07.015312,GPU1300_CPU1036,1300,1036,3199,1300,3199,p1024_o1024,1024,1024,mixed,0,49.22506294678897,42.15411982211383,35166.140765999444,833,23.687558027561277,1713.927,49.679,51.659,2.0575354141656663,0.48601836600975423,37.532,0.798,11.349,70.4,69,Qwen2.5-7B-Instruct-Q4_K_M,llama.cpp,finegrained_gpu_emc
2026-05-24T00:23:51.412692,GPU1300_CPU1036,1300,1036,3199,1300,3199,p1024_o1024,1024,1024,mixed,1,49.399866024032235,42.54292995013016,43574.82601609081,1024,23.49980696702883,2108.694,49.616,51.957,2.059271484375,0.4856086278995435,37.5,0.803,11.314,70.5,85,Qwen2.5-7B-Instruct-Q4_K_M,llama.cpp,finegrained_gpu_emc
2026-05-24T00:23:55.547558,GPU1300_CPU1036,1300,1036,3199,1300,3199,p1024_o1024,1024,1024,mixed,2,49.4499399792403,39.93632601154393,3324.430410983041,82,24.665879523028558,166.566,47.59,51.558,2.0312926829268294,0.49229734759794913,35.798,0.798,10.995,70.3,7,Qwen2.5-7B-Instruct-Q4_K_M,llama.cpp,finegrained_gpu_emc
2026-05-24T00:24:02.459273,GPU1300_CPU1036,1300,1036,3199,1300,3199,p2048_o128,2048,128,mixed,0,899.9437929596752,40.94686872402837,6100.7292529102415,128,20.981098274266134,289.21,48.202,51.474,2.259453125,0.4425849728570935,36.612,0.798,10.792,70.2,12,Qwen2.5-7B-Instruct-Q4_K_M,llama.cpp,finegrained_gpu_emc
2026-05-24T00:24:08.519960,GPU1300_CPU1036,1300,1036,3199,1300,3199,p2048_o128,2048,128,mixed,1,50.637967069633305,40.93399710997235,5249.787613051012,128,24.381938743920045,264.558,48.101,51.558,2.066859375,0.48382585293206026,36.278,0.798,11.025,70.3,11,Qwen2.5-7B-Instruct-Q4_K_M,llama.cpp,finegrained_gpu_emc
2026-05-24T00:24:14.577903,GPU1300_CPU1036,1300,1036,3199,1300,3199,p2048_o128,2048,128,mixed,2,50.662129069678485,40.91145729877084,5246.951297973283,128,24.395118751996424,264.951,48.173,51.558,2.0699296875,0.4831081973647957,36.313,0.798,11.061,70.3,11,Qwen2.5-7B-Instruct-Q4_K_M,llama.cpp,finegrained_gpu_emc
2026-05-24T00:24:36.680157,GPU1300_CPU1036,1300,1036,3199,1300,3199,p2048_o512,2048,512,mixed,0,50.8065118920058,41.559182900257426,21289.509893977083,512,24.049402853789864,559.813,50.892,51.458,1.093384765625,0.9145911223926562,38.617,0.798,11.477,70.5,22,Qwen2.5-7B-Instruct-Q4_K_M,llama.cpp,finegrained_gpu_emc
2026-05-24T00:25:02.644390,GPU1300_CPU1036,1300,1036,3199,1300,3199,p2048_o512,2048,512,mixed,1,54.36793004628271,41.61649832533965,21280.82549001556,511,24.012226416674892,702.034,50.145,51.574,1.3738434442270058,0.7278849742320173,37.965,0.798,11.382,70.6,28,Qwen2.5-7B-Instruct-Q4_K_M,llama.cpp,finegrained_gpu_emc
2026-05-24T00:25:30.181715,GPU1300_CPU1036,1300,1036,3199,1300,3199,p2048_o512,2048,512,mixed,2,54.31633198168129,41.49915088640632,21262.351035955362,512,24.080121673007397,599.246,49.937,51.458,1.17040234375,0.854407038177977,37.824,0.798,11.316,70.0,24,Qwen2.5-7B-Instruct-Q4_K_M,llama.cpp,finegrained_gpu_emc
