timestamp,config_name,gpu_freq_mhz,cpu_freq_mhz,emc_freq_mhz,target_gpu_mhz,target_emc_mhz,workload,prompt_length,output_length,phase,repeat,ttft_ms,tpot_ms,total_time_ms,output_tokens,tokens_per_second,total_energy_j,avg_power_w,max_power_w,energy_per_token_j,tokens_per_joule,avg_gpu_soc_w,avg_cpu_cv_w,avg_sys_5v0_w,avg_temp_cpu_c,power_samples,model,runtime,experiment
2026-05-16T01:56:26.514553,GPU306_EMC204_CPU1036,306,1036,204,306,204,p128_o64,128,64,decode,0,82.29417912662029,80.60319156992057,5160.554826958105,64,12.401767280074589,87.274,15.868,16.504,1.36365625,0.7333226390448473,8.419,0.399,7.05,52.1,11,Phi-3-mini-Q4,llama.cpp,finegrained_gpu_emc
2026-05-16T01:56:32.482650,GPU306_EMC204_CPU1036,306,1036,204,306,204,p128_o64,128,64,decode,1,82.36521505750716,80.53702226884309,5156.4645250327885,64,12.411604829103918,86.386,15.707,16.516,1.34978125,0.7408607876276249,8.274,0.399,7.033,52.1,11,Phi-3-mini-Q4,llama.cpp,finegrained_gpu_emc
2026-05-16T01:56:38.450389,GPU306_EMC204_CPU1036,306,1036,204,306,204,p128_o64,128,64,decode,2,82.35666807740927,80.53893591868618,5156.567034078762,64,12.411358094840285,86.29,15.689,16.519,1.34828125,0.7416850156449183,8.275,0.399,7.015,52.2,11,Phi-3-mini-Q4,llama.cpp,finegrained_gpu_emc
2026-05-16T01:56:49.598370,GPU306_EMC204_CPU1036,306,1036,204,306,204,p512_o128,512,128,decode,0,82.1822031866759,80.72811676240636,10335.156574146822,128,12.384911547464052,168.853,16.081,16.516,1.3191640625,0.7580558237046424,8.535,0.399,7.147,52.4,21,Phi-3-mini-Q4,llama.cpp,finegrained_gpu_emc
2026-05-16T01:57:00.733730,GPU306_EMC204_CPU1036,306,1036,204,306,204,p512_o128,512,128,decode,1,82.41515280678868,80.62932589898018,10322.846059920266,128,12.39968117871833,169.162,16.111,16.516,1.321578125,0.7566711199914874,8.535,0.399,7.177,52.5,21,Phi-3-mini-Q4,llama.cpp,finegrained_gpu_emc
2026-05-16T01:57:11.875873,GPU306_EMC204_CPU1036,306,1036,204,306,204,p512_o128,512,128,decode,2,82.34397997148335,80.68016129105872,10329.196454025803,128,12.392057849777077,168.912,16.087,16.516,1.319625,0.7577910391209624,8.516,0.399,7.172,52.6,21,Phi-3-mini-Q4,llama.cpp,finegrained_gpu_emc
2026-05-16T01:57:23.022368,GPU306_EMC204_CPU1036,306,1036,204,306,204,p1024_o128,1024,128,decode,0,82.60124898515642,80.7143269055413,10333.791540004311,128,12.386547522705936,169.148,16.109,16.516,1.32146875,0.7567337479603661,8.535,0.399,7.175,52.6,21,Phi-3-mini-Q4,llama.cpp,finegrained_gpu_emc
2026-05-16T01:57:34.167719,GPU306_EMC204_CPU1036,306,1036,204,306,204,p1024_o128,1024,128,decode,1,82.4883182067424,80.7046099752921,10332.453167065978,128,12.388151964529747,168.911,16.087,16.516,1.3196171875,0.7577955254542333,8.535,0.399,7.153,52.7,21,Phi-3-mini-Q4,llama.cpp,finegrained_gpu_emc
2026-05-16T01:57:45.319748,GPU306_EMC204_CPU1036,306,1036,204,306,204,p1024_o128,1024,128,decode,2,82.54447090439498,80.7586705906126,10339.37303395942,128,12.379860904484936,168.964,16.092,16.516,1.32003125,0.7575578229682063,8.535,0.399,7.157,52.8,21,Phi-3-mini-Q4,llama.cpp,finegrained_gpu_emc
2026-05-16T01:58:06.962097,GPU306_EMC204_CPU1036,306,1036,204,306,204,p128_o256,128,256,decode,0,82.7411338686943,81.34397280804228,20826.400867896155,256,12.292090295573988,335.382,16.36,16.516,1.3100859375,0.7633087047009082,8.694,0.399,7.267,52.9,41,Phi-3-mini-Q4,llama.cpp,finegrained_gpu_emc
2026-05-16T01:58:28.671661,GPU306_EMC204_CPU1036,306,1036,204,306,204,p128_o256,128,256,decode,1,88.81910587660968,81.58460014554508,20893.942456925288,256,12.252354984118805,333.46,16.266,16.516,1.302578125,0.7677082708570744,8.636,0.399,7.231,53.0,41,Phi-3-mini-Q4,llama.cpp,finegrained_gpu_emc
2026-05-16T01:58:50.369623,GPU306_EMC204_CPU1036,306,1036,204,306,204,p128_o256,128,256,decode,2,88.23555591516197,81.541399043236,20882.27097899653,256,12.259203046329866,335.282,16.355,16.519,1.3096953125,0.7635363664020138,8.695,0.399,7.261,53.1,41,Phi-3-mini-Q4,llama.cpp,finegrained_gpu_emc
2026-05-16T01:59:35.259022,GPU306_EMC204_CPU1036,306,1036,204,306,204,p1024_o512,1024,512,decode,0,88.87239592149854,86.0586387420587,44066.7225769721,512,11.618744713897904,701.916,16.324,16.604,1.3709296875,0.7294320118076806,8.736,0.399,7.189,53.2,86,Phi-3-mini-Q4,llama.cpp,finegrained_gpu_emc
2026-05-16T02:00:12.961321,GPU306_EMC204_CPU1036,306,1036,204,306,204,p1024_o512,1024,512,decode,1,89.84329900704324,85.15343936851676,36881.78581092507,432,11.713098769529582,588.2,16.339,16.516,1.3615740740740745,0.7344440666439985,8.732,0.399,7.208,53.3,72,Phi-3-mini-Q4,llama.cpp,finegrained_gpu_emc
2026-05-16T02:00:57.816350,GPU306_EMC204_CPU1036,306,1036,204,306,204,p1024_o512,1024,512,decode,2,88.52852787822485,85.9922998336029,44032.51830884256,512,11.627770104104648,702.692,16.342,16.516,1.3724453125,0.7286264821571897,8.741,0.399,7.202,53.4,86,Phi-3-mini-Q4,llama.cpp,finegrained_gpu_emc
2026-05-16T02:01:13.267128,GPU306_EMC665_CPU1036,306,1036,665,306,665,p128_o64,128,64,decode,0,82.40762003697455,80.65055052395023,5163.646441185847,64,12.39434200791296,87.63,15.933,16.516,1.36921875,0.7303434896724866,8.419,0.399,7.114,53.4,11,Phi-3-mini-Q4,llama.cpp,finegrained_gpu_emc
2026-05-16T02:01:19.243650,GPU306_EMC665_CPU1036,306,1036,665,306,665,p128_o64,128,64,decode,1,82.86460000090301,80.66802939754866,5165.1999820023775,64,12.390614152985671,86.624,15.75,16.504,1.3535,0.7388252678241596,8.311,0.399,7.04,53.3,11,Phi-3-mini-Q4,llama.cpp,finegrained_gpu_emc
2026-05-16T02:01:25.211224,GPU306_EMC665_CPU1036,306,1036,665,306,665,p128_o64,128,64,decode,2,82.50156603753567,80.53214331748822,5156.274812994525,64,12.412061482586452,86.624,15.75,16.504,1.3535,0.7388252678241596,8.311,0.399,7.04,53.4,11,Phi-3-mini-Q4,llama.cpp,finegrained_gpu_emc
2026-05-16T02:01:36.364827,GPU306_EMC665_CPU1036,306,1036,665,306,665,p512_o128,512,128,decode,0,82.4096619617194,80.76914501611114,10340.56822094135,128,12.37843001130044,169.126,16.107,16.519,1.321296875,0.7568321842886369,8.536,0.399,7.172,53.4,21,Phi-3-mini-Q4,llama.cpp,finegrained_gpu_emc
2026-05-16T02:01:47.520301,GPU306_EMC665_CPU1036,306,1036,665,306,665,p512_o128,512,128,decode,1,83.13735504634678,80.77844084189164,10342.486690962687,128,12.376133885852326,169.248,16.119,16.519,1.32225,0.7562866326337683,8.536,0.399,7.184,53.5,21,Phi-3-mini-Q4,llama.cpp,finegrained_gpu_emc
2026-05-16T02:01:58.667708,GPU306_EMC665_CPU1036,306,1036,665,306,665,p512_o128,512,128,decode,2,82.56203611381352,80.72163024367251,10334.687242051588,128,12.385473986979612,169.177,16.112,16.519,1.3216953125,0.7566040300986541,8.536,0.399,7.177,53.5,21,Phi-3-mini-Q4,llama.cpp,finegrained_gpu_emc
2026-05-16T02:02:09.817078,GPU306_EMC665_CPU1036,306,1036,665,306,665,p1024_o128,1024,128,decode,0,82.54718501120806,80.73548473212428,10336.434503085911,128,12.38338035826435,169.18,16.112,16.516,1.32171875,0.7565906135477006,8.535,0.399,7.178,53.5,21,Phi-3-mini-Q4,llama.cpp,finegrained_gpu_emc
2026-05-16T02:02:20.962960,GPU306_EMC665_CPU1036,306,1036,665,306,665,p1024_o128,1024,128,decode,1,82.47796702198684,80.70986653406788,10333.107006037608,128,12.387368090276228,169.226,16.117,16.519,1.322078125,0.7563849526668479,8.535,0.399,7.183,53.5,21,Phi-3-mini-Q4,llama.cpp,finegrained_gpu_emc
2026-05-16T02:02:32.109405,GPU306_EMC665_CPU1036,306,1036,665,306,665,p1024_o128,1024,128,decode,2,82.55111495964229,80.71284895161475,10333.555369870735,128,12.386830613324634,169.206,16.115,16.519,1.321921875,0.756474356701299,8.536,0.399,7.179,53.5,21,Phi-3-mini-Q4,llama.cpp,finegrained_gpu_emc
2026-05-16T02:02:53.769838,GPU306_EMC665_CPU1036,306,1036,665,306,665,p128_o256,128,256,decode,0,82.50237605534494,81.4149546117394,20844.29501206614,256,12.28153793888492,337.117,16.445,17.507,1.31686328125,0.7593802745041038,8.705,0.457,7.282,53.6,41,Phi-3-mini-Q4,llama.cpp,finegrained_gpu_emc
2026-05-16T02:03:15.488760,GPU306_EMC665_CPU1036,306,1036,665,306,665,p128_o256,128,256,decode,1,88.53311510756612,81.62157669407772,20902.985519031063,256,12.247054362972484,335.516,16.367,16.519,1.310609375,0.7630038507850594,8.695,0.399,7.273,53.6,41,Phi-3-mini-Q4,llama.cpp,finegrained_gpu_emc
2026-05-16T02:03:37.204056,GPU306_EMC665_CPU1036,306,1036,665,306,665,p128_o256,128,256,decode,2,88.34796119481325,81.60908825458118,20899.59261310287,256,12.249042588490571,335.512,16.366,16.519,1.31059375,0.7630129473759508,8.695,0.399,7.272,53.7,41,Phi-3-mini-Q4,llama.cpp,finegrained_gpu_emc
2026-05-16T02:04:22.091265,GPU306_EMC665_CPU1036,306,1036,665,306,665,p1024_o512,1024,512,decode,0,88.93987815827131,86.05423233236702,44064.531597075984,512,11.619322421981108,706.02,16.419,17.903,1.3789453125,0.7251919209087562,8.741,0.459,7.219,53.7,86,Phi-3-mini-Q4,llama.cpp,finegrained_gpu_emc
2026-05-16T02:05:06.926336,GPU306_EMC665_CPU1036,306,1036,665,306,665,p1024_o512,1024,512,decode,1,89.49902188032866,85.95142564180429,44012.55594589748,512,11.633044002929006,703.532,16.361,16.903,1.3740859375,0.727756519959291,8.741,0.399,7.221,53.7,86,Phi-3-mini-Q4,llama.cpp,finegrained_gpu_emc
2026-05-16T02:05:51.754852,GPU306_EMC665_CPU1036,306,1036,665,306,665,p1024_o512,1024,512,decode,2,88.34409294649959,85.94016681804364,44005.66398212686,512,11.634865916531826,703.523,16.361,16.604,1.374068359375,0.7277658299728651,8.741,0.399,7.221,53.7,86,Phi-3-mini-Q4,llama.cpp,finegrained_gpu_emc
2026-05-16T02:06:07.190009,GPU306_EMC2133_CPU1036,306,1036,2133,306,2133,p128_o64,128,64,decode,0,82.43330707773566,80.53226214242241,5156.2219760380685,64,12.412188671748426,87.655,15.937,16.519,1.369609375,0.7301351890936056,8.42,0.399,7.119,53.6,11,Phi-3-mini-Q4,llama.cpp,finegrained_gpu_emc
2026-05-16T02:06:13.160321,GPU306_EMC2133_CPU1036,306,1036,2133,306,2133,p128_o64,128,64,decode,1,82.33318012207747,80.57872096579226,5159.049459034577,64,12.40538601310026,86.448,15.718,16.516,1.35075,0.7403294466037387,8.274,0.399,7.045,53.6,11,Phi-3-mini-Q4,llama.cpp,finegrained_gpu_emc
2026-05-16T02:06:19.130313,GPU306_EMC2133_CPU1036,306,1036,2133,306,2133,p128_o64,128,64,decode,2,82.11926417425275,80.5777314909926,5158.771126065403,64,12.406055325197732,86.4,15.709,16.519,1.35,0.7407407407407407,8.274,0.399,7.036,53.6,11,Phi-3-mini-Q4,llama.cpp,finegrained_gpu_emc
2026-05-16T02:06:30.269296,GPU306_EMC2133_CPU1036,306,1036,2133,306,2133,p512_o128,512,128,decode,0,82.10703893564641,80.6416370795937,10324.085016967729,128,12.39819313669258,162.546,16.255,16.519,1.269890625,0.787469393279441,8.625,0.399,7.231,53.7,20,Phi-3-mini-Q4,llama.cpp,finegrained_gpu_emc
2026-05-16T02:06:41.410749,GPU306_EMC2133_CPU1036,306,1036,2133,306,2133,p512_o128,512,128,decode,1,82.14457193389535,80.67831188242324,10328.771034022791,128,12.392568252154126,169.498,16.143,16.619,1.324203125,0.755171152461976,8.536,0.399,7.208,53.7,21,Phi-3-mini-Q4,llama.cpp,finegrained_gpu_emc
2026-05-16T02:06:52.560168,GPU306_EMC2133_CPU1036,306,1036,2133,306,2133,p512_o128,512,128,decode,2,82.47742708772421,80.73545542479617,10336.358111118898,128,12.38347187896958,169.221,16.116,16.519,1.3220390625,0.7564073016942342,8.536,0.399,7.181,53.7,21,Phi-3-mini-Q4,llama.cpp,finegrained_gpu_emc
2026-05-16T02:07:03.700665,GPU306_EMC2133_CPU1036,306,1036,2133,306,2133,p1024_o128,1024,128,decode,0,82.32785994186997,80.66783841758028,10327.620991971344,128,12.393948238370362,169.227,16.117,16.519,1.3220859375,0.7563804830198491,8.536,0.399,7.182,53.7,21,Phi-3-mini-Q4,llama.cpp,finegrained_gpu_emc
2026-05-16T02:07:14.843963,GPU306_EMC2133_CPU1036,306,1036,2133,306,2133,p1024_o128,1024,128,decode,1,82.36136101186275,80.6876305824395,10330.166050000116,128,12.390894723323306,169.632,16.155,16.915,1.32525,0.7545746085644218,8.573,0.399,7.183,53.7,21,Phi-3-mini-Q4,llama.cpp,finegrained_gpu_emc
2026-05-16T02:07:25.982468,GPU306_EMC2133_CPU1036,306,1036,2133,306,2133,p1024_o128,1024,128,decode,2,82.24737807177007,80.6565769676735,10326.11664198339,128,12.395753838338823,169.645,16.157,16.619,1.3253515625,0.7545167850511362,8.554,0.399,7.203,53.8,21,Phi-3-mini-Q4,llama.cpp,finegrained_gpu_emc
2026-05-16T02:07:47.622526,GPU306_EMC2133_CPU1036,306,1036,2133,306,2133,p128_o256,128,256,decode,0,82.02162105590105,81.33850701555025,20824.271128047258,256,12.293347432228028,335.513,16.366,16.519,1.31059765625,0.7630106732078936,8.696,0.399,7.271,53.8,41,Phi-3-mini-Q4,llama.cpp,finegrained_gpu_emc
2026-05-16T02:08:09.350566,GPU306_EMC2133_CPU1036,306,1036,2133,306,2133,p128_o256,128,256,decode,1,88.20749097503722,81.6597827646297,20912.385450908914,256,12.24154942060297,335.612,16.371,16.519,1.310984375,0.7627855976544342,8.697,0.399,7.276,53.8,41,Phi-3-mini-Q4,llama.cpp,finegrained_gpu_emc
2026-05-16T02:08:31.065362,GPU306_EMC2133_CPU1036,306,1036,2133,306,2133,p128_o256,128,256,decode,2,88.57061481103301,81.60548724380195,20898.940943880007,256,12.24942453722596,333.913,16.288,16.907,1.30434765625,0.7666667664930685,8.647,0.399,7.243,53.7,41,Phi-3-mini-Q4,llama.cpp,finegrained_gpu_emc
2026-05-16T02:09:15.691601,GPU306_EMC2133_CPU1036,306,1036,2133,306,2133,p1024_o512,1024,512,decode,0,88.54280388914049,86.05832023283419,43803.58735797927,508,11.597223666829713,701.944,16.324,16.604,1.381779527559055,0.7237044550562438,8.717,0.399,7.208,53.8,86,Phi-3-mini-Q4,llama.cpp,finegrained_gpu_emc
2026-05-16T02:09:48.481938,GPU306_EMC2133_CPU1036,306,1036,2133,306,2133,p1024_o512,1024,512,decode,1,88.0816571880132,84.32964844794682,31971.05165407993,378,11.823195686206406,513.641,16.306,16.519,1.3588386243386243,0.7359225606990096,8.694,0.399,7.213,53.8,63,Phi-3-mini-Q4,llama.cpp,finegrained_gpu_emc
2026-05-16T02:10:33.354990,GPU306_EMC2133_CPU1036,306,1036,2133,306,2133,p1024_o512,1024,512,decode,2,88.08148209936917,86.02907975320932,44050.84123299457,512,11.622933539269308,695.2,16.358,16.607,1.3578125,0.7364787111622554,8.741,0.399,7.218,53.8,85,Phi-3-mini-Q4,llama.cpp,finegrained_gpu_emc
2026-05-16T02:10:48.784061,GPU306_EMC3199_CPU1036,306,1036,3199,306,3199,p128_o64,128,64,decode,0,82.06839393824339,80.62641125630647,5161.785718984902,64,12.398809924365866,87.399,15.891,16.516,1.365609375,0.7322738246433026,8.383,0.399,7.108,53.7,11,Phi-3-mini-Q4,llama.cpp,finegrained_gpu_emc
2026-05-16T02:10:54.754885,GPU306_EMC3199_CPU1036,306,1036,3199,306,3199,p128_o64,128,64,decode,1,82.29840197600424,80.58169979365572,5159.196857130155,64,12.405031591603294,86.638,15.752,16.516,1.35371875,0.7387058796371107,8.311,0.399,7.042,53.6,11,Phi-3-mini-Q4,llama.cpp,finegrained_gpu_emc
2026-05-16T02:11:00.723330,GPU306_EMC3199_CPU1036,306,1036,3199,306,3199,p128_o64,128,64,decode,2,82.04404381103814,80.55534630289509,5157.2851089295,64,12.40962999877362,86.704,15.764,16.604,1.35475,0.7381435689241558,8.311,0.399,7.055,53.6,11,Phi-3-mini-Q4,llama.cpp,finegrained_gpu_emc
2026-05-16T02:11:11.866122,GPU306_EMC3199_CPU1036,306,1036,3199,306,3199,p512_o128,512,128,decode,0,82.0885761640966,80.68614692874546,10329.723010072485,128,12.39142616652814,169.184,16.113,16.519,1.32175,0.7565727255532438,8.535,0.399,7.178,53.7,21,Phi-3-mini-Q4,llama.cpp,finegrained_gpu_emc
2026-05-16T02:11:23.006616,GPU306_EMC3199_CPU1036,306,1036,3199,306,3199,p512_o128,512,128,decode,1,82.52108283340931,80.66875100920461,10327.92597799562,128,12.393582242234608,162.644,16.264,16.616,1.27065625,0.7869949091266816,8.622,0.399,7.243,53.7,20,Phi-3-mini-Q4,llama.cpp,finegrained_gpu_emc
2026-05-16T02:11:34.143895,GPU306_EMC3199_CPU1036,306,1036,3199,306,3199,p512_o128,512,128,decode,2,82.07593392580748,80.64314525933774,10324.243330862371,128,12.398003020460417,169.244,16.118,16.519,1.32221875,0.756304507102172,8.535,0.399,7.184,53.7,21,Phi-3-mini-Q4,llama.cpp,finegrained_gpu_emc
2026-05-16T02:11:45.289120,GPU306_EMC3199_CPU1036,306,1036,3199,306,3199,p1024_o128,1024,128,decode,0,82.30360597372055,80.70662124522441,10332.52310892567,128,12.388068107917242,169.186,16.113,16.516,1.321765625,0.7565637818732046,8.535,0.399,7.179,53.7,21,Phi-3-mini-Q4,llama.cpp,finegrained_gpu_emc
2026-05-16T02:11:56.439317,GPU306_EMC3199_CPU1036,306,1036,3199,306,3199,p1024_o128,1024,128,decode,1,82.43527612648904,80.74443257325805,10337.465649005026,128,12.38214513557488,169.392,16.133,16.915,1.323375,0.7556437139888543,8.554,0.399,7.179,53.7,21,Phi-3-mini-Q4,llama.cpp,finegrained_gpu_emc
2026-05-16T02:12:07.582921,GPU306_EMC3199_CPU1036,306,1036,3199,306,3199,p1024_o128,1024,128,decode,2,82.32895797118545,80.69591035362421,10331.192816840485,128,12.389663252761297,169.494,16.142,16.516,1.324171875,0.7551889742409761,8.554,0.399,7.189,53.7,21,Phi-3-mini-Q4,llama.cpp,finegrained_gpu_emc
2026-05-16T02:12:29.232154,GPU306_EMC3199_CPU1036,306,1036,3199,306,3199,p128_o256,128,256,decode,0,82.37125398591161,81.37235165865836,20833.26821308583,256,12.288038409604924,335.801,16.381,16.519,1.31172265625,0.7623562764851802,8.704,0.399,7.277,53.7,41,Phi-3-mini-Q4,llama.cpp,finegrained_gpu_emc
2026-05-16T02:12:50.951937,GPU306_EMC3199_CPU1036,306,1036,3199,306,3199,p128_o256,128,256,decode,1,88.68894795887172,81.62518443137992,20904.05307686888,256,12.246428913026138,334.868,16.335,16.516,1.308078125,0.7644803325489447,8.675,0.399,7.261,53.7,41,Phi-3-mini-Q4,llama.cpp,finegrained_gpu_emc
2026-05-16T02:13:12.678184,GPU306_EMC3199_CPU1036,306,1036,3199,306,3199,p128_o256,128,256,decode,2,88.46969087608159,81.65151997670239,20910.553799010813,256,12.24262171440482,336.528,16.416,16.516,1.3145625,0.7607093614795797,8.704,0.428,7.284,53.8,41,Phi-3-mini-Q4,llama.cpp,finegrained_gpu_emc
2026-05-16T02:13:57.560526,GPU306_EMC3199_CPU1036,306,1036,3199,306,3199,p1024_o512,1024,512,decode,0,88.50952098146081,86.04587187102965,44059.91571000777,512,11.620539707108524,703.426,16.359,16.915,1.37387890625,0.727866186350803,8.745,0.399,7.214,53.8,86,Phi-3-mini-Q4,llama.cpp,finegrained_gpu_emc
2026-05-16T02:14:18.866221,GPU306_EMC3199_CPU1036,306,1036,3199,306,3199,p1024_o512,1024,512,decode,1,88.69972312822938,81.2460041437298,20490.28364708647,251,12.249708414148277,327.408,16.37,16.619,1.304414342629482,0.7666275717148023,8.693,0.399,7.279,53.8,40,Phi-3-mini-Q4,llama.cpp,finegrained_gpu_emc
2026-05-16T02:15:03.737315,GPU306_EMC3199_CPU1036,306,1036,3199,306,3199,p1024_o512,1024,512,decode,2,88.26205600053072,86.02455932074709,44048.74242004007,512,11.623487343127064,704.266,16.378,16.919,1.37551953125,0.7269980376732655,8.745,0.399,7.234,53.9,86,Phi-3-mini-Q4,llama.cpp,finegrained_gpu_emc
2026-05-16T02:15:16.690479,GPU408_EMC204_CPU1036,408,1036,204,408,204,p128_o64,128,64,decode,0,64.25158493220806,61.42815136690698,3934.4748840667303,64,16.26646550958502,72.359,18.09,18.602,1.130609375,0.8844787794192844,10.08,0.399,7.611,53.9,8,Phi-3-mini-Q4,llama.cpp,finegrained_gpu_emc
2026-05-16T02:15:21.438264,GPU408_EMC204_CPU1036,408,1036,204,408,204,p128_o64,128,64,decode,1,63.89021989889443,61.4779876057236,3937.2506730724126,64,16.254997538690606,71.158,17.79,18.602,1.11184375,0.8994069535400095,9.88,0.399,7.511,53.9,8,Phi-3-mini-Q4,llama.cpp,finegrained_gpu_emc
2026-05-16T02:15:26.187503,GPU408_EMC204_CPU1036,408,1036,204,408,204,p128_o64,128,64,decode,2,63.94674885086715,61.48896438054859,3938.003539806232,64,16.251889911492842,71.108,17.777,18.602,1.1110625,0.9000393767227316,9.88,0.399,7.498,53.9,8,Phi-3-mini-Q4,llama.cpp,finegrained_gpu_emc
2026-05-16T02:15:34.882855,GPU408_EMC204_CPU1036,408,1036,204,408,204,p512_o128,512,128,decode,0,64.11809311248362,61.539724606683286,7880.13982702978,128,16.243366591154306,136.118,18.149,18.606,1.063421875,0.94036056950587,10.113,0.399,7.637,53.9,15,Phi-3-mini-Q4,llama.cpp,finegrained_gpu_emc
2026-05-16T02:15:43.643528,GPU408_EMC204_CPU1036,408,1036,204,408,204,p512_o128,512,128,decode,1,63.129700953140855,61.57714937718248,7883.899613050744,128,16.235620223792942,144.719,18.09,18.602,1.1306171875,0.8844726677215846,10.055,0.399,7.636,54.1,16,Phi-3-mini-Q4,llama.cpp,finegrained_gpu_emc
2026-05-16T02:15:52.331852,GPU408_EMC204_CPU1036,408,1036,204,408,204,p512_o128,512,128,decode,2,63.73860687017441,61.51150613399882,7876.196403056383,128,16.251499257983102,144.769,18.096,18.602,1.1310078125,0.8841671904896766,10.055,0.399,7.642,54.1,16,Phi-3-mini-Q4,llama.cpp,finegrained_gpu_emc
2026-05-16T02:16:01.027656,GPU408_EMC204_CPU1036,408,1036,204,408,204,p1024_o128,1024,128,decode,0,63.757712952792645,61.572393629787946,7883.92524397932,128,16.235567441199315,136.264,18.169,18.602,1.0645625,0.9393530206070568,10.113,0.399,7.657,54.1,15,Phi-3-mini-Q4,llama.cpp,finegrained_gpu_emc
2026-05-16T02:16:09.698892,GPU408_EMC204_CPU1036,408,1036,204,408,204,p1024_o128,1024,128,decode,1,62.72980314679444,61.38946615731505,7859.666184987873,128,16.285678931820627,136.32,18.176,18.606,1.065,0.9389671361502347,10.113,0.399,7.664,54.1,15,Phi-3-mini-Q4,llama.cpp,finegrained_gpu_emc
2026-05-16T02:16:18.411856,GPU408_EMC204_CPU1036,408,1036,204,408,204,p1024_o128,1024,128,decode,2,62.99281702376902,61.71247498572284,7901.063576107845,128,16.200350594198646,136.228,18.164,18.606,1.06428125,0.9396012567166808,10.114,0.399,7.65,54.1,15,Phi-3-mini-Q4,llama.cpp,finegrained_gpu_emc
2026-05-16T02:16:34.708917,GPU408_EMC204_CPU1036,408,1036,204,408,204,p128_o256,128,256,decode,0,63.75539000146091,61.895494641278,15482.65155008994,249,16.082516563421176,273.66,18.244,18.606,1.0990361445783134,0.9098881824161368,10.155,0.399,7.69,54.2,30,Phi-3-mini-Q4,llama.cpp,finegrained_gpu_emc
2026-05-16T02:16:51.475678,GPU408_EMC204_CPU1036,408,1036,204,408,204,p128_o256,128,256,decode,1,68.38954705744982,62.28662771355434,15952.44810008444,256,16.04769364513055,273.803,18.254,18.606,1.06954296875,0.934978798625289,10.181,0.399,7.674,54.4,30,Phi-3-mini-Q4,llama.cpp,finegrained_gpu_emc
2026-05-16T02:17:08.249562,GPU408_EMC204_CPU1036,408,1036,204,408,204,p128_o256,128,256,decode,2,67.77333095669746,62.31570764736948,15959.219618001953,256,16.040884587566723,273.758,18.25,18.606,1.0693671875,0.9351324892788522,10.154,0.399,7.697,54.4,30,Phi-3-mini-Q4,llama.cpp,finegrained_gpu_emc
2026-05-16T02:17:34.968182,GPU408_EMC204_CPU1036,408,1036,204,408,204,p1024_o512,1024,512,decode,0,69.19997511431575,64.73037697452041,25901.528438087556,399,15.404496339037678,455.342,18.214,18.606,1.1412080200501251,0.8762644342054983,10.127,0.399,7.688,54.5,50,Phi-3-mini-Q4,llama.cpp,finegrained_gpu_emc
2026-05-16T02:18:00.076556,GPU408_EMC204_CPU1036,408,1036,204,408,204,p1024_o512,1024,512,decode,1,68.88379598967731,64.40944393600027,24291.65421705693,376,15.478567109521226,429.202,18.264,19.506,1.1414946808510638,0.8760443800355078,10.152,0.424,7.688,54.6,47,Phi-3-mini-Q4,llama.cpp,finegrained_gpu_emc
2026-05-16T02:18:34.554449,GPU408_EMC204_CPU1036,408,1036,204,408,204,p1024_o512,1024,512,decode,2,67.9057368542999,65.73130049717243,33658.538054907694,512,15.211593538755798,581.702,18.178,18.606,1.13613671875,0.8801757600970944,10.107,0.399,7.672,54.8,64,Phi-3-mini-Q4,llama.cpp,finegrained_gpu_emc
2026-05-16T02:18:47.581828,GPU408_EMC665_CPU1036,408,1036,665,408,665,p128_o64,128,64,decode,0,64.26494615152478,61.75177671488316,3954.8806401435286,64,16.182536421042872,72.11,18.027,18.602,1.12671875,0.8875329357925392,9.98,0.399,7.649,54.6,8,Phi-3-mini-Q4,llama.cpp,finegrained_gpu_emc
2026-05-16T02:18:52.327679,GPU408_EMC665_CPU1036,408,1036,665,408,665,p128_o64,128,64,decode,1,64.34096884913743,61.43427050731603,3934.953482821584,64,16.264487059223985,71.108,17.777,18.602,1.1110625,0.9000393767227316,9.88,0.399,7.498,54.7,8,Phi-3-mini-Q4,llama.cpp,finegrained_gpu_emc
2026-05-16T02:18:57.080366,GPU408_EMC665_CPU1036,408,1036,665,408,665,p128_o64,128,64,decode,2,64.39734087325633,61.54228695150879,3941.814954858273,64,16.236175653329497,71.258,17.815,18.602,1.11340625,0.8981447697100677,9.88,0.399,7.536,54.7,8,Phi-3-mini-Q4,llama.cpp,finegrained_gpu_emc
2026-05-16T02:19:05.772329,GPU408_EMC665_CPU1036,408,1036,665,408,665,p512_o128,512,128,decode,0,63.65278409793973,61.53935403929744,7879.6335640363395,128,16.24441022031893,144.668,18.084,18.602,1.13021875,0.8847844720325158,10.055,0.399,7.63,54.8,16,Phi-3-mini-Q4,llama.cpp,finegrained_gpu_emc
2026-05-16T02:19:14.468501,GPU408_EMC665_CPU1036,408,1036,665,408,665,p512_o128,512,128,decode,1,64.2972132191062,61.56804283354872,7883.914653211832,128,16.235589251065015,144.768,18.096,18.602,1.131,0.8841732979664014,10.055,0.399,7.642,54.8,16,Phi-3-mini-Q4,llama.cpp,finegrained_gpu_emc
2026-05-16T02:19:23.175683,GPU408_EMC665_CPU1036,408,1036,665,408,665,p512_o128,512,128,decode,2,62.9359451122582,61.66636922000724,7895.041283918545,128,16.21270812867362,145.07,18.134,18.606,1.133359375,0.8823326669883504,10.08,0.399,7.655,54.8,16,Phi-3-mini-Q4,llama.cpp,finegrained_gpu_emc
2026-05-16T02:19:31.866584,GPU408_EMC665_CPU1036,408,1036,665,408,665,p1024_o128,1024,128,decode,0,64.02050191536546,61.53044123642557,7878.86007479392,128,16.246004978499123,145.02,18.128,18.606,1.13296875,0.8826368776720451,10.08,0.399,7.649,54.9,16,Phi-3-mini-Q4,llama.cpp,finegrained_gpu_emc
2026-05-16T02:19:40.560386,GPU408_EMC665_CPU1036,408,1036,665,408,665,p1024_o128,1024,128,decode,1,63.74691496603191,61.55422437884735,7881.649794988334,128,16.240254683910308,145.07,18.134,18.606,1.133359375,0.8823326669883504,10.08,0.399,7.655,54.9,16,Phi-3-mini-Q4,llama.cpp,finegrained_gpu_emc
2026-05-16T02:19:49.243969,GPU408_EMC665_CPU1036,408,1036,665,408,665,p1024_o128,1024,128,decode,2,63.755984883755445,61.4759439536495,7871.684066019952,128,16.260815211390824,144.072,18.009,18.606,1.1255625,0.888444666555611,10.005,0.399,7.605,54.9,16,Phi-3-mini-Q4,llama.cpp,finegrained_gpu_emc
2026-05-16T02:20:05.941390,GPU408_EMC665_CPU1036,408,1036,665,408,665,p128_o256,128,256,decode,0,63.61452699638903,62.02464943532558,15880.844932049513,256,16.12004909659185,285.106,18.394,18.606,1.1136953125,0.8979116539111769,10.252,0.399,7.743,55.0,31,Phi-3-mini-Q4,llama.cpp,finegrained_gpu_emc
2026-05-16T02:20:22.711455,GPU408_EMC665_CPU1036,408,1036,665,408,665,p128_o256,128,256,decode,1,69.22226212918758,62.29531131319556,15955.45883802697,256,16.044665502810233,291.691,18.231,18.606,1.13941796875,0.8776410653739746,10.155,0.399,7.677,55.0,32,Phi-3-mini-Q4,llama.cpp,finegrained_gpu_emc
2026-05-16T02:20:39.458290,GPU408_EMC665_CPU1036,408,1036,665,408,665,p128_o256,128,256,decode,2,68.96158587187529,62.20611374934806,15932.46202985756,256,16.06782426471527,291.45,18.216,18.606,1.1384765625,0.8783667867558759,10.13,0.399,7.686,55.1,32,Phi-3-mini-Q4,llama.cpp,finegrained_gpu_emc
2026-05-16T02:21:13.956307,GPU408_EMC665_CPU1036,408,1036,665,408,665,p1024_o512,1024,512,decode,0,68.00923496484756,65.76943876897941,33678.094231989235,512,15.20276047905571,600.766,18.205,18.606,1.17337109375,0.8522453001667871,10.126,0.399,7.68,55.1,66,Phi-3-mini-Q4,llama.cpp,finegrained_gpu_emc
2026-05-16T02:21:48.374632,GPU408_EMC665_CPU1036,408,1036,665,408,665,p1024_o512,1024,512,decode,1,69.25812200643122,65.61120200597858,33598.50025898777,512,15.23877542310947,599.584,18.169,18.606,1.1710625,0.8539253882692001,10.096,0.399,7.674,55.2,66,Phi-3-mini-Q4,llama.cpp,finegrained_gpu_emc
2026-05-16T02:22:22.798740,GPU408_EMC665_CPU1036,408,1036,665,408,665,p1024_o512,1024,512,decode,2,69.83169005252421,65.62203530508317,33604.60567288101,512,15.236006783831574,599.8,18.176,18.606,1.171484375,0.8536178726242082,10.095,0.399,7.681,55.1,66,Phi-3-mini-Q4,llama.cpp,finegrained_gpu_emc
2026-05-16T02:22:30.971762,GPU408_EMC2133_CPU1036,408,1036,2133,408,2133,p128_o64,128,64,decode,0,25.805663084611297,24.076375079208187,1542.8703159559518,64,41.481127310655424,77.928,38.964,45.662,1.217625,0.8212709167436608,29.532,0.399,9.032,56.1,4,Phi-3-mini-Q4,llama.cpp,finegrained_gpu_emc
2026-05-16T02:22:33.325651,GPU408_EMC2133_CPU1036,408,1036,2133,408,2133,p128_o64,128,64,decode,1,25.45523201115429,24.097504334465143,1543.84984401986,64,41.45480873538677,72.744,36.372,45.177,1.136625,0.8797976465412956,27.342,0.399,8.631,56.4,4,Phi-3-mini-Q4,llama.cpp,finegrained_gpu_emc
2026-05-16T02:22:35.677970,GPU408_EMC2133_CPU1036,408,1036,2133,408,2133,p128_o64,128,64,decode,2,25.69292508997023,24.07030517324096,1542.373606003821,64,41.49448599929001,72.944,36.472,45.177,1.13975,0.8773853915332309,27.442,0.399,8.631,56.6,4,Phi-3-mini-Q4,llama.cpp,finegrained_gpu_emc
2026-05-16T02:22:39.589239,GPU408_EMC2133_CPU1036,408,1036,2133,408,2133,p512_o128,512,128,decode,0,25.34998208284378,24.207831378732845,3100.2150289714336,128,41.28745870974856,142.954,40.844,46.575,1.116828125,0.8953929235978006,31.078,0.399,9.367,57.0,7,Phi-3-mini-Q4,llama.cpp,finegrained_gpu_emc
2026-05-16T02:22:43.497425,GPU408_EMC2133_CPU1036,408,1036,2133,408,2133,p512_o128,512,128,decode,1,25.767417158931494,24.183862565789283,3097.594760125503,128,41.32238395018912,142.761,40.789,46.575,1.1153203125,0.8966034140976877,31.023,0.399,9.367,57.4,7,Phi-3-mini-Q4,llama.cpp,finegrained_gpu_emc
2026-05-16T02:22:47.403200,GPU408_EMC2133_CPU1036,408,1036,2133,408,2133,p512_o128,512,128,decode,2,25.55688819848001,24.16706297502625,3095.2476439997554,128,41.353718578263816,142.706,40.773,46.575,1.114890625,0.8969489720123892,31.022,0.399,9.353,57.8,7,Phi-3-mini-Q4,llama.cpp,finegrained_gpu_emc
2026-05-16T02:22:51.310709,GPU408_EMC2133_CPU1036,408,1036,2133,408,2133,p1024_o128,1024,128,decode,0,25.344469817355275,24.182275087961298,3096.9661388080567,128,41.33077155608293,142.729,40.78,46.262,1.1150703125,0.8968044335769184,30.956,0.399,9.425,58.1,7,Phi-3-mini-Q4,llama.cpp,finegrained_gpu_emc
2026-05-16T02:22:55.218032,GPU408_EMC2133_CPU1036,408,1036,2133,408,2133,p1024_o128,1024,128,decode,1,25.613969890400767,24.179677409303235,3096.901062875986,128,41.33164004959551,143.078,40.879,46.661,1.117796875,0.8946169222382196,31.07,0.399,9.41,58.2,7,Phi-3-mini-Q4,llama.cpp,finegrained_gpu_emc
2026-05-16T02:22:59.128089,GPU408_EMC2133_CPU1036,408,1036,2133,408,2133,p1024_o128,1024,128,decode,2,25.4380009137094,24.192395574215244,3098.3489719219506,128,41.312325099583525,143.227,40.922,46.56,1.1189609375,0.8936862463083077,31.127,0.399,9.396,58.5,7,Phi-3-mini-Q4,llama.cpp,finegrained_gpu_emc
2026-05-16T02:23:06.229146,GPU408_EMC2133_CPU1036,408,1036,2133,408,2133,p128_o256,128,256,decode,0,25.923884939402345,24.559839851423806,6289.637729059905,256,40.70186726609191,284.286,43.736,46.676,1.1104921875,0.9005016075360728,33.502,0.399,9.835,59.0,13,Phi-3-mini-Q4,llama.cpp,finegrained_gpu_emc
2026-05-16T02:23:13.365347,GPU408_EMC2133_CPU1036,408,1036,2133,408,2133,p128_o256,128,256,decode,1,28.84639101102948,24.68306134527951,6324.127091094852,256,40.47989490288383,284.044,43.699,46.175,1.109546875,0.9012688175071468,33.434,0.399,9.866,59.5,13,Phi-3-mini-Q4,llama.cpp,finegrained_gpu_emc
2026-05-16T02:23:20.503522,GPU408_EMC2133_CPU1036,408,1036,2133,408,2133,p128_o256,128,256,decode,2,28.88261014595628,24.691943144973585,6326.263626106083,256,40.46622384555481,282.974,43.534,46.575,1.1053671875,0.904676754754854,33.315,0.399,9.82,59.8,13,Phi-3-mini-Q4,llama.cpp,finegrained_gpu_emc
2026-05-16T02:23:34.759039,GPU408_EMC2133_CPU1036,408,1036,2133,408,2133,p1024_o512,1024,512,decode,0,29.05428502708673,26.24393260851867,13441.58201199025,512,38.09075446203299,589.676,43.68,46.676,1.1517109375,0.8682734247281557,33.424,0.399,9.856,60.5,27,Phi-3-mini-Q4,llama.cpp,finegrained_gpu_emc
2026-05-16T02:23:48.991279,GPU408_EMC2133_CPU1036,408,1036,2133,408,2133,p1024_o512,1024,512,decode,1,29.340322129428387,26.19699646769832,13417.884225025771,512,38.158027853979085,590.502,43.741,46.676,1.15332421875,0.8670588753298042,33.482,0.399,9.86,61.1,27,Phi-3-mini-Q4,llama.cpp,finegrained_gpu_emc
2026-05-16T02:23:58.609033,GPU408_EMC2133_CPU1036,408,1036,2133,408,2133,p1024_o512,1024,512,decode,2,29.59218411706388,25.35531487504857,8804.98218210414,346,39.29593414774132,394.418,43.824,46.776,1.1399364161849712,0.8772419108661369,33.502,0.399,9.923,61.6,18,Phi-3-mini-Q4,llama.cpp,finegrained_gpu_emc
2026-05-16T02:24:06.686820,GPU408_EMC3199_CPU1036,1300,1036,3199,408,3199,p128_o64,128,64,decode,0,25.622059125453237,24.18240171576303,1549.3625171948224,64,41.30731141984404,78.198,39.099,45.776,1.22184375,0.8184352540985703,29.539,0.399,9.162,61.0,4,Phi-3-mini-Q4,llama.cpp,finegrained_gpu_emc
2026-05-16T02:24:09.047687,GPU408_EMC3199_CPU1036,1300,1036,3199,408,3199,p128_o64,128,64,decode,1,25.692265015095472,24.20217336510264,1550.6835530977696,64,41.27212149258208,72.956,36.478,45.277,1.1399375,0.8772410768134218,27.344,0.399,8.735,60.9,4,Phi-3-mini-Q4,llama.cpp,finegrained_gpu_emc
2026-05-16T02:24:11.405405,GPU408_EMC3199_CPU1036,1300,1036,3199,408,3199,p128_o64,128,64,decode,2,25.81542986445129,24.15146180872052,1547.610065899789,64,41.354086155281,73.148,36.574,45.177,1.1429375,0.8749384808880626,27.444,0.399,8.732,61.0,4,Phi-3-mini-Q4,llama.cpp,finegrained_gpu_emc
2026-05-16T02:24:15.324573,GPU408_EMC3199_CPU1036,1300,1036,3199,408,3199,p512_o128,512,128,decode,0,25.4578641615808,24.27254323517596,3108.542948029936,128,41.17684784799935,143.336,40.953,46.661,1.1198125,0.8930066417368978,31.127,0.399,9.427,61.3,7,Phi-3-mini-Q4,llama.cpp,finegrained_gpu_emc
2026-05-16T02:24:19.244259,GPU408_EMC3199_CPU1036,1300,1036,3199,408,3199,p512_o128,512,128,decode,1,25.55379713885486,24.273764441068483,3108.8269010651857,128,41.17308685026594,144.001,41.143,46.676,1.1250078125,0.8888827160922493,31.246,0.399,9.499,61.5,7,Phi-3-mini-Q4,llama.cpp,finegrained_gpu_emc
2026-05-16T02:24:23.161123,GPU408_EMC3199_CPU1036,1300,1036,3199,408,3199,p512_o128,512,128,decode,2,25.49235592596233,24.255092880930604,3106.357212876901,128,41.20582123311405,143.792,41.084,46.676,1.123375,0.8901746967842439,31.244,0.399,9.441,61.6,7,Phi-3-mini-Q4,llama.cpp,finegrained_gpu_emc
2026-05-16T02:24:27.088499,GPU408_EMC3199_CPU1036,1300,1036,3199,408,3199,p1024_o128,1024,128,decode,0,25.527906138449907,24.336728755032688,3116.7760700918734,128,41.068077116052464,143.244,40.927,46.276,1.11909375,0.8935801848594007,31.072,0.399,9.455,61.7,7,Phi-3-mini-Q4,llama.cpp,finegrained_gpu_emc
2026-05-16T02:24:31.012384,GPU408_EMC3199_CPU1036,1300,1036,3199,408,3199,p1024_o128,1024,128,decode,1,25.535040069371465,24.311038439976063,3113.506390945986,128,41.111205158345406,143.5,41.0,46.661,1.12109375,0.89198606271777,31.131,0.399,9.47,61.8,7,Phi-3-mini-Q4,llama.cpp,finegrained_gpu_emc
2026-05-16T02:24:34.940455,GPU408_EMC3199_CPU1036,1300,1036,3199,408,3199,p1024_o128,1024,128,decode,2,25.72527714073658,24.34090551861569,3117.4931060522795,128,41.058631293041735,143.314,40.947,46.575,1.119640625,0.8931437263630909,31.136,0.399,9.412,61.9,7,Phi-3-mini-Q4,llama.cpp,finegrained_gpu_emc
2026-05-16T02:24:42.064388,GPU408_EMC3199_CPU1036,1300,1036,3199,408,3199,p128_o256,128,256,decode,0,25.53375600837171,24.650150117482625,6312.242764979601,256,40.5561081110966,285.104,43.862,46.676,1.1136875,0.8979179527470678,33.557,0.399,9.906,62.2,13,Phi-3-mini-Q4,llama.cpp,finegrained_gpu_emc
2026-05-16T02:24:49.198583,GPU408_EMC3199_CPU1036,1300,1036,3199,408,3199,p128_o256,128,256,decode,1,28.77222397364676,24.6769212624606,6322.374274022877,256,40.491117561932825,284.697,43.8,46.661,1.11209765625,0.8992016073228731,33.494,0.399,9.906,62.5,13,Phi-3-mini-Q4,llama.cpp,finegrained_gpu_emc
2026-05-16T02:24:56.332632,GPU408_EMC3199_CPU1036,1300,1036,3199,408,3199,p128_o256,128,256,decode,2,28.78018701449037,24.676169655011854,6322.131408844143,256,40.492673031420544,283.746,43.653,46.676,1.1083828125,0.9022153616262432,33.371,0.399,9.883,62.7,13,Phi-3-mini-Q4,llama.cpp,finegrained_gpu_emc
2026-05-16T02:25:10.591202,GPU408_EMC3199_CPU1036,1300,1036,3199,408,3199,p1024_o512,1024,512,decode,0,28.88427907600999,26.250495561699285,13444.806982995942,512,38.08161773148116,591.956,43.849,46.661,1.1561640625,0.8649291501395374,33.522,0.399,9.928,63.0,27,Phi-3-mini-Q4,llama.cpp,finegrained_gpu_emc
2026-05-16T02:25:24.826573,GPU408_EMC3199_CPU1036,1300,1036,3199,408,3199,p1024_o512,1024,512,decode,1,28.915183851495385,26.20435676513761,13421.234722947702,512,38.14850202452533,592.372,43.879,46.676,1.1569765625,0.8643217437691181,33.538,0.399,9.942,63.4,27,Phi-3-mini-Q4,llama.cpp,finegrained_gpu_emc
2026-05-16T02:25:39.056030,GPU408_EMC3199_CPU1036,1300,1036,3199,408,3199,p1024_o512,1024,512,decode,2,29.265445191413164,26.19262126779253,13415.607760194687,512,38.16450280539283,577.992,44.461,46.776,1.128890625,0.8858254093482263,34.015,0.399,10.047,63.7,26,Phi-3-mini-Q4,llama.cpp,finegrained_gpu_emc
2026-05-16T02:25:50.521135,GPU510_EMC204_CPU1036,510,1036,204,510,204,p128_o64,128,64,decode,0,51.90776218660176,49.8236242851745,3191.0527620930225,64,20.05607702895585,69.804,19.944,21.1,1.0906875,0.9168529024124692,11.577,0.399,7.968,61.7,7,Phi-3-mini-Q4,llama.cpp,finegrained_gpu_emc
2026-05-16T02:25:54.542086,GPU510_EMC204_CPU1036,510,1036,204,510,204,p128_o64,128,64,decode,1,52.00500600039959,50.13100826920616,3210.5138211045414,64,19.93450381035317,68.154,19.473,21.1,1.06490625,0.9390497989846524,11.235,0.399,7.839,61.4,7,Phi-3-mini-Q4,llama.cpp,finegrained_gpu_emc
2026-05-16T02:25:58.559700,GPU510_EMC204_CPU1036,510,1036,204,510,204,p128_o64,128,64,decode,2,52.23245592787862,50.07216774503745,3207.029517972842,64,19.956161813083124,67.954,19.415,21.1,1.06178125,0.9418135797745536,11.235,0.399,7.781,61.2,7,Phi-3-mini-Q4,llama.cpp,finegrained_gpu_emc
2026-05-16T02:26:05.776903,GPU510_EMC204_CPU1036,510,1036,204,510,204,p512_o128,512,128,decode,0,51.959495060145855,50.027297063562,6405.945705017075,128,19.98143691723013,132.752,20.423,21.1,1.037125,0.9642039291310112,11.914,0.399,8.11,61.0,13,Phi-3-mini-Q4,llama.cpp,finegrained_gpu_emc
2026-05-16T02:26:12.989106,GPU510_EMC204_CPU1036,510,1036,204,510,204,p512_o128,512,128,decode,1,52.25372617132962,49.98133858247829,6400.410985108465,128,19.99871575400573,132.66,20.409,21.105,1.03640625,0.9648726066636516,11.916,0.399,8.095,60.7,13,Phi-3-mini-Q4,llama.cpp,finegrained_gpu_emc
2026-05-16T02:26:20.211380,GPU510_EMC204_CPU1036,510,1036,204,510,204,p512_o128,512,128,decode,2,52.06889007240534,50.06504449516711,6410.816960968077,128,19.96625403272645,132.762,20.425,21.105,1.037203125,0.9641313026317772,11.916,0.399,8.11,60.4,13,Phi-3-mini-Q4,llama.cpp,finegrained_gpu_emc
2026-05-16T02:26:27.449104,GPU510_EMC204_CPU1036,510,1036,204,510,204,p1024_o128,1024,128,decode,0,52.18625999987125,50.18498772373936,6426.18599999696,128,19.918502203338114,135.908,20.909,21.998,1.06178125,0.9418135797745536,11.916,0.86,8.133,60.2,13,Phi-3-mini-Q4,llama.cpp,finegrained_gpu_emc
2026-05-16T02:26:34.674728,GPU510_EMC204_CPU1036,510,1036,204,510,204,p1024_o128,1024,128,decode,1,52.23265406675637,50.089114220944914,6414.029004052281,128,19.95625525221848,135.154,20.793,21.504,1.055890625,0.9470677893366086,11.916,0.737,8.141,60.0,13,Phi-3-mini-Q4,llama.cpp,finegrained_gpu_emc
2026-05-16T02:26:41.906363,GPU510_EMC204_CPU1036,510,1036,204,510,204,p1024_o128,1024,128,decode,2,52.122697001323104,50.13563993797586,6419.828356010839,128,19.938227768995493,136.698,21.03,21.9,1.067953125,0.9363706857452192,11.914,0.829,8.287,59.8,13,Phi-3-mini-Q4,llama.cpp,finegrained_gpu_emc
2026-05-16T02:26:55.678435,GPU510_EMC204_CPU1036,510,1036,204,510,204,p128_o256,128,256,decode,0,52.25155293010175,50.60929616858416,12958.555954974145,256,19.75528761765576,272.046,20.927,21.599,1.0626796875,0.9410173279518904,12.022,0.737,8.168,59.6,26,Phi-3-mini-Q4,llama.cpp,finegrained_gpu_emc
2026-05-16T02:27:09.481583,GPU510_EMC204_CPU1036,510,1036,204,510,204,p128_o256,128,256,decode,1,56.49175797589123,50.71529894519378,12989.84049912542,256,19.70770926842681,267.414,20.57,21.602,1.0445859375,0.957317118774634,12.023,0.399,8.149,59.2,26,Phi-3-mini-Q4,llama.cpp,finegrained_gpu_emc
2026-05-16T02:27:23.307867,GPU510_EMC204_CPU1036,510,1036,204,510,204,p128_o256,128,256,decode,2,57.34277796000242,50.79880427459584,13012.01277016662,256,19.6741276328091,266.619,20.509,21.604,1.04148046875,0.9601716306789838,11.916,0.476,8.118,59.0,26,Phi-3-mini-Q4,llama.cpp,finegrained_gpu_emc
2026-05-16T02:27:51.610125,GPU510_EMC204_CPU1036,510,1036,204,510,204,p1024_o512,1024,512,decode,0,56.72248499467969,53.67063858487995,27484.330238075927,512,18.62879668396253,560.336,20.753,21.905,1.09440625,0.9137374718026328,12.007,0.539,8.207,58.7,54,Phi-3-mini-Q4,llama.cpp,finegrained_gpu_emc
2026-05-16T02:28:19.895049,GPU510_EMC204_CPU1036,510,1036,204,510,204,p1024_o512,1024,512,decode,1,57.227290933951735,53.63555134860926,27466.940759914,512,18.64059068228038,560.639,20.764,21.898,1.094998046875,0.913243638062996,12.02,0.613,8.131,58.4,54,Phi-3-mini-Q4,llama.cpp,finegrained_gpu_emc
2026-05-16T02:28:48.139483,GPU510_EMC204_CPU1036,510,1036,204,510,204,p1024_o512,1024,512,decode,2,56.9221219047904,53.556983385585,27426.50397005491,512,18.668073793109656,553.952,20.517,21.401,1.0819375,0.9242678065969616,11.983,0.436,8.098,58.0,54,Phi-3-mini-Q4,llama.cpp,finegrained_gpu_emc
2026-05-16T02:28:56.310955,GPU510_EMC665_CPU1036,510,1036,665,510,665,p128_o64,128,64,decode,0,25.8120559155941,24.112661191750146,1545.16215599142,64,41.4196010119959,78.236,39.118,45.762,1.2224375,0.818037731990388,29.532,0.399,9.187,58.6,4,Phi-3-mini-Q4,llama.cpp,finegrained_gpu_emc
2026-05-16T02:28:58.671182,GPU510_EMC665_CPU1036,510,1036,665,510,665,p128_o64,128,64,decode,1,25.38825199007988,24.20044163729818,1550.300711998716,64,41.28231349225685,73.586,36.793,45.662,1.14978125,0.8697306552876906,27.438,0.598,8.756,58.9,4,Phi-3-mini-Q4,llama.cpp,finegrained_gpu_emc
2026-05-16T02:29:01.024130,GPU510_EMC665_CPU1036,510,1036,665,510,665,p128_o64,128,64,decode,2,25.494331028312445,24.080769458253467,1542.8345480468124,64,41.48208897773407,73.134,36.567,45.263,1.14271875,0.8751059698635382,27.433,0.399,8.735,58.9,4,Phi-3-mini-Q4,llama.cpp,finegrained_gpu_emc
2026-05-16T02:29:04.940624,GPU510_EMC665_CPU1036,510,1036,665,510,665,p512_o128,512,128,decode,0,25.70639201439917,24.24969350530465,3105.907893041149,128,41.2117823219377,144.218,41.205,47.06,1.126703125,0.8875452440056026,31.124,0.57,9.511,59.4,7,Phi-3-mini-Q4,llama.cpp,finegrained_gpu_emc
2026-05-16T02:29:08.875241,GPU510_EMC665_CPU1036,510,1036,665,510,665,p512_o128,512,128,decode,1,25.46517690643668,24.394841771206167,3124.102203873917,128,40.97177097512326,146.787,41.939,47.76,1.1467734375,0.872011826660399,31.071,1.083,9.785,59.8,7,Phi-3-mini-Q4,llama.cpp,finegrained_gpu_emc
2026-05-16T02:29:12.813792,GPU510_EMC665_CPU1036,510,1036,665,510,665,p512_o128,512,128,decode,2,25.650101015344266,24.420444197278087,3127.5293880607933,128,40.92687361744206,145.882,41.681,46.761,1.139703125,0.8774214776326071,31.126,0.855,9.699,60.1,7,Phi-3-mini-Q4,llama.cpp,finegrained_gpu_emc
2026-05-16T02:29:16.750769,GPU510_EMC665_CPU1036,510,1036,665,510,665,p1024_o128,1024,128,decode,0,25.64434008672833,24.412419566312643,3126.510291127488,128,40.94021387463286,146.088,41.739,47.261,1.1413125,0.8761842177317781,31.128,0.855,9.757,60.3,7,Phi-3-mini-Q4,llama.cpp,finegrained_gpu_emc
2026-05-16T02:29:20.689398,GPU510_EMC665_CPU1036,510,1036,665,510,665,p1024_o128,1024,128,decode,1,25.48952493816614,24.42484748857756,3127.9260779265314,128,40.92168318915319,147.285,42.081,47.76,1.1506640625,0.869063380520759,31.128,1.197,9.757,60.6,7,Phi-3-mini-Q4,llama.cpp,finegrained_gpu_emc
2026-05-16T02:29:24.631687,GPU510_EMC665_CPU1036,510,1036,665,510,665,p1024_o128,1024,128,decode,2,25.449748849496245,24.454055055169256,3131.601006956771,128,40.87366165601917,147.274,42.078,47.261,1.150578125,0.8691282914839008,31.182,1.14,9.757,60.8,7,Phi-3-mini-Q4,llama.cpp,finegrained_gpu_emc
2026-05-16T02:29:31.791704,GPU510_EMC665_CPU1036,510,1036,665,510,665,p128_o256,128,256,decode,0,25.50833998247981,24.79355313687348,6348.818042781204,256,40.322466051941696,291.26,44.809,47.261,1.137734375,0.8789397788917119,33.673,0.982,10.155,61.2,13,Phi-3-mini-Q4,llama.cpp,finegrained_gpu_emc
2026-05-16T02:29:38.959564,GPU510_EMC665_CPU1036,510,1036,665,510,665,p128_o256,128,256,decode,1,28.983623953536156,24.80851079191209,6356.079496908933,256,40.27639996077725,289.27,44.503,46.962,1.1299609375,0.8849863449372559,33.55,0.767,10.186,61.5,13,Phi-3-mini-Q4,llama.cpp,finegrained_gpu_emc
2026-05-16T02:29:46.123036,GPU510_EMC665_CPU1036,510,1036,665,510,665,p128_o256,128,256,decode,2,28.897190932184454,24.79224299245021,6351.867207093164,256,40.30310956660482,285.714,43.956,47.16,1.1160703125,0.896000896000896,33.152,0.89,9.914,61.9,13,Phi-3-mini-Q4,llama.cpp,finegrained_gpu_emc
2026-05-16T02:29:58.006941,GPU510_EMC665_CPU1036,510,1036,665,510,665,p1024_o512,1024,512,decode,0,28.86218205094337,25.915786419063807,11071.016096044332,426,38.47885291687089,491.083,44.644,47.459,1.1527769953051643,0.8674704683322371,33.954,0.689,10.001,62.3,22,Phi-3-mini-Q4,llama.cpp,finegrained_gpu_emc
2026-05-16T02:30:12.272144,GPU510_EMC665_CPU1036,510,1036,665,510,665,p1024_o512,1024,512,decode,1,29.07190378755331,26.26285284580827,13451.32430898957,512,38.06316673651445,591.222,43.794,46.664,1.15473046875,0.866002956588219,33.46,0.399,9.935,62.8,27,Phi-3-mini-Q4,llama.cpp,finegrained_gpu_emc
2026-05-16T02:30:26.499524,GPU510_EMC665_CPU1036,510,1036,665,510,665,p1024_o512,1024,512,decode,2,29.047003015875816,26.188088637920654,13413.060978055,512,38.17174922545115,591.762,43.834,46.661,1.15578515625,0.865212703755902,33.534,0.399,9.901,63.2,27,Phi-3-mini-Q4,llama.cpp,finegrained_gpu_emc
2026-05-16T02:30:34.571568,GPU510_EMC2133_CPU1036,1300,1036,2133,510,2133,p128_o64,128,64,decode,0,25.24749399162829,24.067247840797616,1541.7618318460882,64,41.51095109376727,78.136,39.068,46.161,1.220875,0.8190846728780589,29.532,0.399,9.136,62.6,4,Phi-3-mini-Q4,llama.cpp,finegrained_gpu_emc
2026-05-16T02:30:36.924586,GPU510_EMC2133_CPU1036,1300,1036,2133,510,2133,p128_o64,128,64,decode,1,25.653183925896883,24.07451220492404,1542.599705979228,64,41.48840412190627,73.594,36.797,45.662,1.14990625,0.8696361116395359,27.638,0.399,8.76,62.6,4,Phi-3-mini-Q4,llama.cpp,finegrained_gpu_emc
2026-05-16T02:30:39.278499,GPU510_EMC2133_CPU1036,1300,1036,2133,510,2133,p128_o64,128,64,decode,2,25.582335889339447,24.096261776451552,1543.8984089996666,64,41.45350472993059,73.34,36.67,45.263,1.1459375,0.872647941096264,27.536,0.399,8.735,62.5,4,Phi-3-mini-Q4,llama.cpp,finegrained_gpu_emc
2026-05-16T02:30:43.188756,GPU510_EMC2133_CPU1036,1300,1036,2133,510,2133,p512_o128,512,128,decode,0,25.46460903249681,24.198305140447427,3099.120683968067,128,41.302037917449134,143.482,40.995,46.661,1.120953125,0.8920979635076177,31.126,0.399,9.47,62.8,7,Phi-3-mini-Q4,llama.cpp,finegrained_gpu_emc
2026-05-16T02:30:47.099137,GPU510_EMC2133_CPU1036,1300,1036,2133,510,2133,p512_o128,512,128,decode,1,25.40806494653225,24.20031345691385,3099.322844063863,128,41.29934390189733,143.581,41.023,46.661,1.1217265625,0.8914828563667896,31.183,0.399,9.441,63.0,7,Phi-3-mini-Q4,llama.cpp,finegrained_gpu_emc
2026-05-16T02:30:51.012083,GPU510_EMC2133_CPU1036,1300,1036,2133,510,2133,p512_o128,512,128,decode,2,25.92828101478517,24.21561546447709,3101.78759903647,128,41.266526450670426,142.686,40.767,46.661,1.114734375,0.8970746954851913,30.956,0.399,9.413,63.1,7,Phi-3-mini-Q4,llama.cpp,finegrained_gpu_emc
2026-05-16T02:30:54.919780,GPU510_EMC2133_CPU1036,1300,1036,2133,510,2133,p1024_o128,1024,128,decode,0,25.4294709302485,24.18253383430557,3097.0860139932483,128,41.32917181559396,144.082,41.166,46.661,1.125640625,0.8883830041226524,31.297,0.399,9.47,63.1,7,Phi-3-mini-Q4,llama.cpp,finegrained_gpu_emc
2026-05-16T02:30:58.832405,GPU510_EMC2133_CPU1036,1300,1036,2133,510,2133,p1024_o128,1024,128,decode,1,25.98050283268094,24.214059141955858,3101.69026395306,128,41.267821448059685,143.281,40.937,46.661,1.1193828125,0.89334943223456,31.126,0.399,9.412,63.2,7,Phi-3-mini-Q4,llama.cpp,finegrained_gpu_emc
2026-05-16T02:31:02.744936,GPU510_EMC2133_CPU1036,1300,1036,2133,510,2133,p1024_o128,1024,128,decode,2,25.728281121701,24.21621891200601,3101.6647170763463,128,41.26816135067424,144.035,41.153,46.661,1.1252734375,0.8886728920054153,31.298,0.399,9.456,63.3,7,Phi-3-mini-Q4,llama.cpp,finegrained_gpu_emc
2026-05-16T02:31:09.848539,GPU510_EMC2133_CPU1036,1300,1036,2133,510,2133,p128_o256,128,256,decode,0,25.695929070934653,24.56191077956236,6289.917021989822,256,40.7000599697918,285.519,43.926,46.761,1.11530859375,0.8966128348726354,33.551,0.399,9.976,63.5,13,Phi-3-mini-Q4,llama.cpp,finegrained_gpu_emc
2026-05-16T02:31:16.984855,GPU510_EMC2133_CPU1036,1300,1036,2133,510,2133,p128_o256,128,256,decode,1,29.109419090673327,24.685537619698867,6324.894394958392,256,40.47498408891365,286.018,44.003,46.661,1.1172578125,0.8950485633771302,33.642,0.399,9.962,63.7,13,Phi-3-mini-Q4,llama.cpp,finegrained_gpu_emc
2026-05-16T02:31:24.115824,GPU510_EMC2133_CPU1036,1300,1036,2133,510,2133,p128_o256,128,256,decode,2,29.20813602395356,24.66238987832969,6319.048647070304,256,40.51242747097525,284.926,43.835,46.661,1.1129921875,0.8984789032941887,33.521,0.399,9.915,63.9,13,Phi-3-mini-Q4,llama.cpp,finegrained_gpu_emc
2026-05-16T02:31:38.364857,GPU510_EMC2133_CPU1036,1300,1036,2133,510,2133,p1024_o512,1024,512,decode,0,29.03373609296977,26.230865698526458,13434.910499025136,512,38.10966958337026,592.72,43.905,46.661,1.15765625,0.8638142799298151,33.549,0.399,9.957,64.3,27,Phi-3-mini-Q4,llama.cpp,finegrained_gpu_emc
2026-05-16T02:31:52.578913,GPU510_EMC2133_CPU1036,1300,1036,2133,510,2133,p1024_o512,1024,512,decode,1,29.07622908242047,26.16269158111947,13400.12657805346,512,38.20859430078418,594.572,44.042,46.761,1.1612734375,0.861123631788917,33.653,0.399,9.991,64.6,27,Phi-3-mini-Q4,llama.cpp,finegrained_gpu_emc
2026-05-16T02:32:06.817275,GPU510_EMC2133_CPU1036,1300,1036,2133,510,2133,p1024_o512,1024,512,decode,2,28.9118429645896,26.208920064865232,13423.587378114462,512,38.14181601221996,594.384,44.028,46.761,1.16090625,0.8613959998923255,33.624,0.399,10.006,64.9,27,Phi-3-mini-Q4,llama.cpp,finegrained_gpu_emc
2026-05-16T02:32:14.880294,GPU510_EMC3199_CPU1036,1300,1036,3199,510,3199,p128_o64,128,64,decode,0,25.657674064859748,24.098794840808427,1544.1403379663825,64,41.44700998115713,79.336,39.668,46.761,1.239625,0.8066955732580418,29.732,0.599,9.337,64.1,4,Phi-3-mini-Q4,llama.cpp,finegrained_gpu_emc
2026-05-16T02:32:17.232285,GPU510_EMC3199_CPU1036,1300,1036,3199,510,3199,p128_o64,128,64,decode,1,25.482060154899955,24.065208569582964,1541.8408210389316,64,41.50882446923099,73.744,36.872,45.762,1.15225,0.8678672163159037,27.638,0.399,8.836,64.1,4,Phi-3-mini-Q4,llama.cpp,finegrained_gpu_emc
2026-05-16T02:32:19.585872,GPU510_EMC3199_CPU1036,1300,1036,3199,510,3199,p128_o64,128,64,decode,2,25.58577107265592,24.090331886702824,1543.5291880276054,64,41.46342064433665,73.694,36.847,45.762,1.15146875,0.8684560479821967,27.638,0.399,8.81,64.1,4,Phi-3-mini-Q4,llama.cpp,finegrained_gpu_emc
2026-05-16T02:32:23.507546,GPU510_EMC3199_CPU1036,1300,1036,3199,510,3199,p512_o128,512,128,decode,0,25.47117997892201,24.292157165427493,3111.0571490135044,128,41.14357077644426,144.382,41.252,46.761,1.127984375,0.8865371029629732,31.126,0.57,9.556,64.4,7,Phi-3-mini-Q4,llama.cpp,finegrained_gpu_emc
2026-05-16T02:32:27.412746,GPU510_EMC3199_CPU1036,1300,1036,3199,510,3199,p512_o128,512,128,decode,1,26.019811863079667,24.158611653489977,3094.641661969945,128,41.36181632044581,144.386,41.253,46.761,1.128015625,0.8865125427673043,31.298,0.399,9.556,64.3,7,Phi-3-mini-Q4,llama.cpp,finegrained_gpu_emc
2026-05-16T02:32:31.321929,GPU510_EMC3199_CPU1036,1300,1036,3199,510,3199,p512_o128,512,128,decode,2,25.38692392408848,24.192456425512283,3098.2997638639063,128,41.31298123341381,144.082,41.166,46.761,1.125640625,0.8883830041226524,31.24,0.399,9.527,64.5,7,Phi-3-mini-Q4,llama.cpp,finegrained_gpu_emc
2026-05-16T02:32:35.241168,GPU510_EMC3199_CPU1036,1300,1036,3199,510,3199,p1024_o128,1024,128,decode,0,25.479594012722373,24.268050298578743,3108.0035108607262,128,41.18399466175373,145.184,41.481,47.06,1.13425,0.8816398501212255,31.298,0.627,9.556,64.5,7,Phi-3-mini-Q4,llama.cpp,finegrained_gpu_emc
2026-05-16T02:32:39.153874,GPU510_EMC3199_CPU1036,1300,1036,3199,510,3199,p1024_o128,1024,128,decode,1,25.420906022191048,24.2209628730367,3101.9578399136662,128,41.26426167144893,144.481,41.28,47.16,1.1287578125,0.8859296378070474,31.297,0.456,9.527,64.6,7,Phi-3-mini-Q4,llama.cpp,finegrained_gpu_emc
2026-05-16T02:32:43.065208,GPU510_EMC3199_CPU1036,1300,1036,3199,510,3199,p1024_o128,1024,128,decode,2,25.40960907936096,24.211554054728172,3100.7543120067567,128,41.28027799698859,144.082,41.166,46.761,1.125640625,0.8883830041226524,31.24,0.399,9.527,64.6,7,Phi-3-mini-Q4,llama.cpp,finegrained_gpu_emc
2026-05-16T02:32:50.164729,GPU510_EMC3199_CPU1036,1300,1036,3199,510,3199,p128_o256,128,256,decode,0,25.411976035684347,24.553939141333103,6287.591180065647,256,40.715115322960166,286.87,44.134,47.16,1.1205859375,0.8923902813120925,33.704,0.399,10.031,64.9,13,Phi-3-mini-Q4,llama.cpp,finegrained_gpu_emc
2026-05-16T02:32:57.306807,GPU510_EMC3199_CPU1036,1300,1036,3199,510,3199,p128_o256,128,256,decode,1,28.797209030017257,24.70830379912228,6330.358728999272,256,40.44004628478132,285.874,43.981,46.761,1.1166953125,0.8954994158265529,33.582,0.399,10.0,65.0,13,Phi-3-mini-Q4,llama.cpp,finegrained_gpu_emc
2026-05-16T02:33:04.434785,GPU510_EMC3199_CPU1036,1300,1036,3199,510,3199,p128_o256,128,256,decode,2,28.980021132156253,24.65078492521071,6315.860948059708,256,40.53287463186561,286.616,44.095,46.761,1.11959375,0.8931811203840679,33.673,0.399,10.023,65.1,13,Phi-3-mini-Q4,llama.cpp,finegrained_gpu_emc
2026-05-16T02:33:18.678446,GPU510_EMC3199_CPU1036,1300,1036,3199,510,3199,p1024_o512,1024,512,decode,0,29.351535020396117,26.2194121230955,13429.341505048797,512,38.12547322648041,593.892,43.992,46.761,1.1599453125,0.8621096091545264,33.565,0.399,10.028,65.3,27,Phi-3-mini-Q4,llama.cpp,finegrained_gpu_emc
2026-05-16T02:33:32.900188,GPU510_EMC3199_CPU1036,1300,1036,3199,510,3199,p1024_o512,1024,512,decode,1,29.046416049823165,26.17812900186139,13407.977861119434,512,38.18622056982223,596.48,44.184,47.175,1.165,0.8583690987124464,33.735,0.399,10.05,65.5,27,Phi-3-mini-Q4,llama.cpp,finegrained_gpu_emc
2026-05-16T02:33:46.300348,GPU510_EMC3199_CPU1036,1300,1036,3199,510,3199,p1024_o512,1024,512,decode,2,29.0973880328238,26.10237777310734,12586.436149198562,481,38.2157422719399,558.962,44.717,46.877,1.16208316008316,0.860523613412003,34.163,0.415,10.139,65.7,25,Phi-3-mini-Q4,llama.cpp,finegrained_gpu_emc
2026-05-16T02:33:56.821871,GPU612_EMC204_CPU1036,612,1036,204,612,204,p128_o64,128,64,decode,0,44.833516934886575,42.5973936494085,2728.7201290018857,64,23.454219184951736,66.956,22.319,23.91,1.0461875,0.955851604038473,13.572,0.399,8.347,63.8,6,Phi-3-mini-Q4,llama.cpp,finegrained_gpu_emc
2026-05-16T02:34:00.384296,GPU612_EMC204_CPU1036,612,1036,204,612,204,p128_o64,128,64,decode,1,45.21699785254896,42.95864427048299,2751.862304052338,64,23.256977613216645,64.608,21.536,23.91,1.0095,0.9905894006934124,12.974,0.399,8.163,63.4,6,Phi-3-mini-Q4,llama.cpp,finegrained_gpu_emc
2026-05-16T02:34:03.951135,GPU612_EMC204_CPU1036,612,1036,204,612,204,p128_o64,128,64,decode,2,44.87744998186827,43.03778838070612,2756.5093780867755,64,23.21776973036123,64.652,21.551,23.511,1.0101875,0.9899152385077028,12.974,0.399,8.178,63.2,6,Phi-3-mini-Q4,llama.cpp,finegrained_gpu_emc
2026-05-16T02:34:10.244505,GPU612_EMC204_CPU1036,612,1036,204,612,204,p512_o128,512,128,decode,0,44.79325795546174,42.80945674083599,5482.112047960982,128,23.348665419490715,125.348,22.79,23.91,0.97928125,1.0211570986373937,13.935,0.399,8.456,63.0,11,Phi-3-mini-Q4,llama.cpp,finegrained_gpu_emc
2026-05-16T02:34:16.521366,GPU612_EMC204_CPU1036,612,1036,204,612,204,p512_o128,512,128,decode,1,45.3446398023516,42.67533694569931,5465.595208806917,128,23.4192242765708,125.381,22.797,23.896,0.9795390625,1.0208883323629576,13.971,0.399,8.426,62.8,11,Phi-3-mini-Q4,llama.cpp,finegrained_gpu_emc
2026-05-16T02:34:22.807388,GPU612_EMC204_CPU1036,612,1036,204,612,204,p512_o128,512,128,decode,2,45.26473605073989,42.74870096852519,5474.826904013753,128,23.379734600587923,125.244,22.772,23.91,0.97846875,1.0220050461499153,13.971,0.399,8.401,62.5,11,Phi-3-mini-Q4,llama.cpp,finegrained_gpu_emc
2026-05-16T02:34:29.095150,GPU612_EMC204_CPU1036,612,1036,204,612,204,p1024_o128,1024,128,decode,0,44.94557110592723,42.761768795564535,5476.169241126627,128,23.37400368102324,124.931,22.715,23.796,0.9760234375,1.0245655601892243,13.935,0.399,8.381,62.3,11,Phi-3-mini-Q4,llama.cpp,finegrained_gpu_emc
2026-05-16T02:34:35.387528,GPU612_EMC204_CPU1036,612,1036,204,612,204,p1024_o128,1024,128,decode,1,45.3008278273046,42.797587826613366,5481.071658898145,128,23.35309734405693,125.08,22.742,23.796,0.9771875,1.0233450591621365,13.971,0.399,8.372,62.1,11,Phi-3-mini-Q4,llama.cpp,finegrained_gpu_emc
2026-05-16T02:34:41.674956,GPU612_EMC204_CPU1036,612,1036,204,612,204,p1024_o128,1024,128,decode,2,44.84678502194584,42.7625397161588,5476.1699619703,128,23.374000604237317,124.831,22.697,23.896,0.9752421875,1.0253863223077602,13.899,0.399,8.399,61.8,11,Phi-3-mini-Q4,llama.cpp,finegrained_gpu_emc
2026-05-16T02:34:53.519767,GPU612_EMC204_CPU1036,612,1036,204,612,204,p128_o256,128,256,decode,0,45.04773998633027,43.08183741591432,11031.911563128231,256,23.205407198479037,254.212,23.11,23.796,0.993015625,1.0070334995987602,14.226,0.399,8.486,61.6,22,Phi-3-mini-Q4,llama.cpp,finegrained_gpu_emc
2026-05-16T02:35:05.362609,GPU612_EMC204_CPU1036,612,1036,204,612,204,p128_o256,128,256,decode,1,49.16643002070487,43.05598170533046,11029.396758880466,256,23.2106982454755,254.064,23.097,23.896,0.9924375,1.007620127212041,14.208,0.399,8.49,61.3,22,Phi-3-mini-Q4,llama.cpp,finegrained_gpu_emc
2026-05-16T02:35:17.205537,GPU612_EMC204_CPU1036,612,1036,204,612,204,p128_o256,128,256,decode,2,49.55439013428986,43.05666798415283,11029.968552058564,256,23.2094950037026,254.012,23.092,23.796,0.992234375,1.0078264019022722,14.226,0.399,8.467,61.1,22,Phi-3-mini-Q4,llama.cpp,finegrained_gpu_emc
2026-05-16T02:35:41.358961,GPU612_EMC204_CPU1036,612,1036,204,612,204,p1024_o512,1024,512,decode,0,49.07708102837205,45.56945110798801,23336.964649148285,512,21.93944275519508,525.992,22.869,23.802,1.027328125,0.9733988349632696,14.042,0.399,8.428,60.7,46,Phi-3-mini-Q4,llama.cpp,finegrained_gpu_emc
2026-05-16T02:36:05.461456,GPU612_EMC204_CPU1036,612,1036,204,612,204,p1024_o512,1024,512,decode,1,49.36027084477246,45.466714323117394,23284.88796390593,512,21.98851035030337,525.282,22.838,23.796,1.02594140625,0.974714534288249,14.05,0.399,8.389,60.3,46,Phi-3-mini-Q4,llama.cpp,finegrained_gpu_emc
2026-05-16T02:36:29.585515,GPU612_EMC204_CPU1036,612,1036,204,612,204,p1024_o512,1024,512,decode,2,49.532038159668446,45.51082859663275,23307.44279897772,512,21.967231858763014,525.984,22.869,23.796,1.0273125,0.9734136399586298,14.024,0.442,8.402,60.0,46,Phi-3-mini-Q4,llama.cpp,finegrained_gpu_emc
2026-05-16T02:36:40.173692,GPU612_EMC665_CPU1036,612,1036,665,612,665,p128_o64,128,64,decode,0,44.73840584978461,43.38224533398355,2778.07819400914,64,23.03750849706624,67.494,22.498,23.796,1.05459375,0.948232435475746,13.374,0.798,8.326,59.5,6,Phi-3-mini-Q4,llama.cpp,finegrained_gpu_emc
2026-05-16T02:36:43.762711,GPU612_EMC665_CPU1036,612,1036,665,612,665,p128_o64,128,64,decode,1,44.64573506265879,43.3962843011296,2778.87029806152,64,23.03094176242951,65.944,21.982,23.696,1.030375,0.9705204415868008,12.975,0.865,8.142,59.5,6,Phi-3-mini-Q4,llama.cpp,finegrained_gpu_emc
2026-05-16T02:36:47.298446,GPU612_EMC665_CPU1036,612,1036,665,612,665,p128_o64,128,64,decode,2,44.980576960369945,42.54095211240744,2725.315276067704,64,23.48352154409972,64.796,21.598,23.796,1.0124375,0.9877152910673498,12.975,0.532,8.092,59.3,6,Phi-3-mini-Q4,llama.cpp,finegrained_gpu_emc
2026-05-16T02:36:53.558691,GPU612_EMC665_CPU1036,612,1036,665,612,665,p512_o128,512,128,decode,0,45.24767608381808,42.53868940909665,5448.136199032888,128,23.49427314660775,124.883,22.706,23.997,0.9756484375,1.0249593619627972,13.862,0.399,8.445,59.3,11,Phi-3-mini-Q4,llama.cpp,finegrained_gpu_emc
2026-05-16T02:36:59.809907,GPU612_EMC665_CPU1036,612,1036,665,612,665,p512_o128,512,128,decode,1,45.0237428303808,42.47206547407536,5439.454994862899,128,23.53176928954924,124.634,22.661,23.796,0.973703125,1.027007076720638,13.899,0.399,8.363,59.3,11,Phi-3-mini-Q4,llama.cpp,finegrained_gpu_emc
2026-05-16T02:37:06.063654,GPU612_EMC665_CPU1036,612,1036,665,612,665,p512_o128,512,128,decode,2,44.84057589434087,42.49695112642751,5442.439346108586,128,23.518865688695577,125.082,22.742,23.796,0.977203125,1.023328696375178,13.972,0.399,8.372,59.3,11,Phi-3-mini-Q4,llama.cpp,finegrained_gpu_emc
2026-05-16T02:37:12.324135,GPU612_EMC665_CPU1036,612,1036,665,612,665,p1024_o128,1024,128,decode,0,45.11813912540674,42.54925382638893,5449.349527945742,128,23.489042012001853,125.082,22.742,23.796,0.977203125,1.023328696375178,13.972,0.399,8.372,59.3,11,Phi-3-mini-Q4,llama.cpp,finegrained_gpu_emc
2026-05-16T02:37:18.583638,GPU612_EMC665_CPU1036,612,1036,665,612,665,p1024_o128,1024,128,decode,1,45.06425093859434,42.54027040983279,5448.180345119908,128,23.494082774747586,124.633,22.661,23.796,0.9736953125,1.0270153169706258,13.935,0.399,8.326,59.1,11,Phi-3-mini-Q4,llama.cpp,finegrained_gpu_emc
2026-05-16T02:37:24.844983,GPU612_EMC665_CPU1036,612,1036,665,612,665,p1024_o128,1024,128,decode,2,45.344949001446366,42.55096720509583,5449.791376944631,128,23.487137607047604,125.033,22.733,23.796,0.9768203125,1.0237297353498676,13.972,0.399,8.363,59.1,11,Phi-3-mini-Q4,llama.cpp,finegrained_gpu_emc
2026-05-16T02:37:36.646170,GPU612_EMC665_CPU1036,612,1036,665,612,665,p128_o256,128,256,decode,0,45.078102964907885,42.91080247117754,10988.337069982665,256,23.29742875282983,253.966,23.088,23.796,0.9920546875,1.0080089460793964,14.226,0.399,8.463,59.1,22,Phi-3-mini-Q4,llama.cpp,finegrained_gpu_emc
2026-05-16T02:37:48.497685,GPU612_EMC665_CPU1036,612,1036,665,612,665,p128_o256,128,256,decode,1,49.09327300265432,43.091323858528746,11038.335433928296,256,23.19190257737034,250.269,22.752,23.796,0.97761328125,1.0228993602883298,13.954,0.399,8.399,59.0,22,Phi-3-mini-Q4,llama.cpp,finegrained_gpu_emc
2026-05-16T02:38:00.351205,GPU612_EMC665_CPU1036,612,1036,665,612,665,p128_o256,128,256,decode,2,49.71777298487723,43.09633985873969,11040.243495022878,256,23.18789437166028,251.766,22.888,23.796,0.9834609375,1.016817203276058,14.062,0.399,8.426,59.0,22,Phi-3-mini-Q4,llama.cpp,finegrained_gpu_emc
2026-05-16T02:38:24.533938,GPU612_EMC665_CPU1036,612,1036,665,612,665,p1024_o512,1024,512,decode,0,49.21089904382825,45.6253833596735,23365.70112593472,512,21.912460372597444,523.833,22.775,23.796,1.023111328125,0.9774107396823034,13.989,0.399,8.387,58.9,46,Phi-3-mini-Q4,llama.cpp,finegrained_gpu_emc
2026-05-16T02:38:48.010325,GPU612_EMC665_CPU1036,612,1036,665,612,665,p1024_o512,1024,512,decode,1,49.708646023646,45.48684284494694,22659.65679916553,497,21.93325364126003,504.242,22.92,23.802,1.014571428571429,0.985637848493382,14.108,0.399,8.413,58.8,44,Phi-3-mini-Q4,llama.cpp,finegrained_gpu_emc
2026-05-16T02:39:12.166543,GPU612_EMC665_CPU1036,612,1036,665,612,665,p1024_o512,1024,512,decode,2,49.46550983004272,45.57377747588093,23339.59847385995,512,21.93696693511816,523.835,22.775,23.798,1.023115234375,0.9774070079318868,13.963,0.399,8.413,58.6,46,Phi-3-mini-Q4,llama.cpp,finegrained_gpu_emc
2026-05-16T02:39:20.235226,GPU612_EMC2133_CPU1036,1300,1036,2133,612,2133,p128_o64,128,64,decode,0,25.535859866067767,24.106684824570067,1544.5102478843182,64,41.43708342995308,77.136,38.568,45.762,1.20525,0.8297033810412778,29.133,0.399,9.036,59.1,4,Phi-3-mini-Q4,llama.cpp,finegrained_gpu_emc
2026-05-16T02:39:22.591666,GPU612_EMC2133_CPU1036,1300,1036,2133,612,2133,p128_o64,128,64,decode,1,25.534707820042968,24.13153708247202,1546.1215709801763,64,41.39389890241728,72.902,36.451,45.277,1.13909375,0.8778908671915723,27.342,0.399,8.71,59.2,4,Phi-3-mini-Q4,llama.cpp,finegrained_gpu_emc
2026-05-16T02:39:24.944642,GPU612_EMC2133_CPU1036,1300,1036,2133,612,2133,p128_o64,128,64,decode,2,25.35093482583761,24.085803493295632,1543.015366885811,64,41.47722788345778,73.144,36.572,45.263,1.142875,0.8749863283386197,27.438,0.399,8.735,59.5,4,Phi-3-mini-Q4,llama.cpp,finegrained_gpu_emc
2026-05-16T02:39:28.859244,GPU612_EMC2133_CPU1036,1300,1036,2133,612,2133,p512_o128,512,128,decode,0,25.69553698413074,24.2343182367544,3103.926809038967,128,41.23808577807,142.934,40.838,46.575,1.116671875,0.8955182112023732,31.072,0.399,9.367,59.9,7,Phi-3-mini-Q4,llama.cpp,finegrained_gpu_emc
2026-05-16T02:39:32.770637,GPU612_EMC2133_CPU1036,1300,1036,2133,612,2133,p512_o128,512,128,decode,1,25.81012598238885,24.208486520164595,3100.7649621460587,128,41.28013621239141,143.184,40.91,46.56,1.118625,0.8939546318024361,31.127,0.399,9.384,60.1,7,Phi-3-mini-Q4,llama.cpp,finegrained_gpu_emc
2026-05-16T02:39:36.683881,GPU612_EMC2133_CPU1036,1300,1036,2133,612,2133,p512_o128,512,128,decode,2,25.935308076441288,24.221408967383383,3102.5311360135674,128,41.256636722900645,142.636,40.753,46.56,1.11434375,0.8973891584172299,30.958,0.399,9.396,60.4,7,Phi-3-mini-Q4,llama.cpp,finegrained_gpu_emc
2026-05-16T02:39:40.589214,GPU612_EMC2133_CPU1036,1300,1036,2133,612,2133,p1024_o128,1024,128,decode,0,25.602577021345496,24.162700922250394,3094.736274098977,128,41.36055180897984,143.336,40.953,46.661,1.1198125,0.8930066417368978,31.127,0.399,9.427,60.6,7,Phi-3-mini-Q4,llama.cpp,finegrained_gpu_emc
2026-05-16T02:39:44.495644,GPU612_EMC2133_CPU1036,1300,1036,2133,612,2133,p1024_o128,1024,128,decode,1,25.75095882639289,24.1676408900168,3095.515903783962,128,41.350134833270495,143.331,40.952,46.661,1.1197734375,0.8930377936385011,31.126,0.399,9.427,60.8,7,Phi-3-mini-Q4,llama.cpp,finegrained_gpu_emc
2026-05-16T02:39:48.404590,GPU612_EMC2133_CPU1036,1300,1036,2133,612,2133,p1024_o128,1024,128,decode,2,25.631792144849896,24.19032218800051,3098.280302947387,128,41.3132407284886,143.583,41.024,46.56,1.1217421875,0.8914704387009604,31.241,0.399,9.384,60.9,7,Phi-3-mini-Q4,llama.cpp,finegrained_gpu_emc
2026-05-16T02:39:55.508878,GPU612_EMC2133_CPU1036,1300,1036,2133,612,2133,p128_o256,128,256,decode,0,26.10557619482279,24.57076027058065,6292.614486068487,256,40.68261301669924,284.682,43.797,46.661,1.1120390625,0.8992489865885444,33.523,0.399,9.875,61.3,13,Phi-3-mini-Q4,llama.cpp,finegrained_gpu_emc
2026-05-16T02:40:02.649400,GPU612_EMC2133_CPU1036,1300,1036,2133,612,2133,p128_o256,128,256,decode,1,29.385653091594577,24.70021903898348,6328.925205161795,256,40.4492060976182,284.208,43.724,46.175,1.1101875,0.9007487473962732,33.466,0.399,9.86,61.7,13,Phi-3-mini-Q4,llama.cpp,finegrained_gpu_emc
2026-05-16T02:40:09.790233,GPU612_EMC2133_CPU1036,1300,1036,2133,612,2133,p128_o256,128,256,decode,2,29.38171592541039,24.701971823678296,6329.325347905979,256,40.44664888094213,284.684,43.797,46.661,1.112046875,0.899242669064647,33.492,0.399,9.906,62.0,13,Phi-3-mini-Q4,llama.cpp,finegrained_gpu_emc
2026-05-16T02:40:24.037514,GPU612_EMC2133_CPU1036,1300,1036,2133,612,2133,p1024_o512,1024,512,decode,0,28.85893988423049,26.22839193171484,13433.435091981664,512,38.113855204884246,592.012,43.853,46.661,1.1562734375,0.8648473341756587,33.537,0.399,9.916,62.6,27,Phi-3-mini-Q4,llama.cpp,finegrained_gpu_emc
2026-05-16T02:40:35.262909,GPU612_EMC2133_CPU1036,1300,1036,2133,612,2133,p1024_o512,1024,512,decode,1,28.891706140711904,25.696557739093237,10412.605058168992,404,38.79912833945912,463.636,44.156,46.661,1.1476138613861386,0.8713732324495941,33.806,0.399,9.951,63.1,21,Phi-3-mini-Q4,llama.cpp,finegrained_gpu_emc
2026-05-16T02:40:49.526808,GPU612_EMC2133_CPU1036,1300,1036,2133,612,2133,p1024_o512,1024,512,decode,2,29.211987974122167,26.260614997949705,13450.295565882698,512,38.06607799004149,575.417,44.263,46.676,1.123861328125,0.8897894917946463,33.848,0.399,10.016,63.4,26,Phi-3-mini-Q4,llama.cpp,finegrained_gpu_emc
2026-05-16T02:40:57.685559,GPU612_EMC3199_CPU1036,1300,1036,3199,612,3199,p128_o64,128,64,decode,0,25.46337293460965,24.038864717271828,1540.1643901132047,64,41.554005800183376,78.186,39.093,46.161,1.22165625,0.8185608676745196,29.532,0.399,9.162,62.7,4,Phi-3-mini-Q4,llama.cpp,finegrained_gpu_emc
2026-05-16T02:41:00.038122,GPU612_EMC3199_CPU1036,1300,1036,3199,612,3199,p128_o64,128,64,decode,1,25.49127698875964,24.077630664650645,1542.6321169361472,64,41.48753244364684,73.291,36.646,45.363,1.145171875,0.8732313653791053,27.436,0.399,8.81,62.7,4,Phi-3-mini-Q4,llama.cpp,finegrained_gpu_emc
2026-05-16T02:41:02.390089,GPU612_EMC3199_CPU1036,1300,1036,3199,612,3199,p128_o64,128,64,decode,2,25.290863821282983,24.07253142963681,1542.1136519871652,64,41.50148072259765,73.295,36.648,45.363,1.145234375,0.8731837096664166,27.438,0.399,8.81,62.8,4,Phi-3-mini-Q4,llama.cpp,finegrained_gpu_emc
2026-05-16T02:41:06.299356,GPU612_EMC3199_CPU1036,1300,1036,3199,612,3199,p512_o128,512,128,decode,0,25.318511994555596,24.193780196053307,3098.4032137785107,128,41.31160186988822,144.047,41.156,46.676,1.1253671875,0.8885988600942748,31.302,0.399,9.456,63.0,7,Phi-3-mini-Q4,llama.cpp,finegrained_gpu_emc
2026-05-16T02:41:10.208602,GPU612_EMC3199_CPU1036,1300,1036,3199,612,3199,p512_o128,512,128,decode,1,25.961380917578936,24.188214308017585,3098.352557979524,128,41.31227728437414,143.763,41.075,46.776,1.1231484375,0.8903542636144209,31.192,0.399,9.484,63.1,7,Phi-3-mini-Q4,llama.cpp,finegrained_gpu_emc
2026-05-16T02:41:14.118284,GPU612_EMC3199_CPU1036,1300,1036,3199,612,3199,p512_o128,512,128,decode,2,25.627753930166364,24.196219212544246,3099.018851062283,128,41.30339509103796,143.843,41.098,46.761,1.1237734375,0.8898590824718617,31.186,0.399,9.513,63.3,7,Phi-3-mini-Q4,llama.cpp,finegrained_gpu_emc
2026-05-16T02:41:18.030857,GPU612_EMC3199_CPU1036,1300,1036,3199,612,3199,p1024_o128,1024,128,decode,0,25.426571955904365,24.219349307176756,3101.7661669757217,128,41.2668115871553,143.8,41.086,46.676,1.1234375,0.890125173852573,31.246,0.399,9.441,63.2,7,Phi-3-mini-Q4,llama.cpp,finegrained_gpu_emc
2026-05-16T02:41:21.942835,GPU612_EMC3199_CPU1036,1300,1036,3199,612,3199,p1024_o128,1024,128,decode,1,25.950116105377678,24.209204707368038,3100.991650950164,128,41.27711855037726,143.734,41.067,46.56,1.122921875,0.8905339029039754,31.241,0.399,9.427,63.4,7,Phi-3-mini-Q4,llama.cpp,finegrained_gpu_emc
2026-05-16T02:41:25.852915,GPU612_EMC3199_CPU1036,1300,1036,3199,612,3199,p1024_o128,1024,128,decode,2,25.914691854268312,24.189294741203,3098.4564279206097,128,41.31089236775277,143.655,41.044,46.676,1.1223046875,0.8910236330096412,31.19,0.399,9.456,63.4,7,Phi-3-mini-Q4,llama.cpp,finegrained_gpu_emc
2026-05-16T02:41:32.955515,GPU612_EMC3199_CPU1036,1300,1036,3199,612,3199,p128_o256,128,256,decode,0,25.746694998815656,24.564746372839984,6290.689261164516,256,40.69506366820763,285.362,43.902,46.776,1.1146953125,0.8971061318605841,33.558,0.399,9.945,63.7,13,Phi-3-mini-Q4,llama.cpp,finegrained_gpu_emc
2026-05-16T02:41:40.091680,GPU612_EMC3199_CPU1036,1300,1036,3199,612,3199,p128_o256,128,256,decode,1,29.01749103330076,24.68462555724032,6324.561536079273,256,40.47711426944226,285.19,43.875,46.676,1.1140234375,0.8976471825800344,33.555,0.399,9.922,63.9,13,Phi-3-mini-Q4,llama.cpp,finegrained_gpu_emc
2026-05-16T02:41:47.220667,GPU612_EMC3199_CPU1036,1300,1036,3199,612,3199,p128_o256,128,256,decode,2,29.219886055216197,24.655803736737543,6317.452575080097,256,40.522662727983246,285.432,43.913,46.676,1.11496875,0.8968861234900081,33.592,0.399,9.922,64.1,13,Phi-3-mini-Q4,llama.cpp,finegrained_gpu_emc
2026-05-16T02:42:01.462359,GPU612_EMC3199_CPU1036,1300,1036,3199,612,3199,p1024_o512,1024,512,decode,0,28.758837841451168,26.21789290633512,13428.003459004683,512,38.1292722751466,594.206,44.015,46.776,1.16055859375,0.8616540391716004,33.618,0.399,9.998,64.4,27,Phi-3-mini-Q4,llama.cpp,finegrained_gpu_emc
2026-05-16T02:42:15.691896,GPU612_EMC3199_CPU1036,1300,1036,3199,612,3199,p1024_o512,1024,512,decode,1,29.279883950948715,26.192552857046287,13415.604155045005,512,38.16451306126679,594.282,44.021,46.776,1.16070703125,0.8615438461875001,33.631,0.399,9.991,64.8,27,Phi-3-mini-Q4,llama.cpp,finegrained_gpu_emc
2026-05-16T02:42:29.923347,GPU612_EMC3199_CPU1036,1300,1036,3199,612,3199,p1024_o512,1024,512,decode,2,28.947409009560943,26.19652430127774,13417.291071964428,512,38.15971474821989,594.472,44.035,46.776,1.161078125,0.8612684869935001,33.619,0.399,10.017,65.1,27,Phi-3-mini-Q4,llama.cpp,finegrained_gpu_emc
2026-05-16T02:42:38.113588,GPU714_EMC204_CPU1036,714,1036,204,714,204,p128_o64,128,64,decode,0,25.31757694669068,24.075733287082542,1542.3432339448482,64,41.495303115057816,78.536,39.268,46.262,1.227125,0.8149129061831517,29.632,0.399,9.237,64.1,4,Phi-3-mini-Q4,llama.cpp,finegrained_gpu_emc
2026-05-16T02:42:40.464791,GPU714_EMC204_CPU1036,714,1036,204,714,204,p128_o64,128,64,decode,1,25.57290089316666,24.05192758814092,1541.096654953435,64,41.52886828628785,73.744,36.872,45.762,1.15225,0.8678672163159037,27.638,0.399,8.836,64.1,4,Phi-3-mini-Q4,llama.cpp,finegrained_gpu_emc
2026-05-16T02:42:42.819246,GPU714_EMC204_CPU1036,714,1036,204,714,204,p128_o64,128,64,decode,2,25.66262800246477,24.1020416826128,1544.3420980591327,64,41.44159514943783,73.744,36.872,45.762,1.15225,0.8678672163159037,27.638,0.399,8.836,64.2,4,Phi-3-mini-Q4,llama.cpp,finegrained_gpu_emc
2026-05-16T02:42:46.729053,GPU714_EMC204_CPU1036,714,1036,204,714,204,p512_o128,512,128,decode,0,25.542245944961905,24.19891985917948,3099.281445145607,128,41.29989556143277,144.39,41.254,46.761,1.128046875,0.8864879839324054,31.3,0.399,9.556,64.3,7,Phi-3-mini-Q4,llama.cpp,finegrained_gpu_emc
2026-05-16T02:42:50.637370,GPU714_EMC204_CPU1036,714,1036,204,714,204,p512_o128,512,128,decode,1,25.645443005487323,24.185699339237388,3097.719587152824,128,41.32071880581269,144.098,41.171,46.776,1.125765625,0.8882843620313953,31.245,0.399,9.527,64.5,7,Phi-3-mini-Q4,llama.cpp,finegrained_gpu_emc
2026-05-16T02:42:54.543311,GPU714_EMC204_CPU1036,714,1036,204,714,204,p512_o128,512,128,decode,2,25.577573105692863,24.16641275603764,3095.183953177184,128,41.35456953006264,144.336,41.239,46.761,1.127625,0.8868196430550936,31.298,0.399,9.541,64.6,7,Phi-3-mini-Q4,llama.cpp,finegrained_gpu_emc
2026-05-16T02:42:58.456027,GPU714_EMC204_CPU1036,714,1036,204,714,204,p1024_o128,1024,128,decode,0,25.33264784142375,24.217960701551377,3101.4990888070315,128,41.27036517983768,144.336,41.239,46.761,1.127625,0.8868196430550936,31.298,0.399,9.541,64.6,7,Phi-3-mini-Q4,llama.cpp,finegrained_gpu_emc
2026-05-16T02:43:02.366515,GPU714_EMC204_CPU1036,714,1036,204,714,204,p1024_o128,1024,128,decode,1,25.614019948989156,24.19757908650153,3099.17846089229,128,41.301267937680265,144.362,41.246,46.776,1.127828125,0.8866599243568253,31.306,0.399,9.541,64.6,7,Phi-3-mini-Q4,llama.cpp,finegrained_gpu_emc
2026-05-16T02:43:06.272983,GPU714_EMC204_CPU1036,714,1036,204,714,204,p1024_o128,1024,128,decode,2,25.370406918227676,24.172761402364205,3095.785496989265,128,41.346533900518445,144.512,41.289,47.175,1.129,0.8857395925597874,31.363,0.399,9.527,64.7,7,Phi-3-mini-Q4,llama.cpp,finegrained_gpu_emc
2026-05-16T02:43:13.379646,GPU714_EMC204_CPU1036,714,1036,204,714,204,p128_o256,128,256,decode,0,25.91862203553319,24.580867729131494,6294.97047001496,256,40.66738695906728,285.154,43.87,46.761,1.1138828125,0.8977605083568879,33.526,0.399,9.945,64.9,13,Phi-3-mini-Q4,llama.cpp,finegrained_gpu_emc
2026-05-16T02:43:20.511106,GPU714_EMC204_CPU1036,714,1036,204,714,204,p128_o256,128,256,decode,1,29.06199498102069,24.66667742724074,6319.993587909266,256,40.50637021052549,286.619,44.095,46.776,1.11960546875,0.8931717715852752,33.712,0.399,9.985,65.0,13,Phi-3-mini-Q4,llama.cpp,finegrained_gpu_emc
2026-05-16T02:43:27.649720,GPU714_EMC204_CPU1036,714,1036,204,714,204,p128_o256,128,256,decode,2,29.00065178982913,24.694811509849103,6327.115107793361,256,40.46077803842616,285.85,43.977,46.776,1.1166015625,0.8955746020640195,33.562,0.399,10.016,65.2,13,Phi-3-mini-Q4,llama.cpp,finegrained_gpu_emc
2026-05-16T02:43:41.565387,GPU714_EMC204_CPU1036,714,1036,204,714,204,p1024_o512,1024,512,decode,0,28.950699837878343,26.29954660885907,13101.792976958675,497,37.933739364836825,584.982,44.999,47.261,1.1770261569416498,0.8495987910739135,33.987,0.737,10.275,65.4,26,Phi-3-mini-Q4,llama.cpp,finegrained_gpu_emc
2026-05-16T02:43:55.884434,GPU714_EMC204_CPU1036,714,1036,204,714,204,p1024_o512,1024,512,decode,1,29.29050102829933,26.367113925516605,13504.831969039516,512,37.91235619767687,603.596,44.711,47.175,1.1788984375,0.8482494913816526,33.751,0.887,10.073,65.7,27,Phi-3-mini-Q4,llama.cpp,finegrained_gpu_emc
2026-05-16T02:44:10.113468,GPU714_EMC204_CPU1036,714,1036,204,714,204,p1024_o512,1024,512,decode,2,28.90862780623138,26.19267050896766,13415.26094195433,512,38.16548945379009,596.364,44.175,46.962,1.1647734375,0.8585360618682549,33.719,0.399,10.058,65.8,27,Phi-3-mini-Q4,llama.cpp,finegrained_gpu_emc
2026-05-16T02:44:18.179945,GPU714_EMC665_CPU1036,1300,1036,665,714,665,p128_o64,128,64,decode,0,25.553511921316385,24.031402620797355,1539.7870540618896,64,41.56418891246738,78.64,39.32,46.161,1.22875,0.8138351983723296,29.734,0.399,9.186,65.0,4,Phi-3-mini-Q4,llama.cpp,finegrained_gpu_emc
2026-05-16T02:44:20.530280,GPU714_EMC665_CPU1036,1300,1036,665,714,665,p128_o64,128,64,decode,1,25.31533082947135,24.045041285543924,1540.406604995951,64,41.54747181194294,73.994,36.997,45.762,1.15615625,0.8649349947293024,27.738,0.399,8.861,64.9,4,Phi-3-mini-Q4,llama.cpp,finegrained_gpu_emc
2026-05-16T02:44:22.880793,GPU714_EMC665_CPU1036,1300,1036,665,714,665,p128_o64,128,64,decode,2,25.57748998515308,24.042361508315757,1540.4961311724037,64,41.545057274043536,74.094,37.047,45.863,1.15771875,0.8637676465030908,27.738,0.399,8.911,64.9,4,Phi-3-mini-Q4,llama.cpp,finegrained_gpu_emc
2026-05-16T02:44:26.805421,GPU714_EMC665_CPU1036,1300,1036,665,714,665,p512_o128,512,128,decode,0,25.363469030708075,24.317081977327277,3114.119365112856,128,41.10311294871039,146.504,41.858,47.675,1.1445625,0.8736962813302026,31.418,0.798,9.642,65.1,7,Phi-3-mini-Q4,llama.cpp,finegrained_gpu_emc
2026-05-16T02:44:30.729201,GPU714_EMC665_CPU1036,1300,1036,665,714,665,p512_o128,512,128,decode,1,25.52791498601437,24.30666702264172,3112.9533047787845,128,41.118509488563,145.448,41.557,47.175,1.1363125,0.8800396017820802,31.017,0.912,9.627,65.2,7,Phi-3-mini-Q4,llama.cpp,finegrained_gpu_emc
2026-05-16T02:44:34.653327,GPU714_EMC665_CPU1036,1300,1036,665,714,665,p512_o128,512,128,decode,2,25.425663916394114,24.31232566893922,3113.574468996376,128,41.11030626521655,146.656,41.902,47.376,1.14575,0.8727907484180667,31.304,0.798,9.8,65.3,7,Phi-3-mini-Q4,llama.cpp,finegrained_gpu_emc
2026-05-16T02:44:38.568833,GPU714_EMC665_CPU1036,1300,1036,665,714,665,p1024_o128,1024,128,decode,0,25.70753591135144,24.241211560122142,3104.878477053717,128,41.22544600246701,145.158,41.474,47.364,1.134046875,0.8817977651937889,31.361,0.399,9.714,65.2,7,Phi-3-mini-Q4,llama.cpp,finegrained_gpu_emc
2026-05-16T02:44:42.502935,GPU714_EMC665_CPU1036,1300,1036,665,714,665,p1024_o128,1024,128,decode,1,25.497134076431397,24.389826683474222,3123.4922490548342,128,40.97977193275657,147.106,42.03,47.776,1.149265625,0.8701208652264354,31.361,0.912,9.757,65.4,7,Phi-3-mini-Q4,llama.cpp,finegrained_gpu_emc
2026-05-16T02:44:46.423015,GPU714_EMC665_CPU1036,1300,1036,665,714,665,p1024_o128,1024,128,decode,2,25.44198208488524,24.27856045716449,3109.297869959846,128,41.166850315840925,146.756,41.93,47.376,1.14653125,0.8721960260568563,31.361,0.798,9.771,65.3,7,Phi-3-mini-Q4,llama.cpp,finegrained_gpu_emc
2026-05-16T02:44:53.554823,GPU714_EMC665_CPU1036,1300,1036,665,714,665,p128_o256,128,256,decode,0,25.452489033341408,24.681893090589664,6320.280937943608,256,40.50452859826405,291.03,44.774,47.661,1.1368359375,0.879634401951689,33.714,0.952,10.108,65.6,13,Phi-3-mini-Q4,llama.cpp,finegrained_gpu_emc
2026-05-16T02:45:00.711995,GPU714_EMC665_CPU1036,1300,1036,665,714,665,p128_o256,128,256,decode,1,29.02218606323004,24.766830324797947,6345.487616956234,256,40.34362927695643,290.002,44.616,47.575,1.1328203125,0.8827525327411535,33.71,0.829,10.077,65.7,13,Phi-3-mini-Q4,llama.cpp,finegrained_gpu_emc
2026-05-16T02:45:07.906569,GPU714_EMC665_CPU1036,1300,1036,665,714,665,p128_o256,128,256,decode,2,29.01245304383337,24.914180788704577,6383.082298096269,256,40.10601587830868,291.964,44.918,47.16,1.140484375,0.876820429916017,33.766,1.013,10.139,65.8,13,Phi-3-mini-Q4,llama.cpp,finegrained_gpu_emc
2026-05-16T02:45:18.601784,GPU714_EMC665_CPU1036,1300,1036,665,714,665,p1024_o512,1024,512,decode,0,28.820459032431245,25.652671976297043,9881.647099973634,384,38.85991840378762,443.716,44.372,46.862,1.1555104166666668,0.8654184207916775,33.74,0.459,10.172,65.9,20,Phi-3-mini-Q4,llama.cpp,finegrained_gpu_emc
2026-05-16T02:45:26.502580,GPU714_EMC665_CPU1036,1300,1036,665,714,665,p1024_o512,1024,512,decode,1,29.151565860956907,25.021733459270827,7087.978852912784,282,39.78567174817585,313.182,44.74,47.16,1.1105744680851064,0.9004348908941127,34.088,0.513,10.14,66.0,14,Phi-3-mini-Q4,llama.cpp,finegrained_gpu_emc
2026-05-16T02:45:36.930847,GPU714_EMC665_CPU1036,1300,1036,665,714,665,p1024_o512,1024,512,decode,2,29.17104493826628,25.69501867182353,9615.56597193703,373,38.79126835472797,430.73,45.34,47.76,1.1547721179624666,0.8659717224247208,34.068,0.966,10.306,66.2,19,Phi-3-mini-Q4,llama.cpp,finegrained_gpu_emc
2026-05-16T02:45:45.117320,GPU714_EMC2133_CPU1036,1300,1036,2133,714,2133,p128_o64,128,64,decode,0,25.547706987708807,24.291808317814557,1556.1827458441255,64,41.12627528541595,80.353,40.176,46.761,1.255515625,0.7964855076972858,29.638,1.098,9.441,65.4,4,Phi-3-mini-Q4,llama.cpp,finegrained_gpu_emc
2026-05-16T02:45:47.484594,GPU714_EMC2133_CPU1036,1300,1036,2133,714,2133,p128_o64,128,64,decode,1,25.52080200985074,24.30641318907932,1557.07889306359,64,41.10260583783168,75.304,37.652,46.175,1.176625,0.8498884521406566,27.644,0.998,9.011,65.2,4,Phi-3-mini-Q4,llama.cpp,finegrained_gpu_emc
2026-05-16T02:45:49.841047,GPU714_EMC2133_CPU1036,1300,1036,2133,714,2133,p128_o64,128,64,decode,2,25.458220159634948,24.141890806190315,1546.6537999454886,64,41.379654582205575,74.056,37.028,45.776,1.157125,0.8642108674516582,27.743,0.399,8.886,65.2,4,Phi-3-mini-Q4,llama.cpp,finegrained_gpu_emc
2026-05-16T02:45:53.760222,GPU714_EMC2133_CPU1036,1300,1036,2133,714,2133,p512_o128,512,128,decode,0,25.746555998921394,24.27052338717608,3108.585612149909,128,41.17628271189055,144.62,41.32,46.776,1.12984375,0.8850781358041764,31.365,0.399,9.556,65.3,7,Phi-3-mini-Q4,llama.cpp,finegrained_gpu_emc
2026-05-16T02:45:57.677575,GPU714_EMC2133_CPU1036,1300,1036,2133,714,2133,p512_o128,512,128,decode,1,25.51109716296196,24.259830188871486,3106.9803091231734,128,41.1975575204476,144.02,41.149,46.776,1.12515625,0.8887654492431606,31.194,0.399,9.556,65.5,7,Phi-3-mini-Q4,llama.cpp,finegrained_gpu_emc
2026-05-16T02:46:01.597519,GPU714_EMC2133_CPU1036,1300,1036,2133,714,2133,p512_o128,512,128,decode,2,25.537437992170453,24.279005920851795,3109.4466410577297,128,41.16488069287424,144.064,41.161,46.776,1.1255,0.8884940026654821,31.192,0.399,9.57,65.5,7,Phi-3-mini-Q4,llama.cpp,finegrained_gpu_emc
2026-05-16T02:46:05.519305,GPU714_EMC2133_CPU1036,1300,1036,2133,714,2133,p1024_o128,1024,128,decode,0,25.605315109714866,24.292817055137725,3111.26888403669,128,41.140770782217785,143.665,41.047,46.877,1.1223828125,0.8909616120836669,31.078,0.399,9.57,65.5,7,Phi-3-mini-Q4,llama.cpp,finegrained_gpu_emc
2026-05-16T02:46:09.660704,GPU714_EMC2133_CPU1036,1300,1036,2133,714,2133,p1024_o128,1024,128,decode,1,25.43234615586698,24.271918457060117,3108.438721159473,128,41.17822851989662,144.758,41.359,47.178,1.130921875,0.8842343773746528,31.304,0.399,9.656,65.6,7,Phi-3-mini-Q4,llama.cpp,finegrained_gpu_emc
2026-05-16T02:46:13.581994,GPU714_EMC2133_CPU1036,1300,1036,2133,714,2133,p1024_o128,1024,128,decode,2,25.44656279496849,24.29075972507085,3110.843411879614,128,41.14639763325813,144.022,41.149,46.776,1.125171875,0.8887531071641833,31.194,0.399,9.556,65.5,7,Phi-3-mini-Q4,llama.cpp,finegrained_gpu_emc
2026-05-16T02:46:20.702726,GPU714_EMC2133_CPU1036,1300,1036,2133,714,2133,p128_o256,128,256,decode,0,25.84948507137597,24.63747862014262,6309.339069062844,256,40.57477291960232,286.493,44.076,46.877,1.11911328125,0.8935645897107434,33.623,0.399,10.054,65.7,13,Phi-3-mini-Q4,llama.cpp,finegrained_gpu_emc
2026-05-16T02:46:27.831627,GPU714_EMC2133_CPU1036,1300,1036,2133,714,2133,p128_o256,128,256,decode,1,28.712292900308967,24.658619372320235,6317.603040952236,256,40.5216976028006,287.392,44.214,46.877,1.122625,0.8907694020710388,33.746,0.399,10.07,65.9,13,Phi-3-mini-Q4,llama.cpp,finegrained_gpu_emc
2026-05-16T02:46:34.958435,GPU714_EMC2133_CPU1036,1300,1036,2133,714,2133,p128_o256,128,256,decode,2,28.91207206994295,24.64870555673306,6315.268366131932,256,40.53667796176311,287.175,44.181,46.776,1.12177734375,0.8914425002176373,33.743,0.399,10.039,66.0,13,Phi-3-mini-Q4,llama.cpp,finegrained_gpu_emc
2026-05-16T02:46:46.123327,GPU714_EMC2133_CPU1036,1300,1036,2133,714,2133,p1024_o512,1024,512,decode,0,28.800963889807463,25.737866680137813,10351.904815994203,401,38.736832218591815,463.104,44.105,46.862,1.1548728179551122,0.8658962133775567,33.66,0.399,10.046,66.1,21,Phi-3-mini-Q4,llama.cpp,finegrained_gpu_emc
2026-05-16T02:47:00.377249,GPU714_EMC2133_CPU1036,1300,1036,2133,714,2133,p1024_o512,1024,512,decode,1,29.44568009115756,26.23971789408249,13439.82343398966,512,38.09573857236389,596.794,44.207,46.877,1.16561328125,0.8579174723606471,33.75,0.399,10.058,66.2,27,Phi-3-mini-Q4,llama.cpp,finegrained_gpu_emc
2026-05-16T02:47:14.597353,GPU714_EMC2133_CPU1036,1300,1036,2133,714,2133,p1024_o512,1024,512,decode,2,29.13757786154747,26.17422274155305,13406.05607884936,512,38.19169463327688,595.783,44.132,47.276,1.163638671875,0.8593732953105409,33.675,0.399,10.058,66.4,27,Phi-3-mini-Q4,llama.cpp,finegrained_gpu_emc
2026-05-16T02:47:22.762363,GPU714_EMC3199_CPU1036,1300,1036,3199,714,3199,p128_o64,128,64,decode,0,25.254225125536323,24.090914680282516,1543.2350160554051,64,41.4713244153749,78.248,39.124,46.276,1.222625,0.817912278908087,29.538,0.399,9.187,65.5,4,Phi-3-mini-Q4,llama.cpp,finegrained_gpu_emc
2026-05-16T02:47:25.117568,GPU714_EMC3199_CPU1036,1300,1036,3199,714,3199,p128_o64,128,64,decode,1,25.820845970883965,24.110932269000585,1545.0639929622412,64,41.42223253633486,73.998,36.999,45.762,1.15621875,0.8648882402227087,27.74,0.399,8.861,65.5,4,Phi-3-mini-Q4,llama.cpp,finegrained_gpu_emc
2026-05-16T02:47:27.468481,GPU714_EMC3199_CPU1036,1300,1036,3199,714,3199,p128_o64,128,64,decode,2,25.542855029925704,24.047887444289195,1540.8098900225011,64,41.53659735339924,73.756,36.878,45.776,1.1524375,0.8677260155106026,27.644,0.399,8.836,65.4,4,Phi-3-mini-Q4,llama.cpp,finegrained_gpu_emc
2026-05-16T02:47:31.377179,GPU714_EMC3199_CPU1036,1300,1036,3199,714,3199,p512_o128,512,128,decode,0,25.55591380223632,24.191441355405125,3098.346723942086,128,41.31235507339965,144.248,41.214,46.776,1.1269375,0.887360656646886,31.245,0.399,9.57,65.6,7,Phi-3-mini-Q4,llama.cpp,finegrained_gpu_emc
2026-05-16T02:47:35.286070,GPU714_EMC3199_CPU1036,1300,1036,3199,714,3199,p512_o128,512,128,decode,1,25.336386170238256,24.194466621123667,3098.5081740655005,128,41.31020246173931,144.412,41.261,47.175,1.12821875,0.8863529346591695,31.306,0.399,9.556,65.7,7,Phi-3-mini-Q4,llama.cpp,finegrained_gpu_emc
2026-05-16T02:47:39.191630,GPU714_EMC3199_CPU1036,1300,1036,3199,714,3199,p512_o128,512,128,decode,2,25.35757585428655,24.166811787428,3095.015855971724,128,41.35681558885345,144.667,41.333,47.276,1.1302109375,0.8847905880401197,31.307,0.399,9.628,65.8,7,Phi-3-mini-Q4,llama.cpp,finegrained_gpu_emc
2026-05-16T02:47:43.097069,GPU714_EMC3199_CPU1036,1300,1036,3199,714,3199,p1024_o128,1024,128,decode,0,25.42461990378797,24.164264282856987,3094.7572228033096,128,41.36027183549292,144.948,41.414,47.276,1.13240625,0.8830753097662609,31.416,0.399,9.599,65.8,7,Phi-3-mini-Q4,llama.cpp,finegrained_gpu_emc
2026-05-16T02:47:47.004377,GPU714_EMC3199_CPU1036,1300,1036,3199,714,3199,p1024_o128,1024,128,decode,1,25.624325964599848,24.179436182089912,3096.8847840558738,128,41.33185730996527,144.745,41.356,46.962,1.1308203125,0.8843137932225638,31.301,0.399,9.656,65.8,7,Phi-3-mini-Q4,llama.cpp,finegrained_gpu_emc
2026-05-16T02:47:50.912746,GPU714_EMC3199_CPU1036,1300,1036,3199,714,3199,p1024_o128,1024,128,decode,2,25.757669005542997,24.18475825060892,3097.696525976062,128,41.32102642290569,144.688,41.339,46.862,1.130375,0.8846621696339712,31.298,0.399,9.642,65.8,7,Phi-3-mini-Q4,llama.cpp,finegrained_gpu_emc
2026-05-16T02:47:58.005667,GPU714_EMC3199_CPU1036,1300,1036,3199,714,3199,p128_o256,128,256,decode,0,25.489310966804624,24.529339576724407,6281.4230299554765,256,40.75509622248998,286.74,44.114,46.877,1.120078125,0.892794866429518,33.647,0.399,10.068,66.0,13,Phi-3-mini-Q4,llama.cpp,finegrained_gpu_emc
2026-05-16T02:48:05.141649,GPU714_EMC3199_CPU1036,1300,1036,3199,714,3199,p128_o256,128,256,decode,1,28.957311995327476,24.68315280389552,6324.19003918767,256,40.47949198453921,287.742,44.268,46.862,1.1239921875,0.8896858991735651,33.738,0.43,10.101,66.2,13,Phi-3-mini-Q4,llama.cpp,finegrained_gpu_emc
2026-05-16T02:48:12.277730,GPU714_EMC3199_CPU1036,1300,1036,3199,714,3199,p128_o256,128,256,decode,2,28.791226912289854,24.684778082312324,6324.362916871905,256,40.478385469792144,286.378,44.058,46.862,1.1186640625,0.893923415904853,33.613,0.399,10.046,66.2,13,Phi-3-mini-Q4,llama.cpp,finegrained_gpu_emc
2026-05-16T02:48:26.530750,GPU714_EMC3199_CPU1036,1300,1036,3199,714,3199,p1024_o512,1024,512,decode,0,28.800969012081623,26.239617342227767,13439.142232993618,512,38.09766956279546,596.958,44.219,46.877,1.16593359375,0.857681779957719,33.718,0.399,10.102,66.4,27,Phi-3-mini-Q4,llama.cpp,finegrained_gpu_emc
2026-05-16T02:48:40.761732,GPU714_EMC3199_CPU1036,1300,1036,3199,714,3199,p1024_o512,1024,512,decode,1,28.99288991466165,26.196330655439084,13417.198467999697,512,38.15997812219376,596.983,44.221,47.261,1.165982421875,0.8576458626125033,33.746,0.399,10.076,66.6,27,Phi-3-mini-Q4,llama.cpp,finegrained_gpu_emc
2026-05-16T02:48:54.990788,GPU714_EMC3199_CPU1036,1300,1036,3199,714,3199,p1024_o512,1024,512,decode,2,29.34732986614108,26.191460516817735,13415.07425182499,512,38.16602058168611,595.97,44.146,47.16,1.16400390625,0.8591036461566857,33.689,0.399,10.058,66.7,27,Phi-3-mini-Q4,llama.cpp,finegrained_gpu_emc
2026-05-16T02:49:04.258855,GPU816_EMC204_CPU1036,816,1036,204,816,204,p128_o64,128,64,decode,0,34.75582413375378,33.103638380351995,2120.5380181781948,64,30.181019840891107,66.71,26.684,29.912,1.04234375,0.9593764053365312,17.488,0.399,8.796,65.1,5,Phi-3-mini-Q4,llama.cpp,finegrained_gpu_emc
2026-05-16T02:49:07.198668,GPU816_EMC204_CPU1036,816,1036,204,816,204,p128_o64,128,64,decode,1,35.07891506887972,33.23958193631991,2129.425073042512,64,30.055060781526876,63.801,25.52,29.404,0.996890625,1.003119073368756,16.609,0.399,8.513,64.9,5,Phi-3-mini-Q4,llama.cpp,finegrained_gpu_emc
2026-05-16T02:49:10.139293,GPU816_EMC204_CPU1036,816,1036,204,816,204,p128_o64,128,64,decode,2,34.7909398842603,33.25352387221914,2130.017583956942,64,30.04670030991338,63.798,25.519,29.404,0.99684375,1.0031662434559077,16.608,0.399,8.513,64.7,5,Phi-3-mini-Q4,llama.cpp,finegrained_gpu_emc
2026-05-16T02:49:15.208349,GPU816_EMC204_CPU1036,816,1036,204,816,204,p512_o128,512,128,decode,0,35.06232216022909,33.24595990583418,4257.778176106513,128,30.062627667712004,124.763,27.725,29.904,0.9747109375,1.0259451920841915,18.319,0.399,9.007,64.6,9,Phi-3-mini-Q4,llama.cpp,finegrained_gpu_emc
2026-05-16T02:49:20.278466,GPU816_EMC204_CPU1036,816,1036,204,816,204,p512_o128,512,128,decode,1,34.99801806174219,33.255842794832866,4258.97168694064,128,30.05420308204646,124.363,27.636,29.904,0.9715859375,1.0292450326865707,18.231,0.399,9.006,64.5,9,Phi-3-mini-Q4,llama.cpp,finegrained_gpu_emc
2026-05-16T02:49:25.372116,GPU816_EMC204_CPU1036,816,1036,204,816,204,p512_o128,512,128,decode,2,34.888115944340825,33.4453442203629,4282.960016047582,128,29.885873209276763,127.311,28.291,30.504,0.9946171875,1.0054119439797031,18.364,0.798,9.129,64.4,9,Phi-3-mini-Q4,llama.cpp,finegrained_gpu_emc
2026-05-16T02:49:30.458526,GPU816_EMC204_CPU1036,816,1036,204,816,204,p1024_o128,1024,128,decode,0,35.29901406727731,33.38579334663301,4275.77272313647,128,29.936109397813432,127.317,28.293,30.303,0.9946640625,1.0053645624700551,18.364,0.798,9.131,64.2,9,Phi-3-mini-Q4,llama.cpp,finegrained_gpu_emc
2026-05-16T02:49:35.543994,GPU816_EMC204_CPU1036,816,1036,204,816,204,p1024_o128,1024,128,decode,1,34.700758988037705,33.38282666073775,4274.828512920067,128,29.942721588278463,126.971,28.216,30.603,0.9919609375,1.0081042127729951,18.32,0.843,9.053,64.2,9,Phi-3-mini-Q4,llama.cpp,finegrained_gpu_emc
2026-05-16T02:49:40.627305,GPU816_EMC204_CPU1036,816,1036,204,816,204,p1024_o128,1024,128,decode,2,34.9465140607208,33.361473630409776,4272.37958391197,128,29.95988476351575,126.468,28.104,30.603,0.98803125,1.0121137362811146,18.32,0.754,9.031,64.0,9,Phi-3-mini-Q4,llama.cpp,finegrained_gpu_emc
2026-05-16T02:49:50.100602,GPU816_EMC204_CPU1036,816,1036,204,816,204,p128_o256,128,256,decode,0,34.730794839560986,33.82197294530331,8660.350282909349,256,29.560005269671336,248.576,29.244,30.504,0.971,1.0298661174047374,19.02,0.798,9.426,63.8,17,Phi-3-mini-Q4,llama.cpp,finegrained_gpu_emc
2026-05-16T02:49:59.599569,GPU816_EMC204_CPU1036,816,1036,204,816,204,p128_o256,128,256,decode,1,38.968479027971625,33.9082631172941,8686.531420098618,256,29.470911646929107,259.036,28.782,30.605,1.011859375,0.98827962136537,18.563,0.798,9.421,63.6,18,Phi-3-mini-Q4,llama.cpp,finegrained_gpu_emc
2026-05-16T02:50:09.095706,GPU816_EMC204_CPU1036,816,1036,204,816,204,p128_o256,128,256,decode,2,38.722691126167774,33.89637939558894,8683.31793602556,256,29.48181811216436,247.375,29.103,30.504,0.96630859375,1.034866093986862,18.902,0.822,9.379,63.6,17,Phi-3-mini-Q4,llama.cpp,finegrained_gpu_emc
2026-05-16T02:50:27.687671,GPU816_EMC204_CPU1036,816,1036,204,816,204,p1024_o512,1024,512,decode,0,38.67820510640741,35.82891285832338,17776.459840126336,495,27.84581432140102,498.319,28.475,30.203,1.0067050505050503,0.9933396077612936,18.739,0.582,9.154,63.2,35,Phi-3-mini-Q4,llama.cpp,finegrained_gpu_emc
2026-05-16T02:51:05.587238,GPU816_EMC204_CPU1036,816,1036,204,816,204,p1024_o512,1024,512,decode,1,39.11706921644509,35.830799857001395,18350.590949179605,512,27.90100882407222,427.348,28.49,29.804,0.8346640625,1.198086805133053,18.935,0.399,9.156,63.0,30,Phi-3-mini-Q4,llama.cpp,finegrained_gpu_emc
2026-05-16T02:51:57.710250,GPU816_EMC204_CPU1036,816,1036,204,816,204,p1024_o512,1024,512,decode,2,144.62981396354735,26.21398797466505,13541.85814014636,512,37.80869617014511,214.268,42.854,46.676,0.4184921875,2.389530867885078,32.611,0.439,9.804,61.6,10,Phi-3-mini-Q4,llama.cpp,finegrained_gpu_emc
2026-05-16T02:52:05.893019,GPU816_EMC665_CPU1036,1300,1036,665,816,665,p128_o64,128,64,decode,0,25.416749995201823,24.046005444630744,1540.5690318439156,64,41.54309133645121,63.093,42.062,46.161,0.985828125,1.0143756042667174,32.056,0.399,9.607,59.7,3,Phi-3-mini-Q4,llama.cpp,finegrained_gpu_emc
2026-05-16T02:52:08.245205,GPU816_EMC665_CPU1036,1300,1036,665,816,665,p128_o64,128,64,decode,1,25.602055946365,24.0727474927784,1542.4370060209185,64,41.49278041837388,73.344,36.672,45.263,1.146,0.8726003490401397,27.538,0.399,8.735,59.9,4,Phi-3-mini-Q4,llama.cpp,finegrained_gpu_emc
2026-05-16T02:52:14.317506,GPU816_EMC665_CPU1036,1300,1036,665,816,665,p128_o64,128,64,decode,2,25.39189299568534,24.095282967512805,1543.6479868367314,64,41.4602296286149,35.265,35.265,41.867,0.551015625,1.814830568552389,26.332,0.398,8.534,60.0,2,Phi-3-mini-Q4,llama.cpp,finegrained_gpu_emc
2026-05-16T02:52:18.331872,GPU816_EMC665_CPU1036,1300,1036,665,816,665,p512_o128,512,128,decode,0,124.49637008830904,24.243515630171995,3203.93415610306,128,39.95088343378636,140.29,40.083,46.661,1.096015625,0.9123957516572814,30.16,0.627,9.296,60.0,7,Phi-3-mini-Q4,llama.cpp,finegrained_gpu_emc
2026-05-16T02:52:22.248733,GPU816_EMC665_CPU1036,1300,1036,665,816,665,p512_o128,512,128,decode,1,25.81773907877505,24.252616857200508,3106.3726311549544,128,41.20561671070653,144.334,41.238,47.06,1.127609375,0.8868319314922333,31.184,0.627,9.427,60.6,7,Phi-3-mini-Q4,llama.cpp,finegrained_gpu_emc
2026-05-16T02:52:26.161922,GPU816_EMC665_CPU1036,1300,1036,665,816,665,p512_o128,512,128,decode,2,25.709716835990548,24.22246166988914,3102.434483822435,128,41.257922018161125,145.041,41.44,47.276,1.1331328125,0.8825090836384195,31.187,0.741,9.513,60.9,7,Phi-3-mini-Q4,llama.cpp,finegrained_gpu_emc
2026-05-16T02:52:30.070230,GPU816_EMC665_CPU1036,1300,1036,665,816,665,p1024_o128,1024,128,decode,0,25.32731089740992,24.18729755110804,3097.5886029191315,128,41.322466088419326,143.586,41.024,46.661,1.121765625,0.891451812850835,31.184,0.399,9.441,61.1,7,Phi-3-mini-Q4,llama.cpp,finegrained_gpu_emc
2026-05-16T02:52:33.979071,GPU816_EMC665_CPU1036,1300,1036,665,816,665,p1024_o128,1024,128,decode,1,25.32481891103089,24.19355686563324,3098.38069207035,128,41.3119021583077,143.448,40.985,46.676,1.1206875,0.8923094082873236,31.131,0.399,9.456,61.4,7,Phi-3-mini-Q4,llama.cpp,finegrained_gpu_emc
2026-05-16T02:52:37.890313,GPU816_EMC665_CPU1036,1300,1036,665,816,665,p1024_o128,1024,128,decode,2,25.4955030977726,24.21149781054458,3100.8292050100863,128,41.2792809720662,143.658,41.045,46.676,1.122328125,0.8910050258252239,31.191,0.399,9.455,61.5,7,Phi-3-mini-Q4,llama.cpp,finegrained_gpu_emc
2026-05-16T02:52:44.993730,GPU816_EMC665_CPU1036,1300,1036,665,816,665,p128_o256,128,256,decode,0,25.392632000148296,24.57076671314152,6291.87303991057,256,40.68740713236621,285.256,43.886,46.575,1.11428125,0.8974394929466866,33.619,0.399,9.867,61.9,13,Phi-3-mini-Q4,llama.cpp,finegrained_gpu_emc
2026-05-16T02:52:52.120571,GPU816_EMC665_CPU1036,1300,1036,665,816,665,p128_o256,128,256,decode,1,28.83569407276809,24.6495159178534,6315.386845963076,256,40.5359174733121,282.561,43.471,46.676,1.10375390625,0.9059990586103532,33.22,0.399,9.852,62.3,13,Phi-3-mini-Q4,llama.cpp,finegrained_gpu_emc
2026-05-16T02:52:59.250160,GPU816_EMC665_CPU1036,1300,1036,665,816,665,p128_o256,128,256,decode,2,28.85387814603746,24.659699364108786,6318.010641029105,256,40.51908338639671,284.76,43.809,46.676,1.11234375,0.8990026689141734,33.527,0.399,9.883,62.6,13,Phi-3-mini-Q4,llama.cpp,finegrained_gpu_emc
2026-05-16T02:53:12.637291,GPU816_EMC665_CPU1036,1300,1036,665,816,665,p1024_o512,1024,512,decode,0,29.23428313806653,26.12984499559662,12573.595269117504,480,38.17523864307503,553.626,44.29,46.676,1.1533875,0.8670113036598716,33.896,0.399,9.995,63.1,25,Phi-3-mini-Q4,llama.cpp,finegrained_gpu_emc
2026-05-16T02:53:26.892018,GPU816_EMC665_CPU1036,1300,1036,665,816,665,p1024_o512,1024,512,decode,1,28.8744461722672,26.242413579025207,13440.669801086187,512,38.09333966069336,592.046,43.855,46.676,1.15633984375,0.8647976677487897,33.51,0.399,9.946,63.6,27,Phi-3-mini-Q4,llama.cpp,finegrained_gpu_emc
2026-05-16T02:53:37.408372,GPU816_EMC665_CPU1036,1300,1036,665,816,665,p1024_o512,1024,512,decode,2,29.06760503537953,25.588976827620552,9704.092947067693,378,38.95263597142493,423.642,44.594,46.776,1.1207460317460318,0.8922628068038579,34.074,0.441,10.079,64.0,19,Phi-3-mini-Q4,llama.cpp,finegrained_gpu_emc
2026-05-16T02:53:45.596828,GPU816_EMC2133_CPU1036,1300,1036,2133,816,2133,p128_o64,128,64,decode,0,25.70897317491472,24.31791294957437,1557.9903409816325,64,41.07856019163505,79.36,39.68,46.276,1.24,0.8064516129032259,29.544,0.798,9.338,63.3,4,Phi-3-mini-Q4,llama.cpp,finegrained_gpu_emc
2026-05-16T02:53:47.974886,GPU816_EMC2133_CPU1036,1300,1036,2133,816,2133,p128_o64,128,64,decode,1,25.7416779641062,24.467866538861205,1567.4793049693108,64,40.82988515197847,76.953,38.476,47.075,1.202390625,0.8316764778501162,27.644,1.796,9.036,63.6,4,Phi-3-mini-Q4,llama.cpp,finegrained_gpu_emc
2026-05-16T02:53:50.354597,GPU816_EMC2133_CPU1036,1300,1036,2133,816,2133,p128_o64,128,64,decode,2,26.018308009952307,24.49789900140512,1569.636844098568,64,40.77376256847155,75.804,37.902,46.276,1.1844375,0.8442826236082528,27.344,1.496,9.062,63.6,4,Phi-3-mini-Q4,llama.cpp,finegrained_gpu_emc
2026-05-16T02:53:54.282865,GPU816_EMC2133_CPU1036,1300,1036,2133,816,2133,p512_o128,512,128,decode,0,25.940648978576064,24.33943695308069,3117.5244790501893,128,41.058218102267325,145.154,41.473,47.075,1.134015625,0.8818220648414787,31.133,0.798,9.541,63.6,7,Phi-3-mini-Q4,llama.cpp,finegrained_gpu_emc
2026-05-16T02:53:58.212946,GPU816_EMC2133_CPU1036,1300,1036,2133,816,2133,p512_o128,512,128,decode,1,26.36511204764247,24.34331167665288,3118.4673020616174,128,41.04580475010248,145.646,41.613,47.16,1.137859375,0.878843222608242,31.245,0.798,9.57,63.8,7,Phi-3-mini-Q4,llama.cpp,finegrained_gpu_emc
2026-05-16T02:54:02.147562,GPU816_EMC2133_CPU1036,1300,1036,2133,816,2133,p512_o128,512,128,decode,2,26.38233220204711,24.382402289908114,3123.4240401536226,128,40.980666843335314,145.514,41.575,47.175,1.136828125,0.879640446967302,31.193,0.798,9.584,63.8,7,Phi-3-mini-Q4,llama.cpp,finegrained_gpu_emc
2026-05-16T02:54:06.075171,GPU816_EMC2133_CPU1036,1300,1036,2133,816,2133,p1024_o128,1024,128,decode,0,25.58589493855834,24.339021047885257,3117.12464899756,128,41.06348459345816,144.25,41.214,46.676,1.126953125,0.8873483535528596,31.132,0.57,9.513,63.8,7,Phi-3-mini-Q4,llama.cpp,finegrained_gpu_emc
2026-05-16T02:54:10.015153,GPU816_EMC2133_CPU1036,1300,1036,2133,816,2133,p1024_o128,1024,128,decode,1,25.60781710781157,24.433086479566697,3129.08760108985,128,40.90649298390306,144.634,41.324,47.16,1.129953125,0.8849924637360511,31.128,0.684,9.513,64.0,7,Phi-3-mini-Q4,llama.cpp,finegrained_gpu_emc
2026-05-16T02:54:13.940369,GPU816_EMC2133_CPU1036,1300,1036,2133,816,2133,p1024_o128,1024,128,decode,2,25.66404198296368,24.318564300036687,3114.5934930536896,128,41.09685590927725,144.093,41.169,46.776,1.1257265625,0.8883151853316956,31.244,0.399,9.527,63.9,7,Phi-3-mini-Q4,llama.cpp,finegrained_gpu_emc
2026-05-16T02:54:21.071470,GPU816_EMC2133_CPU1036,1300,1036,2133,816,2133,p128_o256,128,256,decode,0,25.52782790735364,24.67988803526204,6319.834463996813,256,40.50739009991403,285.898,43.984,46.776,1.1167890625,0.8954242422122575,33.624,0.399,9.962,64.2,13,Phi-3-mini-Q4,llama.cpp,finegrained_gpu_emc
2026-05-16T02:54:28.211810,GPU816_EMC2133_CPU1036,1300,1036,2133,816,2133,p128_o256,128,256,decode,1,29.079985106363893,24.701827815642545,6328.997872071341,256,40.44874167673197,286.042,44.006,46.676,1.1173515625,0.894973465435146,33.654,0.399,9.954,64.4,13,Phi-3-mini-Q4,llama.cpp,finegrained_gpu_emc
2026-05-16T02:54:35.358005,GPU816_EMC2133_CPU1036,1300,1036,2133,816,2133,p128_o256,128,256,decode,2,28.96457398310304,24.724364450530093,6334.63154383935,256,40.41276879773204,282.919,43.526,46.676,1.10515234375,0.9048526256631756,33.221,0.399,9.906,64.5,13,Phi-3-mini-Q4,llama.cpp,finegrained_gpu_emc
2026-05-16T02:54:49.612924,GPU816_EMC2133_CPU1036,1300,1036,2133,816,2133,p1024_o512,1024,512,decode,0,29.3503871653229,26.2420410700434,13440.925606060771,512,38.09261467596616,594.484,44.036,46.676,1.1611015625,0.8612511017958431,33.635,0.399,10.002,64.8,27,Phi-3-mini-Q4,llama.cpp,finegrained_gpu_emc
2026-05-16T02:55:02.775172,GPU816_EMC2133_CPU1036,1300,1036,2133,816,2133,p1024_o512,1024,512,decode,1,29.058286920189857,26.04056319707247,12348.717608954756,473,38.30357248245768,551.008,44.081,46.776,1.1649217758985202,0.8584267379058017,33.659,0.399,10.022,65.0,25,Phi-3-mini-Q4,llama.cpp,finegrained_gpu_emc
2026-05-16T02:55:08.720456,GPU816_EMC2133_CPU1036,1300,1036,2133,816,2133,p1024_o512,1024,512,decode,2,28.898500138893723,24.4252362597483,5134.102594107389,209,40.70818534866785,236.048,42.918,46.776,1.1294162679425837,0.8854131363112587,32.693,0.399,9.826,65.1,11,Phi-3-mini-Q4,llama.cpp,finegrained_gpu_emc
2026-05-16T02:55:16.892528,GPU816_EMC3199_CPU1036,1300,1036,3199,816,3199,p128_o64,128,64,decode,0,25.708609027788043,24.203702315895093,1550.790610956028,64,41.269272297531785,78.404,39.202,45.977,1.2250625,0.8162848834243152,29.541,0.399,9.262,64.3,4,Phi-3-mini-Q4,llama.cpp,finegrained_gpu_emc
2026-05-16T02:55:19.254650,GPU816_EMC3199_CPU1036,1300,1036,3199,816,3199,p128_o64,128,64,decode,1,25.90962708927691,24.21611550796245,1551.7759011127057,64,41.24306863775151,73.756,36.878,45.277,1.1524375,0.8677260155106026,27.644,0.399,8.836,64.3,4,Phi-3-mini-Q4,llama.cpp,finegrained_gpu_emc
2026-05-16T02:55:21.614362,GPU816_EMC3199_CPU1036,1300,1036,3199,816,3199,p128_o64,128,64,decode,2,25.39154002442956,24.190760779357145,1549.6604340150952,64,41.29937023311558,73.506,36.753,45.377,1.14853125,0.8706772236280031,27.544,0.399,8.81,64.4,4,Phi-3-mini-Q4,llama.cpp,finegrained_gpu_emc
2026-05-16T02:55:25.538402,GPU816_EMC3199_CPU1036,1300,1036,3199,816,3199,p512_o128,512,128,decode,0,25.98533919081092,24.30606156580268,3113.325921120122,128,41.11358824711412,144.772,41.363,46.877,1.13103125,0.8841488685657448,31.365,0.399,9.599,64.5,7,Phi-3-mini-Q4,llama.cpp,finegrained_gpu_emc
2026-05-16T02:55:29.464131,GPU816_EMC3199_CPU1036,1300,1036,3199,816,3199,p512_o128,512,128,decode,1,25.99583799019456,24.317901055365216,3114.880160894245,128,41.09307369412656,144.32,41.234,46.776,1.1275,0.8869179600886918,31.308,0.399,9.527,64.6,7,Phi-3-mini-Q4,llama.cpp,finegrained_gpu_emc
2026-05-16T02:55:33.389704,GPU816_EMC3199_CPU1036,1300,1036,3199,816,3199,p512_o128,512,128,decode,2,26.03500708937645,24.31736868534853,3114.815432112664,128,41.093927646679965,143.97,41.134,46.776,1.124765625,0.8890741126623602,31.194,0.399,9.541,64.6,7,Phi-3-mini-Q4,llama.cpp,finegrained_gpu_emc
2026-05-16T02:55:37.309724,GPU816_EMC3199_CPU1036,1300,1036,3199,816,3199,p1024_o128,1024,128,decode,0,25.669523049145937,24.278320621435096,3109.492796007544,128,41.16426967264454,143.67,41.049,46.776,1.122421875,0.8909306048583561,31.137,0.399,9.513,64.7,7,Phi-3-mini-Q4,llama.cpp,finegrained_gpu_emc
2026-05-16T02:55:41.233026,GPU816_EMC3199_CPU1036,1300,1036,3199,816,3199,p1024_o128,1024,128,decode,1,25.73205111548305,24.303009354062084,3112.6915931236,128,41.12196668721408,143.906,41.116,46.776,1.124265625,0.8894695148221755,31.19,0.399,9.527,64.8,7,Phi-3-mini-Q4,llama.cpp,finegrained_gpu_emc
2026-05-16T02:55:45.153495,GPU816_EMC3199_CPU1036,1300,1036,3199,816,3199,p1024_o128,1024,128,decode,2,25.703991996124387,24.280642802775727,3109.8228220362216,128,41.159901166391634,144.67,41.334,46.776,1.130234375,0.8847722402709616,31.365,0.399,9.57,64.9,7,Phi-3-mini-Q4,llama.cpp,finegrained_gpu_emc
2026-05-16T02:55:52.279184,GPU816_EMC3199_CPU1036,1300,1036,3199,816,3199,p128_o256,128,256,decode,0,25.49341297708452,24.655914486513712,6313.6914051137865,256,40.54680274564137,286.705,44.108,46.776,1.11994140625,0.8929038558797371,33.686,0.399,10.023,65.0,13,Phi-3-mini-Q4,llama.cpp,finegrained_gpu_emc
2026-05-16T02:55:59.407278,GPU816_EMC3199_CPU1036,1300,1036,3199,816,3199,p128_o256,128,256,decode,1,28.77160720527172,24.65480540002532,6316.682238131762,256,40.52760457928547,286.198,44.03,46.776,1.1179609375,0.8944856358185592,33.655,0.399,9.977,65.2,13,Phi-3-mini-Q4,llama.cpp,finegrained_gpu_emc
2026-05-16T02:56:06.534033,GPU816_EMC3199_CPU1036,1300,1036,3199,816,3199,p128_o256,128,256,decode,2,28.95467705093324,24.648321482042476,6315.240035997704,256,40.53685980909136,286.718,44.111,46.776,1.1199921875,0.8928633709777551,33.681,0.399,10.031,65.3,13,Phi-3-mini-Q4,llama.cpp,finegrained_gpu_emc
2026-05-16T02:56:20.785952,GPU816_EMC3199_CPU1036,1300,1036,3199,816,3199,p1024_o512,1024,512,decode,0,28.837376041337848,26.236904880720868,13437.804422108456,512,38.10146240539381,596.686,44.199,46.877,1.16540234375,0.8580727551844688,33.724,0.399,10.076,65.6,27,Phi-3-mini-Q4,llama.cpp,finegrained_gpu_emc
2026-05-16T02:56:35.034342,GPU816_EMC3199_CPU1036,1300,1036,3199,816,3199,p1024_o512,1024,512,decode,1,28.922312892973423,26.229773432566784,13434.22960699536,512,38.11160110985416,596.534,44.188,46.776,1.16510546875,0.858291396634559,33.724,0.414,10.05,65.8,27,Phi-3-mini-Q4,llama.cpp,finegrained_gpu_emc
2026-05-16T02:56:49.284022,GPU816_EMC3199_CPU1036,1300,1036,3199,816,3199,p1024_o512,1024,512,decode,2,29.61890189908445,26.231737364058013,13436.00160186179,512,38.10657479596114,596.35,44.174,46.776,1.16474609375,0.8585562169866688,33.695,0.429,10.05,66.0,27,Phi-3-mini-Q4,llama.cpp,finegrained_gpu_emc
2026-05-16T02:56:57.487039,GPU918_EMC204_CPU1036,918,1036,204,918,204,p128_o64,128,64,decode,0,25.66552022472024,24.0793759668512,1542.9216190241275,64,41.47974803832157,78.66,39.33,46.376,1.2290625,0.813628273582507,29.644,0.399,9.287,65.1,4,Phi-3-mini-Q4,llama.cpp,finegrained_gpu_emc
2026-05-16T02:56:59.839647,GPU918_EMC204_CPU1036,918,1036,204,918,204,p128_o64,128,64,decode,1,25.8477539755404,24.075068381895857,1542.8295959718523,64,41.482222124268624,73.756,36.878,45.776,1.1524375,0.8677260155106026,27.644,0.399,8.836,65.0,4,Phi-3-mini-Q4,llama.cpp,finegrained_gpu_emc
2026-05-16T02:57:02.190476,GPU918_EMC204_CPU1036,918,1036,204,918,204,p128_o64,128,64,decode,2,25.349026080220938,24.041561746141976,1540.222572861239,64,41.55243607494243,73.762,36.881,45.776,1.15253125,0.8676554323364334,27.647,0.399,8.836,65.0,4,Phi-3-mini-Q4,llama.cpp,finegrained_gpu_emc
2026-05-16T02:57:06.099526,GPU918_EMC204_CPU1036,918,1036,204,918,204,p512_o128,512,128,decode,0,25.36310721188784,24.196102747722996,3098.7639110535383,128,41.30679318402211,144.77,41.363,47.175,1.131015625,0.8841610830973268,31.422,0.399,9.541,65.2,7,Phi-3-mini-Q4,llama.cpp,finegrained_gpu_emc
2026-05-16T02:57:10.013063,GPU918_EMC204_CPU1036,918,1036,204,918,204,p512_o128,512,128,decode,1,25.372548960149288,24.22840925168217,3102.854231838137,128,41.25234072764435,145.133,41.467,47.276,1.1338515625,0.8819496599670646,31.311,0.513,9.642,65.4,7,Phi-3-mini-Q4,llama.cpp,finegrained_gpu_emc
2026-05-16T02:57:13.922849,GPU918_EMC204_CPU1036,918,1036,204,918,204,p512_o128,512,128,decode,2,25.678554084151983,24.19652495951223,3099.110195878893,128,41.302177692878,145.426,41.55,47.276,1.136140625,0.8801727338990277,31.31,0.627,9.613,65.4,7,Phi-3-mini-Q4,llama.cpp,finegrained_gpu_emc
2026-05-16T02:57:17.831844,GPU918_EMC204_CPU1036,918,1036,204,918,204,p1024_o128,1024,128,decode,0,25.634621968492866,24.187538063329622,3097.953215008601,128,41.31760266097001,144.662,41.332,47.175,1.130171875,0.8848211693464766,31.363,0.399,9.57,65.5,7,Phi-3-mini-Q4,llama.cpp,finegrained_gpu_emc
2026-05-16T02:57:21.751788,GPU918_EMC204_CPU1036,918,1036,204,918,204,p1024_o128,1024,128,decode,1,25.630657095462084,24.27353194408764,3108.9223430026323,128,41.17182286270173,145.768,41.648,47.175,1.1388125,0.8781076779540091,31.422,0.627,9.599,65.5,7,Phi-3-mini-Q4,llama.cpp,finegrained_gpu_emc
2026-05-16T02:57:25.667568,GPU918_EMC204_CPU1036,918,1036,204,918,204,p1024_o128,1024,128,decode,2,25.953813921660185,24.236882567464367,3104.5092078857124,128,41.230349607232384,145.814,41.661,47.276,1.139171875,0.8778306609790556,31.363,0.627,9.671,65.6,7,Phi-3-mini-Q4,llama.cpp,finegrained_gpu_emc
2026-05-16T02:57:32.784109,GPU918_EMC204_CPU1036,918,1036,204,918,204,p128_o256,128,256,decode,0,26.130608981475238,24.61826588648061,6304.728499148041,256,40.60444474882516,287.854,44.285,46.877,1.1244296875,0.8893397347266323,33.686,0.522,10.077,65.7,13,Phi-3-mini-Q4,llama.cpp,finegrained_gpu_emc
2026-05-16T02:57:39.929266,GPU918_EMC204_CPU1036,918,1036,204,918,204,p128_o256,128,256,decode,1,29.00553308427334,24.72006126635653,6333.624666091055,256,40.419193352358285,286.534,44.082,46.776,1.1192734375,0.8934367300215681,33.652,0.399,10.031,65.7,13,Phi-3-mini-Q4,llama.cpp,finegrained_gpu_emc
2026-05-16T02:57:47.067796,GPU918_EMC204_CPU1036,918,1036,204,918,204,p128_o256,128,256,decode,2,28.99033902212977,24.693153106479667,6326.663831016049,256,40.46366407915923,287.691,44.26,47.261,1.12379296875,0.8898436169362268,33.715,0.46,10.085,65.8,13,Phi-3-mini-Q4,llama.cpp,finegrained_gpu_emc
2026-05-16T02:58:01.344937,GPU918_EMC204_CPU1036,918,1036,204,918,204,p1024_o512,1024,512,decode,0,28.821742860600352,26.28636382221301,13463.1803878583,512,38.02964717473032,595.835,44.136,46.776,1.163740234375,0.859298295669103,33.679,0.414,10.043,66.0,27,Phi-3-mini-Q4,llama.cpp,finegrained_gpu_emc
2026-05-16T02:58:09.371220,GPU918_EMC204_CPU1036,918,1036,204,918,204,p1024_o512,1024,512,decode,1,29.04843119904399,25.740019740912015,7213.013141183183,279,38.68009035045712,346.563,46.208,50.275,1.2421612903225807,0.8050484327524866,32.784,2.875,10.549,66.8,15,Phi-3-mini-Q4,llama.cpp,finegrained_gpu_emc
2026-05-16T02:58:23.655661,GPU918_EMC204_CPU1036,918,1036,204,918,204,p1024_o512,1024,512,decode,2,29.05720379203558,26.2988439707337,13469.682106981054,512,38.01129053629567,602.342,44.618,48.674,1.17644921875,0.8500154397335733,33.754,0.724,10.14,66.4,27,Phi-3-mini-Q4,llama.cpp,finegrained_gpu_emc
2026-05-16T02:58:31.822854,GPU918_EMC665_CPU1036,1300,1036,665,918,665,p128_o64,128,64,decode,0,25.541456881910563,24.08542506588948,1543.1750018615276,64,41.47293723835404,78.442,39.221,46.362,1.22565625,0.8158894469799343,29.535,0.399,9.287,65.4,4,Phi-3-mini-Q4,llama.cpp,finegrained_gpu_emc
2026-05-16T02:58:34.173626,GPU918_EMC665_CPU1036,1300,1036,665,918,665,p128_o64,128,64,decode,1,25.413335068151355,24.04972544265172,1540.7972279936075,64,41.53693869461292,73.849,36.924,45.762,1.153890625,0.866633265176238,27.64,0.399,8.886,65.3,4,Phi-3-mini-Q4,llama.cpp,finegrained_gpu_emc
2026-05-16T02:58:36.524634,GPU918_EMC665_CPU1036,1300,1036,665,918,665,p128_o64,128,64,decode,2,25.28953412547708,24.05026807848896,1540.7058850396425,64,41.539401271484905,73.906,36.953,45.877,1.15478125,0.8659648742997862,27.644,0.399,8.911,65.3,4,Phi-3-mini-Q4,llama.cpp,finegrained_gpu_emc
2026-05-16T02:58:40.433133,GPU918_EMC665_CPU1036,1300,1036,665,918,665,p512_o128,512,128,decode,0,25.384027045220137,24.188954834129632,3097.854743944481,128,41.31891601767561,144.544,41.298,46.862,1.12925,0.8855435023245516,31.301,0.399,9.599,65.5,7,Phi-3-mini-Q4,llama.cpp,finegrained_gpu_emc
2026-05-16T02:58:44.340970,GPU918_EMC665_CPU1036,1300,1036,665,918,665,p512_o128,512,128,decode,1,25.419291108846664,24.18513646473976,3097.4085631314665,128,41.32486799564877,144.591,41.312,47.261,1.1296171875,0.8852556521498571,31.3,0.399,9.613,65.6,7,Phi-3-mini-Q4,llama.cpp,finegrained_gpu_emc
2026-05-16T02:58:48.249856,GPU918_EMC665_CPU1036,1300,1036,665,918,665,p512_o128,512,128,decode,2,25.647155940532684,24.189854425737472,3098.231448791921,128,41.31389217222956,144.02,41.149,46.776,1.12515625,0.8887654492431606,31.194,0.399,9.556,65.6,7,Phi-3-mini-Q4,llama.cpp,finegrained_gpu_emc
2026-05-16T02:58:52.160428,GPU918_EMC665_CPU1036,1300,1036,665,918,665,p1024_o128,1024,128,decode,0,25.623960187658668,24.20298827584745,3099.879644112661,128,41.29192571818056,144.77,41.363,46.877,1.131015625,0.8841610830973268,31.365,0.399,9.599,65.6,7,Phi-3-mini-Q4,llama.cpp,finegrained_gpu_emc
2026-05-16T02:58:56.071573,GPU918_EMC665_CPU1036,1300,1036,665,918,665,p1024_o128,1024,128,decode,1,25.721270823851228,24.20731995430753,3100.5209018476307,128,41.28338561553433,144.72,41.349,47.276,1.130625,0.8844665561083471,31.365,0.399,9.585,65.6,7,Phi-3-mini-Q4,llama.cpp,finegrained_gpu_emc
2026-05-16T02:58:59.982900,GPU918_EMC665_CPU1036,1300,1036,665,918,665,p1024_o128,1024,128,decode,2,25.73928702622652,24.20745122862437,3100.556134013459,128,41.28291650514732,144.17,41.191,46.776,1.126328125,0.8878407435666228,31.251,0.399,9.541,65.6,7,Phi-3-mini-Q4,llama.cpp,finegrained_gpu_emc
2026-05-16T02:59:07.085855,GPU918_EMC665_CPU1036,1300,1036,665,918,665,p128_o256,128,256,decode,0,25.364616885781288,24.57009350661846,6291.66341596283,256,40.688762744442464,287.098,44.169,47.276,1.1214765625,0.8916815860786212,33.716,0.399,10.054,65.8,13,Phi-3-mini-Q4,llama.cpp,finegrained_gpu_emc
2026-05-16T02:59:14.225768,GPU918_EMC665_CPU1036,1300,1036,665,918,665,p128_o256,128,256,decode,1,28.82729796692729,24.701581662520766,6328.654362121597,256,40.45093717429362,283.45,43.608,46.776,1.1072265625,0.9031575233727288,33.225,0.399,9.983,65.9,13,Phi-3-mini-Q4,llama.cpp,finegrained_gpu_emc
2026-05-16T02:59:21.367304,GPU918_EMC665_CPU1036,1300,1036,665,918,665,p128_o256,128,256,decode,2,28.89786008745432,24.706796799585515,6330.062847118825,256,40.44193654673118,287.25,44.192,46.877,1.1220703125,0.8912097476066144,33.747,0.399,10.047,66.0,13,Phi-3-mini-Q4,llama.cpp,finegrained_gpu_emc
2026-05-16T02:59:29.545891,GPU918_EMC665_CPU1036,1300,1036,665,918,665,p1024_o512,1024,512,decode,0,29.012962942942977,25.03514896969834,7366.765618091449,293,39.77322140946697,332.689,44.359,46.776,1.1354573378839592,0.8807023977348214,33.906,0.399,10.053,66.1,15,Phi-3-mini-Q4,llama.cpp,finegrained_gpu_emc
2026-05-16T02:59:43.803700,GPU918_EMC665_CPU1036,1300,1036,665,918,665,p1024_o512,1024,512,decode,1,29.17926595546305,26.248222317203968,13443.973753135651,512,38.08397795187468,597.242,44.24,46.877,1.16648828125,0.8572739358584963,33.754,0.399,10.087,66.3,27,Phi-3-mini-Q4,llama.cpp,finegrained_gpu_emc
2026-05-16T02:59:58.026621,GPU918_EMC665_CPU1036,1300,1036,665,918,665,p1024_o512,1024,512,decode,2,29.014864936470985,26.180437843473864,13409.089569933712,512,38.18305466077449,580.556,44.658,46.877,1.1338984375,0.8819132004492245,34.096,0.399,10.163,66.4,26,Phi-3-mini-Q4,llama.cpp,finegrained_gpu_emc
2026-05-16T03:00:06.192295,GPU918_EMC2133_CPU1036,1300,1036,2133,918,2133,p128_o64,128,64,decode,0,25.31149890273809,24.08216028503837,1542.7409948315471,64,41.48460448928966,78.554,39.277,46.276,1.22740625,0.8147261756244112,29.641,0.399,9.237,65.5,4,Phi-3-mini-Q4,llama.cpp,finegrained_gpu_emc
2026-05-16T03:00:08.543025,GPU918_EMC2133_CPU1036,1300,1036,2133,918,2133,p128_o64,128,64,decode,1,25.32039489597082,24.044831431219503,1540.3998049441725,64,41.54765522209314,73.806,36.903,45.776,1.15321875,0.8671381730482617,27.644,0.399,8.861,65.4,4,Phi-3-mini-Q4,llama.cpp,finegrained_gpu_emc
2026-05-16T03:00:10.895306,GPU918_EMC2133_CPU1036,1300,1036,2133,918,2133,p128_o64,128,64,decode,2,25.32858797349036,24.068379538163303,1541.8882968369871,64,41.50754638405967,73.856,36.928,45.877,1.154,0.8665511265164645,27.644,0.399,8.886,65.4,4,Phi-3-mini-Q4,llama.cpp,finegrained_gpu_emc
2026-05-16T03:00:14.801174,GPU918_EMC2133_CPU1036,1300,1036,2133,918,2133,p512_o128,512,128,decode,0,25.340365013107657,24.16848565275803,3095.2094490639865,128,41.3542288838347,144.32,41.234,47.075,1.1275,0.8869179600886918,31.308,0.399,9.527,65.6,7,Phi-3-mini-Q4,llama.cpp,finegrained_gpu_emc
2026-05-16T03:00:18.714624,GPU918_EMC2133_CPU1036,1300,1036,2133,918,2133,p512_o128,512,128,decode,1,25.566085940226912,24.22864959890565,3103.0760549474508,128,41.24939180782265,144.814,41.375,47.276,1.131359375,0.8838924413385446,31.363,0.399,9.613,65.7,7,Phi-3-mini-Q4,llama.cpp,finegrained_gpu_emc
2026-05-16T03:00:22.620368,GPU918_EMC2133_CPU1036,1300,1036,2133,918,2133,p512_o128,512,128,decode,2,25.332560995593667,24.168110898087228,3095.164258033037,128,41.35483267739187,144.514,41.29,47.276,1.129015625,0.8857273343759081,31.306,0.399,9.585,65.8,7,Phi-3-mini-Q4,llama.cpp,finegrained_gpu_emc
2026-05-16T03:00:26.533349,GPU918_EMC2133_CPU1036,1300,1036,2133,918,2133,p1024_o128,1024,128,decode,0,25.77305701561272,24.220854370290134,3102.2948869504035,128,41.25977853956549,144.749,41.357,46.877,1.1308515625,0.8842893560577275,31.359,0.399,9.599,65.7,7,Phi-3-mini-Q4,llama.cpp,finegrained_gpu_emc
2026-05-16T03:00:30.440765,GPU918_EMC2133_CPU1036,1300,1036,2133,918,2133,p1024_o128,1024,128,decode,1,25.390513939782977,24.18162202367222,3096.9299010466784,128,41.331255175242894,144.463,41.275,46.776,1.1286171875,0.8860400240892132,31.306,0.399,9.57,65.7,7,Phi-3-mini-Q4,llama.cpp,finegrained_gpu_emc
2026-05-16T03:00:34.347130,GPU918_EMC2133_CPU1036,1300,1036,2133,918,2133,p1024_o128,1024,128,decode,2,25.433681905269623,24.17343427559112,3095.926408888772,128,41.34465200222357,145.021,41.435,47.276,1.1329765625,0.8826307914026246,31.422,0.399,9.613,65.8,7,Phi-3-mini-Q4,llama.cpp,finegrained_gpu_emc
2026-05-16T03:00:41.448566,GPU918_EMC2133_CPU1036,1300,1036,2133,918,2133,p128_o256,128,256,decode,0,25.65137203782797,24.561302117345964,6289.714672137052,256,40.70136935369424,286.506,44.078,46.877,1.1191640625,0.8935240448716607,33.656,0.399,10.023,65.9,13,Phi-3-mini-Q4,llama.cpp,finegrained_gpu_emc
2026-05-16T03:00:48.573373,GPU918_EMC2133_CPU1036,1300,1036,2133,918,2133,p128_o256,128,256,decode,1,28.82798993960023,24.640817972192284,6313.202264020219,256,40.54994427455272,286.693,44.107,46.877,1.11989453125,0.892941229817261,33.653,0.399,10.054,66.1,13,Phi-3-mini-Q4,llama.cpp,finegrained_gpu_emc
2026-05-16T03:00:55.707270,GPU918_EMC2133_CPU1036,1300,1036,2133,918,2133,p128_o256,128,256,decode,2,28.73580507002771,24.67732267436005,6322.393340058625,256,40.490995455468806,287.055,44.162,46.776,1.12130859375,0.8918151573740224,33.717,0.399,10.046,66.2,13,Phi-3-mini-Q4,llama.cpp,finegrained_gpu_emc
2026-05-16T03:01:09.949906,GPU918_EMC2133_CPU1036,1300,1036,2133,918,2133,p1024_o512,1024,512,decode,0,28.751776088029143,26.217515671027936,13427.78422893025,512,38.12989479655866,596.286,44.169,46.776,1.16462109375,0.858648366723351,33.679,0.399,10.091,66.3,27,Phi-3-mini-Q4,llama.cpp,finegrained_gpu_emc
2026-05-16T03:01:24.177213,GPU918_EMC2133_CPU1036,1300,1036,2133,918,2133,p1024_o512,1024,512,decode,1,29.106073081493378,26.18975983158031,13413.941886043176,512,38.16924244563199,581.04,44.695,46.877,1.13484375,0.8811785763458626,34.145,0.399,10.151,66.5,26,Phi-3-mini-Q4,llama.cpp,finegrained_gpu_emc
2026-05-16T03:01:38.414976,GPU918_EMC2133_CPU1036,1300,1036,2133,918,2133,p1024_o512,1024,512,decode,2,29.391925083473325,26.20871255398453,13423.949890071526,512,38.14078599762056,596.278,44.169,46.877,1.16460546875,0.8586598868313102,33.679,0.399,10.091,66.5,27,Phi-3-mini-Q4,llama.cpp,finegrained_gpu_emc
2026-05-16T03:01:46.576415,GPU918_EMC3199_CPU1036,1300,1036,3199,918,3199,p128_o64,128,64,decode,0,25.81245102919638,24.081546761509443,1543.1995841208843,64,41.47227659892024,78.804,39.402,46.276,1.2313125,0.8121415156591035,29.74,0.399,9.262,65.6,4,Phi-3-mini-Q4,llama.cpp,finegrained_gpu_emc
2026-05-16T03:01:48.927949,GPU918_EMC3199_CPU1036,1300,1036,3199,918,3199,p128_o64,128,64,decode,1,25.30792681500316,24.06022477791541,1541.3536939304322,64,41.521942855828776,73.849,36.924,45.863,1.153890625,0.866633265176238,27.64,0.399,8.886,65.6,4,Phi-3-mini-Q4,llama.cpp,finegrained_gpu_emc
2026-05-16T03:01:51.281923,GPU918_EMC3199_CPU1036,1300,1036,3199,918,3199,p128_o64,128,64,decode,2,25.597197003662583,24.09998134946421,1544.148909160867,64,41.44677991890001,73.599,36.8,45.762,1.149984375,0.8695770322966344,27.54,0.399,8.86,65.6,4,Phi-3-mini-Q4,llama.cpp,finegrained_gpu_emc
2026-05-16T03:01:55.191491,GPU918_EMC3199_CPU1036,1300,1036,3199,918,3199,p512_o128,512,128,decode,0,25.63374093733728,24.196308929341164,3099.034813931212,128,41.30318234070705,144.155,41.187,46.776,1.1262109375,0.8879331275363325,31.247,0.399,9.541,65.8,7,Phi-3-mini-Q4,llama.cpp,finegrained_gpu_emc
2026-05-16T03:01:59.101341,GPU918_EMC3199_CPU1036,1300,1036,3199,918,3199,p512_o128,512,128,decode,1,25.342361070215706,24.201216999309388,3099.3704709690064,128,41.298709269815454,144.422,41.263,46.877,1.128296875,0.8862915622273615,31.251,0.399,9.613,65.8,7,Phi-3-mini-Q4,llama.cpp,finegrained_gpu_emc
2026-05-16T03:02:03.011565,GPU918_EMC3199_CPU1036,1300,1036,3199,918,3199,p512_o128,512,128,decode,2,25.437206029891968,24.202244638604675,3099.5920822024345,128,41.29575654001826,143.678,41.051,46.877,1.122484375,0.8908809977867176,31.081,0.399,9.57,65.9,7,Phi-3-mini-Q4,llama.cpp,finegrained_gpu_emc
2026-05-16T03:02:06.920756,GPU918_EMC3199_CPU1036,1300,1036,3199,918,3199,p1024_o128,1024,128,decode,0,25.392570067197084,24.195365275908998,3098.678663140163,128,41.30792957740457,144.812,41.375,47.175,1.13134375,0.8839046487860122,31.42,0.399,9.556,65.9,7,Phi-3-mini-Q4,llama.cpp,finegrained_gpu_emc
2026-05-16T03:02:10.828713,GPU918_EMC3199_CPU1036,1300,1036,3199,918,3199,p1024_o128,1024,128,decode,1,25.78836516477168,24.182868976600645,3097.4836840759963,128,41.32386577467426,144.856,41.388,46.877,1.1316875,0.883636162809963,31.361,0.399,9.628,65.9,7,Phi-3-mini-Q4,llama.cpp,finegrained_gpu_emc
2026-05-16T03:02:14.738380,GPU918_EMC3199_CPU1036,1300,1036,3199,918,3199,p1024_o128,1024,128,decode,2,25.59819794259965,24.196845772639502,3099.074234021828,128,41.30265696600879,144.32,41.234,46.877,1.1275,0.8869179600886918,31.251,0.399,9.585,65.9,7,Phi-3-mini-Q4,llama.cpp,finegrained_gpu_emc
2026-05-16T03:02:21.839694,GPU918_EMC3199_CPU1036,1300,1036,3199,918,3199,p128_o256,128,256,decode,0,25.96397814340889,24.56011394878813,6289.717928972095,256,40.70134827840159,287.306,44.201,46.877,1.1222890625,0.8910360382310151,33.748,0.399,10.054,66.1,13,Phi-3-mini-Q4,llama.cpp,finegrained_gpu_emc
2026-05-16T03:02:28.970474,GPU918_EMC3199_CPU1036,1300,1036,3199,918,3199,p128_o256,128,256,decode,1,28.919680044054985,24.665418568560305,6319.535620976239,256,40.50930564427347,283.954,43.685,46.776,1.1091953125,0.9015544771336202,33.311,0.399,9.976,66.1,13,Phi-3-mini-Q4,llama.cpp,finegrained_gpu_emc
2026-05-16T03:02:36.100844,GPU918_EMC3199_CPU1036,1300,1036,3199,918,3199,p128_o256,128,256,decode,2,28.74148194678128,24.663785694386156,6318.958512041718,256,40.51300534924447,286.978,44.15,46.877,1.1210078125,0.8920544431977364,33.682,0.399,10.07,66.2,13,Phi-3-mini-Q4,llama.cpp,finegrained_gpu_emc
2026-05-16T03:02:50.359130,GPU918_EMC3199_CPU1036,1300,1036,3199,918,3199,p1024_o512,1024,512,decode,0,28.989731101319197,26.25013346949669,13444.700760999694,512,38.08191860135753,596.776,44.206,46.877,1.165578125,0.8579433489282412,33.738,0.399,10.069,66.4,27,Phi-3-mini-Q4,llama.cpp,finegrained_gpu_emc
2026-05-16T03:03:04.586717,GPU918_EMC3199_CPU1036,1300,1036,3199,918,3199,p1024_o512,1024,512,decode,1,28.870124835520983,26.189785657556264,13413.721855962647,512,38.16986854937703,597.091,44.229,47.276,1.166193359375,0.857490734243189,33.75,0.399,10.08,66.6,27,Phi-3-mini-Q4,llama.cpp,finegrained_gpu_emc
2026-05-16T03:03:18.828791,GPU918_EMC3199_CPU1036,1300,1036,3199,918,3199,p1024_o512,1024,512,decode,2,29.519482981413603,26.216500929471128,13428.062813123688,512,38.12910373785305,595.636,44.121,47.376,1.1633515625,0.8595853843622616,33.635,0.399,10.087,66.7,27,Phi-3-mini-Q4,llama.cpp,finegrained_gpu_emc
2026-05-16T03:03:27.564662,GPU1020_EMC204_CPU1036,1020,1036,204,1020,204,p128_o64,128,64,decode,0,25.166493840515614,24.117435905195418,1544.8163067921996,64,41.42887391763462,78.642,39.321,46.362,1.22878125,0.8138145011571425,29.634,0.399,9.287,65.6,4,Phi-3-mini-Q4,llama.cpp,finegrained_gpu_emc
2026-05-16T03:03:29.919037,GPU1020_EMC204_CPU1036,1020,1036,204,1020,204,p128_o64,128,64,decode,1,25.4826748277992,24.105360384084403,1544.3668339867145,64,41.44093138466775,73.195,36.598,45.863,1.143671875,0.8743766650727509,27.338,0.399,8.861,65.5,4,Phi-3-mini-Q4,llama.cpp,finegrained_gpu_emc
2026-05-16T03:03:32.270599,GPU1020_EMC204_CPU1036,1020,1036,204,1020,204,p128_o64,128,64,decode,2,25.438773911446333,24.063063637604788,1541.6599030140787,64,41.51369564381512,73.649,36.824,45.863,1.150765625,0.8689866800635446,27.54,0.399,8.886,65.6,4,Phi-3-mini-Q4,llama.cpp,finegrained_gpu_emc
2026-05-16T03:03:36.174696,GPU1020_EMC204_CPU1036,1020,1036,204,1020,204,p512_o128,512,128,decode,0,25.52737994119525,24.152876686407478,3093.412237940356,128,41.37825487017032,144.556,41.302,46.877,1.12934375,0.8854699908685907,31.304,0.399,9.599,65.7,7,Phi-3-mini-Q4,llama.cpp,finegrained_gpu_emc
2026-05-16T03:03:40.080902,GPU1020_EMC204_CPU1036,1020,1036,204,1020,204,p512_o128,512,128,decode,1,25.597458938136697,24.17046739536477,3095.715569099412,128,41.34746786095632,144.642,41.326,46.862,1.130015625,0.884943515714661,31.3,0.399,9.628,65.9,7,Phi-3-mini-Q4,llama.cpp,finegrained_gpu_emc
2026-05-16T03:03:43.994778,GPU1020_EMC204_CPU1036,1020,1036,204,1020,204,p512_o128,512,128,decode,2,25.738574797287583,24.227742732715186,3103.13180484809,128,41.248650734081885,144.162,41.189,46.776,1.126265625,0.887890012624686,31.249,0.399,9.541,65.9,7,Phi-3-mini-Q4,llama.cpp,finegrained_gpu_emc
2026-05-16T03:03:47.908293,GPU1020_EMC204_CPU1036,1020,1036,204,1020,204,p1024_o128,1024,128,decode,0,25.51106410101056,24.225994779574357,3102.711487095803,128,41.25423860141454,144.398,41.256,46.776,1.128109375,0.8864388703444647,31.302,0.399,9.556,66.0,7,Phi-3-mini-Q4,llama.cpp,finegrained_gpu_emc
2026-05-16T03:03:51.820505,GPU1020_EMC204_CPU1036,1020,1036,204,1020,204,p1024_o128,1024,128,decode,1,25.41183680295944,24.2142800395707,3101.1312399059534,128,41.27526057358404,144.086,41.168,46.761,1.125671875,0.888358341546021,31.184,0.399,9.584,65.9,7,Phi-3-mini-Q4,llama.cpp,finegrained_gpu_emc
2026-05-16T03:03:55.728476,GPU1020_EMC204_CPU1036,1020,1036,204,1020,204,p1024_o128,1024,128,decode,2,25.679028825834397,24.18368773380896,3097.4858179688454,128,41.32383730619794,144.592,41.312,46.862,1.129625,0.8852495297111873,31.3,0.399,9.613,65.9,7,Phi-3-mini-Q4,llama.cpp,finegrained_gpu_emc
2026-05-16T03:04:02.825589,GPU1020_EMC204_CPU1036,1020,1036,204,1020,204,p128_o256,128,256,decode,0,25.53311502560973,24.545922690052905,6285.687016090378,256,40.727449417172686,286.328,44.05,46.977,1.11846875,0.8940795171970608,33.59,0.399,10.062,66.1,13,Phi-3-mini-Q4,llama.cpp,finegrained_gpu_emc
2026-05-16T03:04:09.953082,GPU1020_EMC204_CPU1036,1020,1036,204,1020,204,p128_o256,128,256,decode,1,28.903269907459617,24.65140983170154,6315.995045937598,256,40.53201405923479,286.576,44.089,46.776,1.1194375,0.8933057897381497,33.651,0.399,10.039,66.2,13,Phi-3-mini-Q4,llama.cpp,finegrained_gpu_emc
2026-05-16T03:04:17.075959,GPU1020_EMC204_CPU1036,1020,1036,204,1020,204,p128_o256,128,256,decode,2,28.970150044187903,24.632416435462588,6311.154645169154,256,40.56310047733565,286.877,44.135,46.862,1.12061328125,0.8923685063633543,33.682,0.399,10.054,66.3,13,Phi-3-mini-Q4,llama.cpp,finegrained_gpu_emc
2026-05-16T03:04:31.333174,GPU1020_EMC204_CPU1036,1020,1036,204,1020,204,p1024_o512,1024,512,decode,0,28.930729953572158,26.247251818025823,13443.150808103384,512,38.08630932648409,597.182,44.236,46.877,1.16637109375,0.8573600677850304,33.749,0.399,10.087,66.5,27,Phi-3-mini-Q4,llama.cpp,finegrained_gpu_emc
2026-05-16T03:04:45.566093,GPU1020_EMC204_CPU1036,1020,1036,204,1020,204,p1024_o512,1024,512,decode,1,28.90228689648211,26.200191714252306,13419.062844011933,512,38.15467636985341,596.392,44.177,46.877,1.164828125,0.8584957544702142,33.691,0.399,10.088,66.6,27,Phi-3-mini-Q4,llama.cpp,finegrained_gpu_emc
2026-05-16T03:04:59.802098,GPU1020_EMC204_CPU1036,1020,1036,204,1020,204,p1024_o512,1024,512,decode,2,28.78578403033316,26.207232088262465,13422.55926807411,512,38.144737510513714,597.795,44.281,47.276,1.167568359375,0.8564809006431972,33.754,0.399,10.128,66.8,27,Phi-3-mini-Q4,llama.cpp,finegrained_gpu_emc
2026-05-16T03:05:07.869801,GPU1020_EMC665_CPU1036,1300,1036,665,1020,665,p128_o64,128,64,decode,0,25.48590395599604,24.0453191116334,1540.5926150269806,64,41.54245540043638,78.846,39.423,46.362,1.23196875,0.8117089008954164,29.737,0.399,9.287,65.9,4,Phi-3-mini-Q4,llama.cpp,finegrained_gpu_emc
2026-05-16T03:05:10.222354,GPU1020_EMC665_CPU1036,1300,1036,665,1020,665,p128_o64,128,64,decode,1,25.697865057736635,24.074906985911117,1542.6698601804674,64,41.48651740205324,74.106,37.053,45.877,1.15790625,0.8636277764283594,27.743,0.399,8.911,65.9,4,Phi-3-mini-Q4,llama.cpp,finegrained_gpu_emc
2026-05-16T03:05:12.574356,GPU1020_EMC665_CPU1036,1300,1036,665,1020,665,p128_o64,128,64,decode,2,25.331958895549175,24.070305779339776,1542.0121909119189,64,41.5042114304891,74.156,37.078,45.877,1.1586875,0.8630454717082906,27.743,0.399,8.936,65.9,4,Phi-3-mini-Q4,llama.cpp,finegrained_gpu_emc
2026-05-16T03:05:16.484322,GPU1020_EMC665_CPU1036,1300,1036,665,1020,665,p512_o128,512,128,decode,0,25.349525967612863,24.200052283264284,3099.256725050509,128,41.300224975042674,144.57,41.306,46.776,1.129453125,0.8853842429273017,31.308,0.399,9.599,66.0,7,Phi-3-mini-Q4,llama.cpp,finegrained_gpu_emc
2026-05-16T03:05:20.395759,GPU1020_EMC665_CPU1036,1300,1036,665,1020,665,p512_o128,512,128,decode,1,25.971427094191316,24.20541166151896,3100.5343401338905,128,41.28320668574584,144.52,41.292,46.776,1.1290625,0.8856905618599501,31.308,0.399,9.584,66.1,7,Phi-3-mini-Q4,llama.cpp,finegrained_gpu_emc
2026-05-16T03:05:24.306309,GPU1020_EMC665_CPU1036,1300,1036,665,1020,665,p512_o128,512,128,decode,2,25.637165876105428,24.20018797586342,3099.543838994577,128,41.29639929258762,144.013,41.147,46.776,1.1251015625,0.8888086492191677,31.192,0.399,9.556,66.1,7,Phi-3-mini-Q4,llama.cpp,finegrained_gpu_emc
2026-05-16T03:05:28.214818,GPU1020_EMC665_CPU1036,1300,1036,665,1020,665,p1024_o128,1024,128,decode,0,25.356121128425,24.18863076320666,3097.784852143377,128,41.31984824944701,144.364,41.247,46.877,1.12784375,0.8866476406860436,31.249,0.399,9.599,66.0,7,Phi-3-mini-Q4,llama.cpp,finegrained_gpu_emc
2026-05-16T03:05:32.124293,GPU1020_EMC665_CPU1036,1300,1036,665,1020,665,p1024_o128,1024,128,decode,1,25.765708880499005,24.19353583570951,3098.821128020063,128,41.30603049095103,145.099,41.457,47.276,1.1335859375,0.8821563208567944,31.416,0.399,9.642,66.1,7,Phi-3-mini-Q4,llama.cpp,finegrained_gpu_emc
2026-05-16T03:05:36.034326,GPU1020_EMC665_CPU1036,1300,1036,665,1020,665,p1024_o128,1024,128,decode,2,25.956327095627785,24.197140039406776,3099.467399995774,128,41.297417743504745,144.012,41.146,46.776,1.12509375,0.8888148209871399,31.192,0.399,9.556,66.2,7,Phi-3-mini-Q4,llama.cpp,finegrained_gpu_emc
2026-05-16T03:05:43.128164,GPU1020_EMC665_CPU1036,1300,1036,665,1020,665,p128_o256,128,256,decode,0,25.911018019542094,24.52926958418068,6281.7885868716985,256,40.75272455603076,287.562,44.24,47.16,1.1232890625,0.8902427998136053,33.772,0.399,10.07,66.3,13,Phi-3-mini-Q4,llama.cpp,finegrained_gpu_emc
2026-05-16T03:05:50.255701,GPU1020_EMC665_CPU1036,1300,1036,665,1020,665,p128_o256,128,256,decode,1,28.79488910548389,24.650780897697103,6315.652403049171,256,40.53421304130104,287.326,44.204,46.776,1.1223671875,0.8909740155781237,33.743,0.399,10.062,66.4,13,Phi-3-mini-Q4,llama.cpp,finegrained_gpu_emc
2026-05-16T03:05:57.387364,GPU1020_EMC665_CPU1036,1300,1036,665,1020,665,p128_o256,128,256,decode,2,29.000387992709875,24.66743215370704,6320.120356045663,256,40.505557739120746,287.113,44.171,46.862,1.12153515625,0.8916350008533226,33.68,0.399,10.093,66.5,13,Phi-3-mini-Q4,llama.cpp,finegrained_gpu_emc
2026-05-16T03:06:11.633834,GPU1020_EMC665_CPU1036,1300,1036,665,1020,665,p1024_o512,1024,512,decode,0,28.767598094418645,26.22711295881646,13432.707536034286,512,38.115919566217016,598.396,44.326,46.877,1.1687421875,0.8556206926516889,33.81,0.399,10.117,66.6,27,Phi-3-mini-Q4,llama.cpp,finegrained_gpu_emc
2026-05-16T03:06:25.853620,GPU1020_EMC665_CPU1036,1300,1036,665,1020,665,p1024_o512,1024,512,decode,1,29.085318092256784,26.174164209022766,13406.002013012769,512,38.19184865875884,596.956,44.219,47.261,1.1659296875,0.857684653475298,33.733,0.399,10.087,66.8,27,Phi-3-mini-Q4,llama.cpp,finegrained_gpu_emc
2026-05-16T03:06:40.080676,GPU1020_EMC665_CPU1036,1300,1036,665,1020,665,p1024_o512,1024,512,decode,2,29.387392103672028,26.18726356540043,13413.039456121624,512,38.17181047404782,597.09,44.229,47.276,1.16619140625,0.8574921703595773,33.716,0.399,10.114,66.9,27,Phi-3-mini-Q4,llama.cpp,finegrained_gpu_emc
2026-05-16T03:06:48.251149,GPU1020_EMC2133_CPU1036,1300,1036,2133,1020,2133,p128_o64,128,64,decode,0,25.38365987129509,24.065085476086963,1541.738532949239,64,41.51157841114111,78.887,39.444,46.362,1.232609375,0.8112870308162308,29.732,0.399,9.312,66.0,4,Phi-3-mini-Q4,llama.cpp,finegrained_gpu_emc
2026-05-16T03:06:50.603606,GPU1020_EMC2133_CPU1036,1300,1036,2133,1020,2133,p128_o64,128,64,decode,1,25.45069786719978,24.069915255827325,1542.137908982113,64,41.500827926759904,73.9,36.95,45.863,1.1546875,0.8660351826792962,27.64,0.399,8.911,66.0,4,Phi-3-mini-Q4,llama.cpp,finegrained_gpu_emc
2026-05-16T03:06:52.957431,GPU1020_EMC2133_CPU1036,1300,1036,2133,1020,2133,p128_o64,128,64,decode,2,25.697122095152736,24.087507540123568,1543.4588890057055,64,41.465309154576005,73.395,36.698,45.863,1.146796875,0.8719940050412154,27.438,0.399,8.861,65.9,4,Phi-3-mini-Q4,llama.cpp,finegrained_gpu_emc
2026-05-16T03:06:56.865069,GPU1020_EMC2133_CPU1036,1300,1036,2133,1020,2133,p512_o128,512,128,decode,0,25.347309885546565,24.183317520252363,3097.1113389823586,128,41.32883386816114,144.587,41.311,46.862,1.1295859375,0.8852801427514231,31.298,0.399,9.613,66.1,7,Phi-3-mini-Q4,llama.cpp,finegrained_gpu_emc
2026-05-16T03:07:00.769841,GPU1020_EMC2133_CPU1036,1300,1036,2133,1020,2133,p512_o128,512,128,decode,1,25.63315792940557,24.16046022796842,3094.485638896004,128,41.36390177130232,145.013,41.432,47.276,1.1329140625,0.8826794839083392,31.42,0.399,9.613,66.2,7,Phi-3-mini-Q4,llama.cpp,finegrained_gpu_emc
2026-05-16T03:07:04.676729,GPU1020_EMC2133_CPU1036,1300,1036,2133,1020,2133,p512_o128,512,128,decode,2,25.433740811422467,24.17350070199042,3095.9412418305874,128,41.34445391615875,144.786,41.367,47.261,1.131140625,0.884063376293288,31.355,0.399,9.613,66.1,7,Phi-3-mini-Q4,llama.cpp,finegrained_gpu_emc
2026-05-16T03:07:08.584609,GPU1020_EMC2133_CPU1036,1300,1036,2133,1020,2133,p1024_o128,1024,128,decode,0,25.54276213049889,24.182798298750456,3097.2326260525733,128,41.32721543849167,144.836,41.382,46.862,1.13153125,0.8837581816675412,31.355,0.399,9.628,66.2,7,Phi-3-mini-Q4,llama.cpp,finegrained_gpu_emc
2026-05-16T03:07:12.489512,GPU1020_EMC2133_CPU1036,1300,1036,2133,1020,2133,p1024_o128,1024,128,decode,1,25.52612288855016,24.160518481462137,3094.3798578809947,128,41.36531579146632,144.836,41.382,47.261,1.13153125,0.8837581816675412,31.355,0.399,9.628,66.2,7,Phi-3-mini-Q4,llama.cpp,finegrained_gpu_emc
2026-05-16T03:07:16.397004,GPU1020_EMC2133_CPU1036,1300,1036,2133,1020,2133,p1024_o128,1024,128,decode,2,25.41035204194486,24.183239740150885,3097.155831055716,128,41.328240160382606,144.998,41.428,47.276,1.132796875,0.8827707968385772,31.416,0.399,9.613,66.3,7,Phi-3-mini-Q4,llama.cpp,finegrained_gpu_emc
2026-05-16T03:07:23.504823,GPU1020_EMC2133_CPU1036,1300,1036,2133,1020,2133,p128_o256,128,256,decode,0,25.573547929525372,24.58687605171957,6296.192028094083,256,40.65949686059585,287.332,44.205,47.261,1.122390625,0.8909554104659418,33.644,0.491,10.07,66.5,13,Phi-3-mini-Q4,llama.cpp,finegrained_gpu_emc
2026-05-16T03:07:30.639275,GPU1020_EMC2133_CPU1036,1300,1036,2133,1020,2133,p128_o256,128,256,decode,1,29.19349307194352,24.677014038624133,6322.765193879604,256,40.48861410317852,286.383,44.059,46.761,1.11868359375,0.8939078087735656,33.583,0.43,10.046,66.5,13,Phi-3-mini-Q4,llama.cpp,finegrained_gpu_emc
2026-05-16T03:07:37.777586,GPU1020_EMC2133_CPU1036,1300,1036,2133,1020,2133,p128_o256,128,256,decode,2,28.791779186576605,24.693719485738114,6326.662887120619,256,40.46367011606498,286.33,44.051,46.862,1.1184765625,0.8940732720986275,33.582,0.399,10.07,66.6,13,Phi-3-mini-Q4,llama.cpp,finegrained_gpu_emc
2026-05-16T03:07:52.031988,GPU1020_EMC2133_CPU1036,1300,1036,2133,1020,2133,p1024_o512,1024,512,decode,0,28.90624082647264,26.24237975934903,13440.664858790116,512,38.09335366807804,596.674,44.198,46.862,1.16537890625,0.8580900123015248,33.726,0.399,10.073,66.7,27,Phi-3-mini-Q4,llama.cpp,finegrained_gpu_emc
2026-05-16T03:08:06.295278,GPU1020_EMC2133_CPU1036,1300,1036,2133,1020,2133,p1024_o512,1024,512,decode,1,29.48129689320922,26.25850124472348,13449.528680881484,512,38.068248497645,600.77,44.502,47.261,1.17337890625,0.8522396258135393,33.759,0.576,10.166,66.9,27,Phi-3-mini-Q4,llama.cpp,finegrained_gpu_emc
2026-05-16T03:08:20.440133,GPU1020_EMC2133_CPU1036,1300,1036,2133,1020,2133,p1024_o512,1024,512,decode,2,29.182046186178923,26.340736650458965,13331.379360053688,505,37.88055131888215,588.144,45.242,47.76,1.164641584158416,0.8586332598819336,34.046,0.936,10.259,67.1,26,Phi-3-mini-Q4,llama.cpp,finegrained_gpu_emc
2026-05-16T03:08:28.596935,GPU1020_EMC3199_CPU1036,1300,1036,3199,1020,3199,p128_o64,128,64,decode,0,25.666166096925732,24.04602145820501,1540.817734086886,64,41.53638589701686,78.647,39.324,46.362,1.228859375,0.8137627627245794,29.637,0.399,9.287,66.0,4,Phi-3-mini-Q4,llama.cpp,finegrained_gpu_emc
2026-05-16T03:08:30.948901,GPU1020_EMC3199_CPU1036,1300,1036,3199,1020,3199,p128_o64,128,64,decode,1,25.940044783055782,24.05627576323847,1541.7349769268185,64,41.51167415788471,74.106,37.053,45.877,1.15790625,0.8636277764283594,27.743,0.399,8.911,66.0,4,Phi-3-mini-Q4,llama.cpp,finegrained_gpu_emc
2026-05-16T03:08:33.301610,GPU1020_EMC3199_CPU1036,1300,1036,3199,1020,3199,p128_o64,128,64,decode,2,25.592697085812688,24.078002410186897,1542.757143964991,64,41.48417024050567,73.849,36.924,45.863,1.153890625,0.866633265176238,27.64,0.399,8.886,65.9,4,Phi-3-mini-Q4,llama.cpp,finegrained_gpu_emc
2026-05-16T03:08:37.212785,GPU1020_EMC3199_CPU1036,1300,1036,3199,1020,3199,p512_o128,512,128,decode,0,25.369761046022177,24.21087637089017,3100.625829072669,128,41.28198855851048,144.786,41.367,47.261,1.131140625,0.884063376293288,31.355,0.399,9.613,66.2,7,Phi-3-mini-Q4,llama.cpp,finegrained_gpu_emc
2026-05-16T03:08:41.123941,GPU1020_EMC3199_CPU1036,1300,1036,3199,1020,3199,p512_o128,512,128,decode,1,25.97210998646915,24.196559882275466,3099.4043201208115,128,41.29825823918665,144.786,41.368,47.261,1.131140625,0.884063376293288,31.355,0.399,9.613,66.3,7,Phi-3-mini-Q4,llama.cpp,finegrained_gpu_emc
2026-05-16T03:08:45.030271,GPU1020_EMC3199_CPU1036,1300,1036,3199,1020,3199,p512_o128,512,128,decode,2,25.581659050658345,24.16996233803257,3095.6350839696825,128,41.34854287665567,144.786,41.368,47.261,1.131140625,0.884063376293288,31.355,0.399,9.613,66.3,7,Phi-3-mini-Q4,llama.cpp,finegrained_gpu_emc
2026-05-16T03:08:48.935377,GPU1020_EMC3199_CPU1036,1300,1036,3199,1020,3199,p1024_o128,1024,128,decode,0,25.828564073890448,24.15919796871681,3094.5242908783257,128,41.36338511780416,145.482,41.566,47.361,1.136578125,0.8798339313454585,31.468,0.399,9.699,66.3,7,Phi-3-mini-Q4,llama.cpp,finegrained_gpu_emc
2026-05-16T03:08:52.845137,GPU1020_EMC3199_CPU1036,1300,1036,3199,1020,3199,p1024_o128,1024,128,decode,1,25.4167050588876,24.199998024557758,3099.2894950322807,128,41.29978829185391,144.986,41.424,47.261,1.132703125,0.8828438607865587,31.412,0.399,9.613,66.3,7,Phi-3-mini-Q4,llama.cpp,finegrained_gpu_emc
2026-05-16T03:08:56.750330,GPU1020_EMC3199_CPU1036,1300,1036,3199,1020,3199,p1024_o128,1024,128,decode,2,25.36665997467935,24.16426110939365,3094.699773006141,128,41.361039644780426,144.692,41.34,47.261,1.13040625,0.8846377132115113,31.3,0.399,9.642,66.2,7,Phi-3-mini-Q4,llama.cpp,finegrained_gpu_emc
2026-05-16T03:09:03.846905,GPU1020_EMC3199_CPU1036,1300,1036,3199,1020,3199,p128_o256,128,256,decode,0,25.357445003464814,24.544101921549323,6285.022157011554,256,40.73175775751357,286.505,44.078,47.175,1.11916015625,0.8935271635748068,33.617,0.399,10.062,66.4,13,Phi-3-mini-Q4,llama.cpp,finegrained_gpu_emc
2026-05-16T03:09:10.983107,GPU1020_EMC3199_CPU1036,1300,1036,3199,1020,3199,p128_o256,128,256,decode,1,28.980528004467487,24.685376573025305,6324.671076145023,256,40.47641322654136,286.612,44.094,46.776,1.119578125,0.8931935857535622,33.649,0.399,10.046,66.5,13,Phi-3-mini-Q4,llama.cpp,finegrained_gpu_emc
2026-05-16T03:09:18.120531,GPU1020_EMC3199_CPU1036,1300,1036,3199,1020,3199,p128_o256,128,256,decode,2,29.029648983851075,24.689201631711104,6325.701795052737,256,40.469817941815535,287.02,44.157,46.877,1.121171875,0.8919239077416209,33.681,0.399,10.077,66.6,13,Phi-3-mini-Q4,llama.cpp,finegrained_gpu_emc
2026-05-16T03:09:32.367466,GPU1020_EMC3199_CPU1036,1300,1036,3199,1020,3199,p1024_o512,1024,512,decode,0,29.38301395624876,26.22532351088297,13432.4231070932,512,38.11672666338439,597.881,44.287,46.862,1.167736328125,0.8563577032887816,33.771,0.399,10.117,66.8,27,Phi-3-mini-Q4,llama.cpp,finegrained_gpu_emc
2026-05-16T03:09:46.592140,GPU1020_EMC3199_CPU1036,1300,1036,3199,1020,3199,p1024_o512,1024,512,decode,1,29.208909953013062,26.18333783161092,13410.782512975857,512,38.17823452916373,596.74,44.203,47.261,1.1655078125,0.8579951067466568,33.717,0.399,10.087,66.9,27,Phi-3-mini-Q4,llama.cpp,finegrained_gpu_emc
2026-05-16T03:10:00.821550,GPU1020_EMC3199_CPU1036,1300,1036,3199,1020,3199,p1024_o512,1024,512,decode,2,28.926457976922396,26.193933649837916,13415.900379884988,512,38.16367038381283,597.75,44.278,47.261,1.16748046875,0.8565453785027185,33.788,0.399,10.091,67.0,27,Phi-3-mini-Q4,llama.cpp,finegrained_gpu_emc
2026-05-16T03:10:09.172666,GPU1122_EMC204_CPU1036,1122,1036,204,1122,204,p128_o64,128,64,decode,0,27.567017124965787,26.1636269981012,1676.125270081684,64,38.18330356470375,70.182,35.091,39.289,1.09659375,0.9119147359721864,25.351,0.399,9.341,65.9,4,Phi-3-mini-Q4,llama.cpp,finegrained_gpu_emc
2026-05-16T03:10:11.665190,GPU1122_EMC204_CPU1036,1122,1036,204,1122,204,p128_o64,128,64,decode,1,27.73101208731532,26.261732651157278,1682.4712650850415,64,38.03928264817354,66.778,33.389,38.79,1.04340625,0.9583994728802898,23.85,0.499,9.04,65.8,4,Phi-3-mini-Q4,llama.cpp,finegrained_gpu_emc
2026-05-16T03:10:14.154853,GPU1122_EMC204_CPU1036,1122,1036,204,1122,204,p128_o64,128,64,decode,2,28.04280980490148,26.21252827035884,1679.6858429443091,64,38.10236317037409,66.423,33.212,38.878,1.037859375,0.9635216717101004,23.748,0.399,9.065,65.7,4,Phi-3-mini-Q4,llama.cpp,finegrained_gpu_emc
2026-05-16T03:10:18.341269,GPU1122_EMC204_CPU1036,1122,1036,204,1122,204,p512_o128,512,128,decode,0,27.805090881884095,26.356930567655624,3375.60575385578,128,37.919120102752586,129.694,37.055,39.889,1.013234375,0.9869384859746788,26.684,0.57,9.802,65.8,7,Phi-3-mini-Q4,llama.cpp,finegrained_gpu_emc
2026-05-16T03:10:22.522519,GPU1122_EMC204_CPU1036,1122,1036,204,1122,204,p512_o128,512,128,decode,1,28.027419932186604,26.316423511763254,3370.700455037877,128,37.97430288078258,129.193,36.912,39.788,1.0093203125,0.9907657535624994,26.798,0.399,9.716,65.7,7,Phi-3-mini-Q4,llama.cpp,finegrained_gpu_emc
2026-05-16T03:10:26.703824,GPU1122_EMC204_CPU1036,1122,1036,204,1122,204,p512_o128,512,128,decode,2,27.76234108023345,26.31725533865392,3370.551705127582,128,37.97597877085673,129.14,36.897,39.788,1.00890625,0.9911723710701564,26.797,0.399,9.701,65.6,7,Phi-3-mini-Q4,llama.cpp,finegrained_gpu_emc
2026-05-16T03:10:30.885690,GPU1122_EMC204_CPU1036,1122,1036,204,1122,204,p1024_o128,1024,128,decode,0,27.665993198752403,26.321812157013166,3371.0072902031243,128,37.97084639122427,129.298,36.942,39.788,1.010140625,0.9899611749601696,26.856,0.399,9.687,65.6,7,Phi-3-mini-Q4,llama.cpp,finegrained_gpu_emc
2026-05-16T03:10:35.063762,GPU1122_EMC204_CPU1036,1122,1036,204,1122,204,p1024_o128,1024,128,decode,1,27.85350801423192,26.29368288229828,3367.647922132164,128,38.00872388077883,129.399,36.971,39.788,1.0109296875,0.9891884790454332,26.856,0.399,9.716,65.5,7,Phi-3-mini-Q4,llama.cpp,finegrained_gpu_emc
2026-05-16T03:10:39.242453,GPU1122_EMC204_CPU1036,1122,1036,204,1122,204,p1024_o128,1024,128,decode,2,28.051742119714618,26.29600655045507,3368.1216139812022,128,38.0033783425952,128.948,36.842,39.688,1.00740625,0.992648199274126,26.799,0.399,9.644,65.4,7,Phi-3-mini-Q4,llama.cpp,finegrained_gpu_emc
2026-05-16T03:10:46.884546,GPU1122_EMC204_CPU1036,1122,1036,204,1122,204,p128_o256,128,256,decode,0,27.59905299171805,26.673542161234742,6830.284434137866,256,37.48013753578227,263.572,37.653,39.788,1.029578125,0.971271606999226,27.401,0.399,9.853,65.5,14,Phi-3-mini-Q4,llama.cpp,finegrained_gpu_emc
2026-05-16T03:10:54.565261,GPU1122_EMC204_CPU1036,1122,1036,204,1122,204,p128_o256,128,256,decode,1,31.03174408897757,26.81202917250202,6869.061039993539,256,37.26855803282261,263.067,37.581,39.788,1.02760546875,0.973136121216268,27.344,0.399,9.838,65.5,14,Phi-3-mini-Q4,llama.cpp,finegrained_gpu_emc
2026-05-16T03:11:02.245082,GPU1122_EMC204_CPU1036,1122,1036,204,1122,204,p128_o256,128,256,decode,2,31.311512924730778,26.806279462670872,6867.878217948601,256,37.274976619557165,263.81,37.687,39.688,1.0305078125,0.9703953602971837,27.457,0.399,9.831,65.5,14,Phi-3-mini-Q4,llama.cpp,finegrained_gpu_emc
2026-05-16T03:11:17.654717,GPU1122_EMC204_CPU1036,1122,1036,204,1122,204,p1024_o512,1024,512,decode,0,31.022563111037016,28.49849361840657,14595.64227820374,512,35.07896331253543,546.249,37.672,39.788,1.066892578125,0.9373014870507772,27.399,0.399,9.874,65.4,29,Phi-3-mini-Q4,llama.cpp,finegrained_gpu_emc
2026-05-16T03:11:33.025811,GPU1122_EMC204_CPU1036,1122,1036,204,1122,204,p1024_o512,1024,512,decode,1,31.26124618574977,28.42224272990457,14556.885174009947,512,35.17235960026197,546.795,37.71,39.788,1.067958984375,0.9363655483316418,27.472,0.399,9.839,65.3,29,Phi-3-mini-Q4,llama.cpp,finegrained_gpu_emc
2026-05-16T03:11:48.407843,GPU1122_EMC204_CPU1036,1122,1036,204,1122,204,p1024_o512,1024,512,decode,2,31.409019837155935,28.442791569704617,14567.560283932837,512,35.14658529092932,543.704,37.497,39.788,1.061921875,0.9416888601150628,27.276,0.399,9.821,65.3,29,Phi-3-mini-Q4,llama.cpp,finegrained_gpu_emc
2026-05-16T03:11:56.754066,GPU1122_EMC665_CPU1036,1122,1036,665,1122,665,p128_o64,128,64,decode,0,27.29760110378265,26.17296841113813,1676.453386899084,64,38.17583029754263,70.427,35.214,39.289,1.100421875,0.9087423857327444,25.448,0.399,9.366,64.4,4,Phi-3-mini-Q4,llama.cpp,finegrained_gpu_emc
2026-05-16T03:11:59.240310,GPU1122_EMC665_CPU1036,1122,1036,665,1122,665,p128_o64,128,64,decode,1,27.424253057688475,26.16929849018417,1676.337633980438,64,38.17846637973102,66.333,33.166,38.79,1.036453125,0.964828968989794,23.753,0.399,9.015,64.4,4,Phi-3-mini-Q4,llama.cpp,finegrained_gpu_emc
2026-05-16T03:12:01.727214,GPU1122_EMC665_CPU1036,1122,1036,665,1122,665,p128_o64,128,64,decode,2,27.824560180306435,26.17062902861526,1676.8665960989892,64,38.16642310657725,66.17,33.085,38.689,1.03390625,0.9672056823333836,23.75,0.399,8.936,64.4,4,Phi-3-mini-Q4,llama.cpp,finegrained_gpu_emc
2026-05-16T03:12:05.907719,GPU1122_EMC665_CPU1036,1122,1036,665,1122,665,p512_o128,512,128,decode,0,27.541722171008587,26.311757825828327,3369.603750994429,128,37.98666236711808,128.941,36.84,39.788,1.0073515625,0.9927020885521284,26.798,0.399,9.644,64.5,7,Phi-3-mini-Q4,llama.cpp,finegrained_gpu_emc
2026-05-16T03:12:10.085091,GPU1122_EMC665_CPU1036,1122,1036,665,1122,665,p512_o128,512,128,decode,1,27.871663914993405,26.28641613524437,3366.717026103288,128,38.0192332790588,128.825,36.807,39.776,1.0064453125,0.9935959635163985,26.736,0.399,9.673,64.5,7,Phi-3-mini-Q4,llama.cpp,finegrained_gpu_emc
2026-05-16T03:12:14.258648,GPU1122_EMC665_CPU1036,1122,1036,665,1122,665,p512_o128,512,128,decode,2,27.54207490943372,26.260112448940127,3363.0371729377657,128,38.06083412636982,129.135,36.896,39.788,1.0088671875,0.9912107484415534,26.853,0.399,9.644,64.5,7,Phi-3-mini-Q4,llama.cpp,finegrained_gpu_emc
2026-05-16T03:12:18.446339,GPU1122_EMC665_CPU1036,1122,1036,665,1122,665,p1024_o128,1024,128,decode,0,27.64514391310513,26.365771590856703,3376.5890318900347,128,37.90807788306782,128.493,36.712,39.688,1.0038515625,0.9961632151167767,26.684,0.399,9.63,64.5,7,Phi-3-mini-Q4,llama.cpp,finegrained_gpu_emc
2026-05-16T03:12:22.626338,GPU1122_EMC665_CPU1036,1122,1036,665,1122,665,p1024_o128,1024,128,decode,1,27.47871796600521,26.308904834619657,3369.178065098822,128,37.99146187194639,128.588,36.739,39.788,1.00459375,0.9954272560425546,26.682,0.399,9.658,64.5,7,Phi-3-mini-Q4,llama.cpp,finegrained_gpu_emc
2026-05-16T03:12:26.810243,GPU1122_EMC665_CPU1036,1122,1036,665,1122,665,p1024_o128,1024,128,decode,2,27.490525972098112,26.34356753519318,3373.605283908546,128,37.941605264414186,128.525,36.721,39.776,1.0041015625,0.9959151915969656,26.679,0.399,9.644,64.5,7,Phi-3-mini-Q4,llama.cpp,finegrained_gpu_emc
2026-05-16T03:12:34.456073,GPU1122_EMC665_CPU1036,1122,1036,665,1122,665,p128_o256,128,256,decode,0,28.037420939654112,26.682603760969403,6833.021958824247,256,37.46512180740156,262.878,37.554,39.688,1.0268671875,0.9738357717268088,27.367,0.399,9.788,64.6,14,Phi-3-mini-Q4,llama.cpp,finegrained_gpu_emc
2026-05-16T03:12:42.139781,GPU1122_EMC665_CPU1036,1122,1036,665,1122,665,p128_o256,128,256,decode,1,31.44269110634923,26.820171324937952,6871.515501989052,256,37.25524593896316,263.55,37.65,39.576,1.0294921875,0.9713526845000948,27.427,0.399,9.824,64.7,14,Phi-3-mini-Q4,llama.cpp,finegrained_gpu_emc
2026-05-16T03:12:49.815975,GPU1122_EMC665_CPU1036,1122,1036,665,1122,665,p128_o256,128,256,decode,2,31.44301287829876,26.7917137921733,6864.26212801598,256,37.294613059014,260.305,37.186,39.788,1.01681640625,0.9834617083805536,27.0,0.399,9.787,64.6,14,Phi-3-mini-Q4,llama.cpp,finegrained_gpu_emc
2026-05-16T03:13:05.222263,GPU1122_EMC665_CPU1036,1122,1036,665,1122,665,p1024_o512,1024,512,decode,0,31.54713800176978,28.48994796102367,14591.798711102456,512,35.088203321392776,545.16,37.597,39.676,1.064765625,0.9391738205297528,27.404,0.399,9.794,64.8,29,Phi-3-mini-Q4,llama.cpp,finegrained_gpu_emc
2026-05-16T03:13:20.606058,GPU1122_EMC665_CPU1036,1122,1036,665,1122,665,p1024_o512,1024,512,decode,1,31.43242304213345,28.44735474367635,14569.903085939586,512,35.14093381266867,545.162,37.597,39.788,1.06476953125,0.939170375044482,27.363,0.413,9.822,64.9,29,Phi-3-mini-Q4,llama.cpp,finegrained_gpu_emc
2026-05-16T03:13:29.606372,GPU1122_EMC665_CPU1036,1122,1036,665,1122,665,p1024_o512,1024,512,decode,2,31.31953300908208,27.82436183570846,8186.900289962068,293,35.788880971134624,328.214,41.027,43.584,1.120184300341297,0.8927102439262189,27.59,2.918,10.518,65.6,16,Phi-3-mini-Q4,llama.cpp,finegrained_gpu_emc
2026-05-16T03:13:38.075273,GPU1122_EMC2133_CPU1036,1122,1036,2133,1122,2133,p128_o64,128,64,decode,0,28.18328095600009,27.131643238669582,1737.7387159503996,64,36.82947235539797,79.522,39.761,42.774,1.24253125,0.804808732174744,25.845,3.592,10.324,65.4,4,Phi-3-mini-Q4,llama.cpp,finegrained_gpu_emc
2026-05-16T03:13:40.626434,GPU1122_EMC2133_CPU1036,1122,1036,2133,1122,2133,p128_o64,128,64,decode,1,28.13182701356709,26.98300152440511,1728.3235390204936,64,37.03010377112101,75.828,37.914,42.686,1.1848125,0.8440154032811098,24.35,3.592,9.972,65.3,4,Phi-3-mini-Q4,llama.cpp,finegrained_gpu_emc
2026-05-16T03:13:43.202093,GPU1122_EMC2133_CPU1036,1122,1036,2133,1122,2133,p128_o64,128,64,decode,2,28.215087950229645,27.3016163643213,1748.484174022451,64,36.60313370338702,76.38,38.19,42.786,1.1934375,0.8379156847342236,24.45,3.592,10.148,65.4,4,Phi-3-mini-Q4,llama.cpp,finegrained_gpu_emc
2026-05-16T03:13:47.496204,GPU1122_EMC2133_CPU1036,1122,1036,2133,1122,2133,p512_o128,512,128,decode,0,28.186802053824067,27.19246404700157,3482.122392160818,128,36.75919039725944,142.694,40.77,43.286,1.114796875,0.8970244018669321,26.685,3.592,10.492,65.4,7,Phi-3-mini-Q4,llama.cpp,finegrained_gpu_emc
2026-05-16T03:13:51.785245,GPU1122_EMC2133_CPU1036,1122,1036,2133,1122,2133,p512_o128,512,128,decode,1,28.27217499725521,27.151386079371093,3477.00705495663,128,36.81327014206953,142.244,40.641,43.586,1.11128125,0.8998622085993082,26.685,3.535,10.42,65.5,7,Phi-3-mini-Q4,llama.cpp,finegrained_gpu_emc
2026-05-16T03:13:56.102132,GPU1122_EMC2133_CPU1036,1122,1036,2133,1122,2133,p512_o128,512,128,decode,2,28.167475014925003,27.225468740395204,3486.376228043809,128,36.71433936773377,142.242,40.641,43.185,1.111265625,0.8998748611521211,26.571,3.592,10.478,65.7,7,Phi-3-mini-Q4,llama.cpp,finegrained_gpu_emc
2026-05-16T03:14:00.407396,GPU1122_EMC2133_CPU1036,1122,1036,2133,1122,2133,p1024_o128,1024,128,decode,0,28.25159998610616,27.27045951315796,3492.089607054368,128,36.654271339838274,143.382,40.966,43.788,1.120171875,0.892720146182924,26.623,3.592,10.751,65.7,7,Phi-3-mini-Q4,llama.cpp,finegrained_gpu_emc
2026-05-16T03:14:04.724177,GPU1122_EMC2133_CPU1036,1122,1036,2133,1122,2133,p1024_o128,1024,128,decode,1,28.15893199294805,27.165099818948804,3478.636641055345,128,36.796024767095965,142.882,40.824,43.288,1.116265625,0.8958441231225767,26.739,3.592,10.492,65.7,7,Phi-3-mini-Q4,llama.cpp,finegrained_gpu_emc
2026-05-16T03:14:09.024959,GPU1122_EMC2133_CPU1036,1122,1036,2133,1122,2133,p1024_o128,1024,128,decode,2,28.12786097638309,27.16355799242678,3478.4496289212257,128,36.79800303438539,142.686,40.767,43.185,1.114734375,0.8970746954851913,26.741,3.592,10.435,65.7,7,Phi-3-mini-Q4,llama.cpp,finegrained_gpu_emc
2026-05-16T03:14:16.915752,GPU1122_EMC2133_CPU1036,1122,1036,2133,1122,2133,p128_o256,128,256,decode,0,28.25512201525271,27.634198627635545,7075.995196122676,256,36.17865655707008,291.712,41.673,43.185,1.1395,0.8775778850372971,27.481,3.592,10.6,65.9,14,Phi-3-mini-Q4,llama.cpp,finegrained_gpu_emc
2026-05-16T03:14:24.779022,GPU1122_EMC2133_CPU1036,1122,1036,2133,1122,2133,p128_o256,128,256,decode,1,31.704199966043237,27.51861759644075,7049.93652109988,256,36.31238369789757,290.172,41.453,43.085,1.133484375,0.8822353638531629,27.398,3.592,10.464,65.9,14,Phi-3-mini-Q4,llama.cpp,finegrained_gpu_emc
2026-05-16T03:14:32.553106,GPU1122_EMC2133_CPU1036,1122,1036,2133,1122,2133,p128_o256,128,256,decode,2,31.639178982004523,27.12770854944692,6950.165149057284,256,36.83365711600733,280.396,40.056,43.073,1.095296875,0.9129944792365084,27.506,2.337,10.213,65.6,14,Phi-3-mini-Q4,llama.cpp,finegrained_gpu_emc
2026-05-16T03:14:48.128849,GPU1122_EMC2133_CPU1036,1122,1036,2133,1122,2133,p1024_o512,1024,512,decode,0,31.11484390683472,28.822858864806022,14761.520175961778,512,34.68477459616661,557.03,38.416,40.175,1.08794921875,0.919160547905858,27.265,1.197,9.954,65.3,29,Phi-3-mini-Q4,llama.cpp,finegrained_gpu_emc
2026-05-16T03:15:03.637558,GPU1122_EMC2133_CPU1036,1122,1036,2133,1122,2133,p1024_o512,1024,512,decode,1,31.50190506130457,28.690899992471017,14694.437119178474,512,34.843117558532555,560.646,38.665,41.074,1.09501171875,0.913232235670994,27.335,1.307,10.023,65.3,29,Phi-3-mini-Q4,llama.cpp,finegrained_gpu_emc
2026-05-16T03:15:19.287309,GPU1122_EMC2133_CPU1036,1122,1036,2133,1122,2133,p1024_o512,1024,512,decode,2,31.79370611906052,28.963383594746546,14834.09347711131,512,34.51508518467981,578.606,39.904,42.485,1.13008984375,0.8848853969713415,27.444,2.243,10.217,65.8,29,Phi-3-mini-Q4,llama.cpp,finegrained_gpu_emc
2026-05-16T03:15:27.683145,GPU1122_EMC3199_CPU1036,1122,1036,3199,1122,3199,p128_o64,128,64,decode,0,27.87789283320308,26.48276062164869,1696.5501077938825,64,37.72361317593073,73.58,36.79,39.788,1.1496875,0.8698015765153575,25.548,1.596,9.646,64.9,4,Phi-3-mini-Q4,llama.cpp,finegrained_gpu_emc
2026-05-16T03:15:30.183943,GPU1122_EMC3199_CPU1036,1122,1036,3199,1122,3199,p128_o64,128,64,decode,1,27.88006910122931,26.38382496800096,1690.3165860567242,64,37.86272969686891,67.322,33.661,38.778,1.05190625,0.9506550607528,23.748,0.798,9.115,64.7,4,Phi-3-mini-Q4,llama.cpp,finegrained_gpu_emc
2026-05-16T03:15:32.685369,GPU1122_EMC3199_CPU1036,1122,1036,3199,1122,3199,p128_o64,128,64,decode,2,27.92224404402077,26.39373976160728,1690.986274043098,64,37.84773477018113,67.372,33.686,38.778,1.0526875,0.94994953393101,23.748,0.798,9.14,64.6,4,Phi-3-mini-Q4,llama.cpp,finegrained_gpu_emc
2026-05-16T03:15:36.894834,GPU1122_EMC3199_CPU1036,1122,1036,3199,1122,3199,p512_o128,512,128,decode,0,27.90986094623804,26.53722493637969,3398.6258609220386,128,37.66228035623608,129.78,37.08,40.087,1.01390625,0.9862844814301124,26.566,0.798,9.716,64.7,7,Phi-3-mini-Q4,llama.cpp,finegrained_gpu_emc
2026-05-16T03:15:41.080839,GPU1122_EMC3199_CPU1036,1122,1036,3199,1122,3199,p512_o128,512,128,decode,1,27.70391502417624,26.355384198186083,3375.3127970267087,128,37.92241125407825,130.484,37.281,40.187,1.01940625,0.9809631832255294,26.739,0.798,9.744,64.7,7,Phi-3-mini-Q4,llama.cpp,finegrained_gpu_emc
2026-05-16T03:15:45.262666,GPU1122_EMC3199_CPU1036,1122,1036,3199,1122,3199,p512_o128,512,128,decode,2,27.613678015768528,26.324985699185472,3371.366271981969,128,37.96680327016232,130.634,37.324,40.187,1.020578125,0.9798367959336776,26.796,0.798,9.73,64.8,7,Phi-3-mini-Q4,llama.cpp,finegrained_gpu_emc
2026-05-16T03:15:49.445800,GPU1122_EMC3199_CPU1036,1122,1036,3199,1122,3199,p1024_o128,1024,128,decode,0,27.70068286918104,26.333896118751543,3372.58141185157,128,37.95312384460043,130.989,37.426,40.187,1.0233515625,0.9771812900319874,26.855,0.798,9.773,64.8,7,Phi-3-mini-Q4,llama.cpp,finegrained_gpu_emc
2026-05-16T03:15:53.626776,GPU1122_EMC3199_CPU1036,1122,1036,3199,1122,3199,p1024_o128,1024,128,decode,1,27.598318876698613,26.31443070878429,3370.006748940796,128,37.98211978068911,130.945,37.413,40.187,1.0230078125,0.9775096414525184,26.856,0.798,9.758,64.7,7,Phi-3-mini-Q4,llama.cpp,finegrained_gpu_emc
2026-05-16T03:15:57.806607,GPU1122_EMC3199_CPU1036,1122,1036,3199,1122,3199,p1024_o128,1024,128,decode,2,27.58718398399651,26.306884803288565,3369.0335710998625,128,37.99309128232071,130.64,37.326,40.187,1.020625,0.9797917942437232,26.798,0.798,9.73,64.7,7,Phi-3-mini-Q4,llama.cpp,finegrained_gpu_emc
2026-05-16T03:16:05.577335,GPU1122_EMC3199_CPU1036,1122,1036,3199,1122,3199,p128_o256,128,256,decode,0,27.54718600772321,27.175663281962567,6958.30298983492,256,36.79057959591285,275.214,39.316,42.074,1.0750546875,0.9301852376695952,27.395,1.825,10.097,65.2,14,Phi-3-mini-Q4,llama.cpp,finegrained_gpu_emc
2026-05-16T03:16:13.413983,GPU1122_EMC3199_CPU1036,1122,1036,3199,1122,3199,p128_o256,128,256,decode,1,31.730769900605083,27.417163231282256,7024.169057840481,256,36.44559205394537,285.036,40.719,43.185,1.113421875,0.8981321657615179,27.541,2.822,10.356,65.5,14,Phi-3-mini-Q4,llama.cpp,finegrained_gpu_emc
2026-05-16T03:16:21.271986,GPU1122_EMC3199_CPU1036,1122,1036,3199,1122,3199,p128_o256,128,256,decode,2,31.64190915413201,27.50258602694992,7045.770757133141,256,36.33385314741123,285.904,40.844,43.286,1.1168125,0.8954054507806817,27.366,3.05,10.427,65.7,14,Phi-3-mini-Q4,llama.cpp,finegrained_gpu_emc
2026-05-16T03:16:36.695148,GPU1122_EMC3199_CPU1036,1122,1036,3199,1122,3199,p1024_o512,1024,512,decode,0,31.103845918551087,28.523481170302382,14608.493193984032,512,35.04810477037073,548.552,37.831,40.288,1.071390625,0.933366390059648,27.417,0.537,9.878,65.1,29,Phi-3-mini-Q4,llama.cpp,finegrained_gpu_emc
2026-05-16T03:16:52.082783,GPU1122_EMC3199_CPU1036,1122,1036,3199,1122,3199,p1024_o512,1024,512,decode,1,31.44937288016081,28.453888859118678,14573.270170018077,512,35.13281466869044,545.188,37.599,39.788,1.0648203125,0.9391255860363764,27.389,0.399,9.812,65.0,29,Phi-3-mini-Q4,llama.cpp,finegrained_gpu_emc
2026-05-16T03:17:07.475933,GPU1122_EMC3199_CPU1036,1122,1036,3199,1122,3199,p1024_o512,1024,512,decode,2,31.552666798233982,28.46501926424933,14579.080843832344,512,35.11881204888172,546.175,37.667,39.788,1.066748046875,0.9374284798828216,27.405,0.399,9.863,65.1,29,Phi-3-mini-Q4,llama.cpp,finegrained_gpu_emc
2026-05-16T03:17:15.585610,GPU1224_EMC204_CPU1036,1224,1036,204,1224,204,p128_o64,128,64,decode,0,25.35221795551479,24.070624746234408,1542.053408920765,64,41.503102051952666,78.992,39.496,46.262,1.23425,0.8102086287218958,29.834,0.399,9.262,64.6,4,Phi-3-mini-Q4,llama.cpp,finegrained_gpu_emc
2026-05-16T03:17:17.938206,GPU1224_EMC204_CPU1036,1224,1036,204,1224,204,p128_o64,128,64,decode,1,25.56961984373629,24.0832116853978,1543.0603639688345,64,41.476018368710186,73.994,36.997,45.762,1.15615625,0.8649349947293024,27.738,0.399,8.861,64.6,4,Phi-3-mini-Q4,llama.cpp,finegrained_gpu_emc
2026-05-16T03:17:20.293107,GPU1224_EMC204_CPU1036,1224,1036,204,1224,204,p128_o64,128,64,decode,2,25.44911112636328,24.115608554215186,1544.982842169702,64,41.42440825434759,73.794,36.897,45.762,1.15303125,0.8672791825893704,27.638,0.399,8.86,64.6,4,Phi-3-mini-Q4,llama.cpp,finegrained_gpu_emc
2026-05-16T03:17:24.204776,GPU1224_EMC204_CPU1036,1224,1036,204,1224,204,p512_o128,512,128,decode,0,25.316891027614474,24.2166841332984,3101.328337099403,128,41.27263742726295,144.148,41.185,46.776,1.12615625,0.8879762466354025,31.245,0.399,9.541,64.8,7,Phi-3-mini-Q4,llama.cpp,finegrained_gpu_emc
2026-05-16T03:17:28.112203,GPU1224_EMC204_CPU1036,1224,1036,204,1224,204,p512_o128,512,128,decode,1,25.68056085146964,24.17916336324154,3096.9340689480305,128,41.331199551006,144.408,41.259,46.776,1.1281875,0.8863774860118554,31.305,0.399,9.556,65.0,7,Phi-3-mini-Q4,llama.cpp,finegrained_gpu_emc
2026-05-16T03:17:32.024397,GPU1224_EMC204_CPU1036,1224,1036,204,1224,204,p512_o128,512,128,decode,2,25.95370402559638,24.21340759014931,3101.5297018457204,128,41.26995782881821,143.2,40.914,46.776,1.11875,0.893854748603352,31.017,0.399,9.498,65.0,7,Phi-3-mini-Q4,llama.cpp,finegrained_gpu_emc
2026-05-16T03:17:35.932041,GPU1224_EMC204_CPU1036,1224,1036,204,1224,204,p1024_o128,1024,128,decode,0,25.630193995311856,24.17703576415308,3096.5853061061352,128,41.335854609785066,144.486,41.282,46.862,1.128796875,0.8858989798319561,31.298,0.399,9.585,65.1,7,Phi-3-mini-Q4,llama.cpp,finegrained_gpu_emc
2026-05-16T03:17:39.840577,GPU1224_EMC204_CPU1036,1224,1036,204,1224,204,p1024_o128,1024,128,decode,1,25.81047685816884,24.186722873746763,3097.99767495133,128,41.31700970434424,144.382,41.252,46.761,1.127984375,0.8865371029629732,31.297,0.399,9.556,65.2,7,Phi-3-mini-Q4,llama.cpp,finegrained_gpu_emc
2026-05-16T03:17:43.749113,GPU1224_EMC204_CPU1036,1224,1036,204,1224,204,p1024_o128,1024,128,decode,2,25.783054064959288,24.185570378560485,3097.847181139514,128,41.319016889954014,144.936,41.41,47.261,1.1323125,0.8831484241320307,31.412,0.399,9.599,65.1,7,Phi-3-mini-Q4,llama.cpp,finegrained_gpu_emc
2026-05-16T03:17:50.847084,GPU1224_EMC204_CPU1036,1224,1036,204,1224,204,p128_o256,128,256,decode,0,25.67876991815865,24.54874242345492,6286.526043899357,256,40.72201375009501,287.194,44.184,46.862,1.1218515625,0.8913835247254469,33.707,0.399,10.077,65.4,13,Phi-3-mini-Q4,llama.cpp,finegrained_gpu_emc
2026-05-16T03:17:57.982496,GPU1224_EMC204_CPU1036,1224,1036,204,1224,204,p128_o256,128,256,decode,1,28.939503012225032,24.682095081673243,6323.80674383603,256,40.48194550687835,284.632,43.79,46.776,1.11184375,0.8994069535400095,33.43,0.399,9.96,65.5,13,Phi-3-mini-Q4,llama.cpp,finegrained_gpu_emc
2026-05-16T03:18:05.107963,GPU1224_EMC204_CPU1036,1224,1036,204,1224,204,p128_o256,128,256,decode,2,29.029004042968158,24.64391278815182,6314.153420040384,256,40.5438358826515,287.142,44.176,46.676,1.1216484375,0.8915449498854225,33.8,0.399,9.977,65.7,13,Phi-3-mini-Q4,llama.cpp,finegrained_gpu_emc
2026-05-16T03:18:19.380070,GPU1224_EMC204_CPU1036,1224,1036,204,1224,204,p1024_o512,1024,512,decode,0,28.754966100677848,26.27702591414044,13458.21414818056,512,38.04368056286415,596.426,44.18,46.776,1.16489453125,0.8584468148605191,33.734,0.399,10.047,65.9,27,Phi-3-mini-Q4,llama.cpp,finegrained_gpu_emc
2026-05-16T03:18:33.602889,GPU1224_EMC204_CPU1036,1224,1036,204,1224,204,p1024_o512,1024,512,decode,1,29.159663943573836,26.179792125273767,13408.913807943463,512,38.183555158411885,596.225,44.165,46.862,1.164501953125,0.8587362153549415,33.671,0.399,10.095,66.1,27,Phi-3-mini-Q4,llama.cpp,finegrained_gpu_emc
2026-05-16T03:18:47.833350,GPU1224_EMC204_CPU1036,1224,1036,204,1224,204,p1024_o512,1024,512,decode,2,29.11228802986443,26.195276491234623,13416.766772978008,512,38.16120594949834,597.115,44.231,47.276,1.166240234375,0.8574562688929268,33.729,0.399,10.102,66.3,27,Phi-3-mini-Q4,llama.cpp,finegrained_gpu_emc
2026-05-16T03:18:56.000914,GPU1224_EMC665_CPU1036,1300,1036,665,1224,665,p128_o64,128,64,decode,0,25.237067136913534,24.06922964719198,1541.8515340425074,64,41.50853606001963,78.648,39.324,46.376,1.228875,0.8137524158274845,29.638,0.399,9.287,65.4,4,Phi-3-mini-Q4,llama.cpp,finegrained_gpu_emc
2026-05-16T03:18:58.354261,GPU1224_EMC665_CPU1036,1300,1036,665,1224,665,p128_o64,128,64,decode,1,25.37706517614424,24.08765150707156,1543.1505090091375,64,41.47359549594072,73.794,36.897,45.762,1.15303125,0.8672791825893704,27.638,0.399,8.861,65.3,4,Phi-3-mini-Q4,llama.cpp,finegrained_gpu_emc
2026-05-16T03:19:00.709967,GPU1224_EMC665_CPU1036,1300,1036,665,1224,665,p128_o64,128,64,decode,2,25.645249988883734,24.117023824521947,1545.268477872014,64,41.41675114484589,73.844,36.922,45.863,1.1538125,0.8666919451817345,27.638,0.399,8.886,65.3,4,Phi-3-mini-Q4,llama.cpp,finegrained_gpu_emc
2026-05-16T03:19:04.617363,GPU1224_EMC665_CPU1036,1300,1036,665,1224,665,p512_o128,512,128,decode,0,25.530104059726,24.179206361744814,3096.768521005288,128,41.333409046165336,144.581,41.309,47.16,1.1295390625,0.8853168811946245,31.354,0.399,9.556,65.5,7,Phi-3-mini-Q4,llama.cpp,finegrained_gpu_emc
2026-05-16T03:19:08.531761,GPU1224_EMC665_CPU1036,1300,1036,665,1224,665,p512_o128,512,128,decode,1,25.652179960161448,24.232698377133826,3103.6800500005484,128,41.24136442478257,144.337,41.239,46.862,1.1276328125,0.8868134989642296,31.241,0.399,9.599,65.6,7,Phi-3-mini-Q4,llama.cpp,finegrained_gpu_emc
2026-05-16T03:19:12.443704,GPU1224_EMC665_CPU1036,1300,1036,665,1224,665,p512_o128,512,128,decode,2,25.679063983261585,24.21328952667985,3101.252218009904,128,41.27365044889465,144.784,41.367,47.16,1.131125,0.8840755884628136,31.412,0.399,9.556,65.7,7,Phi-3-mini-Q4,llama.cpp,finegrained_gpu_emc
2026-05-16T03:19:16.353639,GPU1224_EMC665_CPU1036,1300,1036,665,1224,665,p1024_o128,1024,128,decode,0,25.450965855270624,24.20046251985853,3099.381583975628,128,41.29856119097549,144.506,41.287,46.776,1.128953125,0.8857763691473018,31.304,0.399,9.584,65.6,7,Phi-3-mini-Q4,llama.cpp,finegrained_gpu_emc
2026-05-16T03:19:20.264391,GPU1224_EMC665_CPU1036,1300,1036,665,1224,665,p1024_o128,1024,128,decode,1,25.411410024389625,24.206161213026743,3100.0696341507137,128,41.289395112270284,144.462,41.275,46.776,1.128609375,0.8860461574670156,31.306,0.399,9.57,65.7,7,Phi-3-mini-Q4,llama.cpp,finegrained_gpu_emc
2026-05-16T03:19:24.176003,GPU1224_EMC665_CPU1036,1300,1036,665,1224,665,p1024_o128,1024,128,decode,2,25.60353511944413,24.209987463825566,3100.7433079648763,128,41.28042449409035,144.464,41.275,46.977,1.128625,0.886033890796323,31.249,0.399,9.628,65.7,7,Phi-3-mini-Q4,llama.cpp,finegrained_gpu_emc
2026-05-16T03:19:31.285454,GPU1224_EMC665_CPU1036,1300,1036,665,1224,665,p128_o256,128,256,decode,0,25.636308826506134,24.593442717713177,6297.939158044756,256,40.648217389174846,286.548,44.084,46.776,1.119328125,0.8933930789954911,33.654,0.399,10.031,65.9,13,Phi-3-mini-Q4,llama.cpp,finegrained_gpu_emc
2026-05-16T03:19:38.420033,GPU1224_EMC665_CPU1036,1300,1036,665,1224,665,p128_o256,128,256,decode,1,28.771138982847333,24.677966447437512,6322.593581164256,256,40.48971307639541,286.542,44.083,46.877,1.1193046875,0.8934117860557964,33.623,0.399,10.062,66.0,13,Phi-3-mini-Q4,llama.cpp,finegrained_gpu_emc
2026-05-16T03:19:45.549706,GPU1224_EMC665_CPU1036,1300,1036,665,1224,665,p128_o256,128,256,decode,2,28.820686042308807,24.659618823880365,6317.978498991579,256,40.519289522884655,287.054,44.162,46.776,1.1213046875,0.8918182641593568,33.709,0.399,10.054,66.1,13,Phi-3-mini-Q4,llama.cpp,finegrained_gpu_emc
2026-05-16T03:19:59.806750,GPU1224_EMC665_CPU1036,1300,1036,665,1224,665,p1024_o512,1024,512,decode,0,29.145505977794528,26.24683307051848,13443.158803973349,512,38.08628667308981,596.156,44.16,46.776,1.1643671875,0.8588356067874853,33.699,0.399,10.061,66.2,27,Phi-3-mini-Q4,llama.cpp,finegrained_gpu_emc
2026-05-16T03:20:14.054158,GPU1224_EMC665_CPU1036,1300,1036,665,1224,665,p1024_o512,1024,512,decode,1,29.317246982827783,26.22825648898073,13433.847857872024,512,38.11268412571578,597.71,44.275,47.261,1.16740234375,0.8566027003061685,33.744,0.429,10.102,66.4,27,Phi-3-mini-Q4,llama.cpp,finegrained_gpu_emc
2026-05-16T03:20:26.064656,GPU1224_EMC665_CPU1036,1300,1036,665,1224,665,p1024_o512,1024,512,decode,2,28.91816897317767,25.848306484818632,11197.44559400715,432,38.58022763970432,492.515,44.774,47.261,1.1400810185185184,0.8771306457671341,34.192,0.417,10.166,66.5,22,Phi-3-mini-Q4,llama.cpp,finegrained_gpu_emc
2026-05-16T03:20:34.290914,GPU1224_EMC2133_CPU1036,1300,1036,2133,1224,2133,p128_o64,128,64,decode,0,25.97669791430235,24.21779349254119,1551.949943881482,64,41.23844345129697,78.944,39.472,46.262,1.2335,0.8107012565869477,29.632,0.499,9.341,65.6,4,Phi-3-mini-Q4,llama.cpp,finegrained_gpu_emc
2026-05-16T03:20:36.650046,GPU1224_EMC2133_CPU1036,1300,1036,2133,1224,2133,p128_o64,128,64,decode,1,26.257775956764817,24.165600079983943,1548.9457808434963,64,41.31842495167782,73.756,36.878,45.776,1.1524375,0.8677260155106026,27.644,0.399,8.836,65.6,4,Phi-3-mini-Q4,llama.cpp,finegrained_gpu_emc
2026-05-16T03:20:39.015319,GPU1224_EMC2133_CPU1036,1300,1036,2133,1224,2133,p128_o64,128,64,decode,2,25.48284991644323,24.276206269860268,1555.1459260750562,64,41.15369427840508,73.794,36.897,45.363,1.15303125,0.8672791825893704,27.638,0.399,8.861,65.7,4,Phi-3-mini-Q4,llama.cpp,finegrained_gpu_emc
2026-05-16T03:20:42.942506,GPU1224_EMC2133_CPU1036,1300,1036,2133,1224,2133,p512_o128,512,128,decode,0,25.586491217836738,24.33680729045877,3116.8333631940186,128,41.06732220962567,144.641,41.326,46.761,1.1300078125,0.8849496339212257,31.357,0.399,9.57,65.7,7,Phi-3-mini-Q4,llama.cpp,finegrained_gpu_emc
2026-05-16T03:20:46.877402,GPU1224_EMC2133_CPU1036,1300,1036,2133,1224,2133,p512_o128,512,128,decode,1,25.805404176935557,24.39248307762066,3124.123261077329,128,40.97149481735244,143.294,40.941,46.362,1.119484375,0.8932683852778204,30.958,0.399,9.584,65.8,7,Phi-3-mini-Q4,llama.cpp,finegrained_gpu_emc
2026-05-16T03:20:50.817426,GPU1224_EMC2133_CPU1036,1300,1036,2133,1224,2133,p512_o128,512,128,decode,2,25.849000085145235,24.43292655058088,3129.300520988181,128,40.90370967617381,143.102,40.886,46.477,1.117984375,0.8944668837612332,30.903,0.399,9.584,65.8,7,Phi-3-mini-Q4,llama.cpp,finegrained_gpu_emc
2026-05-16T03:20:54.751458,GPU1224_EMC2133_CPU1036,1300,1036,2133,1224,2133,p1024_o128,1024,128,decode,0,25.954618118703365,24.386348802317663,3123.4987010248005,128,40.97968728400751,142.46,40.703,46.876,1.11296875,0.8984978239505825,30.677,0.456,9.57,65.9,7,Phi-3-mini-Q4,llama.cpp,finegrained_gpu_emc
2026-05-16T03:20:58.695109,GPU1224_EMC2133_CPU1036,1300,1036,2133,1224,2133,p1024_o128,1024,128,decode,1,25.58702789247036,24.46479450427289,3133.1045320257545,128,40.85404706150667,143.702,41.058,46.463,1.122671875,0.8907322097117646,30.903,0.513,9.642,65.8,7,Phi-3-mini-Q4,llama.cpp,finegrained_gpu_emc
2026-05-16T03:21:02.638943,GPU1224_EMC2133_CPU1036,1300,1036,2133,1224,2133,p1024_o128,1024,128,decode,2,25.99991695024073,24.46138323651348,3133.079742081464,128,40.85437031199312,143.452,40.986,46.362,1.12071875,0.8922845272286201,30.903,0.456,9.627,65.9,7,Phi-3-mini-Q4,llama.cpp,finegrained_gpu_emc
2026-05-16T03:21:09.793573,GPU1224_EMC2133_CPU1036,1300,1036,2133,1224,2133,p128_o256,128,256,decode,0,25.885547045618296,24.76924270135807,6343.030327931047,256,40.35925839306233,285.924,43.988,46.876,1.116890625,0.8953428183713156,33.404,0.491,10.093,66.0,13,Phi-3-mini-Q4,llama.cpp,finegrained_gpu_emc
2026-05-16T03:21:15.712840,GPU1224_EMC2133_CPU1036,1300,1036,2133,1224,2133,p128_o256,128,256,decode,1,29.135284945368767,24.532017170324995,5107.501789927483,207,40.52862015794595,236.074,42.923,47.16,1.1404541062801934,0.8768437015512085,32.544,0.544,9.835,66.1,11,Phi-3-mini-Q4,llama.cpp,finegrained_gpu_emc
2026-05-16T03:21:23.054004,GPU1224_EMC2133_CPU1036,1300,1036,2133,1224,2133,p128_o256,128,256,decode,2,25.8932679425925,25.495795184271596,6528.357574949041,256,39.21353833042736,306.184,47.105,49.974,1.19603125,0.8360985551171843,33.738,2.671,10.696,66.9,13,Phi-3-mini-Q4,llama.cpp,finegrained_gpu_emc
2026-05-16T03:21:32.277023,GPU1224_EMC2133_CPU1036,1300,1036,2133,1224,2133,p1024_o512,1024,512,decode,0,29.502243967726827,26.23375500669504,8400.287655880675,319,37.97489003566229,406.188,47.787,50.56,1.2733166144200627,0.7853506258185865,33.332,3.592,10.863,67.3,17,Phi-3-mini-Q4,llama.cpp,finegrained_gpu_emc
2026-05-16T03:21:47.102008,GPU1224_EMC2133_CPU1036,1300,1036,2133,1224,2133,p1024_o512,1024,512,decode,1,29.563756892457604,27.334849906031867,14000.048636924475,512,36.57130152031214,666.818,47.63,50.359,1.30237890625,0.7678257035652907,33.208,3.592,10.83,67.5,28,Phi-3-mini-Q4,llama.cpp,finegrained_gpu_emc
2026-05-16T03:22:01.915731,GPU1224_EMC2133_CPU1036,1300,1036,2133,1224,2133,p1024_o512,1024,512,decode,2,29.929935932159424,27.299069700609536,13981.781997950748,512,36.619080463065565,669.338,47.81,50.859,1.30730078125,0.7649349058323299,33.252,3.592,10.966,67.8,28,Phi-3-mini-Q4,llama.cpp,finegrained_gpu_emc
2026-05-16T03:22:10.097657,GPU1224_EMC3199_CPU1036,1300,1036,3199,1224,3199,p128_o64,128,64,decode,0,25.91421501711011,24.91571095269469,1595.874049002305,64,40.10341545437812,87.398,43.699,49.86,1.36559375,0.7322822032540791,29.832,3.593,10.274,67.1,4,Phi-3-mini-Q4,llama.cpp,finegrained_gpu_emc
2026-05-16T03:22:12.545743,GPU1224_EMC3199_CPU1036,1300,1036,3199,1224,3199,p128_o64,128,64,decode,1,25.87000397033989,25.007803303500012,1601.6266951337457,64,39.95937392555486,82.952,41.476,49.159,1.296125,0.771530523676343,28.037,3.592,9.846,67.1,4,Phi-3-mini-Q4,llama.cpp,finegrained_gpu_emc
2026-05-16T03:22:14.992664,GPU1224_EMC3199_CPU1036,1300,1036,3199,1224,3199,p128_o64,128,64,decode,2,26.05449198745191,24.920196320477224,1596.2914631236345,64,40.09292881562139,82.905,41.452,49.26,1.295390625,0.7719679150835294,27.938,3.592,9.922,67.1,4,Phi-3-mini-Q4,llama.cpp,finegrained_gpu_emc
2026-05-16T03:22:19.014120,GPU1224_EMC3199_CPU1036,1300,1036,3199,1224,3199,p512_o128,512,128,decode,0,25.96461004577577,24.98621807990992,3199.705620063469,128,40.00368008775164,160.194,45.77,50.658,1.251515625,0.7990311747006755,31.699,3.592,10.478,67.2,7,Phi-3-mini-Q4,llama.cpp,finegrained_gpu_emc
2026-05-16T03:22:23.034164,GPU1224_EMC3199_CPU1036,1300,1036,3199,1224,3199,p512_o128,512,128,decode,1,25.982895167544484,24.98644554261558,3199.751832988113,128,40.003102328240935,160.6,45.886,50.758,1.2546875,0.7970112079701122,31.7,3.593,10.593,67.4,7,Phi-3-mini-Q4,llama.cpp,finegrained_gpu_emc
2026-05-16T03:22:27.061153,GPU1224_EMC3199_CPU1036,1300,1036,3199,1224,3199,p512_o128,512,128,decode,2,25.98719298839569,25.04079414927584,3206.671715946868,128,39.91677706310017,160.292,45.798,50.56,1.25228125,0.7985426596461458,31.641,3.592,10.564,67.5,7,Phi-3-mini-Q4,llama.cpp,finegrained_gpu_emc
2026-05-16T03:22:31.075990,GPU1224_EMC3199_CPU1036,1300,1036,3199,1224,3199,p1024_o128,1024,128,decode,0,25.96496092155576,25.000788355759514,3201.5671480912715,128,39.98042023773007,160.642,45.898,50.658,1.255015625,0.7968028286500417,31.755,3.593,10.55,67.5,7,Phi-3-mini-Q4,llama.cpp,finegrained_gpu_emc
2026-05-16T03:22:35.093868,GPU1224_EMC3199_CPU1036,1300,1036,3199,1224,3199,p1024_o128,1024,128,decode,1,26.102008996531367,24.9697716455672,3197.7628329768777,128,40.027984151920855,160.906,45.973,50.673,1.257078125,0.7954955066933489,31.759,3.593,10.622,67.5,7,Phi-3-mini-Q4,llama.cpp,finegrained_gpu_emc
2026-05-16T03:22:39.103345,GPU1224_EMC3199_CPU1036,1300,1036,3199,1224,3199,p1024_o128,1024,128,decode,2,25.94315609894693,24.9712905428541,3197.7897752076387,128,40.02764690549075,160.352,45.815,50.673,1.25275,0.7982438635002993,31.759,3.592,10.464,67.5,7,Phi-3-mini-Q4,llama.cpp,finegrained_gpu_emc
2026-05-16T03:22:46.403302,GPU1224_EMC3199_CPU1036,1300,1036,3199,1224,3199,p128_o256,128,256,decode,0,25.98608192056417,25.33378455258321,6487.099798861891,256,39.46293535439568,314.896,48.445,50.462,1.2300625,0.8129668207916264,33.955,3.592,10.898,67.7,13,Phi-3-mini-Q4,llama.cpp,finegrained_gpu_emc
2026-05-16T03:22:53.787715,GPU1224_EMC3199_CPU1036,1300,1036,3199,1224,3199,p128_o256,128,256,decode,1,30.418727081269022,25.5958326745267,6558.465474983677,256,39.03352102354967,315.208,48.494,50.758,1.23128125,0.8121621278647749,33.981,3.592,10.921,67.8,13,Phi-3-mini-Q4,llama.cpp,finegrained_gpu_emc
2026-05-16T03:23:00.311719,GPU1224_EMC3199_CPU1036,1300,1036,3199,1224,3199,p128_o256,128,256,decode,2,30.547010945156217,25.306417992037844,5699.576911982149,224,39.30116278088776,283.296,47.216,50.658,1.2647142857142857,0.7906924206483678,32.856,3.592,10.768,67.9,12,Phi-3-mini-Q4,llama.cpp,finegrained_gpu_emc
2026-05-16T03:23:15.072423,GPU1224_EMC3199_CPU1036,1300,1036,3199,1224,3199,p1024_o512,1024,512,decode,0,26.170375058427453,27.231564929384422,13943.552111973986,512,36.719481226044365,669.043,47.789,50.859,1.306724609375,0.7652721872884104,33.335,3.592,10.862,68.1,28,Phi-3-mini-Q4,llama.cpp,finegrained_gpu_emc
2026-05-16T03:23:29.861802,GPU1224_EMC3199_CPU1036,1300,1036,3199,1224,3199,p1024_o512,1024,512,decode,1,29.93803308345377,27.241448794333028,13953.13903107308,512,36.69425201453212,650.586,48.192,50.359,1.27067578125,0.7869828124183428,33.703,3.592,10.896,68.3,27,Phi-3-mini-Q4,llama.cpp,finegrained_gpu_emc
2026-05-16T03:23:44.639887,GPU1224_EMC3199_CPU1036,1300,1036,3199,1224,3199,p1024_o512,1024,512,decode,2,29.837843030691147,27.231623849206382,13947.19149498269,512,36.709899637083566,650.858,48.212,50.859,1.27120703125,0.7866539245119519,33.713,3.592,10.907,68.5,27,Phi-3-mini-Q4,llama.cpp,finegrained_gpu_emc
2026-05-16T03:24:03.160619,GPU1300_EMC204_CPU1036,1300,1036,204,1300,204,p128_o64,128,64,decode,0,25.94003290869296,24.838108794822816,1591.0131328273565,64,40.225940741461336,0.0,0.0,0.0,0.0,0.0,0.0,0.0,0.0,0.0,0,Phi-3-mini-Q4,llama.cpp,finegrained_gpu_emc
2026-05-16T03:24:05.681904,GPU1300_EMC204_CPU1036,1300,1036,204,1300,204,p128_o64,128,64,decode,1,132.74802290834486,25.017580826811137,1709.1338138561696,64,37.44586847509756,80.111,40.056,48.462,1.251734375,0.7988915379910374,26.642,3.592,9.821,66.0,4,Phi-3-mini-Q4,llama.cpp,finegrained_gpu_emc
2026-05-16T03:24:11.126817,GPU1300_EMC204_CPU1036,1300,1036,204,1300,204,p128_o64,128,64,decode,2,26.17918304167688,24.901574314941488,1595.2406900469214,64,40.11933772709718,83.504,41.752,49.36,1.30475,0.7664303506418854,28.137,3.592,10.022,66.5,4,Phi-3-mini-Q4,llama.cpp,finegrained_gpu_emc
2026-05-16T03:24:15.260461,GPU1300_EMC204_CPU1036,1300,1036,204,1300,204,p512_o128,512,128,decode,0,133.68164305575192,25.080824250678027,3319.4453069008887,128,38.560659437255126,158.29,45.226,50.661,1.236640625,0.8086423652789185,31.07,3.592,10.564,66.3,7,Phi-3-mini-Q4,llama.cpp,finegrained_gpu_emc
2026-05-16T03:24:19.298890,GPU1300_EMC204_CPU1036,1300,1036,204,1300,204,p512_o128,512,128,decode,1,26.2244560290128,25.060473968766217,3209.410097915679,128,39.88271866008285,25.18,50.359,50.359,0.19671875,5.083399523431295,35.514,3.592,11.253,66.7,1,Phi-3-mini-Q4,llama.cpp,finegrained_gpu_emc
2026-05-16T03:24:23.316721,GPU1300_EMC204_CPU1036,1300,1036,204,1300,204,p512_o128,512,128,decode,2,26.137934997677803,25.03397996082726,3205.995159922168,128,39.92520063664334,160.654,45.901,50.373,1.255109375,0.7967433117133716,31.702,3.592,10.607,66.9,7,Phi-3-mini-Q4,llama.cpp,finegrained_gpu_emc
2026-05-16T03:24:33.065172,GPU1300_EMC204_CPU1036,1300,1036,204,1300,204,p1024_o128,1024,128,decode,0,26.086617959663272,25.027733873649257,3205.1094989292324,128,39.93623308119814,115.409,46.164,50.46,0.9016328125,1.1090989437565528,31.841,3.591,10.731,67.0,5,Phi-3-mini-Q4,llama.cpp,finegrained_gpu_emc
2026-05-16T03:24:37.190037,GPU1300_EMC204_CPU1036,1300,1036,204,1300,204,p1024_o128,1024,128,decode,1,127.56439903751016,24.99919388934559,3302.9578051064163,128,38.75314416736124,158.09,45.169,50.557,1.235078125,0.8096653804794737,31.127,3.535,10.507,65.9,7,Phi-3-mini-Q4,llama.cpp,finegrained_gpu_emc
2026-05-16T03:24:41.205635,GPU1300_EMC204_CPU1036,1300,1036,204,1300,204,p1024_o128,1024,128,decode,2,26.98419406078756,25.01165006295081,3203.960206126794,128,39.95055861031955,159.948,45.699,50.359,1.24959375,0.8002600845274714,31.7,3.478,10.521,66.4,7,Phi-3-mini-Q4,llama.cpp,finegrained_gpu_emc
2026-05-16T03:24:48.534832,GPU1300_EMC204_CPU1036,1300,1036,204,1300,204,p128_o256,128,256,decode,0,25.686927139759064,25.44824892161962,6516.046641161665,256,39.28762547260726,313.178,48.181,50.56,1.2233515625,0.817426511440778,33.952,3.285,10.944,66.8,13,Phi-3-mini-Q4,llama.cpp,finegrained_gpu_emc
2026-05-16T03:24:55.913630,GPU1300_EMC204_CPU1036,1300,1036,204,1300,204,p128_o256,128,256,decode,1,29.72463890910149,25.58223252166428,6554.229110945016,256,39.05875056648559,315.282,48.505,50.474,1.2315703125,0.8119715048750008,33.923,3.592,10.99,67.1,13,Phi-3-mini-Q4,llama.cpp,finegrained_gpu_emc
2026-05-16T03:25:03.294663,GPU1300_EMC204_CPU1036,1300,1036,204,1300,204,p128_o256,128,256,decode,2,29.522218042984605,25.603096051068576,6559.305381961167,256,39.0285228530492,315.476,48.535,50.474,1.232328125,0.8114721880586796,33.922,3.592,11.021,67.4,13,Phi-3-mini-Q4,llama.cpp,finegrained_gpu_emc
2026-05-16T03:25:17.954632,GPU1300_EMC204_CPU1036,1300,1036,204,1300,204,p1024_o512,1024,512,decode,0,29.857537942007184,27.00765083549424,13832.676879828796,512,37.01380466326175,643.627,47.676,50.359,1.257083984375,0.7954917988213671,33.862,3.045,10.769,67.4,27,Phi-3-mini-Q4,llama.cpp,finegrained_gpu_emc
2026-05-16T03:25:31.254683,GPU1300_EMC204_CPU1036,1300,1036,204,1300,204,p1024_o512,1024,512,decode,1,29.492805944755677,26.275173350912667,12485.886725131422,474,37.96286242497614,567.973,45.438,48.26,1.1982552742616033,0.8345467126078177,33.825,1.293,10.32,67.1,25,Phi-3-mini-Q4,llama.cpp,finegrained_gpu_emc
2026-05-16T03:25:40.545867,GPU1300_EMC204_CPU1036,1300,1036,204,1300,204,p1024_o512,1024,512,decode,2,29.1216520126909,25.444476438258576,8478.830465115607,332,39.15634371579256,383.021,45.061,47.861,1.1536777108433736,0.8667932045501421,33.78,0.986,10.296,67.0,17,Phi-3-mini-Q4,llama.cpp,finegrained_gpu_emc
2026-05-16T03:25:48.624182,GPU1300_EMC665_CPU1036,1300,1036,665,1300,665,p128_o64,128,64,decode,0,25.471301982179284,24.18541168380115,1549.404894001782,64,41.306181649330966,80.2,40.1,46.761,1.253125,0.798004987531172,29.832,0.798,9.47,66.0,4,Phi-3-mini-Q4,llama.cpp,finegrained_gpu_emc
2026-05-16T03:25:50.992238,GPU1300_EMC665_CPU1036,1300,1036,665,1300,665,p128_o64,128,64,decode,1,25.52429004572332,24.31627503034496,1557.7033939771354,64,41.08612733814164,74.956,37.478,45.963,1.1711875,0.8538342494263301,27.54,0.798,9.14,66.0,4,Phi-3-mini-Q4,llama.cpp,finegrained_gpu_emc
2026-05-16T03:25:53.356928,GPU1300_EMC665_CPU1036,1300,1036,665,1300,665,p128_o64,128,64,decode,2,25.795753113925457,24.261497031335555,1554.524002131075,64,41.170158783179495,75.452,37.726,46.362,1.1789375,0.848221385781689,27.738,0.798,9.19,66.0,4,Phi-3-mini-Q4,llama.cpp,finegrained_gpu_emc
2026-05-16T03:25:57.294402,GPU1300_EMC665_CPU1036,1300,1036,665,1300,665,p512_o128,512,128,decode,0,25.59963706880808,24.417042369242964,3127.048178110272,128,40.93317170359447,146.598,41.885,47.261,1.145296875,0.873136059154968,31.357,0.798,9.73,66.2,7,Phi-3-mini-Q4,llama.cpp,finegrained_gpu_emc
2026-05-16T03:26:01.226502,GPU1300_EMC665_CPU1036,1300,1036,665,1300,665,p512_o128,512,128,decode,1,25.848471093922853,24.372017841536817,3121.573999989778,128,41.00495455190848,146.442,41.841,47.361,1.144078125,0.874066183198809,31.299,0.798,9.744,66.2,7,Phi-3-mini-Q4,llama.cpp,finegrained_gpu_emc
2026-05-16T03:26:05.163852,GPU1300_EMC665_CPU1036,1300,1036,665,1300,665,p512_o128,512,128,decode,2,25.825544027611613,24.407024992131223,3125.990355852992,128,40.94702332025351,146.598,41.885,47.361,1.145296875,0.873136059154968,31.3,0.798,9.787,66.3,7,Phi-3-mini-Q4,llama.cpp,finegrained_gpu_emc
2026-05-16T03:26:09.100329,GPU1300_EMC665_CPU1036,1300,1036,665,1300,665,p1024_o128,1024,128,decode,0,25.649070041254163,24.40498344871531,3125.61022490263,128,40.952003221702896,146.643,41.898,47.261,1.1456484375,0.8728681219014887,31.356,0.798,9.744,66.5,7,Phi-3-mini-Q4,llama.cpp,finegrained_gpu_emc
2026-05-16T03:26:13.035718,GPU1300_EMC665_CPU1036,1300,1036,665,1300,665,p1024_o128,1024,128,decode,1,25.9464499540627,24.396285590693708,3124.744989909232,128,40.96334274104018,146.347,41.813,47.261,1.1433359375,0.8746335763630275,31.3,0.798,9.716,66.4,7,Phi-3-mini-Q4,llama.cpp,finegrained_gpu_emc
2026-05-16T03:26:16.967584,GPU1300_EMC665_CPU1036,1300,1036,665,1300,665,p1024_o128,1024,128,decode,2,25.59979096986353,24.37049022868393,3121.1300319992006,128,41.01078733910077,146.598,41.885,47.361,1.145296875,0.873136059154968,31.3,0.798,9.787,66.3,7,Phi-3-mini-Q4,llama.cpp,finegrained_gpu_emc
2026-05-16T03:26:24.110172,GPU1300_EMC665_CPU1036,1300,1036,665,1300,665,p128_o256,128,256,decode,0,25.734985945746303,24.72201327464598,6330.788139952347,256,40.43730327736524,290.838,44.744,47.261,1.1360859375,0.8802151025656895,33.799,0.798,10.147,66.5,13,Phi-3-mini-Q4,llama.cpp,finegrained_gpu_emc
2026-05-16T03:26:31.271044,GPU1300_EMC665_CPU1036,1300,1036,665,1300,665,p128_o256,128,256,decode,1,29.039160814136267,24.781143227957337,6349.163634935394,256,40.320271254531136,290.03,44.62,47.16,1.1329296875,0.8826673102782472,33.706,0.798,10.116,66.6,13,Phi-3-mini-Q4,llama.cpp,finegrained_gpu_emc
2026-05-16T03:26:38.433882,GPU1300_EMC665_CPU1036,1300,1036,665,1300,665,p128_o256,128,256,decode,2,28.8594129960984,24.78849468204905,6350.853899959475,256,40.30954010792684,290.896,44.753,47.361,1.1363125,0.8800396017820802,33.77,0.798,10.185,66.7,13,Phi-3-mini-Q4,llama.cpp,finegrained_gpu_emc
2026-05-16T03:26:51.474241,GPU1300_EMC665_CPU1036,1300,1036,665,1300,665,p1024_o512,1024,512,decode,0,29.26616300828755,26.17007653148825,12226.637141080571,466,38.113505342714014,541.598,45.133,47.276,1.1622274678111586,0.8604167666793453,34.092,0.798,10.244,66.9,24,Phi-3-mini-Q4,llama.cpp,finegrained_gpu_emc
2026-05-16T03:27:05.792107,GPU1300_EMC665_CPU1036,1300,1036,665,1300,665,p1024_o512,1024,512,decode,1,29.05970299616456,26.365698007648035,13503.886437043548,512,37.9150107924111,604.996,44.815,47.261,1.1816328125,0.8462865870187571,33.832,0.798,10.185,67.0,27,Phi-3-mini-Q4,llama.cpp,finegrained_gpu_emc
2026-05-16T03:27:20.094465,GPU1300_EMC665_CPU1036,1300,1036,665,1300,665,p1024_o512,1024,512,decode,2,29.21757800504565,26.335802315160223,13488.68856509216,512,37.95773010320828,603.656,44.715,47.276,1.179015625,0.8481651801688379,33.744,0.798,10.173,67.2,27,Phi-3-mini-Q4,llama.cpp,finegrained_gpu_emc
2026-05-16T03:27:28.267744,GPU1300_EMC2133_CPU1036,1300,1036,2133,1300,2133,p128_o64,128,64,decode,0,25.75908717699349,24.961431189218448,1598.5907060094178,64,40.0352634100845,87.346,43.673,49.659,1.36478125,0.7327181553820438,29.932,3.593,10.148,67.1,4,Phi-3-mini-Q4,llama.cpp,finegrained_gpu_emc
2026-05-16T03:27:30.670127,GPU1300_EMC2133_CPU1036,1300,1036,2133,1300,2133,p128_o64,128,64,decode,1,25.98450006917119,24.83275072974345,1590.7158420886844,64,40.23345861443424,83.362,41.681,49.475,1.30253125,0.7677358988507954,28.041,3.592,10.048,67.1,4,Phi-3-mini-Q4,llama.cpp,finegrained_gpu_emc
2026-05-16T03:27:33.088100,GPU1300_EMC2133_CPU1036,1300,1036,2133,1300,2133,p128_o64,128,64,decode,2,26.199097046628594,24.93968190226172,1597.6713278796524,64,40.058301656409846,83.154,41.577,49.26,1.29928125,0.7696563003583713,28.037,3.593,9.947,67.2,4,Phi-3-mini-Q4,llama.cpp,finegrained_gpu_emc
2026-05-16T03:27:37.118111,GPU1300_EMC2133_CPU1036,1300,1036,2133,1300,2133,p512_o128,512,128,decode,0,25.980773149058223,25.04887935470819,3207.689149072394,128,39.90411603225808,160.696,45.913,50.758,1.2554375,0.7965350724349082,31.756,3.593,10.564,67.4,7,Phi-3-mini-Q4,llama.cpp,finegrained_gpu_emc
2026-05-16T03:27:41.161554,GPU1300_EMC2133_CPU1036,1300,1036,2133,1300,2133,p512_o128,512,128,decode,1,26.139169931411743,25.1681092671874,3222.999120829627,128,39.71456249328784,160.798,45.942,50.359,1.256234375,0.7960298013656886,31.7,3.592,10.65,67.5,7,Phi-3-mini-Q4,llama.cpp,finegrained_gpu_emc
2026-05-16T03:27:45.206251,GPU1300_EMC2133_CPU1036,1300,1036,2133,1300,2133,p512_o128,512,128,decode,2,29.23954091966152,25.134742274645745,3221.8498189467937,128,39.72872951658639,161.494,46.141,50.46,1.261671875,0.7925991058491337,31.812,3.593,10.737,67.6,7,Phi-3-mini-Q4,llama.cpp,finegrained_gpu_emc
2026-05-16T03:27:49.223216,GPU1300_EMC2133_CPU1036,1300,1036,2133,1300,2133,p1024_o128,1024,128,decode,0,26.230158982798457,24.94462196876508,3194.7014301549643,128,40.06634197230479,159.988,45.711,50.557,1.24990625,0.8000600045003375,31.698,3.592,10.421,67.5,7,Phi-3-mini-Q4,llama.cpp,finegrained_gpu_emc
2026-05-16T03:27:53.203556,GPU1300_EMC2133_CPU1036,1300,1036,2133,1300,2133,p1024_o128,1024,128,decode,1,25.86030401289463,24.74232779551796,3168.620469979942,128,40.39612860318682,156.342,44.669,49.659,1.221421875,0.8187179388775888,31.641,2.794,10.234,67.3,7,Phi-3-mini-Q4,llama.cpp,finegrained_gpu_emc
2026-05-16T03:27:57.160606,GPU1300_EMC2133_CPU1036,1300,1036,2133,1300,2133,p1024_o128,1024,128,decode,2,25.90093482285738,24.561525173998607,3145.7560979761183,128,40.68974072158717,151.2,43.2,48.26,1.18125,0.8465608465608466,31.528,1.71,9.961,67.1,7,Phi-3-mini-Q4,llama.cpp,finegrained_gpu_emc
2026-05-16T03:28:04.381297,GPU1300_EMC2133_CPU1036,1300,1036,2133,1300,2133,p128_o256,128,256,decode,0,25.605804985389117,25.021085631577115,6407.002402935177,256,39.95628281374161,301.524,46.388,50.262,1.177828125,0.849020310157732,34.074,1.75,10.564,67.3,13,Phi-3-mini-Q4,llama.cpp,finegrained_gpu_emc
2026-05-16T03:28:11.756401,GPU1300_EMC2133_CPU1036,1300,1036,2133,1300,2133,p128_o256,128,256,decode,1,29.39419401809573,25.573064117491537,6551.511575002223,256,39.074951951056136,315.116,48.479,50.359,1.230921875,0.8123992434532046,33.951,3.592,10.936,68.0,13,Phi-3-mini-Q4,llama.cpp,finegrained_gpu_emc
2026-05-16T03:28:19.130625,GPU1300_EMC2133_CPU1036,1300,1036,2133,1300,2133,p128_o256,128,256,decode,2,29.523071134462956,25.572143246730167,6551.400637021288,256,39.075613625790254,314.896,48.445,50.259,1.2300625,0.8129668207916264,33.917,3.592,10.936,68.1,13,Phi-3-mini-Q4,llama.cpp,finegrained_gpu_emc
2026-05-16T03:28:33.999561,GPU1300_EMC2133_CPU1036,1300,1036,2133,1300,2133,p1024_o512,1024,512,decode,0,29.714802047237757,27.4145603990966,14040.53928796202,512,36.46583578445416,666.937,47.638,50.46,1.302611328125,0.7676887022312452,33.224,3.592,10.823,68.3,28,Phi-3-mini-Q4,llama.cpp,finegrained_gpu_emc
2026-05-16T03:28:48.501653,GPU1300_EMC2133_CPU1036,1300,1036,2133,1300,2133,p1024_o512,1024,512,decode,1,30.09416605345905,26.7194576302649,13685.647466918454,512,37.41145614320615,632.677,46.865,50.158,1.235697265625,0.8092597012377564,33.862,2.483,10.52,67.9,27,Phi-3-mini-Q4,llama.cpp,finegrained_gpu_emc
2026-05-16T03:29:02.242962,GPU1300_EMC2133_CPU1036,1300,1036,2133,1300,2133,p1024_o512,1024,512,decode,2,29.215556802228093,26.318663186517472,12927.260307827964,490,37.90439647163953,581.908,44.762,47.276,1.1875673469387755,0.8420575073722993,33.647,0.859,10.256,67.6,26,Phi-3-mini-Q4,llama.cpp,finegrained_gpu_emc
2026-05-16T03:29:10.415047,GPU1300_EMC3199_CPU1036,1300,1036,3199,1300,3199,p128_o64,128,64,decode,0,25.47982311807573,24.19261312452219,1549.872093135491,64,41.29373016228964,78.644,39.322,46.262,1.2288125,0.8137938049946595,29.632,0.399,9.291,66.5,4,Phi-3-mini-Q4,llama.cpp,finegrained_gpu_emc
2026-05-16T03:29:12.775907,GPU1300_EMC3199_CPU1036,1300,1036,3199,1300,3199,p128_o64,128,64,decode,1,25.6899381056428,24.206021759984274,1550.920776091516,64,41.265808664506224,73.849,36.924,45.363,1.153890625,0.866633265176238,27.64,0.399,8.886,66.4,4,Phi-3-mini-Q4,llama.cpp,finegrained_gpu_emc
2026-05-16T03:29:15.136741,GPU1300_EMC3199_CPU1036,1300,1036,3199,1300,3199,p128_o64,128,64,decode,2,25.54061310365796,24.204189142596626,1550.6609240546825,64,41.27272378325767,73.899,36.95,45.762,1.154671875,0.8660469018525284,27.64,0.399,8.911,66.5,4,Phi-3-mini-Q4,llama.cpp,finegrained_gpu_emc
2026-05-16T03:29:19.062526,GPU1300_EMC3199_CPU1036,1300,1036,3199,1300,3199,p512_o128,512,128,decode,0,25.537471985444427,24.324165526997504,3115.1801459491253,128,41.08911652074018,144.544,41.298,46.862,1.12925,0.8855435023245516,31.3,0.399,9.599,66.6,7,Phi-3-mini-Q4,llama.cpp,finegrained_gpu_emc
2026-05-16T03:29:22.985498,GPU1300_EMC3199_CPU1036,1300,1036,3199,1300,3199,p512_o128,512,128,decode,1,25.716383010149,24.30255549563843,3112.618839135393,128,41.12292786724736,144.657,41.331,46.877,1.1301328125,0.8848517527668899,31.304,0.399,9.628,66.6,7,Phi-3-mini-Q4,llama.cpp,finegrained_gpu_emc
2026-05-16T03:29:26.909492,GPU1300_EMC3199_CPU1036,1300,1036,3199,1300,3199,p512_o128,512,128,decode,2,25.483690900728103,24.311720993091157,3113.5438920464367,128,41.11070999415702,145.04,41.44,46.862,1.133125,0.882515168229454,31.414,0.399,9.627,66.7,7,Phi-3-mini-Q4,llama.cpp,finegrained_gpu_emc
2026-05-16T03:29:30.832466,GPU1300_EMC3199_CPU1036,1300,1036,3199,1300,3199,p1024_o128,1024,128,decode,0,25.587077951058745,24.301394724881085,3112.350946990773,128,41.12646747750567,145.166,41.476,46.977,1.134109375,0.8817491699158205,31.363,0.399,9.714,66.7,7,Phi-3-mini-Q4,llama.cpp,finegrained_gpu_emc
2026-05-16T03:29:34.756143,GPU1300_EMC3199_CPU1036,1300,1036,3199,1300,3199,p1024_o128,1024,128,decode,1,26.10564883798361,24.30402274852193,3113.195852842182,128,41.11530595903333,144.842,41.384,46.962,1.131578125,0.883721572472073,31.3,0.399,9.685,66.6,7,Phi-3-mini-Q4,llama.cpp,finegrained_gpu_emc
2026-05-16T03:29:38.681676,GPU1300_EMC3199_CPU1036,1300,1036,3199,1300,3199,p1024_o128,1024,128,decode,2,25.50443192012608,24.323156182324205,3115.020710043609,128,41.09121958235971,144.688,41.339,46.862,1.130375,0.8846621696339712,31.298,0.399,9.642,66.6,7,Phi-3-mini-Q4,llama.cpp,finegrained_gpu_emc
2026-05-16T03:29:45.810793,GPU1300_EMC3199_CPU1036,1300,1036,3199,1300,3199,p128_o256,128,256,decode,0,25.715345051139597,24.66931145035607,6317.323816940188,256,40.52348865092596,287.434,44.221,46.862,1.1227890625,0.8906392423999944,33.737,0.399,10.085,66.8,13,Phi-3-mini-Q4,llama.cpp,finegrained_gpu_emc
2026-05-16T03:29:52.940961,GPU1300_EMC3199_CPU1036,1300,1036,3199,1300,3199,p128_o256,128,256,decode,1,29.002591036260128,24.660836807543447,6318.479886045679,256,40.51607421673911,287.442,44.222,46.862,1.1228203125,0.8906144543942778,33.738,0.399,10.085,66.8,13,Phi-3-mini-Q4,llama.cpp,finegrained_gpu_emc
2026-05-16T03:30:00.073323,GPU1300_EMC3199_CPU1036,1300,1036,3199,1300,3199,p128_o256,128,256,decode,2,28.881224105134606,24.670390740913504,6320.798099040985,256,40.50121456004761,287.732,44.266,46.761,1.123953125,0.8897168198184421,33.798,0.399,10.069,66.9,13,Phi-3-mini-Q4,llama.cpp,finegrained_gpu_emc
2026-05-16T03:30:14.336843,GPU1300_EMC3199_CPU1036,1300,1036,3199,1300,3199,p1024_o512,1024,512,decode,0,29.231810942292213,26.25921936824174,13449.628690024838,512,38.06796542864667,597.818,44.283,46.862,1.16761328125,0.856447949041347,33.771,0.414,10.098,67.0,27,Phi-3-mini-Q4,llama.cpp,finegrained_gpu_emc
2026-05-16T03:30:28.577372,GPU1300_EMC3199_CPU1036,1300,1036,3199,1300,3199,p1024_o512,1024,512,decode,1,29.373766155913472,26.21437467128009,13426.818425999954,512,38.13263751363117,597.819,44.283,46.977,1.167615234375,0.8564465164205219,33.763,0.399,10.121,67.1,27,Phi-3-mini-Q4,llama.cpp,finegrained_gpu_emc
2026-05-16T03:30:42.808461,GPU1300_EMC3199_CPU1036,1300,1036,3199,1300,3199,p1024_o512,1024,512,decode,2,28.90616306103766,26.19605178082701,13417.00632008724,512,38.1605246196732,596.205,44.163,46.962,1.164462890625,0.8587650220981038,33.64,0.399,10.125,67.2,27,Phi-3-mini-Q4,llama.cpp,finegrained_gpu_emc
2026-05-16T05:53:45.939974,GPU306_EMC204_CPU1036,306,1036,204,306,204,p128_o64,128,64,mixed,0,82.9244451597333,80.62213388759466,5162.387199001387,64,12.39736531432206,86.873,15.795,16.404,1.357390625,0.7367076076571547,8.383,0.399,7.013,47.9,11,Phi-3-mini-Q4,llama.cpp,finegrained_gpu_emc
2026-05-16T05:53:51.916450,GPU306_EMC204_CPU1036,306,1036,204,306,204,p128_o64,128,64,mixed,1,82.88316614925861,80.6571394907281,5164.549096021801,64,12.392175736948367,85.669,15.576,16.404,1.338578125,0.7470613640873596,8.238,0.399,6.939,48.0,11,Phi-3-mini-Q4,llama.cpp,finegrained_gpu_emc
2026-05-16T05:53:57.973222,GPU306_EMC204_CPU1036,306,1036,204,306,204,p128_o64,128,64,mixed,2,82.91654102504253,86.0377852184077,5245.45686901547,61,11.629110966543742,86.266,15.685,16.404,1.4141967213114754,0.7071152018176338,8.31,0.399,6.976,48.2,11,Phi-3-mini-Q4,llama.cpp,finegrained_gpu_emc
2026-05-16T05:54:11.019815,GPU306_EMC204_CPU1036,306,1036,204,306,204,p512_o128,512,128,mixed,0,845.7942451350391,89.66206780297492,12233.369910158215,128,10.46318397465548,191.375,15.948,16.702,1.4951171875,0.6688438928804703,8.516,0.515,6.917,48.4,24,Phi-3-mini-Q4,llama.cpp,finegrained_gpu_emc
2026-05-16T05:54:23.305248,GPU306_EMC204_CPU1036,306,1036,204,306,204,p512_o128,512,128,mixed,1,93.40339503251016,89.59518979472203,11472.478960175067,128,11.157135301300803,183.936,15.994,16.702,1.437,0.6958942240779401,8.557,0.451,6.987,48.7,23,Phi-3-mini-Q4,llama.cpp,finegrained_gpu_emc
2026-05-16T05:54:35.581026,GPU306_EMC204_CPU1036,306,1036,204,306,204,p512_o128,512,128,mixed,2,361.8400120176375,89.51863724993721,11462.643508799374,125,10.904988880099337,183.034,15.916,16.303,1.464272,0.6829332255209415,8.557,0.399,6.96,48.9,23,Phi-3-mini-Q4,llama.cpp,finegrained_gpu_emc
2026-05-16T05:54:37.637798,GPU306_EMC204_CPU1036,306,1036,204,306,204,p1024_o128,1024,128,mixed,0,1246.8685891944915,1246.8685891944915,1246.8685891944915,0,0.0,18.542,12.361,13.195,0.0,0.0,6.521,0.399,5.441,48.8,3,Phi-3-mini-Q4,llama.cpp,finegrained_gpu_emc
2026-05-16T05:54:49.097996,GPU306_EMC204_CPU1036,306,1036,204,306,204,p1024_o128,1024,128,mixed,1,94.30719795636831,83.08873655215844,10647.090401966125,128,12.022063790907902,171.688,16.351,17.003,1.3413125,0.7455384185266297,8.725,0.399,7.227,49.1,21,Phi-3-mini-Q4,llama.cpp,finegrained_gpu_emc
2026-05-16T05:54:50.001745,GPU306_EMC204_CPU1036,306,1036,204,306,204,p1024_o128,1024,128,mixed,2,94.1391340456903,94.1391340456903,94.1391340456903,0,0.0,5.15,10.299,10.299,0.0,0.0,4.792,0.399,5.108,49.0,1,Phi-3-mini-Q4,llama.cpp,finegrained_gpu_emc
2026-05-16T05:55:12.293624,GPU306_EMC204_CPU1036,306,1036,204,306,204,p128_o256,128,256,mixed,0,88.88604305684566,83.86628875673256,21475.77843791805,256,11.920406086328466,340.628,16.22,16.407,1.330578125,0.7515530138450157,8.697,0.399,7.125,49.5,42,Phi-3-mini-Q4,llama.cpp,finegrained_gpu_emc
2026-05-16T05:55:34.627756,GPU306_EMC204_CPU1036,306,1036,204,306,204,p128_o256,128,256,mixed,1,89.3343910574913,84.03071355275517,21518.115014070645,256,11.89695286193062,341.829,16.278,16.903,1.33526953125,0.7489124679298713,8.697,0.437,7.144,49.8,42,Phi-3-mini-Q4,llama.cpp,finegrained_gpu_emc
2026-05-16T05:55:56.968068,GPU306_EMC204_CPU1036,306,1036,204,306,204,p128_o256,128,256,mixed,2,88.83045800030231,84.05734085130925,21524.43761797622,256,11.893458242374733,343.477,16.356,16.903,1.34170703125,0.7453191916780455,8.697,0.513,7.146,50.2,42,Phi-3-mini-Q4,llama.cpp,finegrained_gpu_emc
2026-05-16T05:56:43.837763,GPU306_EMC204_CPU1036,306,1036,204,306,204,p1024_o512,1024,512,mixed,0,2056.103257928044,86.08309756791303,46046.53957602568,512,11.11918517035697,737.917,16.398,17.402,1.441244140625,0.6938449717244622,8.738,0.421,7.239,50.6,90,Phi-3-mini-Q4,llama.cpp,finegrained_gpu_emc
2026-05-16T05:57:28.786098,GPU306_EMC204_CPU1036,306,1036,204,306,204,p1024_o512,1024,512,mixed,1,95.87569790892304,86.16075954999621,44125.97111309879,512,11.603144068777512,712.912,16.579,17.402,1.39240625,0.7181812060955629,8.847,0.418,7.315,51.1,86,Phi-3-mini-Q4,llama.cpp,finegrained_gpu_emc
2026-05-16T05:58:13.740139,GPU306_EMC204_CPU1036,306,1036,204,306,204,p1024_o512,1024,512,mixed,2,95.730640925467,86.17187025063761,44131.61296700128,512,11.601660704829438,714.388,16.614,17.402,1.3952890625,0.7166973689367683,8.834,0.422,7.358,51.5,86,Phi-3-mini-Q4,llama.cpp,finegrained_gpu_emc
2026-05-16T05:58:29.034025,GPU306_EMC665_CPU1036,306,1036,665,306,665,p128_o64,128,64,mixed,0,83.19093310274184,80.66170444224207,5165.143463993445,64,12.390749733506574,87.328,15.878,16.507,1.3645,0.7328691828508611,8.42,0.399,7.059,51.5,11,Phi-3-mini-Q4,llama.cpp,finegrained_gpu_emc
2026-05-16T05:58:35.008529,GPU306_EMC665_CPU1036,306,1036,665,306,665,p128_o64,128,64,mixed,1,83.0307740252465,80.63436938183648,5163.289547897875,64,12.39519872095034,86.586,15.743,16.507,1.35290625,0.7391495160880512,8.313,0.399,7.031,51.6,11,Phi-3-mini-Q4,llama.cpp,finegrained_gpu_emc
2026-05-16T05:58:40.986877,GPU306_EMC665_CPU1036,306,1036,665,306,665,p128_o64,128,64,mixed,2,82.9205340705812,80.69779953756739,5167.138895951211,64,12.385964706725447,87.378,15.887,17.006,1.36528125,0.7324498157430932,8.312,0.544,7.031,51.7,11,Phi-3-mini-Q4,llama.cpp,finegrained_gpu_emc
2026-05-16T05:58:54.035698,GPU306_EMC665_CPU1036,306,1036,665,306,665,p512_o128,512,128,mixed,0,843.876939965412,89.69106418117295,12235.13069585897,128,10.461678193868588,191.841,15.987,16.806,1.4987578125,0.667219207572938,8.517,0.482,6.988,51.7,24,Phi-3-mini-Q4,llama.cpp,finegrained_gpu_emc
2026-05-16T05:59:06.316222,GPU306_EMC665_CPU1036,306,1036,665,306,665,p512_o128,512,128,mixed,1,93.44108402729034,89.55500146381439,11467.419611057268,128,11.16205775504876,184.396,16.034,16.702,1.44059375,0.6941582246903404,8.557,0.451,7.026,51.8,23,Phi-3-mini-Q4,llama.cpp,finegrained_gpu_emc
2026-05-16T05:59:18.598450,GPU306_EMC665_CPU1036,306,1036,665,306,665,p512_o128,512,128,mixed,2,361.1400839872658,89.57541242782628,11469.069205923006,125,10.898879216409808,183.946,15.995,16.702,1.471568,0.6795472584345406,8.557,0.416,7.022,51.9,23,Phi-3-mini-Q4,llama.cpp,finegrained_gpu_emc
2026-05-16T05:59:31.214829,GPU306_EMC665_CPU1036,306,1036,665,306,665,p1024_o128,1024,128,mixed,0,1244.653597008437,83.13371874135369,11803.186241071671,128,10.844529382633738,193.54,16.128,17.007,1.51203125,0.661361992353002,8.633,0.399,7.096,51.9,24,Phi-3-mini-Q4,llama.cpp,finegrained_gpu_emc
2026-05-16T05:59:32.118614,GPU306_EMC665_CPU1036,306,1036,665,306,665,p1024_o128,1024,128,mixed,1,94.18475907295942,94.18475907295942,94.18475907295942,0,0.0,5.1,10.199,10.199,0.0,0.0,4.792,0.399,5.008,51.9,1,Phi-3-mini-Q4,llama.cpp,finegrained_gpu_emc
2026-05-16T05:59:43.588602,GPU306_EMC665_CPU1036,306,1036,665,306,665,p1024_o128,1024,128,mixed,2,93.2821079622954,83.1765461416079,10657.210825011134,128,12.010647260500852,175.497,16.714,17.507,1.3710703125,0.7293571969891223,8.897,0.494,7.323,52.0,21,Phi-3-mini-Q4,llama.cpp,finegrained_gpu_emc
2026-05-16T06:00:05.877373,GPU306_EMC665_CPU1036,306,1036,665,306,665,p128_o256,128,256,mixed,0,89.05422710813582,83.85444224684262,21472.91612997651,256,11.921995058818313,343.588,16.361,17.003,1.342140625,0.7450784078605771,8.697,0.456,7.208,52.1,42,Phi-3-mini-Q4,llama.cpp,finegrained_gpu_emc
2026-05-16T06:00:28.215912,GPU306_EMC665_CPU1036,306,1036,665,306,665,p128_o256,128,256,mixed,1,89.53918400220573,84.04695548244989,21522.479481995106,256,11.894540320698642,344.544,16.407,17.203,1.345875,0.7430110522894029,8.697,0.523,7.187,52.2,42,Phi-3-mini-Q4,llama.cpp,finegrained_gpu_emc
2026-05-16T06:00:50.604415,GPU306_EMC665_CPU1036,306,1036,665,306,665,p128_o256,128,256,mixed,2,88.88488309457898,84.24492752106458,21572.294228011742,256,11.867073445882385,370.259,17.221,18.405,1.44632421875,0.6914079063574416,8.747,1.151,7.323,52.5,43,Phi-3-mini-Q4,llama.cpp,finegrained_gpu_emc
2026-05-16T06:01:37.562545,GPU306_EMC665_CPU1036,306,1036,665,306,665,p1024_o512,1024,512,mixed,0,2053.195172920823,86.26122572805565,46134.60979796946,512,11.097958826185517,778.3,17.296,18.103,1.5201171875,0.6578440190158037,8.993,0.829,7.473,52.7,90,Phi-3-mini-Q4,llama.cpp,finegrained_gpu_emc
2026-05-16T06:02:16.365291,GPU306_EMC665_CPU1036,306,1036,665,306,665,p1024_o512,1024,512,mixed,1,94.564019003883,85.71002567387576,37981.81828507222,442,11.637146928632344,634.996,17.162,18.901,1.4366425339366515,0.6960673768023736,8.982,0.728,7.452,52.9,74,Phi-3-mini-Q4,llama.cpp,finegrained_gpu_emc
2026-05-16T06:02:17.269146,GPU306_EMC665_CPU1036,306,1036,665,306,665,p1024_o512,1024,512,mixed,2,94.35893082991242,94.35893082991242,94.35893082991242,0,0.0,5.749,11.498,11.498,0.0,0.0,4.792,1.198,5.508,52.7,1,Phi-3-mini-Q4,llama.cpp,finegrained_gpu_emc
2026-05-16T06:02:25.415189,GPU306_EMC2133_CPU1036,306,1036,2133,306,2133,p128_o64,128,64,mixed,0,26.34721389040351,24.239410620389712,1553.6874260287732,64,41.19232667254318,78.932,39.466,46.061,1.2333125,0.8108245071707292,29.535,0.798,9.133,54.1,4,Phi-3-mini-Q4,llama.cpp,finegrained_gpu_emc
2026-05-16T06:02:27.775309,GPU306_EMC2133_CPU1036,306,1036,2133,306,2133,p128_o64,128,64,mixed,1,26.211501797661185,24.18411849436188,1550.1196689438077,64,41.287134975590085,74.236,37.118,45.562,1.1599375,0.8621154157012769,27.538,0.798,8.782,54.4,4,Phi-3-mini-Q4,llama.cpp,finegrained_gpu_emc
2026-05-16T06:02:30.137470,GPU306_EMC2133_CPU1036,306,1036,2133,306,2133,p128_o64,128,64,mixed,2,26.273261988535523,24.205298791269936,1551.4676929451523,64,41.25126181551918,74.286,37.143,45.662,1.16071875,0.8615351479417387,27.538,0.798,8.807,54.7,4,Phi-3-mini-Q4,llama.cpp,finegrained_gpu_emc
2026-05-16T06:02:31.741081,GPU306_EMC2133_CPU1036,306,1036,2133,306,2133,p512_o128,512,128,mixed,0,225.91560799628496,27.041217649821192,793.6418589670211,21,26.46029788213657,33.308,33.308,40.153,1.586095238095238,0.6304791641647652,24.736,0.798,7.774,54.7,2,Phi-3-mini-Q4,llama.cpp,finegrained_gpu_emc
2026-05-16T06:02:35.987092,GPU306_EMC2133_CPU1036,306,1036,2133,306,2133,p512_o128,512,128,mixed,1,30.092857079580423,26.807904835629063,3435.2009610738605,128,37.2612844053195,147.815,42.233,45.562,1.1548046875,0.8659472989886007,31.865,0.798,9.57,55.2,7,Phi-3-mini-Q4,llama.cpp,finegrained_gpu_emc
2026-05-16T06:02:40.235218,GPU306_EMC2133_CPU1036,306,1036,2133,306,2133,p512_o128,512,128,mixed,2,30.30143096111715,40.07902114159044,3437.4982570298016,86,25.018194503554163,149.041,42.583,46.076,1.7330348837209302,0.5770224300695782,31.987,0.969,9.628,55.8,7,Phi-3-mini-Q4,llama.cpp,finegrained_gpu_emc
2026-05-16T06:02:44.607477,GPU306_EMC2133_CPU1036,306,1036,2133,306,2133,p1024_o128,1024,128,mixed,0,337.0491969399154,25.3833059925498,3561.2279989290982,128,35.9426579928303,165.184,41.296,47.276,1.2905,0.7748934521503293,30.833,0.998,9.465,56.1,8,Phi-3-mini-Q4,llama.cpp,finegrained_gpu_emc
2026-05-16T06:02:48.679728,GPU306_EMC2133_CPU1036,306,1036,2133,306,2133,p1024_o128,1024,128,mixed,1,33.902692142874,25.40998525851531,3261.476289015264,128,39.24603113967356,149.798,42.8,46.876,1.170296875,0.854484038505187,32.045,0.912,9.843,56.4,7,Phi-3-mini-Q4,llama.cpp,finegrained_gpu_emc
2026-05-16T06:02:52.752167,GPU306_EMC2133_CPU1036,306,1036,2133,306,2133,p1024_o128,1024,128,mixed,2,34.01024313643575,25.411134723236596,3261.761374073103,128,39.24260095095824,150.349,42.957,47.275,1.1746015625,0.8513525198039229,32.043,1.026,9.888,56.8,7,Phi-3-mini-Q4,llama.cpp,finegrained_gpu_emc
2026-05-16T06:03:00.084383,GPU306_EMC2133_CPU1036,306,1036,2133,306,2133,p128_o256,128,256,mixed,0,29.532540123909712,25.45060424280225,6520.400200039148,256,39.26139380194225,287.952,44.3,46.574,1.1248125,0.889037061732511,33.55,0.798,9.952,57.4,13,Phi-3-mini-Q4,llama.cpp,finegrained_gpu_emc
2026-05-16T06:03:07.449369,GPU306_EMC2133_CPU1036,306,1036,2133,306,2133,p128_o256,128,256,mixed,1,29.37938878312707,25.57979691043204,6553.214186802506,256,39.06479976124654,288.17,44.334,46.761,1.1256640625,0.8883645070618037,33.491,0.798,10.045,58.0,13,Phi-3-mini-Q4,llama.cpp,finegrained_gpu_emc
2026-05-16T06:03:14.803392,GPU306_EMC2133_CPU1036,306,1036,2133,306,2133,p128_o256,128,256,mixed,2,29.627355048432943,25.537060937095507,6542.509793071076,256,39.12871483526396,288.828,44.435,46.761,1.128234375,0.886340659492847,33.552,0.798,10.085,58.5,13,Phi-3-mini-Q4,llama.cpp,finegrained_gpu_emc
2026-05-16T06:03:29.887265,GPU306_EMC2133_CPU1036,306,1036,2133,306,2133,p1024_o512,1024,512,mixed,0,558.8191619608551,26.82705402534652,14269.361902028322,512,35.88107187380408,626.096,44.721,47.361,1.22284375,0.8177659656027191,33.993,0.556,10.172,59.0,28,Phi-3-mini-Q4,llama.cpp,finegrained_gpu_emc
2026-05-16T06:03:44.430464,GPU306_EMC2133_CPU1036,306,1036,2133,306,2133,p1024_o512,1024,512,mixed,1,34.0517139993608,26.79709594745969,13729.283476015553,512,37.292550692426246,605.263,44.834,46.862,1.182154296875,0.8459132641512862,34.143,0.429,10.263,59.8,27,Phi-3-mini-Q4,llama.cpp,finegrained_gpu_emc
2026-05-16T06:03:57.975789,GPU306_EMC2133_CPU1036,306,1036,2133,306,2133,p1024_o512,1024,512,mixed,2,34.05680204741657,26.67091149885796,12731.123765930532,476,37.38868687097463,561.322,44.906,46.761,1.1792478991596638,0.8479981187268627,34.195,0.447,10.264,60.6,25,Phi-3-mini-Q4,llama.cpp,finegrained_gpu_emc
2026-05-16T06:04:06.096370,GPU306_EMC3199_CPU1036,1300,1036,3199,306,3199,p128_o64,128,64,mixed,0,25.84756794385612,24.10507457153428,1544.7252478916198,64,41.43131607860554,78.136,39.068,45.762,1.220875,0.8190846728780589,29.532,0.399,9.136,59.9,4,Phi-3-mini-Q4,llama.cpp,finegrained_gpu_emc
2026-05-16T06:04:08.453188,GPU306_EMC3199_CPU1036,1300,1036,3199,306,3199,p128_o64,128,64,mixed,1,26.145198149606586,24.129208524726213,1546.5425811707971,64,41.3826303777225,73.187,36.594,45.263,1.143546875,0.8744722423381202,27.438,0.399,8.756,59.9,4,Phi-3-mini-Q4,llama.cpp,finegrained_gpu_emc
2026-05-16T06:04:10.812446,GPU306_EMC3199_CPU1036,1300,1036,3199,306,3199,p128_o64,128,64,mixed,2,25.93627199530601,24.176074033011755,1549.2880060337484,64,41.3092980457798,73.386,36.693,45.263,1.14665625,0.8721009456844631,27.438,0.498,8.756,60.0,4,Phi-3-mini-Q4,llama.cpp,finegrained_gpu_emc
2026-05-16T06:04:15.250005,GPU306_EMC3199_CPU1036,1300,1036,3199,306,3199,p512_o128,512,128,mixed,0,287.02489589340985,29.03828213153326,3626.912778010592,116,31.983123692218346,160.922,40.23,45.263,1.387258620689655,0.7208461242092442,30.63,0.399,9.201,60.2,8,Phi-3-mini-Q4,llama.cpp,finegrained_gpu_emc
2026-05-16T06:04:19.485518,GPU306_EMC3199_CPU1036,1300,1036,3199,306,3199,p512_o128,512,128,mixed,1,30.362774850800637,26.72358698534273,3424.749871948734,128,37.37499227269584,147.224,42.064,45.662,1.1501875,0.8694234635657231,31.981,0.456,9.627,60.4,7,Phi-3-mini-Q4,llama.cpp,finegrained_gpu_emc
2026-05-16T06:04:23.722611,GPU306_EMC3199_CPU1036,1300,1036,3199,306,3199,p512_o128,512,128,mixed,2,109.75046106614172,28.10352090627776,3426.4661809429526,119,34.72965840487343,147.386,42.11,45.676,1.2385378151260504,0.8074036882743273,32.042,0.456,9.613,60.6,7,Phi-3-mini-Q4,llama.cpp,finegrained_gpu_emc
2026-05-16T06:04:28.085381,GPU306_EMC3199_CPU1036,1300,1036,3199,306,3199,p1024_o128,1024,128,mixed,0,336.6206840146333,25.314443323057237,3552.050438942388,128,36.03552432608801,162.73,40.682,47.261,1.271328125,0.7865789958827506,30.881,0.399,9.402,60.6,8,Phi-3-mini-Q4,llama.cpp,finegrained_gpu_emc
2026-05-16T06:04:32.152465,GPU306_EMC3199_CPU1036,1300,1036,3199,306,3199,p1024_o128,1024,128,mixed,1,34.069953951984644,25.368226952410826,3256.329430034384,128,39.30806226771977,148.543,42.441,46.862,1.1604921875,0.8617033451593141,32.214,0.399,9.828,60.8,7,Phi-3-mini-Q4,llama.cpp,finegrained_gpu_emc
2026-05-16T06:04:36.215054,GPU306_EMC3199_CPU1036,1300,1036,3199,306,3199,p1024_o128,1024,128,mixed,2,33.83219498209655,25.334741267573644,3251.839308999479,128,39.36233861426039,148.494,42.427,46.862,1.160109375,0.861987689738306,32.214,0.399,9.814,61.0,7,Phi-3-mini-Q4,llama.cpp,finegrained_gpu_emc
2026-05-16T06:04:43.509176,GPU306_EMC3199_CPU1036,1300,1036,3199,306,3199,p128_o256,128,256,mixed,0,29.679035069420934,25.300474325194955,6482.272047083825,256,39.49232586052394,287.692,44.26,46.676,1.123796875,0.8898405238936085,33.831,0.46,9.969,61.3,13,Phi-3-mini-Q4,llama.cpp,finegrained_gpu_emc
2026-05-16T06:04:50.826516,GPU306_EMC3199_CPU1036,1300,1036,3199,306,3199,p128_o256,128,256,mixed,1,29.527483973652124,25.392159318332286,6505.47216902487,256,39.351486463798494,286.549,44.084,46.676,1.11933203125,0.8933899612282716,33.71,0.46,9.914,61.6,13,Phi-3-mini-Q4,llama.cpp,finegrained_gpu_emc
2026-05-16T06:04:58.137018,GPU306_EMC3199_CPU1036,1300,1036,3199,306,3199,p128_o256,128,256,mixed,2,29.367868090048432,25.36758243051522,6499.068615026772,256,39.39025961475334,286.88,44.135,46.676,1.120625,0.8923591745677636,33.745,0.43,9.96,61.8,13,Phi-3-mini-Q4,llama.cpp,finegrained_gpu_emc
2026-05-16T06:05:12.048525,GPU306_EMC3199_CPU1036,1300,1036,3199,306,3199,p1024_o512,1024,512,mixed,0,557.7775929123163,26.62010361499926,13097.544437972829,471,35.960939260832845,580.708,44.67,47.276,1.232925690021231,0.8110788899068034,34.097,0.399,10.174,62.2,26,Phi-3-mini-Q4,llama.cpp,finegrained_gpu_emc
2026-05-16T06:05:26.585229,GPU306_EMC3199_CPU1036,1300,1036,3199,306,3199,p1024_o512,1024,512,mixed,1,34.247169038280845,26.78391009791519,13722.754338057712,512,37.31029408433376,607.236,44.98,46.877,1.1860078125,0.8431647662523303,34.255,0.399,10.326,62.7,27,Phi-3-mini-Q4,llama.cpp,finegrained_gpu_emc
2026-05-16T06:05:41.125224,GPU306_EMC3199_CPU1036,1300,1036,3199,306,3199,p1024_o512,1024,512,mixed,2,34.005697816610336,26.79114984968083,13726.219228003174,512,37.30087590000436,607.66,45.012,46.877,1.1868359375,0.8425764407728006,34.268,0.429,10.315,63.1,27,Phi-3-mini-Q4,llama.cpp,finegrained_gpu_emc
2026-05-16T06:05:49.807997,GPU408_EMC204_CPU1036,408,1036,204,408,204,p128_o64,128,64,mixed,0,26.366347912698984,24.15720101756354,1548.5255618114024,64,41.32963741659866,78.192,39.096,46.161,1.22175,0.8184980560671169,29.535,0.399,9.162,62.3,4,Phi-3-mini-Q4,llama.cpp,finegrained_gpu_emc
2026-05-16T06:05:52.166528,GPU408_EMC204_CPU1036,408,1036,204,408,204,p128_o64,128,64,mixed,1,26.283917017281052,24.157812050174154,1548.4818830154836,64,41.33080322216469,73.649,36.824,45.662,1.150765625,0.8689866800635446,27.64,0.399,8.786,62.2,4,Phi-3-mini-Q4,llama.cpp,finegrained_gpu_emc
2026-05-16T06:05:54.526699,GPU408_EMC204_CPU1036,408,1036,204,408,204,p128_o64,128,64,mixed,2,26.19761391542852,24.18419360257094,1550.0699379481375,64,41.28845959345437,73.748,36.874,45.762,1.1523125,0.8678201442750989,27.44,0.598,8.836,62.2,4,Phi-3-mini-Q4,llama.cpp,finegrained_gpu_emc
2026-05-16T06:05:58.965350,GPU408_EMC204_CPU1036,408,1036,204,408,204,p512_o128,512,128,mixed,0,225.93966615386307,26.78199320312912,3627.7413121424615,128,35.28366247382896,161.61,40.403,45.776,1.262578125,0.7920301961512282,30.738,0.399,9.266,62.5,8,Phi-3-mini-Q4,llama.cpp,finegrained_gpu_emc
2026-05-16T06:06:03.198297,GPU408_EMC204_CPU1036,408,1036,204,408,204,p512_o128,512,128,mixed,1,30.36415111273527,26.705162629015803,3422.403577947989,128,37.400615410981565,147.851,42.243,45.676,1.1550859375,0.8657364508863653,32.215,0.399,9.63,62.6,7,Phi-3-mini-Q4,llama.cpp,finegrained_gpu_emc
2026-05-16T06:06:07.435861,GPU408_EMC204_CPU1036,408,1036,204,408,204,p512_o128,512,128,mixed,2,30.61198885552585,26.73517895393132,3426.4709448907524,128,37.356219287620746,147.31,42.088,45.377,1.150859375,0.8689158916570497,32.046,0.399,9.644,62.7,7,Phi-3-mini-Q4,llama.cpp,finegrained_gpu_emc
2026-05-16T06:06:11.806441,GPU408_EMC204_CPU1036,408,1036,204,408,204,p1024_o128,1024,128,mixed,0,337.30816398747265,25.3437279437588,3556.461449945345,128,35.99083015562198,148.916,42.548,47.261,1.16340625,0.8595449783770717,32.435,0.399,9.714,62.8,7,Phi-3-mini-Q4,llama.cpp,finegrained_gpu_emc
2026-05-16T06:06:15.871034,GPU408_EMC204_CPU1036,408,1036,204,408,204,p1024_o128,1024,128,mixed,1,34.11004994995892,25.35047813494668,3254.117697943002,128,39.33477884985892,148.724,42.493,46.877,1.16190625,0.8606546354320755,32.22,0.399,9.874,62.9,7,Phi-3-mini-Q4,llama.cpp,finegrained_gpu_emc
2026-05-16T06:06:19.937602,GPU408_EMC204_CPU1036,408,1036,204,408,204,p1024_o128,1024,128,mixed,2,33.81648403592408,25.36941496068685,3256.228980841115,128,39.30927485539926,148.766,42.504,46.877,1.162234375,0.8604116532003281,32.275,0.399,9.83,62.9,7,Phi-3-mini-Q4,llama.cpp,finegrained_gpu_emc
2026-05-16T06:06:25.107051,GPU408_EMC204_CPU1036,408,1036,204,408,204,p128_o256,128,256,mixed,0,29.918360989540812,24.44042220965705,4358.530438039452,177,40.61001810500557,197.424,43.872,46.676,1.1153898305084746,0.8965475322149282,33.572,0.399,9.901,63.1,9,Phi-3-mini-Q4,llama.cpp,finegrained_gpu_emc
2026-05-16T06:06:32.425039,GPU408_EMC204_CPU1036,408,1036,204,408,204,p128_o256,128,256,mixed,1,29.42191599868238,25.39567805497962,6506.273349979892,256,39.34664073110165,287.572,44.242,46.776,1.123328125,0.8902118425994185,33.712,0.522,10.008,63.3,13,Phi-3-mini-Q4,llama.cpp,finegrained_gpu_emc
2026-05-16T06:06:39.523722,GPU408_EMC204_CPU1036,408,1036,204,408,204,p128_o256,128,256,mixed,2,29.431676026433703,25.32714226839655,6287.369833094999,247,39.285107534132855,282.863,43.517,46.676,1.1451943319838056,0.8732142415232816,33.22,0.43,9.868,63.5,13,Phi-3-mini-Q4,llama.cpp,finegrained_gpu_emc
2026-05-16T06:06:52.684171,GPU408_EMC204_CPU1036,408,1036,204,408,204,p1024_o512,1024,512,mixed,0,558.577231131494,26.54654226364656,12346.947103971615,444,35.96030632197165,552.218,44.177,46.877,1.243734234234234,0.8040302923845294,33.624,0.431,10.122,63.8,25,Phi-3-mini-Q4,llama.cpp,finegrained_gpu_emc
2026-05-16T06:07:07.234370,GPU408_EMC204_CPU1036,408,1036,204,408,204,p1024_o512,1024,512,mixed,1,34.081346122547984,26.810955032961417,13736.464957008138,512,37.2730539918704,608.256,45.056,46.977,1.188,0.8417508417508418,34.283,0.414,10.36,64.2,27,Phi-3-mini-Q4,llama.cpp,finegrained_gpu_emc
2026-05-16T06:07:21.778210,GPU408_EMC204_CPU1036,408,1036,204,408,204,p1024_o512,1024,512,mixed,2,34.33190402574837,26.79752516049943,13729.790865909308,512,37.29117253135165,609.676,45.161,46.977,1.1907734375,0.8397903148557594,34.355,0.429,10.378,64.5,27,Phi-3-mini-Q4,llama.cpp,finegrained_gpu_emc
2026-05-16T06:07:29.917580,GPU408_EMC665_CPU1036,1300,1036,665,408,665,p128_o64,128,64,mixed,0,26.36062097735703,24.187497524840254,1550.4300519824028,64,41.27886963889061,78.936,39.468,46.661,1.233375,0.8107834194790716,29.632,0.598,9.237,63.5,4,Phi-3-mini-Q4,llama.cpp,finegrained_gpu_emc
2026-05-16T06:07:32.273215,GPU408_EMC665_CPU1036,1300,1036,665,408,665,p128_o64,128,64,mixed,1,25.922255124896765,24.11328790162409,1545.31657602638,64,41.41546204375113,73.99,36.995,45.762,1.15609375,0.8649817542911205,27.736,0.399,8.861,63.7,4,Phi-3-mini-Q4,llama.cpp,finegrained_gpu_emc
2026-05-16T06:07:34.633239,GPU408_EMC665_CPU1036,1300,1036,665,408,665,p128_o64,128,64,mixed,2,25.876590982079502,24.18120371709977,1549.552712123841,64,41.30224128502257,73.444,36.722,45.363,1.1475625,0.871412232449213,27.538,0.399,8.785,63.6,4,Phi-3-mini-Q4,llama.cpp,finegrained_gpu_emc
2026-05-16T06:07:39.067762,GPU408_EMC665_CPU1036,1300,1036,665,408,665,p512_o128,512,128,mixed,0,226.01652797311544,26.748751968468035,3623.597178142518,128,35.3240147034262,161.922,40.48,45.776,1.265015625,0.7905040698607972,30.78,0.399,9.302,63.7,8,Phi-3-mini-Q4,llama.cpp,finegrained_gpu_emc
2026-05-16T06:07:43.299983,GPU408_EMC665_CPU1036,1300,1036,665,408,665,p512_o128,512,128,mixed,1,83.39345292188227,29.024211122937825,3421.703168889508,116,33.90124574647049,148.124,42.321,45.762,1.276931034482759,0.7831276498069185,32.207,0.399,9.716,64.0,7,Phi-3-mini-Q4,llama.cpp,finegrained_gpu_emc
2026-05-16T06:07:47.533120,GPU408_EMC665_CPU1036,1300,1036,665,408,665,p512_o128,512,128,mixed,2,30.01336893066764,26.708951480246668,3422.533564036712,128,37.39919495457927,148.522,42.435,45.762,1.160328125,0.8618251841478031,32.321,0.399,9.716,64.0,7,Phi-3-mini-Q4,llama.cpp,finegrained_gpu_emc
2026-05-16T06:07:51.897418,GPU408_EMC665_CPU1036,1300,1036,665,408,665,p1024_o128,1024,128,mixed,0,336.63802105002105,25.32574862945737,3553.5110379569232,128,36.020712650886566,163.823,40.956,47.462,1.2798671875,0.7813310707287743,31.027,0.399,9.53,64.1,8,Phi-3-mini-Q4,llama.cpp,finegrained_gpu_emc
2026-05-16T06:07:55.967549,GPU408_EMC665_CPU1036,1300,1036,665,408,665,p1024_o128,1024,128,mixed,1,33.97600189782679,25.391477765148785,3259.191626915708,128,39.27354223143089,149.802,42.8,46.962,1.170328125,0.8544612221465668,32.328,0.513,9.96,64.1,7,Phi-3-mini-Q4,llama.cpp,finegrained_gpu_emc
2026-05-16T06:08:00.037694,GPU408_EMC665_CPU1036,1300,1036,665,408,665,p1024_o128,1024,128,mixed,2,34.16214510798454,25.393270251275165,3259.6110799349844,128,39.26848843652632,150.242,42.926,47.063,1.173765625,0.8519588397385552,32.325,0.57,10.031,64.3,7,Phi-3-mini-Q4,llama.cpp,finegrained_gpu_emc
2026-05-16T06:08:07.339210,GPU408_EMC665_CPU1036,1300,1036,665,408,665,p128_o256,128,256,mixed,0,29.73429812118411,25.330712329413668,6490.000849124044,256,39.44529530139466,288.003,44.308,46.761,1.12501171875,0.8888796297260793,33.886,0.399,10.023,64.4,13,Phi-3-mini-Q4,llama.cpp,finegrained_gpu_emc
2026-05-16T06:08:14.653298,GPU408_EMC665_CPU1036,1300,1036,665,408,665,p128_o256,128,256,mixed,1,29.34255613945425,25.38101265079105,6502.473511965945,256,39.369633652317866,287.722,44.265,46.676,1.1239140625,0.8897477426126609,33.827,0.43,10.008,64.6,13,Phi-3-mini-Q4,llama.cpp,finegrained_gpu_emc
2026-05-16T06:08:21.977560,GPU408_EMC665_CPU1036,1300,1036,665,408,665,p128_o256,128,256,mixed,2,29.928633011877537,25.418186638796445,6512.527629034594,256,39.30885434691799,288.902,44.447,47.16,1.1285234375,0.8861136302275513,33.825,0.552,10.07,64.7,13,Phi-3-mini-Q4,llama.cpp,finegrained_gpu_emc
2026-05-16T06:08:23.345567,GPU408_EMC665_CPU1036,1300,1036,665,408,665,p1024_o512,1024,512,mixed,0,558.4969390183687,558.4969390183687,558.4969390183687,0,0.0,24.528,24.528,24.767,0.0,0.0,17.76,0.398,6.37,64.2,2,Phi-3-mini-Q4,llama.cpp,finegrained_gpu_emc
2026-05-16T06:08:37.888294,GPU408_EMC665_CPU1036,1300,1036,665,408,665,p1024_o512,1024,512,mixed,1,33.74595521017909,26.79675213269044,13728.863436030224,512,37.293691672706125,608.966,45.109,47.261,1.18938671875,0.8407694354036186,34.273,0.473,10.363,64.9,27,Phi-3-mini-Q4,llama.cpp,finegrained_gpu_emc
2026-05-16T06:08:38.731653,GPU408_EMC665_CPU1036,1300,1036,665,408,665,p1024_o512,1024,512,mixed,2,33.91296206973493,33.91296206973493,33.91296206973493,0,0.0,7.246,14.492,14.492,0.0,0.0,8.785,0.399,5.308,64.2,1,Phi-3-mini-Q4,llama.cpp,finegrained_gpu_emc
2026-05-16T06:08:46.861731,GPU408_EMC2133_CPU1036,1300,1036,2133,408,2133,p128_o64,128,64,mixed,0,26.096557965502143,24.09820876172965,1544.5407321676612,64,41.43626559474428,78.836,39.418,46.362,1.2318125,0.8118118626008423,29.732,0.399,9.287,64.0,4,Phi-3-mini-Q4,llama.cpp,finegrained_gpu_emc
2026-05-16T06:08:49.219254,GPU408_EMC2133_CPU1036,1300,1036,2133,408,2133,p128_o64,128,64,mixed,1,26.10023785382509,24.142773844124303,1547.3547000437975,64,41.36091097806372,73.74,36.87,45.363,1.1521875,0.8679142934635206,27.636,0.399,8.836,63.9,4,Phi-3-mini-Q4,llama.cpp,finegrained_gpu_emc
2026-05-16T06:08:51.576861,GPU408_EMC2133_CPU1036,1300,1036,2133,408,2133,p128_o64,128,64,mixed,2,25.98311798647046,24.11517525269162,1545.498773921281,64,41.41057960053729,73.734,36.867,45.263,1.15209375,0.8679849187620365,27.533,0.499,8.836,63.9,4,Phi-3-mini-Q4,llama.cpp,finegrained_gpu_emc
2026-05-16T06:08:56.014347,GPU408_EMC2133_CPU1036,1300,1036,2133,408,2133,p512_o128,512,128,mixed,0,226.5595959033817,26.762199314956472,3625.850905897096,128,35.30205828149756,161.915,40.479,45.762,1.2649609375,0.7905382453756601,30.776,0.399,9.303,64.1,8,Phi-3-mini-Q4,llama.cpp,finegrained_gpu_emc
2026-05-16T06:09:00.249171,GPU408_EMC2133_CPU1036,1300,1036,2133,408,2133,p512_o128,512,128,mixed,1,30.245142988860607,26.719566975448892,3424.1205470170826,128,37.381861486011935,148.12,42.32,45.762,1.1571875,0.8641641911963273,32.205,0.399,9.716,64.3,7,Phi-3-mini-Q4,llama.cpp,finegrained_gpu_emc
2026-05-16T06:09:01.088823,GPU408_EMC2133_CPU1036,1300,1036,2133,408,2133,p512_o128,512,128,mixed,2,30.220439191907644,30.220439191907644,30.220439191907644,0,0.0,7.244,14.489,14.489,0.0,0.0,8.782,0.399,5.308,63.8,1,Phi-3-mini-Q4,llama.cpp,finegrained_gpu_emc
2026-05-16T06:09:02.234510,GPU408_EMC2133_CPU1036,1300,1036,2133,408,2133,p1024_o128,1024,128,mixed,0,336.21277404017746,336.21277404017746,336.21277404017746,0,0.0,11.386,22.771,22.771,0.0,0.0,16.354,0.398,6.019,63.3,1,Phi-3-mini-Q4,llama.cpp,finegrained_gpu_emc
2026-05-16T06:09:03.077700,GPU408_EMC2133_CPU1036,1300,1036,2133,408,2133,p1024_o128,1024,128,mixed,1,33.7142429780215,33.7142429780215,33.7142429780215,0,0.0,6.496,12.991,12.991,0.0,0.0,7.584,0.399,5.008,63.0,1,Phi-3-mini-Q4,llama.cpp,finegrained_gpu_emc
2026-05-16T06:09:07.132980,GPU408_EMC2133_CPU1036,1300,1036,2133,408,2133,p1024_o128,1024,128,mixed,2,38.53783197700977,25.24089074040961,3244.6379540488124,128,39.44970188130714,146.994,41.998,46.962,1.148390625,0.8707838415173409,31.812,0.399,9.788,63.9,7,Phi-3-mini-Q4,llama.cpp,finegrained_gpu_emc
2026-05-16T06:09:20.567813,GPU408_EMC2133_CPU1036,1300,1036,2133,408,2133,p128_o256,128,256,mixed,0,29.847444035112854,49.37226870188526,12620.753241935745,256,20.28405080842348,301.376,24.11,47.16,1.17725,0.8494372478233171,15.374,0.463,8.273,63.2,25,Phi-3-mini-Q4,llama.cpp,finegrained_gpu_emc
2026-05-16T06:09:37.830884,GPU408_EMC2133_CPU1036,1300,1036,2133,408,2133,p128_o256,128,256,mixed,1,68.42608517035842,64.23130195642658,16448.38150194846,256,15.563841340236086,304.986,18.484,19.501,1.1913515625,0.8393827913412419,10.27,0.472,7.742,61.9,33,Phi-3-mini-Q4,llama.cpp,finegrained_gpu_emc
2026-05-16T06:09:55.573510,GPU408_EMC2133_CPU1036,1300,1036,2133,408,2133,p128_o256,128,256,mixed,2,74.78507095947862,66.08655243180692,16927.795810159296,256,15.12305576408007,311.89,18.346,19.102,1.2183203125,0.8208022059059285,9.945,0.681,7.721,61.0,34,Phi-3-mini-Q4,llama.cpp,finegrained_gpu_emc
2026-05-16T06:10:31.569038,GPU408_EMC2133_CPU1036,1300,1036,2133,408,2133,p1024_o512,1024,512,mixed,0,1557.5706558302045,65.78476861285122,35175.50292192027,512,14.555584354728236,642.197,18.614,19.302,1.254291015625,0.7972631451096782,10.269,0.422,7.923,60.0,69,Phi-3-mini-Q4,llama.cpp,finegrained_gpu_emc
2026-05-16T06:11:04.717967,GPU408_EMC2133_CPU1036,1300,1036,2133,408,2133,p1024_o512,1024,512,mixed,1,73.34170513786376,65.69007706533813,32329.87686409615,491,15.18719053784206,593.34,18.836,20.6,1.2084317718940938,0.8275187919236862,10.379,0.469,7.988,59.2,63,Phi-3-mini-Q4,llama.cpp,finegrained_gpu_emc
2026-05-16T06:11:05.600874,GPU408_EMC2133_CPU1036,1300,1036,2133,408,2133,p1024_o512,1024,512,mixed,2,73.52781691588461,73.52781691588461,73.52781691588461,0,0.0,5.399,10.798,10.798,0.0,0.0,4.792,0.798,5.208,58.8,1,Phi-3-mini-Q4,llama.cpp,finegrained_gpu_emc
2026-05-16T06:11:13.725766,GPU408_EMC3199_CPU1036,408,1036,3199,408,3199,p128_o64,128,64,mixed,0,26.05655207298696,24.14326458459809,1547.3369678948077,64,41.36138496521134,78.198,39.099,45.776,1.22184375,0.8184352540985703,29.539,0.399,9.162,59.6,4,Phi-3-mini-Q4,llama.cpp,finegrained_gpu_emc
2026-05-16T06:11:16.080728,GPU408_EMC3199_CPU1036,408,1036,3199,408,3199,p128_o64,128,64,mixed,1,25.93610598705709,24.110434111207724,1545.1551438309252,64,41.419788980751726,73.144,36.572,45.263,1.142875,0.8749863283386197,27.438,0.399,8.735,59.7,4,Phi-3-mini-Q4,llama.cpp,finegrained_gpu_emc
2026-05-16T06:11:18.434493,GPU408_EMC3199_CPU1036,408,1036,3199,408,3199,p128_o64,128,64,mixed,2,25.90816793963313,24.0859591756903,1543.5805509332567,64,41.4620409419549,73.144,36.572,45.263,1.142875,0.8749863283386197,27.438,0.399,8.735,59.9,4,Phi-3-mini-Q4,llama.cpp,finegrained_gpu_emc
2026-05-16T06:11:22.870761,GPU408_EMC3199_CPU1036,408,1036,3199,408,3199,p512_o128,512,128,mixed,0,225.4727259278297,26.76967651157926,3625.712455017492,128,35.30340632028484,160.586,40.146,45.177,1.254578125,0.7970806919656757,30.584,0.399,9.164,60.2,8,Phi-3-mini-Q4,llama.cpp,finegrained_gpu_emc
2026-05-16T06:11:27.103300,GPU408_EMC3199_CPU1036,408,1036,3199,408,3199,p512_o128,512,128,mixed,1,29.97560217045248,26.70523109405822,3422.0253261737525,128,37.40474946838568,146.966,41.99,45.662,1.148171875,0.8709497434780833,31.979,0.399,9.613,60.7,7,Phi-3-mini-Q4,llama.cpp,finegrained_gpu_emc
2026-05-16T06:11:31.342223,GPU408_EMC3199_CPU1036,408,1036,3199,408,3199,p512_o128,512,128,mixed,2,30.237344093620777,26.751750258831528,3428.198009030893,128,37.33739990012535,146.734,41.924,45.277,1.146359375,0.8723267954257363,31.924,0.399,9.601,60.8,7,Phi-3-mini-Q4,llama.cpp,finegrained_gpu_emc
2026-05-16T06:11:35.709427,GPU408_EMC3199_CPU1036,408,1036,3199,408,3199,p1024_o128,1024,128,mixed,0,335.9463589731604,25.355277133841565,3556.566582992673,128,35.98976625717897,162.74,40.685,46.862,1.27140625,0.7865306624062922,30.884,0.399,9.402,61.0,8,Phi-3-mini-Q4,llama.cpp,finegrained_gpu_emc
2026-05-16T06:11:39.771002,GPU408_EMC3199_CPU1036,408,1036,3199,408,3199,p1024_o128,1024,128,mixed,1,33.67808903567493,25.328750205116243,3250.9377761743963,128,39.373254369275095,148.394,42.398,46.761,1.159328125,0.8625685674622963,32.212,0.399,9.787,61.4,7,Phi-3-mini-Q4,llama.cpp,finegrained_gpu_emc
2026-05-16T06:11:43.833782,GPU408_EMC3199_CPU1036,408,1036,3199,408,3199,p1024_o128,1024,128,mixed,2,34.15398811921477,25.33408592997749,3252.082323189825,128,39.35939723519988,148.49,42.426,46.862,1.160078125,0.8620109098255774,32.211,0.399,9.816,61.6,7,Phi-3-mini-Q4,llama.cpp,finegrained_gpu_emc
2026-05-16T06:11:51.127152,GPU408_EMC3199_CPU1036,408,1036,3199,408,3199,p128_o256,128,256,mixed,0,29.75205099210143,25.29875806660629,6481.880554929376,256,39.49471111517409,287.464,44.225,46.661,1.12290625,0.8905462944925278,33.857,0.399,9.969,61.9,13,Phi-3-mini-Q4,llama.cpp,finegrained_gpu_emc
2026-05-16T06:11:58.439928,GPU408_EMC3199_CPU1036,408,1036,3199,408,3199,p128_o256,128,256,mixed,1,29.58926698192954,25.374991541691852,6501.148798968643,256,39.377655844550496,287.442,44.222,47.06,1.1228203125,0.8906144543942778,33.769,0.491,9.962,62.2,13,Phi-3-mini-Q4,llama.cpp,finegrained_gpu_emc
2026-05-16T06:12:05.750743,GPU408_EMC3199_CPU1036,408,1036,3199,408,3199,p128_o256,128,256,mixed,2,29.414321994408965,25.36844254434839,6499.317267909646,256,39.38875261006245,286.25,44.038,46.661,1.1181640625,0.8943231441048035,33.647,0.46,9.931,62.5,13,Phi-3-mini-Q4,llama.cpp,finegrained_gpu_emc
2026-05-16T06:12:20.839123,GPU408_EMC3199_CPU1036,408,1036,3199,408,3199,p1024_o512,1024,512,mixed,0,558.0172929912806,26.837570688900502,14273.956782883031,512,35.869521520057944,627.425,44.816,47.276,1.225439453125,0.8160337888990716,34.113,0.513,10.19,63.0,28,Phi-3-mini-Q4,llama.cpp,finegrained_gpu_emc
2026-05-16T06:12:21.682630,GPU408_EMC3199_CPU1036,408,1036,3199,408,3199,p1024_o512,1024,512,mixed,1,33.943683141842484,33.943683141842484,33.943683141842484,0,0.0,7.246,14.492,14.492,0.0,0.0,8.785,0.399,5.308,62.3,1,Phi-3-mini-Q4,llama.cpp,finegrained_gpu_emc
2026-05-16T06:12:36.240929,GPU408_EMC3199_CPU1036,408,1036,3199,408,3199,p1024_o512,1024,512,mixed,2,35.082577960565686,26.82445233244879,13744.3467839621,512,37.2516794030138,606.525,44.928,46.877,1.184619140625,0.8441531676352995,34.147,0.473,10.307,63.4,27,Phi-3-mini-Q4,llama.cpp,finegrained_gpu_emc
2026-05-16T06:12:44.923964,GPU510_EMC204_CPU1036,510,1036,204,510,204,p128_o64,128,64,mixed,0,26.050716871395707,24.131913669407368,1546.6210888698697,64,41.38052976295919,78.56,39.28,46.276,1.2275,0.8146639511201629,29.644,0.399,9.237,62.7,4,Phi-3-mini-Q4,llama.cpp,finegrained_gpu_emc
2026-05-16T06:12:47.281523,GPU510_EMC204_CPU1036,510,1036,204,510,204,p128_o64,128,64,mixed,1,25.924952002242208,24.147299428780872,1547.4628990050403,64,41.35801901367041,73.496,36.748,45.263,1.148375,0.8707956895613367,27.538,0.399,8.811,62.7,4,Phi-3-mini-Q4,llama.cpp,finegrained_gpu_emc
2026-05-16T06:12:49.638564,GPU510_EMC204_CPU1036,510,1036,204,510,204,p128_o64,128,64,mixed,2,25.853147031739358,24.138733552443604,1546.8496209941804,64,41.37441618847627,73.594,36.797,45.662,1.14990625,0.8696361116395359,27.638,0.399,8.76,62.7,4,Phi-3-mini-Q4,llama.cpp,finegrained_gpu_emc
2026-05-16T06:12:54.082299,GPU510_EMC204_CPU1036,510,1036,204,510,204,p512_o128,512,128,mixed,0,225.5552019923925,26.82534456766379,3632.86271202378,128,35.23392160577802,161.984,40.496,45.662,1.2655,0.7902015013828526,30.781,0.449,9.266,62.9,8,Phi-3-mini-Q4,llama.cpp,finegrained_gpu_emc
2026-05-16T06:12:58.316909,GPU510_EMC204_CPU1036,510,1036,204,510,204,p512_o128,512,128,mixed,1,30.038766097277403,26.722013173023548,3424.224373186007,128,37.380728027732815,147.188,42.054,45.277,1.14990625,0.8696361116395359,32.04,0.399,9.615,63.1,7,Phi-3-mini-Q4,llama.cpp,finegrained_gpu_emc
2026-05-16T06:13:02.550569,GPU510_EMC204_CPU1036,510,1036,204,510,204,p512_o128,512,128,mixed,2,30.09965806268156,26.71274355810693,3423.108313931152,128,37.39291552039811,148.087,42.311,45.762,1.1569296875,0.8643567632540332,32.211,0.399,9.701,63.2,7,Phi-3-mini-Q4,llama.cpp,finegrained_gpu_emc
2026-05-16T06:13:06.915666,GPU510_EMC204_CPU1036,510,1036,204,510,204,p1024_o128,1024,128,mixed,0,336.1613091547042,25.33493084121701,3554.1981470305477,128,36.01374901029115,163.472,40.868,47.261,1.277125,0.7830087109719095,31.027,0.399,9.442,63.2,8,Phi-3-mini-Q4,llama.cpp,finegrained_gpu_emc
2026-05-16T06:13:10.987579,GPU510_EMC204_CPU1036,510,1036,204,510,204,p1024_o128,1024,128,mixed,1,33.97544613108039,25.40785141699896,3261.2756290473044,128,39.24844587189701,149.54,42.726,46.962,1.16828125,0.8559582720342384,32.325,0.513,9.888,63.4,7,Phi-3-mini-Q4,llama.cpp,finegrained_gpu_emc
2026-05-16T06:13:11.831411,GPU510_EMC204_CPU1036,510,1036,204,510,204,p1024_o128,1024,128,mixed,2,34.136862959712744,34.136862959712744,34.136862959712744,0,0.0,7.246,14.492,14.492,0.0,0.0,8.785,0.399,5.308,62.7,1,Phi-3-mini-Q4,llama.cpp,finegrained_gpu_emc
2026-05-16T06:13:19.129525,GPU510_EMC204_CPU1036,510,1036,204,510,204,p128_o256,128,256,mixed,0,29.43317289464176,25.31826753333649,6486.573796952143,256,39.46613543813949,286.003,44.0,46.676,1.11719921875,0.8950955059911959,33.617,0.43,9.954,63.5,13,Phi-3-mini-Q4,llama.cpp,finegrained_gpu_emc
2026-05-16T06:13:26.444988,GPU510_EMC204_CPU1036,510,1036,204,510,204,p128_o256,128,256,mixed,1,29.361164197325703,25.38630963102275,6503.838481148705,256,39.36137109524058,287.907,44.293,46.761,1.12463671875,0.8891760186449097,33.825,0.43,10.039,63.8,13,Phi-3-mini-Q4,llama.cpp,finegrained_gpu_emc
2026-05-16T06:13:33.755692,GPU510_EMC204_CPU1036,510,1036,204,510,204,p128_o256,128,256,mixed,2,29.59692501462996,25.365995172885995,6498.85797011666,256,39.39153635564136,287.265,44.195,46.761,1.12212890625,0.8911632116686683,33.796,0.399,10.0,64.0,13,Phi-3-mini-Q4,llama.cpp,finegrained_gpu_emc
2026-05-16T06:13:48.817826,GPU510_EMC204_CPU1036,510,1036,204,510,204,p1024_o512,1024,512,mixed,0,558.6377698928118,26.784638696534238,14247.505876934156,512,35.9361143222195,627.947,44.853,47.361,1.226458984375,0.8153554360479467,34.11,0.428,10.315,64.4,28,Phi-3-mini-Q4,llama.cpp,finegrained_gpu_emc
2026-05-16T06:14:03.527397,GPU510_EMC204_CPU1036,510,1036,204,510,204,p1024_o512,1024,512,mixed,1,34.227547934278846,27.121604370124597,13895.34290204756,512,36.84687766320282,635.876,45.42,47.577,1.2419453125,0.8051884329649177,33.671,1.311,10.438,65.0,28,Phi-3-mini-Q4,llama.cpp,finegrained_gpu_emc
2026-05-16T06:14:04.371926,GPU510_EMC204_CPU1036,510,1036,204,510,204,p1024_o512,1024,512,mixed,2,34.66357593424618,34.66357593424618,34.66357593424618,0,0.0,7.95,15.901,15.901,0.0,0.0,8.785,1.198,5.918,64.4,1,Phi-3-mini-Q4,llama.cpp,finegrained_gpu_emc
2026-05-16T06:14:12.520564,GPU510_EMC665_CPU1036,1300,1036,665,510,665,p128_o64,128,64,mixed,0,26.15389809943736,24.25495072800134,1554.473692085594,64,41.17149124224353,81.401,40.7,47.56,1.271890625,0.7862311273817275,29.737,1.497,9.466,64.3,4,Phi-3-mini-Q4,llama.cpp,finegrained_gpu_emc
2026-05-16T06:14:14.884558,GPU510_EMC665_CPU1036,1300,1036,665,510,665,p128_o64,128,64,mixed,1,26.19115496054292,24.23733925180776,1553.4062259830534,64,41.19978337250349,75.894,37.947,46.262,1.18584375,0.8432814188209871,27.638,1.197,9.112,64.2,4,Phi-3-mini-Q4,llama.cpp,finegrained_gpu_emc
2026-05-16T06:14:17.250134,GPU510_EMC665_CPU1036,1300,1036,665,510,665,p128_o64,128,64,mixed,2,26.13397384993732,24.26933982808675,1555.3681838791815,64,41.14781352951438,75.944,37.972,46.761,1.186625,0.8427262193194985,27.638,1.197,9.137,64.2,4,Phi-3-mini-Q4,llama.cpp,finegrained_gpu_emc
2026-05-16T06:14:21.710542,GPU510_EMC665_CPU1036,1300,1036,665,510,665,p512_o128,512,128,mixed,0,225.72741308249533,26.953299535350418,3649.287522071973,128,35.075339837110135,167.082,41.77,46.675,1.305328125,0.766090901473528,30.981,1.247,9.542,64.3,8,Phi-3-mini-Q4,llama.cpp,finegrained_gpu_emc
2026-05-16T06:14:25.968888,GPU510_EMC665_CPU1036,1300,1036,665,510,665,p512_o128,512,128,mixed,1,83.55489396490157,27.57036694340774,3447.622282896191,123,35.676762100711706,151.036,43.153,46.376,1.2279349593495934,0.8143753807039381,32.04,1.197,9.916,64.5,7,Phi-3-mini-Q4,llama.cpp,finegrained_gpu_emc
2026-05-16T06:14:30.244393,GPU510_EMC665_CPU1036,1300,1036,665,510,665,p512_o128,512,128,mixed,2,30.72097199037671,27.03445466917272,3464.6119389217347,128,36.944974576239694,150.885,43.11,46.775,1.1787890625,0.8483281969712033,31.983,1.254,9.873,64.5,7,Phi-3-mini-Q4,llama.cpp,finegrained_gpu_emc
2026-05-16T06:14:34.627982,GPU510_EMC665_CPU1036,1300,1036,665,510,665,p1024_o128,1024,128,mixed,0,337.18886598944664,25.47027129225257,3572.4116531200707,128,35.83013729344641,170.366,42.591,48.759,1.330984375,0.7513236209102755,31.177,1.596,9.818,64.8,8,Phi-3-mini-Q4,llama.cpp,finegrained_gpu_emc
2026-05-16T06:14:38.703580,GPU510_EMC665_CPU1036,1300,1036,665,510,665,p1024_o128,1024,128,mixed,1,34.1943318489939,25.433125614195944,3264.707743888721,128,39.20718485126457,154.89,44.254,48.461,1.210078125,0.8263929240105883,32.44,1.596,10.218,64.9,7,Phi-3-mini-Q4,llama.cpp,finegrained_gpu_emc
2026-05-16T06:14:42.783992,GPU510_EMC665_CPU1036,1300,1036,665,510,665,p1024_o128,1024,128,mixed,2,34.43670202977955,25.471803204222457,3269.8914108332247,128,39.145030803143214,154.91,44.26,48.276,1.210234375,0.8262862307146085,32.503,1.596,10.16,65.0,7,Phi-3-mini-Q4,llama.cpp,finegrained_gpu_emc
2026-05-16T06:14:50.120155,GPU510_EMC665_CPU1036,1300,1036,665,510,665,p128_o256,128,256,mixed,0,29.83032399788499,25.46458381922076,6524.252994917333,256,39.23820860402482,296.713,45.648,48.175,1.15903515625,0.8627865984975379,33.897,1.504,10.247,65.1,13,Phi-3-mini-Q4,llama.cpp,finegrained_gpu_emc
2026-05-16T06:14:57.484582,GPU510_EMC665_CPU1036,1300,1036,665,510,665,p128_o256,128,256,mixed,1,29.70493701286614,25.57644525853296,6552.642038790509,256,39.06821072851595,295.188,45.414,47.775,1.153078125,0.8672439259048471,33.831,1.289,10.294,65.1,13,Phi-3-mini-Q4,llama.cpp,finegrained_gpu_emc
2026-05-16T06:15:04.845909,GPU510_EMC665_CPU1036,1300,1036,665,510,665,p128_o256,128,256,mixed,2,29.56326305866241,25.563448709527066,6549.287571106106,256,39.08822100428311,296.522,45.619,47.976,1.1582890625,0.8633423489656754,33.958,1.197,10.464,65.2,13,Phi-3-mini-Q4,llama.cpp,finegrained_gpu_emc
2026-05-16T06:15:20.008211,GPU510_EMC665_CPU1036,1300,1036,665,510,665,p1024_o512,1024,512,mixed,0,560.4291609488428,26.97815476513947,14348.255921155214,512,35.68377946514754,642.386,45.885,48.561,1.25466015625,0.7970285778332654,34.152,1.14,10.592,65.6,28,Phi-3-mini-Q4,llama.cpp,finegrained_gpu_emc
2026-05-16T06:15:34.542937,GPU510_EMC665_CPU1036,1300,1036,665,510,665,p1024_o512,1024,512,mixed,1,34.4573799520731,26.77909356182889,13720.528262900189,512,37.316347460500445,610.08,45.191,46.977,1.1915625,0.8392341987936007,34.355,0.399,10.438,65.7,27,Phi-3-mini-Q4,llama.cpp,finegrained_gpu_emc
2026-05-16T06:15:49.079391,GPU510_EMC665_CPU1036,1300,1036,665,510,665,p1024_o512,1024,512,mixed,2,34.51609006151557,26.782589283846537,13722.357808146626,512,37.31137222613727,610.418,45.216,47.063,1.19222265625,0.8387694989335177,34.324,0.429,10.464,65.9,27,Phi-3-mini-Q4,llama.cpp,finegrained_gpu_emc
2026-05-16T06:15:57.214983,GPU510_EMC2133_CPU1036,1300,1036,2133,510,2133,p128_o64,128,64,mixed,0,26.266929926350716,24.175738017739995,1549.5963948778808,64,41.301076984658096,78.947,39.474,46.761,1.233546875,0.8106704497954323,29.637,0.499,9.338,65.0,4,Phi-3-mini-Q4,llama.cpp,finegrained_gpu_emc
2026-05-16T06:15:59.571906,GPU510_EMC2133_CPU1036,1300,1036,2133,510,2133,p128_o64,128,64,mixed,1,25.8422838523984,24.13678216186189,1546.7194819357246,64,41.3778973805281,73.896,36.948,45.863,1.154625,0.8660820612753058,27.638,0.399,8.911,64.9,4,Phi-3-mini-Q4,llama.cpp,finegrained_gpu_emc
2026-05-16T06:16:01.927485,GPU510_EMC2133_CPU1036,1300,1036,2133,510,2133,p128_o64,128,64,mixed,2,25.88462410494685,24.116191636061384,1545.4908541869372,64,41.41079180547437,73.895,36.948,45.863,1.154609375,0.8660937817173017,27.638,0.399,8.911,64.9,4,Phi-3-mini-Q4,llama.cpp,finegrained_gpu_emc
2026-05-16T06:16:06.364804,GPU510_EMC2133_CPU1036,1300,1036,2133,510,2133,p512_o128,512,128,mixed,0,225.59381485916677,26.774943646732865,3626.5066429041326,128,35.2956750404562,162.486,40.621,45.877,1.269421875,0.7877601762613395,30.831,0.399,9.392,65.1,8,Phi-3-mini-Q4,llama.cpp,finegrained_gpu_emc
2026-05-16T06:16:07.204066,GPU510_EMC2133_CPU1036,1300,1036,2133,510,2133,p512_o128,512,128,mixed,1,29.99172382988036,29.99172382988036,29.99172382988036,0,0.0,7.246,14.492,14.492,0.0,0.0,8.785,0.399,5.308,64.7,1,Phi-3-mini-Q4,llama.cpp,finegrained_gpu_emc
2026-05-16T06:16:08.043083,GPU510_EMC2133_CPU1036,1300,1036,2133,510,2133,p512_o128,512,128,mixed,2,29.82251299545169,29.82251299545169,29.82251299545169,0,0.0,6.048,12.095,12.095,0.0,0.0,6.789,0.399,4.907,64.1,1,Phi-3-mini-Q4,llama.cpp,finegrained_gpu_emc
2026-05-16T06:16:12.414738,GPU510_EMC2133_CPU1036,1300,1036,2133,510,2133,p1024_o128,1024,128,mixed,0,336.739415070042,25.38388536135688,3561.0020470339805,128,35.94493861822219,162.118,40.53,47.078,1.266546875,0.7895483536683157,30.638,0.399,9.492,64.8,8,Phi-3-mini-Q4,llama.cpp,finegrained_gpu_emc
2026-05-16T06:16:16.479747,GPU510_EMC2133_CPU1036,1300,1036,2133,510,2133,p1024_o128,1024,128,mixed,1,34.49338302016258,25.34965866824656,3254.396267933771,128,39.3314118692951,148.78,42.509,46.977,1.16234375,0.8603306896088184,32.222,0.399,9.888,65.1,7,Phi-3-mini-Q4,llama.cpp,finegrained_gpu_emc
2026-05-16T06:16:20.544713,GPU510_EMC2133_CPU1036,1300,1036,2133,510,2133,p1024_o128,1024,128,mixed,2,33.8717638514936,25.354538873703344,3254.4018579646945,128,39.33134431039543,149.822,42.806,47.376,1.170484375,0.8543471586282388,32.391,0.456,9.96,65.1,7,Phi-3-mini-Q4,llama.cpp,finegrained_gpu_emc
2026-05-16T06:16:27.839006,GPU510_EMC2133_CPU1036,1300,1036,2133,510,2133,p128_o256,128,256,mixed,0,29.6544439624995,25.30144772163647,6482.597765978426,256,39.49034156392111,289.079,44.474,46.776,1.12921484375,0.8855710722674425,33.959,0.43,10.085,65.3,13,Phi-3-mini-Q4,llama.cpp,finegrained_gpu_emc
2026-05-16T06:16:35.162627,GPU510_EMC2133_CPU1036,1300,1036,2133,510,2133,p128_o256,128,256,mixed,1,29.81274388730526,25.417258513762672,6512.157056946307,256,39.31109120394034,285.392,43.906,46.376,1.1148125,0.8970118293434994,33.438,0.399,10.069,65.4,13,Phi-3-mini-Q4,llama.cpp,finegrained_gpu_emc
2026-05-16T06:16:42.494198,GPU510_EMC2133_CPU1036,1300,1036,2133,510,2133,p128_o256,128,256,mixed,2,29.96662398800254,25.446114670850484,6519.690599059686,256,39.26566699912448,284.687,43.798,46.376,1.11205859375,0.8992331929452345,33.345,0.399,10.054,65.6,13,Phi-3-mini-Q4,llama.cpp,finegrained_gpu_emc
2026-05-16T06:16:57.187920,GPU510_EMC2133_CPU1036,1300,1036,2133,510,2133,p1024_o512,1024,512,mixed,0,560.9611470717937,26.794634330379328,13879.578080959618,497,35.80800490483195,615.76,43.983,46.977,1.238953722334004,0.8071326490840587,33.33,0.399,10.254,65.7,28,Phi-3-mini-Q4,llama.cpp,finegrained_gpu_emc
2026-05-16T06:17:10.759103,GPU510_EMC2133_CPU1036,1300,1036,2133,510,2133,p1024_o512,1024,512,mixed,1,34.30871805176139,26.6700603152007,12757.761833025144,477,37.38900335678181,563.492,45.079,46.577,1.1813249475890986,0.8465071376346072,34.216,0.399,10.465,66.0,25,Phi-3-mini-Q4,llama.cpp,finegrained_gpu_emc
2026-05-16T06:17:25.286639,GPU510_EMC2133_CPU1036,1300,1036,2133,510,2133,p1024_o512,1024,512,mixed,2,33.9522089343518,26.76686626055265,13713.752147043124,512,37.3347858784508,611.745,45.314,47.078,1.194814453125,0.8369500363713639,34.426,0.414,10.475,66.2,27,Phi-3-mini-Q4,llama.cpp,finegrained_gpu_emc
2026-05-16T06:17:33.402508,GPU510_EMC3199_CPU1036,1300,1036,3199,510,3199,p128_o64,128,64,mixed,0,26.10954688861966,24.11746992064374,1545.7673920318484,64,41.40338341325379,78.592,39.296,46.262,1.228,0.8143322475570033,29.634,0.399,9.262,65.3,4,Phi-3-mini-Q4,llama.cpp,finegrained_gpu_emc
2026-05-16T06:17:35.756789,GPU510_EMC3199_CPU1036,1300,1036,3199,510,3199,p128_o64,128,64,mixed,1,26.002023136243224,24.09401885603392,1544.1805319860578,64,41.445931142316624,74.044,37.022,45.863,1.1569375,0.8643509264761493,27.738,0.399,8.886,65.3,4,Phi-3-mini-Q4,llama.cpp,finegrained_gpu_emc
2026-05-16T06:17:38.115563,GPU510_EMC3199_CPU1036,1300,1036,3199,510,3199,p128_o64,128,64,mixed,2,26.112166000530124,24.164859730277268,1548.7586080562323,64,41.32341842498175,73.95,36.975,45.863,1.15546875,0.8654496281271129,27.64,0.399,8.936,65.2,4,Phi-3-mini-Q4,llama.cpp,finegrained_gpu_emc
2026-05-16T06:17:42.548859,GPU510_EMC3199_CPU1036,1300,1036,3199,510,3199,p512_o128,512,128,mixed,0,225.71890312246975,26.74361636246166,3622.6412751711914,128,35.33333561820892,162.648,40.662,45.877,1.2706875,0.7869755545718361,30.884,0.399,9.379,65.4,8,Phi-3-mini-Q4,llama.cpp,finegrained_gpu_emc
2026-05-16T06:17:46.778269,GPU510_EMC3199_CPU1036,1300,1036,3199,510,3199,p512_o128,512,128,mixed,1,30.28701082803309,26.67887754349669,3418.9922239165758,128,37.43793247162508,148.834,42.524,45.877,1.162765625,0.8600185441498582,32.323,0.399,9.802,65.5,7,Phi-3-mini-Q4,llama.cpp,finegrained_gpu_emc
2026-05-16T06:17:51.008947,GPU510_EMC3199_CPU1036,1300,1036,3199,510,3199,p512_o128,512,128,mixed,2,30.00922687351704,26.69031127524657,3420.163164846599,128,37.42511506925169,148.373,42.392,45.762,1.1591640625,0.8626906512640441,32.264,0.399,9.73,65.5,7,Phi-3-mini-Q4,llama.cpp,finegrained_gpu_emc
2026-05-16T06:17:55.369152,GPU510_EMC3199_CPU1036,1300,1036,3199,510,3199,p1024_o128,1024,128,mixed,0,336.19037782773376,25.297236078836782,3549.441491952166,128,36.06201152779137,164.174,41.044,47.462,1.282609375,0.7796606039933242,31.077,0.399,9.568,65.6,8,Phi-3-mini-Q4,llama.cpp,finegrained_gpu_emc
2026-05-16T06:17:59.427782,GPU510_EMC3199_CPU1036,1300,1036,3199,510,3199,p1024_o128,1024,128,mixed,1,34.131179098039865,25.302036566381144,3247.985172085464,128,39.40904690701339,149.611,42.746,47.078,1.1688359375,0.855552065021957,32.33,0.399,10.017,65.7,7,Phi-3-mini-Q4,llama.cpp,finegrained_gpu_emc
2026-05-16T06:18:00.271146,GPU510_EMC3199_CPU1036,1300,1036,3199,510,3199,p1024_o128,1024,128,mixed,2,34.101131139323115,34.101131139323115,34.101131139323115,0,0.0,7.25,14.5,14.5,0.0,0.0,8.785,0.399,5.316,65.0,1,Phi-3-mini-Q4,llama.cpp,finegrained_gpu_emc
2026-05-16T06:18:07.567087,GPU510_EMC3199_CPU1036,1300,1036,3199,510,3199,p128_o256,128,256,mixed,0,29.717189026996493,25.3085221766549,6484.323741169646,256,39.47983015940881,286.779,44.12,46.776,1.12023046875,0.8926734523797071,33.675,0.399,10.046,65.7,13,Phi-3-mini-Q4,llama.cpp,finegrained_gpu_emc
2026-05-16T06:18:14.880534,GPU510_EMC3199_CPU1036,1300,1036,3199,510,3199,p128_o256,128,256,mixed,1,29.569315956905484,25.37725302755979,6501.697980798781,256,39.37432971448922,288.486,44.383,46.776,1.1268984375,0.8873914158746006,33.922,0.399,10.062,65.8,13,Phi-3-mini-Q4,llama.cpp,finegrained_gpu_emc
2026-05-16T06:18:22.208955,GPU510_EMC3199_CPU1036,1300,1036,3199,510,3199,p128_o256,128,256,mixed,2,29.535957844927907,25.435976475002427,6516.685719834641,256,39.28377261171588,288.872,44.442,47.261,1.12840625,0.8862056550998365,33.858,0.491,10.093,65.9,13,Phi-3-mini-Q4,llama.cpp,finegrained_gpu_emc
2026-05-16T06:18:37.280329,GPU510_EMC3199_CPU1036,1300,1036,3199,510,3199,p1024_o512,1024,512,mixed,0,558.0913592129946,26.804283659070467,14257.038364186885,512,35.91208685291356,630.29,45.021,47.462,1.23103515625,0.8123244855542687,34.234,0.399,10.388,66.1,28,Phi-3-mini-Q4,llama.cpp,finegrained_gpu_emc
2026-05-16T06:18:51.809213,GPU510_EMC3199_CPU1036,1300,1036,3199,510,3199,p1024_o512,1024,512,mixed,1,33.990703988820314,26.770069474336125,13715.17098788172,511,37.258011617318,610.978,45.258,47.063,1.195651663405088,0.8363639934662133,34.365,0.399,10.494,66.4,27,Phi-3-mini-Q4,llama.cpp,finegrained_gpu_emc
2026-05-16T06:18:52.652953,GPU510_EMC3199_CPU1036,1300,1036,3199,510,3199,p1024_o512,1024,512,mixed,2,34.27453199401498,34.27453199401498,34.27453199401498,0,0.0,7.25,14.5,14.5,0.0,0.0,8.785,0.399,5.316,65.5,1,Phi-3-mini-Q4,llama.cpp,finegrained_gpu_emc
2026-05-16T06:19:01.330748,GPU612_EMC204_CPU1036,612,1036,204,612,204,p128_o64,128,64,mixed,0,25.8236899971962,24.107436206014384,1544.847367098555,64,41.428040959283365,78.604,39.302,46.276,1.2281875,0.8142079283497023,29.641,0.399,9.262,65.2,4,Phi-3-mini-Q4,llama.cpp,finegrained_gpu_emc
2026-05-16T06:19:03.686071,GPU612_EMC204_CPU1036,612,1036,204,612,204,p128_o64,128,64,mixed,1,25.94329882413149,24.11057960448993,1545.167570002377,64,41.41945588458186,74.095,37.048,45.863,1.157734375,0.8637559889331264,27.738,0.399,8.911,65.2,4,Phi-3-mini-Q4,llama.cpp,finegrained_gpu_emc
2026-05-16T06:19:06.041100,GPU612_EMC204_CPU1036,612,1036,204,612,204,p128_o64,128,64,mixed,2,26.353267021477222,24.10303996801968,1545.1034689322114,64,41.42117423646008,74.094,37.047,45.863,1.15771875,0.8637676465030908,27.738,0.399,8.911,65.3,4,Phi-3-mini-Q4,llama.cpp,finegrained_gpu_emc
2026-05-16T06:19:10.481193,GPU612_EMC204_CPU1036,612,1036,204,612,204,p512_o128,512,128,mixed,0,225.55197891779244,26.796970960104797,3629.25192900002,128,35.26897622543064,162.495,40.624,45.877,1.2694921875,0.7877165451244653,30.833,0.399,9.392,65.4,8,Phi-3-mini-Q4,llama.cpp,finegrained_gpu_emc
2026-05-16T06:19:14.713405,GPU612_EMC204_CPU1036,612,1036,204,612,204,p512_o128,512,128,mixed,1,29.94314022362232,26.700173117821727,3421.3508830871438,128,37.41212298123115,148.224,42.35,45.863,1.158,0.8635578583765113,32.207,0.399,9.744,65.5,7,Phi-3-mini-Q4,llama.cpp,finegrained_gpu_emc
2026-05-16T06:19:15.553107,GPU612_EMC204_CPU1036,612,1036,204,612,204,p512_o128,512,128,mixed,2,30.511471908539534,30.511471908539534,30.511471908539534,0,0.0,7.25,14.5,14.5,0.0,0.0,8.785,0.399,5.316,65.0,1,Phi-3-mini-Q4,llama.cpp,finegrained_gpu_emc
2026-05-16T06:19:19.924365,GPU612_EMC204_CPU1036,612,1036,204,612,204,p1024_o128,1024,128,mixed,0,335.82910196855664,25.385611228586185,3560.337655013427,128,35.95164627707685,162.526,40.631,47.462,1.269734375,0.7875662970847741,30.728,0.399,9.504,65.3,8,Phi-3-mini-Q4,llama.cpp,finegrained_gpu_emc
2026-05-16T06:19:23.987375,GPU612_EMC204_CPU1036,612,1036,204,612,204,p1024_o128,1024,128,mixed,1,34.02065183036029,25.33683872517697,3252.2902397904545,128,39.35688101694363,149.604,42.744,47.063,1.16878125,0.8555920964680088,32.328,0.399,10.017,65.5,7,Phi-3-mini-Q4,llama.cpp,finegrained_gpu_emc
2026-05-16T06:19:28.050947,GPU612_EMC204_CPU1036,612,1036,204,612,204,p1024_o128,1024,128,mixed,2,33.84009096771479,25.343297590230275,3252.9420179780573,128,39.34899524571343,149.008,42.574,46.962,1.164125,0.8590142811124234,32.273,0.399,9.902,65.5,7,Phi-3-mini-Q4,llama.cpp,finegrained_gpu_emc
2026-05-16T06:19:35.343374,GPU612_EMC204_CPU1036,612,1036,204,612,204,p128_o256,128,256,mixed,0,29.5273179654032,25.297163023302957,6481.241266941652,256,39.49860674154482,288.952,44.454,46.862,1.12871875,0.8859602979041502,33.924,0.399,10.132,65.8,13,Phi-3-mini-Q4,llama.cpp,finegrained_gpu_emc
2026-05-16T06:19:42.655865,GPU612_EMC204_CPU1036,612,1036,204,612,204,p128_o256,128,256,mixed,1,29.508250998333097,25.373298105071573,6500.639750855044,256,39.380739405891205,289.144,44.484,47.261,1.12946875,0.8853719945770965,33.953,0.43,10.101,65.9,13,Phi-3-mini-Q4,llama.cpp,finegrained_gpu_emc
2026-05-16T06:19:49.974895,GPU612_EMC204_CPU1036,612,1036,204,612,204,p128_o256,128,256,mixed,2,29.34216312132776,25.40045570143882,6507.41126597859,256,39.339760395718976,288.571,44.396,47.16,1.12723046875,0.8871300303911341,33.889,0.43,10.077,66.0,13,Phi-3-mini-Q4,llama.cpp,finegrained_gpu_emc
2026-05-16T06:20:02.307142,GPU612_EMC204_CPU1036,612,1036,204,612,204,p1024_o512,1024,512,mixed,0,557.5586538761854,26.408683415277352,11519.05248593539,415,36.02726877985055,516.065,44.875,47.361,1.2435301204819278,0.8041622663811728,34.185,0.399,10.292,66.2,23,Phi-3-mini-Q4,llama.cpp,finegrained_gpu_emc
2026-05-16T06:20:16.836649,GPU612_EMC204_CPU1036,612,1036,204,612,204,p1024_o512,1024,512,mixed,1,33.96744909696281,26.77012051441096,13715.451871044934,512,37.330159065403976,611.196,45.274,47.078,1.1937421875,0.837701817420271,34.4,0.399,10.475,66.4,27,Phi-3-mini-Q4,llama.cpp,finegrained_gpu_emc
2026-05-16T06:20:31.369258,GPU612_EMC204_CPU1036,612,1036,204,612,204,p1024_o512,1024,512,mixed,2,34.29564507678151,26.77574388659149,13718.618131009862,512,37.321543256799615,611.791,45.318,47.477,1.194904296875,0.8368871068714642,34.418,0.414,10.486,66.6,27,Phi-3-mini-Q4,llama.cpp,finegrained_gpu_emc
2026-05-16T06:20:39.501105,GPU612_EMC665_CPU1036,1300,1036,665,612,665,p128_o64,128,64,mixed,0,26.191310957074165,24.136045493096823,1547.0198411494491,64,41.369863719684055,78.654,39.327,46.276,1.22896875,0.8136903399699952,29.641,0.399,9.287,65.8,4,Phi-3-mini-Q4,llama.cpp,finegrained_gpu_emc
2026-05-16T06:20:41.857647,GPU612_EMC665_CPU1036,1300,1036,665,612,665,p128_o64,128,64,mixed,1,26.096354005858306,24.12787574668607,1546.4097431395203,64,41.38618518405558,74.094,37.047,45.863,1.15771875,0.8637676465030908,27.738,0.399,8.911,65.6,4,Phi-3-mini-Q4,llama.cpp,finegrained_gpu_emc
2026-05-16T06:20:44.213760,GPU612_EMC665_CPU1036,1300,1036,665,612,665,p128_o64,128,64,mixed,2,25.797426933422685,24.123406444217952,1545.8253130782396,64,41.40183205601365,74.144,37.072,45.762,1.1585,0.8631851532153646,27.638,0.499,8.936,65.7,4,Phi-3-mini-Q4,llama.cpp,finegrained_gpu_emc
2026-05-16T06:20:48.650333,GPU612_EMC665_CPU1036,1300,1036,665,612,665,p512_o128,512,128,mixed,0,286.72376391477883,39.2758522703148,3625.652331858874,86,23.71986945474934,162.942,40.735,45.877,1.8946744186046516,0.5277951663782204,30.882,0.449,9.404,65.8,8,Phi-3-mini-Q4,llama.cpp,finegrained_gpu_emc
2026-05-16T06:20:52.882733,GPU612_EMC665_CPU1036,1300,1036,665,612,665,p512_o128,512,128,mixed,1,30.5217020213604,26.69298302338231,3421.0156712215394,128,37.415788847963725,148.853,42.529,45.877,1.1629140625,0.8599087690540331,32.329,0.399,9.802,65.8,7,Phi-3-mini-Q4,llama.cpp,finegrained_gpu_emc
2026-05-16T06:20:57.116780,GPU612_EMC665_CPU1036,1300,1036,665,612,665,p512_o128,512,128,mixed,2,30.28767299838364,26.713726220755127,3423.424026928842,128,37.38946709292946,148.546,42.442,45.877,1.160515625,0.8616859424016803,32.27,0.399,9.773,65.9,7,Phi-3-mini-Q4,llama.cpp,finegrained_gpu_emc
2026-05-16T06:20:58.264000,GPU612_EMC665_CPU1036,1300,1036,665,612,665,p1024_o128,1024,128,mixed,0,336.02522499859333,336.02522499859333,336.02522499859333,0,0.0,12.887,25.774,25.774,0.0,0.0,18.355,0.798,6.621,65.4,1,Phi-3-mini-Q4,llama.cpp,finegrained_gpu_emc
2026-05-16T06:21:02.326533,GPU612_EMC665_CPU1036,1300,1036,665,612,665,p1024_o128,1024,128,mixed,1,34.351360984146595,25.329358732753143,3251.676500076428,128,39.36430945605797,148.41,42.403,47.063,1.159453125,0.8624755744222088,32.102,0.399,9.902,65.7,7,Phi-3-mini-Q4,llama.cpp,finegrained_gpu_emc
2026-05-16T06:21:06.387851,GPU612_EMC665_CPU1036,1300,1036,665,612,665,p1024_o128,1024,128,mixed,2,34.10593816079199,25.32450895111157,3250.852367142216,128,39.37428881537406,149.873,42.821,47.477,1.1708828125,0.8540564344478325,32.334,0.513,9.974,65.9,7,Phi-3-mini-Q4,llama.cpp,finegrained_gpu_emc
2026-05-16T06:21:13.678981,GPU612_EMC665_CPU1036,1300,1036,665,612,665,p128_o256,128,256,mixed,0,29.70174909569323,25.289584972037403,6479.481070069596,256,39.50933681750077,289.491,44.537,46.877,1.13082421875,0.8843107385030968,33.96,0.399,10.178,66.1,13,Phi-3-mini-Q4,llama.cpp,finegrained_gpu_emc
2026-05-16T06:21:20.996179,GPU612_EMC665_CPU1036,1300,1036,665,612,665,p128_o256,128,256,mixed,1,29.68558785505593,25.39097640809475,6505.349641898647,256,39.35222764218466,288.432,44.374,46.877,1.1266875,0.8875575525600488,33.867,0.399,10.108,66.2,13,Phi-3-mini-Q4,llama.cpp,finegrained_gpu_emc
2026-05-16T06:21:28.301622,GPU612_EMC665_CPU1036,1300,1036,665,612,665,p128_o256,128,256,mixed,2,29.3453389313072,25.346898223620418,6493.801197037101,256,39.42221084883289,289.132,44.482,46.776,1.129421875,0.8854087406444116,33.928,0.399,10.155,66.3,13,Phi-3-mini-Q4,llama.cpp,finegrained_gpu_emc
2026-05-16T06:21:43.351848,GPU612_EMC665_CPU1036,1300,1036,665,612,665,p1024_o512,1024,512,mixed,0,558.2824319135398,26.762548215330057,14235.918838065118,512,35.96536379731066,631.092,45.078,47.477,1.2326015625,0.8112921729319973,34.259,0.428,10.392,66.5,28,Phi-3-mini-Q4,llama.cpp,finegrained_gpu_emc
2026-05-16T06:21:57.876749,GPU612_EMC665_CPU1036,1300,1036,665,612,665,p1024_o512,1024,512,mixed,1,34.36442883685231,26.760525460156327,13710.934574948624,512,37.342458108981134,612.23,45.35,46.977,1.19576171875,0.836287016317397,34.477,0.399,10.475,66.7,27,Phi-3-mini-Q4,llama.cpp,finegrained_gpu_emc
2026-05-16T06:22:12.415172,GPU612_EMC665_CPU1036,1300,1036,665,612,665,p1024_o512,1024,512,mixed,2,34.7010949626565,26.78680450267317,13724.722552811729,512,37.3049435447501,612.142,45.344,47.078,1.19558984375,0.8364072388432748,34.403,0.429,10.512,66.9,27,Phi-3-mini-Q4,llama.cpp,finegrained_gpu_emc
2026-05-16T06:22:20.551850,GPU612_EMC2133_CPU1036,1300,1036,2133,612,2133,p128_o64,128,64,mixed,0,26.303710183128715,24.15713144185406,1548.458131030202,64,41.33143720032022,78.904,39.452,46.362,1.232875,0.8111122376558857,29.737,0.399,9.316,65.9,4,Phi-3-mini-Q4,llama.cpp,finegrained_gpu_emc
2026-05-16T06:22:22.910859,GPU612_EMC2133_CPU1036,1300,1036,2133,612,2133,p128_o64,128,64,mixed,1,26.23975509777665,24.16840734862028,1549.1140931844711,64,41.31393567560732,74.144,37.072,45.863,1.1585,0.8631851532153646,27.738,0.399,8.936,65.8,4,Phi-3-mini-Q4,llama.cpp,finegrained_gpu_emc
2026-05-16T06:22:25.266987,GPU612_EMC2133_CPU1036,1300,1036,2133,612,2133,p128_o64,128,64,mixed,2,26.16265299730003,24.118125634563583,1545.8649231586603,64,41.400771206600005,74.0,37.0,45.863,1.15625,0.8648648648648649,27.64,0.399,8.961,65.7,4,Phi-3-mini-Q4,llama.cpp,finegrained_gpu_emc
2026-05-16T06:22:29.703616,GPU612_EMC2133_CPU1036,1300,1036,2133,612,2133,p512_o128,512,128,mixed,0,225.61275609768927,26.768070447632645,3625.6600480992342,128,35.30391661157103,162.536,40.634,45.877,1.2698125,0.7875178422011123,30.831,0.399,9.404,65.9,8,Phi-3-mini-Q4,llama.cpp,finegrained_gpu_emc
2026-05-16T06:22:33.938060,GPU612_EMC2133_CPU1036,1300,1036,2133,612,2133,p512_o128,512,128,mixed,1,30.19170486368239,26.718209968791815,3423.901244997978,128,37.38425580673417,149.052,42.586,45.877,1.16446875,0.8587607009634222,32.329,0.456,9.802,66.0,7,Phi-3-mini-Q4,llama.cpp,finegrained_gpu_emc
2026-05-16T06:22:38.171293,GPU612_EMC2133_CPU1036,1300,1036,2133,612,2133,p512_o128,512,128,mixed,2,30.029400950297717,26.70943771679629,3422.6313601247966,128,37.39812633380793,148.889,42.54,45.877,1.1631953125,0.8597008509695141,32.325,0.399,9.816,66.0,7,Phi-3-mini-Q4,llama.cpp,finegrained_gpu_emc
2026-05-16T06:22:42.534483,GPU612_EMC2133_CPU1036,1300,1036,2133,612,2133,p1024_o128,1024,128,mixed,0,336.6551941726357,25.31715997634089,3552.4396731052548,128,36.03157598116586,164.088,41.022,47.477,1.2819375,0.7800692311442641,31.081,0.399,9.542,66.0,8,Phi-3-mini-Q4,llama.cpp,finegrained_gpu_emc
2026-05-16T06:22:46.597458,GPU612_EMC2133_CPU1036,1300,1036,2133,612,2133,p1024_o128,1024,128,mixed,1,33.89841900207102,25.339406731677805,3252.506027929485,128,39.35426987709032,150.01,42.86,47.078,1.171953125,0.8532764482367843,32.387,0.456,10.017,66.1,7,Phi-3-mini-Q4,llama.cpp,finegrained_gpu_emc
2026-05-16T06:22:50.661124,GPU612_EMC2133_CPU1036,1300,1036,2133,612,2133,p1024_o128,1024,128,mixed,2,33.7843019515276,25.3437141884177,3252.939373953268,128,39.34902722900819,149.531,42.723,47.078,1.1682109375,0.8560097906119801,32.336,0.399,9.988,66.1,7,Phi-3-mini-Q4,llama.cpp,finegrained_gpu_emc
2026-05-16T06:22:57.958710,GPU612_EMC2133_CPU1036,1300,1036,2133,612,2133,p128_o256,128,256,mixed,0,30.1406760700047,25.31314333718197,6485.933406976983,256,39.47003213517707,288.71,44.417,46.877,1.1277734375,0.8867029198850058,33.894,0.399,10.124,66.3,13,Phi-3-mini-Q4,llama.cpp,finegrained_gpu_emc
2026-05-16T06:23:05.271788,GPU612_EMC2133_CPU1036,1300,1036,2133,612,2133,p128_o256,128,256,mixed,1,29.35691294260323,25.37802610564612,6501.710716867819,256,39.37425258491464,288.764,44.425,46.776,1.127984375,0.8865371029629732,33.926,0.399,10.1,66.3,13,Phi-3-mini-Q4,llama.cpp,finegrained_gpu_emc
2026-05-16T06:23:12.591047,GPU612_EMC2133_CPU1036,1300,1036,2133,612,2133,p128_o256,128,256,mixed,2,29.55662715248764,25.401280983807705,6507.854504045099,256,39.33708103659626,289.267,44.503,47.16,1.12994921875,0.8849955231671778,33.895,0.46,10.147,66.4,13,Phi-3-mini-Q4,llama.cpp,finegrained_gpu_emc
2026-05-16T06:23:26.553363,GPU612_EMC2133_CPU1036,1300,1036,2133,612,2133,p1024_o512,1024,512,mixed,0,557.7849640976638,26.67216305727744,13148.84672802873,472,35.896684307214684,586.58,45.122,47.477,1.2427542372881355,0.8046643254117085,34.236,0.506,10.379,66.6,26,Phi-3-mini-Q4,llama.cpp,finegrained_gpu_emc
2026-05-16T06:23:41.089593,GPU612_EMC2133_CPU1036,1300,1036,2133,612,2133,p1024_o512,1024,512,mixed,1,34.23118614591658,26.78306359449609,13722.306854091585,512,37.31151077177208,611.503,45.297,47.078,1.194341796875,0.8372812561835347,34.401,0.429,10.467,66.9,27,Phi-3-mini-Q4,llama.cpp,finegrained_gpu_emc
2026-05-16T06:23:55.631075,GPU612_EMC2133_CPU1036,1300,1036,2133,612,2133,p1024_o512,1024,512,mixed,2,34.32220499962568,26.79208467291657,13726.988288806751,512,37.29878610135441,612.498,45.37,47.078,1.19628515625,0.8359210968852142,34.433,0.443,10.494,67.0,27,Phi-3-mini-Q4,llama.cpp,finegrained_gpu_emc
2026-05-16T06:24:03.758274,GPU612_EMC3199_CPU1036,1300,1036,3199,612,3199,p128_o64,128,64,mixed,0,26.10859600827098,24.13647906440828,1546.9655350316316,64,41.371316005880736,79.011,39.506,46.775,1.234546875,0.8100137955474555,29.641,0.499,9.366,65.9,4,Phi-3-mini-Q4,llama.cpp,finegrained_gpu_emc
2026-05-16T06:24:06.116925,GPU612_EMC3199_CPU1036,1300,1036,3199,612,3199,p128_o64,128,64,mixed,1,26.437914930284023,24.15359688789717,1548.3708779793233,64,41.33376628958701,74.206,37.103,45.977,1.15946875,0.8624639517020186,27.644,0.499,8.961,66.0,4,Phi-3-mini-Q4,llama.cpp,finegrained_gpu_emc
2026-05-16T06:24:08.474011,GPU612_EMC3199_CPU1036,1300,1036,3199,612,3199,p128_o64,128,64,mixed,2,25.85058705881238,24.14256010928916,1547.0906009431928,64,41.36797157256468,73.906,36.953,45.877,1.15478125,0.8659648742997862,27.644,0.399,8.911,65.9,4,Phi-3-mini-Q4,llama.cpp,finegrained_gpu_emc
2026-05-16T06:24:12.913053,GPU612_EMC3199_CPU1036,1300,1036,3199,612,3199,p512_o128,512,128,mixed,0,226.296461885795,26.783587662209797,3628.30459093675,128,35.27818483589691,162.716,40.679,45.877,1.27121875,0.7866466727304013,30.889,0.399,9.392,66.0,8,Phi-3-mini-Q4,llama.cpp,finegrained_gpu_emc
2026-05-16T06:24:17.147827,GPU612_EMC3199_CPU1036,1300,1036,3199,612,3199,p512_o128,512,128,mixed,1,109.55531196668744,28.084365195215884,3424.0339698735625,119,34.75432809575609,148.41,42.403,45.877,1.247142857142857,0.8018327605956472,32.217,0.399,9.787,66.1,7,Phi-3-mini-Q4,llama.cpp,finegrained_gpu_emc
2026-05-16T06:24:21.386112,GPU612_EMC3199_CPU1036,1300,1036,3199,612,3199,p512_o128,512,128,mixed,2,30.02028400078416,26.750751945197464,3427.858308888972,128,37.34110002974044,148.646,42.47,45.877,1.161296875,0.8611062524386799,32.213,0.456,9.802,66.1,7,Phi-3-mini-Q4,llama.cpp,finegrained_gpu_emc
2026-05-16T06:24:25.750144,GPU612_EMC3199_CPU1036,1300,1036,3199,612,3199,p1024_o128,1024,128,mixed,0,336.3602780736983,25.327236771099564,3553.422979079187,128,36.02160529540144,164.146,41.036,47.477,1.282390625,0.7797935983819283,31.082,0.399,9.555,66.2,8,Phi-3-mini-Q4,llama.cpp,finegrained_gpu_emc
2026-05-16T06:24:26.593595,GPU612_EMC3199_CPU1036,1300,1036,3199,612,3199,p1024_o128,1024,128,mixed,1,33.90652290545404,33.90652290545404,33.90652290545404,0,0.0,7.55,15.1,15.1,0.0,0.0,8.785,0.798,5.517,65.6,1,Phi-3-mini-Q4,llama.cpp,finegrained_gpu_emc
2026-05-16T06:24:30.668314,GPU612_EMC3199_CPU1036,1300,1036,3199,612,3199,p1024_o128,1024,128,mixed,2,34.84585485421121,25.416316977870743,3263.2231819443405,128,39.22502166208969,148.82,42.52,47.078,1.16265625,0.8600994489987905,31.99,0.57,9.96,66.0,7,Phi-3-mini-Q4,llama.cpp,finegrained_gpu_emc
2026-05-16T06:24:38.016832,GPU612_EMC3199_CPU1036,1300,1036,3199,612,3199,p128_o256,128,256,mixed,0,30.333921080455184,25.51074572930149,6536.524102091789,256,39.16454617188301,291.38,44.828,47.376,1.138203125,0.8785778021827167,33.775,0.798,10.255,66.3,13,Phi-3-mini-Q4,llama.cpp,finegrained_gpu_emc
2026-05-16T06:24:45.362114,GPU612_EMC3199_CPU1036,1300,1036,3199,612,3199,p128_o256,128,256,mixed,1,29.393841978162527,25.50273361141045,6533.529991051182,256,39.1824940500215,291.735,44.882,47.276,1.13958984375,0.8775086979621917,33.868,0.829,10.186,66.4,13,Phi-3-mini-Q4,llama.cpp,finegrained_gpu_emc
2026-05-16T06:24:52.676229,GPU612_EMC3199_CPU1036,1300,1036,3199,612,3199,p128_o256,128,256,mixed,2,29.51868111267686,25.37992738424709,6502.343050902709,256,39.370423552854525,289.241,44.499,46.877,1.12984765625,0.8850750758018401,33.868,0.46,10.17,66.3,13,Phi-3-mini-Q4,llama.cpp,finegrained_gpu_emc
2026-05-16T06:24:59.724257,GPU612_EMC3199_CPU1036,1300,1036,3199,612,3199,p1024_o512,1024,512,mixed,0,558.1212469842285,25.69086348151111,6236.53607792221,221,35.43633793482828,282.249,43.423,47.462,1.2771447963800906,0.7829965739471175,33.009,0.399,10.015,66.3,13,Phi-3-mini-Q4,llama.cpp,finegrained_gpu_emc
2026-05-16T06:25:14.252785,GPU612_EMC3199_CPU1036,1300,1036,3199,612,3199,p1024_o512,1024,512,mixed,1,33.753679832443595,26.76883627024503,13714.576608035712,512,37.332541472698935,611.587,45.303,47.477,1.194505859375,0.8371662576215649,34.418,0.429,10.456,66.5,27,Phi-3-mini-Q4,llama.cpp,finegrained_gpu_emc
2026-05-16T06:25:15.096422,GPU612_EMC3199_CPU1036,1300,1036,3199,612,3199,p1024_o512,1024,512,mixed,2,34.32544297538698,34.32544297538698,34.32544297538698,0,0.0,7.25,14.5,14.5,0.0,0.0,8.785,0.399,5.316,65.8,1,Phi-3-mini-Q4,llama.cpp,finegrained_gpu_emc
2026-05-16T06:25:23.774664,GPU714_EMC204_CPU1036,714,1036,204,714,204,p128_o64,128,64,mixed,0,26.232452131807804,24.11593164923409,1545.791962184012,64,41.402725312128,78.654,39.327,46.376,1.22896875,0.8136903399699952,29.641,0.399,9.287,65.5,4,Phi-3-mini-Q4,llama.cpp,finegrained_gpu_emc
2026-05-16T06:25:26.128639,GPU714_EMC204_CPU1036,714,1036,204,714,204,p128_o64,128,64,mixed,1,25.86961188353598,24.0913134304777,1543.880318058655,64,41.45399047542527,74.056,37.028,45.776,1.157125,0.8642108674516582,27.743,0.399,8.886,65.4,4,Phi-3-mini-Q4,llama.cpp,finegrained_gpu_emc
2026-05-16T06:25:28.486298,GPU714_EMC204_CPU1036,714,1036,204,714,204,p128_o64,128,64,mixed,2,26.30035998299718,24.14142119047779,1547.4656790029258,64,41.35794471463622,73.906,36.953,45.776,1.15478125,0.8659648742997862,27.644,0.399,8.911,65.4,4,Phi-3-mini-Q4,llama.cpp,finegrained_gpu_emc
2026-05-16T06:25:32.917470,GPU714_EMC204_CPU1036,714,1036,204,714,204,p512_o128,512,128,mixed,0,225.5798599217087,26.72865562228941,3620.594599982724,128,35.35330909475775,162.51,40.627,45.877,1.269609375,0.7876438373023199,30.837,0.399,9.392,65.6,8,Phi-3-mini-Q4,llama.cpp,finegrained_gpu_emc
2026-05-16T06:25:37.149582,GPU714_EMC204_CPU1036,714,1036,204,714,204,p512_o128,512,128,mixed,1,29.956616926938292,26.697468599231225,3421.026828000322,128,37.41566682621407,148.654,42.472,45.877,1.161359375,0.8610599109341155,32.272,0.399,9.802,65.7,7,Phi-3-mini-Q4,llama.cpp,finegrained_gpu_emc
2026-05-16T06:25:41.384223,GPU714_EMC204_CPU1036,714,1036,204,714,204,p512_o128,512,128,mixed,2,30.069672036916018,26.719400417206327,3423.9601010922343,128,37.38361319081035,148.464,42.418,45.877,1.159875,0.8621618708912598,32.275,0.399,9.744,65.8,7,Phi-3-mini-Q4,llama.cpp,finegrained_gpu_emc
2026-05-16T06:25:45.745284,GPU714_EMC204_CPU1036,714,1036,204,714,204,p1024_o128,1024,128,mixed,0,335.9050410799682,25.3055044321534,3550.205179024488,128,36.05425420374475,164.168,41.042,47.376,1.2825625,0.779689098971785,31.038,0.449,9.555,65.8,8,Phi-3-mini-Q4,llama.cpp,finegrained_gpu_emc
2026-05-16T06:25:49.806965,GPU714_EMC204_CPU1036,714,1036,204,714,204,p1024_o128,1024,128,mixed,1,33.978459890931845,25.32731265372296,3251.0427699889988,128,39.37198279321103,149.481,42.709,46.977,1.1678203125,0.8562961179012718,32.336,0.399,9.974,65.8,7,Phi-3-mini-Q4,llama.cpp,finegrained_gpu_emc
2026-05-16T06:25:53.870702,GPU714_EMC204_CPU1036,714,1036,204,714,204,p1024_o128,1024,128,mixed,2,34.129112027585506,25.34334950413056,3253.235189942643,128,39.34544923026507,149.682,42.766,47.178,1.169390625,0.8551462433692762,32.336,0.399,10.031,65.9,7,Phi-3-mini-Q4,llama.cpp,finegrained_gpu_emc
2026-05-16T06:26:01.171668,GPU714_EMC204_CPU1036,714,1036,204,714,204,p128_o256,128,256,mixed,0,30.1742150913924,25.32701966279716,6489.492306020111,256,39.44838639573027,289.237,44.498,46.776,1.12983203125,0.8850873159381406,33.929,0.46,10.108,66.0,13,Phi-3-mini-Q4,llama.cpp,finegrained_gpu_emc
2026-05-16T06:26:08.477913,GPU714_EMC204_CPU1036,714,1036,204,714,204,p128_o256,128,256,mixed,1,29.759165132418275,25.348067983948425,6494.493789970875,256,39.418006742161815,288.738,44.421,46.776,1.1278828125,0.8866169329980813,33.929,0.399,10.093,66.2,13,Phi-3-mini-Q4,llama.cpp,finegrained_gpu_emc
2026-05-16T06:26:15.802013,GPU714_EMC204_CPU1036,714,1036,204,714,204,p128_o256,128,256,mixed,2,29.55593401566148,25.420291995739237,6512.683653039858,256,39.30791262684923,287.642,44.253,46.877,1.1236015625,0.8899952023696123,33.684,0.43,10.139,66.2,13,Phi-3-mini-Q4,llama.cpp,finegrained_gpu_emc
2026-05-16T06:26:30.189082,GPU714_EMC204_CPU1036,714,1036,204,714,204,p1024_o512,1024,512,mixed,0,561.1908030696213,26.770565569035934,13573.443942004817,486,35.80520920678125,600.452,44.478,47.078,1.2354979423868313,0.8093902593379654,33.679,0.429,10.371,66.4,27,Phi-3-mini-Q4,llama.cpp,finegrained_gpu_emc
2026-05-16T06:26:44.754719,GPU714_EMC204_CPU1036,714,1036,204,714,204,p1024_o512,1024,512,mixed,1,34.32746999897063,26.84005906663237,13751.5241750516,512,37.23223647665797,605.301,44.837,46.678,1.182228515625,0.8458601588300696,33.945,0.429,10.464,66.6,27,Phi-3-mini-Q4,llama.cpp,finegrained_gpu_emc
2026-05-16T06:26:55.909437,GPU714_EMC204_CPU1036,714,1036,204,714,204,p1024_o512,1024,512,mixed,2,34.70238693989813,26.35672814093339,10341.922456864268,391,37.807284054859714,465.13,44.298,46.678,1.1895907928388747,0.8406252015565541,33.532,0.399,10.367,66.7,21,Phi-3-mini-Q4,llama.cpp,finegrained_gpu_emc
2026-05-16T06:27:04.039066,GPU714_EMC665_CPU1036,1300,1036,665,714,665,p128_o64,128,64,mixed,0,25.884967064484957,24.12977576300147,1546.3159859646112,64,41.38869453650251,79.061,39.53,46.376,1.235328125,0.8095015241395883,29.641,0.499,9.391,65.8,4,Phi-3-mini-Q4,llama.cpp,finegrained_gpu_emc
2026-05-16T06:27:06.395379,GPU714_EMC665_CPU1036,1300,1036,665,714,665,p128_o64,128,64,mixed,1,25.897003011778,24.125676650169588,1546.0727859754115,64,41.395205051502565,73.906,36.953,45.877,1.15478125,0.8659648742997862,27.644,0.399,8.911,65.7,4,Phi-3-mini-Q4,llama.cpp,finegrained_gpu_emc
2026-05-16T06:27:08.750927,GPU714_EMC665_CPU1036,1300,1036,665,714,665,p128_o64,128,64,mixed,2,26.19342878460884,24.11160987639238,1545.4825249034911,64,41.41101498640143,73.95,36.975,45.863,1.15546875,0.8654496281271129,27.64,0.399,8.936,65.6,4,Phi-3-mini-Q4,llama.cpp,finegrained_gpu_emc
2026-05-16T06:27:13.188601,GPU714_EMC665_CPU1036,1300,1036,665,714,665,p512_o128,512,128,mixed,0,225.6637190002948,26.77705270186888,3626.840922050178,128,35.29242190408623,162.764,40.691,45.877,1.27159375,0.7864146862942665,30.888,0.399,9.404,65.8,8,Phi-3-mini-Q4,llama.cpp,finegrained_gpu_emc
2026-05-16T06:27:17.422791,GPU714_EMC665_CPU1036,1300,1036,665,714,665,p512_o128,512,128,mixed,1,83.62354920245707,41.22728808426562,3423.511764034629,82,23.95201350304768,149.06,42.588,46.276,1.8178048780487803,0.5501140480343486,32.274,0.513,9.802,65.9,7,Phi-3-mini-Q4,llama.cpp,finegrained_gpu_emc
2026-05-16T06:27:18.660245,GPU714_EMC665_CPU1036,1300,1036,665,714,665,p512_o128,512,128,mixed,2,83.26814603060484,26.513721328228712,427.9206278733909,13,30.37946561399773,14.132,28.265,28.265,1.087076923076923,0.9198981035946788,20.342,0.399,7.524,65.5,1,Phi-3-mini-Q4,llama.cpp,finegrained_gpu_emc
2026-05-16T06:27:23.026467,GPU714_EMC665_CPU1036,1300,1036,665,714,665,p1024_o128,1024,128,mixed,0,336.1102549824864,25.347336811402183,3555.7203891221434,128,35.99833113750583,163.269,40.817,47.477,1.2755390625,0.7839822624013132,30.888,0.399,9.53,65.7,8,Phi-3-mini-Q4,llama.cpp,finegrained_gpu_emc
2026-05-16T06:27:23.869784,GPU714_EMC665_CPU1036,1300,1036,665,714,665,p1024_o128,1024,128,mixed,1,33.70246384292841,33.70246384292841,33.70246384292841,0,0.0,7.25,14.5,14.5,0.0,0.0,8.785,0.399,5.316,65.2,1,Phi-3-mini-Q4,llama.cpp,finegrained_gpu_emc
2026-05-16T06:27:27.938741,GPU714_EMC665_CPU1036,1300,1036,665,714,665,p1024_o128,1024,128,mixed,2,34.880287013947964,25.37798302387452,3258.382457075641,128,39.28329521970189,155.328,38.832,47.078,1.2135,0.8240626287597858,29.092,0.399,9.342,65.6,8,Phi-3-mini-Q4,llama.cpp,finegrained_gpu_emc
2026-05-16T06:27:35.229179,GPU714_EMC665_CPU1036,1300,1036,665,714,665,p128_o256,128,256,mixed,0,29.600927839055657,25.28773256139282,6478.942730929703,256,39.51261967139892,289.59,44.552,47.276,1.1312109375,0.8840084257053076,33.991,0.399,10.163,66.0,13,Phi-3-mini-Q4,llama.cpp,finegrained_gpu_emc
2026-05-16T06:27:42.561576,GPU714_EMC665_CPU1036,1300,1036,665,714,665,p128_o256,128,256,mixed,1,29.36278493143618,25.45168223498645,6520.518665900454,256,39.26068049444768,289.122,44.48,46.776,1.1293828125,0.8854393646972558,33.774,0.614,10.093,66.2,13,Phi-3-mini-Q4,llama.cpp,finegrained_gpu_emc
2026-05-16T06:27:49.894955,GPU714_EMC665_CPU1036,1300,1036,665,714,665,p128_o256,128,256,mixed,2,29.468132881447676,25.45633778049081,6521.785324905068,256,39.25305529797186,291.372,44.826,47.276,1.138171875,0.8786019246873412,33.835,0.798,10.193,66.5,13,Phi-3-mini-Q4,llama.cpp,finegrained_gpu_emc
2026-05-16T06:28:04.960447,GPU714_EMC665_CPU1036,1300,1036,665,714,665,p1024_o512,1024,512,mixed,0,558.5189929697663,26.790560123377613,14250.45121810399,512,35.92868690007145,633.847,45.275,48.36,1.237982421875,0.8077659119629816,34.27,0.57,10.435,66.5,28,Phi-3-mini-Q4,llama.cpp,finegrained_gpu_emc
2026-05-16T06:28:19.566131,GPU714_EMC665_CPU1036,1300,1036,665,714,665,p1024_o512,1024,512,mixed,1,34.501240123063326,26.91892942061936,13791.965766111389,512,37.12306198279936,616.623,45.676,47.961,1.204341796875,0.8303290665447121,34.343,0.828,10.505,66.8,27,Phi-3-mini-Q4,llama.cpp,finegrained_gpu_emc
2026-05-16T06:28:36.780716,GPU714_EMC665_CPU1036,1300,1036,665,714,665,p1024_o512,1024,512,mixed,2,34.34499306604266,32.02290382188856,16400.001907953992,512,31.21950856308622,585.646,36.603,47.48,1.14383984375,0.8742482660173553,26.17,0.524,9.909,66.4,32,Phi-3-mini-Q4,llama.cpp,finegrained_gpu_emc
2026-05-16T06:28:44.914170,GPU714_EMC2133_CPU1036,714,1036,2133,714,2133,p128_o64,128,64,mixed,0,26.083545060828328,24.105146649249253,1544.9644681066277,64,41.42490090949002,79.104,39.552,46.376,1.236,0.8090614886731392,29.84,0.399,9.312,65.3,4,Phi-3-mini-Q4,llama.cpp,finegrained_gpu_emc
2026-05-16T06:28:47.269982,GPU714_EMC2133_CPU1036,714,1036,2133,714,2133,p128_o64,128,64,mixed,1,25.892269099131227,24.121748823081216,1545.8261999301612,64,41.40180830347645,74.294,37.147,45.863,1.16084375,0.8614423775809622,27.738,0.498,8.911,65.4,4,Phi-3-mini-Q4,llama.cpp,finegrained_gpu_emc
2026-05-16T06:28:49.624727,GPU714_EMC2133_CPU1036,714,1036,2133,714,2133,p128_o64,128,64,mixed,2,25.865713134408,24.10218520607385,1544.5602249819783,64,41.43574265661718,74.044,37.022,45.863,1.1569375,0.8643509264761493,27.738,0.399,8.886,65.4,4,Phi-3-mini-Q4,llama.cpp,finegrained_gpu_emc
2026-05-16T06:28:54.065660,GPU714_EMC2133_CPU1036,714,1036,2133,714,2133,p512_o128,512,128,mixed,0,225.71018594317135,26.80307578874796,3630.190531956032,128,35.259857264580155,162.355,40.589,45.877,1.2683984375,0.7883957993286318,30.836,0.399,9.354,65.5,8,Phi-3-mini-Q4,llama.cpp,finegrained_gpu_emc
2026-05-16T06:28:54.904704,GPU714_EMC2133_CPU1036,714,1036,2133,714,2133,p512_o128,512,128,mixed,1,29.935230035334826,29.935230035334826,29.935230035334826,0,0.0,7.25,14.5,14.5,0.0,0.0,8.785,0.399,5.316,65.2,1,Phi-3-mini-Q4,llama.cpp,finegrained_gpu_emc
2026-05-16T06:28:59.136277,GPU714_EMC2133_CPU1036,714,1036,2133,714,2133,p512_o128,512,128,mixed,2,29.95171002112329,26.694840945919434,3420.718037057668,128,37.41904436826932,154.04,38.51,45.776,1.2034375,0.8309529992209816,28.983,0.399,9.128,65.4,8,Phi-3-mini-Q4,llama.cpp,finegrained_gpu_emc
2026-05-16T06:29:03.504647,GPU714_EMC2133_CPU1036,714,1036,2133,714,2133,p1024_o128,1024,128,mixed,0,336.00417897105217,25.364123952142368,3557.7476588077843,128,35.97781863002991,164.196,41.049,47.477,1.28278125,0.7795561402226607,31.083,0.399,9.567,65.6,8,Phi-3-mini-Q4,llama.cpp,finegrained_gpu_emc
2026-05-16T06:29:07.562496,GPU714_EMC2133_CPU1036,714,1036,2133,714,2133,p1024_o128,1024,128,mixed,1,33.746883971616626,25.298629315408665,3247.1670729573816,128,39.41897571763163,149.503,42.715,47.063,1.1679921875,0.8561701102987901,32.328,0.399,9.988,65.7,7,Phi-3-mini-Q4,llama.cpp,finegrained_gpu_emc
2026-05-16T06:29:12.878316,GPU714_EMC2133_CPU1036,714,1036,2133,714,2133,p1024_o128,1024,128,mixed,2,33.71201502159238,35.203943945702136,4505.122328177095,128,28.41210308528794,135.489,30.109,42.568,1.0585078125,0.944726140129457,20.268,0.576,9.265,65.3,9,Phi-3-mini-Q4,llama.cpp,finegrained_gpu_emc
2026-05-16T06:29:23.628611,GPU714_EMC2133_CPU1036,714,1036,2133,714,2133,p128_o256,128,256,mixed,0,44.06601097434759,38.796393690156,9938.105943845583,256,25.759435595324305,254.462,25.446,26.707,0.9939921875,1.0060441244665217,16.227,0.399,8.82,64.4,20,Phi-3-mini-Q4,llama.cpp,finegrained_gpu_emc
2026-05-16T06:29:34.397547,GPU714_EMC2133_CPU1036,714,1036,2133,714,2133,p128_o256,128,256,mixed,1,43.79322216846049,38.86853562686227,9956.214983016253,256,25.7125825865247,253.114,25.311,26.208,0.9887265625,1.011401976974802,16.108,0.399,8.805,63.9,20,Phi-3-mini-Q4,llama.cpp,finegrained_gpu_emc
2026-05-16T06:29:45.170238,GPU714_EMC2133_CPU1036,714,1036,2133,714,2133,p128_o256,128,256,mixed,2,43.8825530000031,38.88286647898163,9959.9912869744,256,25.702833729864285,254.262,25.426,26.607,0.9932109375,1.0068354689257537,16.168,0.479,8.78,63.6,20,Phi-3-mini-Q4,llama.cpp,finegrained_gpu_emc
2026-05-16T06:30:04.206842,GPU714_EMC2133_CPU1036,714,1036,2133,714,2133,p1024_o512,1024,512,mixed,0,938.1707259453832,39.91037651872762,18221.36987093836,433,23.763306659539392,465.876,25.882,26.808,1.0759260969976905,0.929431865990092,16.514,0.399,8.969,63.2,36,Phi-3-mini-Q4,llama.cpp,finegrained_gpu_emc
2026-05-16T06:30:05.064767,GPU714_EMC2133_CPU1036,714,1036,2133,714,2133,p1024_o512,1024,512,mixed,1,48.47715492360294,48.47715492360294,48.47715492360294,0,0.0,5.599,11.198,11.198,0.0,0.0,5.591,0.399,5.208,62.5,1,Phi-3-mini-Q4,llama.cpp,finegrained_gpu_emc
2026-05-16T06:30:26.540091,GPU714_EMC2133_CPU1036,714,1036,2133,714,2133,p1024_o512,1024,512,mixed,2,48.31012897193432,40.33126983766074,20659.526793984696,512,24.78275543799366,530.015,25.854,26.815,1.035185546875,0.9660103959321906,16.448,0.399,9.008,62.7,41,Phi-3-mini-Q4,llama.cpp,finegrained_gpu_emc
2026-05-16T06:30:34.657377,GPU714_EMC3199_CPU1036,714,1036,3199,714,3199,p128_o64,128,64,mixed,0,25.82927606999874,24.09090795036819,1543.8168740365654,64,41.45569405046168,78.486,39.243,46.262,1.22634375,0.8154320515760772,29.632,0.399,9.212,62.8,4,Phi-3-mini-Q4,llama.cpp,finegrained_gpu_emc
2026-05-16T06:30:37.012123,GPU714_EMC3199_CPU1036,714,1036,3199,714,3199,p128_o64,128,64,mixed,1,25.86342114955187,24.102623792483456,1544.5841569453478,64,41.43510064648716,73.899,36.95,45.662,1.154671875,0.8660469018525284,27.64,0.499,8.811,62.8,4,Phi-3-mini-Q4,llama.cpp,finegrained_gpu_emc
2026-05-16T06:30:39.368305,GPU714_EMC3199_CPU1036,714,1036,3199,714,3199,p128_o64,128,64,mixed,2,25.949913077056408,24.12729592077316,1546.227009035647,64,41.39107623007802,73.35,36.675,45.363,1.14609375,0.87252897068848,27.44,0.399,8.836,62.9,4,Phi-3-mini-Q4,llama.cpp,finegrained_gpu_emc
2026-05-16T06:30:43.806948,GPU714_EMC3199_CPU1036,714,1036,3199,714,3199,p512_o128,512,128,mixed,0,225.8900869637728,26.784734629959924,3628.036917885765,128,35.28078762621629,161.746,40.436,45.676,1.263640625,0.7913642377554931,30.784,0.399,9.253,63.2,8,Phi-3-mini-Q4,llama.cpp,finegrained_gpu_emc
2026-05-16T06:30:48.040289,GPU714_EMC3199_CPU1036,714,1036,3199,714,3199,p512_o128,512,128,mixed,1,30.007930006831884,26.710775629507275,3422.7972300723195,128,37.396314007562616,148.102,42.315,45.776,1.157046875,0.864269219861987,32.215,0.399,9.701,63.5,7,Phi-3-mini-Q4,llama.cpp,finegrained_gpu_emc
2026-05-16T06:30:52.274134,GPU714_EMC3199_CPU1036,714,1036,3199,714,3199,p512_o128,512,128,mixed,2,30.002207960933447,26.716043030491143,3423.433172982186,128,37.38936720312783,147.638,42.182,45.776,1.153421875,0.8669854644468226,32.097,0.399,9.687,63.6,7,Phi-3-mini-Q4,llama.cpp,finegrained_gpu_emc
2026-05-16T06:30:56.643482,GPU714_EMC3199_CPU1036,714,1036,3199,714,3199,p1024_o128,1024,128,mixed,0,336.16428496316075,25.368022417106967,3558.403864037245,128,35.971183960770404,163.987,40.997,47.376,1.2811484375,0.7805496777183557,31.031,0.449,9.517,63.7,8,Phi-3-mini-Q4,llama.cpp,finegrained_gpu_emc
2026-05-16T06:31:00.704685,GPU714_EMC3199_CPU1036,714,1036,3199,714,3199,p1024_o128,1024,128,mixed,1,34.30513897910714,25.32081114216231,3250.5472220946103,128,39.37798507585393,149.08,42.594,46.977,1.1646875,0.8585994097129057,32.279,0.399,9.916,63.9,7,Phi-3-mini-Q4,llama.cpp,finegrained_gpu_emc
2026-05-16T06:31:04.765892,GPU714_EMC3199_CPU1036,714,1036,3199,714,3199,p1024_o128,1024,128,mixed,2,33.93899812363088,25.326129919886004,3250.85829407908,128,39.37421702850954,149.023,42.578,46.977,1.1642421875,0.8589278165115453,32.277,0.399,9.902,63.9,7,Phi-3-mini-Q4,llama.cpp,finegrained_gpu_emc
2026-05-16T06:31:08.769072,GPU714_EMC3199_CPU1036,714,1036,3199,714,3199,p128_o256,128,256,mixed,0,29.66196578927338,24.33066457408921,3192.6950209308416,130,40.71795118160019,146.32,41.806,46.776,1.1255384615384614,0.8884636413340624,31.765,0.399,9.642,64.0,7,Phi-3-mini-Q4,llama.cpp,finegrained_gpu_emc
2026-05-16T06:31:16.060008,GPU714_EMC3199_CPU1036,714,1036,3199,714,3199,p128_o256,128,256,mixed,1,25.92147095128894,25.3024341337675,6479.0824530646205,256,39.51176757735371,288.778,44.427,46.776,1.1280390625,0.8864941235135639,33.898,0.46,10.07,64.3,13,Phi-3-mini-Q4,llama.cpp,finegrained_gpu_emc
2026-05-16T06:31:21.839019,GPU714_EMC3199_CPU1036,714,1036,3199,714,3199,p128_o256,128,256,mixed,2,29.43764394149184,24.804662267508157,4967.993139987811,199,40.05641602002861,219.758,43.952,46.776,1.1043115577889449,0.9055415502507304,33.567,0.399,9.986,64.5,10,Phi-3-mini-Q4,llama.cpp,finegrained_gpu_emc
2026-05-16T06:31:36.892014,GPU714_EMC3199_CPU1036,714,1036,3199,714,3199,p1024_o512,1024,512,mixed,0,559.0562550351024,26.766885686647548,14238.910157931969,512,35.95780816938323,629.214,44.944,47.361,1.22893359375,0.8137136173066715,34.2,0.428,10.316,64.8,28,Phi-3-mini-Q4,llama.cpp,finegrained_gpu_emc
2026-05-16T06:31:57.966391,GPU714_EMC3199_CPU1036,714,1036,3199,714,3199,p1024_o512,1024,512,mixed,1,34.13900197483599,39.57377145806812,20258.329902077094,512,25.27355426014187,604.142,30.207,46.977,1.17996484375,0.8474828765422698,20.262,0.748,9.197,64.3,40,Phi-3-mini-Q4,llama.cpp,finegrained_gpu_emc
2026-05-16T06:32:23.207377,GPU714_EMC3199_CPU1036,714,1036,3199,714,3199,p1024_o512,1024,512,mixed,2,57.97570501454175,47.67764867155825,24423.261878080662,512,20.96362077088108,594.458,24.769,25.315,1.16105078125,0.8612887706112122,15.215,0.798,8.756,62.9,48,Phi-3-mini-Q4,llama.cpp,finegrained_gpu_emc
2026-05-16T06:32:33.136987,GPU816_EMC204_CPU1036,816,1036,204,816,204,p128_o64,128,64,mixed,0,42.839786037802696,38.91283850599494,2494.6133939083666,64,25.65527795059649,66.406,26.562,28.304,1.03759375,0.9637683341866696,17.008,0.798,8.756,62.1,5,Phi-3-mini-Q4,llama.cpp,finegrained_gpu_emc
2026-05-16T06:32:36.437010,GPU816_EMC204_CPU1036,816,1036,204,816,204,p128_o64,128,64,mixed,1,36.68293100781739,38.93476609687602,2489.834873005748,64,25.70451586724653,63.244,25.298,27.704,0.9881875,1.0119537031180823,16.048,0.798,8.452,62.0,5,Phi-3-mini-Q4,llama.cpp,finegrained_gpu_emc
2026-05-16T06:32:39.748392,GPU816_EMC204_CPU1036,816,1036,204,816,204,p128_o64,128,64,mixed,2,51.04438704438508,38.84670052248689,2498.65072616376,64,25.613824025041215,64.304,25.722,28.304,1.00475,0.9952724558347849,16.368,0.798,8.555,61.9,5,Phi-3-mini-Q4,llama.cpp,finegrained_gpu_emc
2026-05-16T06:32:46.455941,GPU816_EMC204_CPU1036,816,1036,204,816,204,p512_o128,512,128,mixed,0,484.8650461062789,55.77562461827987,5895.613687112927,98,16.622527390866146,155.57,25.928,27.211,1.5874489795918367,0.6299415054316385,16.635,0.798,8.495,61.8,12,Phi-3-mini-Q4,llama.cpp,finegrained_gpu_emc
2026-05-16T06:32:52.803061,GPU816_EMC204_CPU1036,816,1036,204,816,204,p512_o128,512,128,mixed,1,43.42300305142999,43.24356111052527,5535.851581953466,128,23.122007175422134,143.11,26.02,27.211,1.118046875,0.8944168821186499,16.622,0.798,8.6,61.7,11,Phi-3-mini-Q4,llama.cpp,finegrained_gpu_emc
2026-05-16T06:32:59.146789,GPU816_EMC204_CPU1036,816,1036,204,816,204,p512_o128,512,128,mixed,2,52.68555507063866,43.1443805179346,5532.515736063942,128,23.135948654538204,144.184,26.215,27.311,1.1264375,0.8877545358708318,16.769,0.798,8.648,61.7,11,Phi-3-mini-Q4,llama.cpp,finegrained_gpu_emc
2026-05-16T06:33:05.642660,GPU816_EMC204_CPU1036,816,1036,204,816,204,p1024_o128,1024,128,mixed,0,579.051200998947,40.19561685863736,5684.411276131868,128,22.51772325789585,156.03,26.005,28.405,1.218984375,0.8203550599243735,16.604,0.798,8.603,61.6,12,Phi-3-mini-Q4,llama.cpp,finegrained_gpu_emc
2026-05-16T06:33:11.609389,GPU816_EMC204_CPU1036,816,1036,204,816,204,p1024_o128,1024,128,mixed,1,43.88853604905307,40.24443167672441,5155.43394908309,128,24.82817184046461,144.285,26.234,28.311,1.1272265625,0.8871331046193298,16.699,0.798,8.737,61.6,11,Phi-3-mini-Q4,llama.cpp,finegrained_gpu_emc
2026-05-16T06:33:17.602986,GPU816_EMC204_CPU1036,816,1036,204,816,204,p1024_o128,1024,128,mixed,2,50.06019514985383,40.405487117364885,5182.066273177043,128,24.700571789778603,145.415,26.439,28.405,1.1360546875,0.8802393150637831,16.877,0.798,8.764,61.4,11,Phi-3-mini-Q4,llama.cpp,finegrained_gpu_emc
2026-05-16T06:33:28.827917,GPU816_EMC204_CPU1036,816,1036,204,816,204,p128_o256,128,256,mixed,0,51.23010906390846,40.62606450992034,10411.83713497594,256,24.587399580044583,280.714,26.735,27.812,1.0965390625,0.9119602157355884,17.19,0.798,8.747,61.5,21,Phi-3-mini-Q4,llama.cpp,finegrained_gpu_emc
2026-05-16T06:33:40.058945,GPU816_EMC204_CPU1036,816,1036,204,816,204,p128_o256,128,256,mixed,1,43.51377882994712,40.6806295646318,10418.068427825348,256,24.572693275488216,281.286,26.789,27.812,1.0987734375,0.91010572868895,17.228,0.798,8.763,61.4,21,Phi-3-mini-Q4,llama.cpp,finegrained_gpu_emc
2026-05-16T06:33:50.542527,GPU816_EMC204_CPU1036,816,1036,204,816,204,p128_o256,128,256,mixed,2,39.32680701836944,40.45807440442972,9671.16755899042,238,24.60923136201406,256.659,27.017,28.311,1.0783991596638656,0.9273004258568762,17.381,0.798,8.838,61.2,19,Phi-3-mini-Q4,llama.cpp,finegrained_gpu_emc
2026-05-16T06:34:13.797330,GPU816_EMC204_CPU1036,816,1036,204,816,204,p1024_o512,1024,512,mixed,0,953.8342549931258,42.04032354014917,22438.38317017071,512,22.8180433553094,603.232,27.42,28.505,1.1781875,0.8487613389210122,17.596,0.807,9.016,61.2,44,Phi-3-mini-Q4,llama.cpp,finegrained_gpu_emc
2026-05-16T06:34:34.970479,GPU816_EMC204_CPU1036,816,1036,204,816,204,p1024_o512,1024,512,mixed,1,51.030117087066174,40.05556205552616,20357.24100214429,507,24.90514308626577,560.88,28.044,29.404,1.1062721893491123,0.9039366709456568,18.176,0.698,9.17,61.1,40,Phi-3-mini-Q4,llama.cpp,finegrained_gpu_emc
2026-05-16T06:34:54.501433,GPU816_EMC204_CPU1036,816,1036,204,816,204,p1024_o512,1024,512,mixed,2,44.10413117147982,36.53405226198428,18715.004516998302,512,27.35772783463477,534.633,28.899,29.912,1.044205078125,0.9576662869669472,19.092,0.453,9.354,61.1,37,Phi-3-mini-Q4,llama.cpp,finegrained_gpu_emc
2026-05-16T06:35:04.458068,GPU816_EMC665_CPU1036,816,1036,665,816,665,p128_o64,128,64,mixed,0,37.37214300781488,39.08978966582153,2500.296202953905,64,25.596967241076875,65.349,26.14,27.711,1.021078125,0.9793569909256452,16.689,0.798,8.653,60.5,5,Phi-3-mini-Q4,llama.cpp,finegrained_gpu_emc
2026-05-16T06:35:07.757379,GPU816_EMC665_CPU1036,816,1036,665,816,665,p128_o64,128,64,mixed,1,46.06644110754132,38.76936249065376,2488.797958008945,64,25.71522521305845,64.14,25.656,27.697,1.0021875,0.9978172747115684,16.291,0.878,8.487,60.5,5,Phi-3-mini-Q4,llama.cpp,finegrained_gpu_emc
2026-05-16T06:35:11.055256,GPU816_EMC665_CPU1036,816,1036,665,816,665,p128_o64,128,64,mixed,2,35.17558611929417,38.92200685564488,2487.520945025608,64,25.72842657987796,63.74,25.496,27.711,0.9959375,1.004079071226859,16.209,0.798,8.489,60.4,5,Phi-3-mini-Q4,llama.cpp,finegrained_gpu_emc
2026-05-16T06:35:17.754471,GPU816_EMC665_CPU1036,816,1036,665,816,665,p512_o128,512,128,mixed,0,397.5144869182259,43.22512696064481,5887.841149000451,128,21.739716945612557,155.552,25.925,27.211,1.21525,0.8228759514503189,16.605,0.798,8.522,60.4,12,Phi-3-mini-Q4,llama.cpp,finegrained_gpu_emc
2026-05-16T06:35:24.551765,GPU816_EMC665_CPU1036,816,1036,665,816,665,p512_o128,512,128,mixed,1,128.27529711648822,50.495302724122105,5985.7487480621785,117,19.546426842235483,150.578,25.096,26.798,1.286991452991453,0.7770059371222887,15.839,0.865,8.393,60.4,12,Phi-3-mini-Q4,llama.cpp,finegrained_gpu_emc
2026-05-16T06:35:30.894532,GPU816_EMC665_CPU1036,816,1036,665,816,665,p512_o128,512,128,mixed,2,49.07836997881532,43.1616165029897,5531.120464904234,128,23.1417848900921,143.58,26.105,27.211,1.12171875,0.891489065329433,16.695,0.798,8.613,60.4,11,Phi-3-mini-Q4,llama.cpp,finegrained_gpu_emc
2026-05-16T06:35:37.406378,GPU816_EMC665_CPU1036,816,1036,665,816,665,p1024_o128,1024,128,mixed,0,579.1030870750546,40.31831021310659,5700.050723040476,128,22.45594052042457,156.264,26.044,28.412,1.2208125,0.8191266062560794,16.603,0.798,8.643,60.3,12,Phi-3-mini-Q4,llama.cpp,finegrained_gpu_emc
2026-05-16T06:35:43.405126,GPU816_EMC665_CPU1036,816,1036,665,816,665,p1024_o128,1024,128,mixed,1,55.47670414671302,40.400637220224645,5186.93711515516,128,24.677376486021085,144.86,26.338,28.304,1.13171875,0.883611763081596,16.77,0.798,8.77,60.4,11,Phi-3-mini-Q4,llama.cpp,finegrained_gpu_emc
2026-05-16T06:35:44.258775,GPU816_EMC665_CPU1036,816,1036,665,816,665,p1024_o128,1024,128,mixed,2,43.80080406554043,43.80080406554043,43.80080406554043,0,0.0,6.452,12.905,12.905,0.0,0.0,6.389,0.798,5.718,59.9,1,Phi-3-mini-Q4,llama.cpp,finegrained_gpu_emc
2026-05-16T06:35:53.656337,GPU816_EMC665_CPU1036,816,1036,665,816,665,p128_o256,128,256,mixed,0,39.74733082577586,40.04222093444353,8584.864452015609,213,24.81110810666213,228.05,26.829,27.912,1.070657276995305,0.9340057005042752,17.237,0.798,8.794,60.3,17,Phi-3-mini-Q4,llama.cpp,finegrained_gpu_emc
2026-05-16T06:36:04.877437,GPU816_EMC665_CPU1036,816,1036,665,816,665,p128_o256,128,256,mixed,1,54.19674189761281,40.60017744754898,10408.17885985598,256,24.5960415791262,280.38,26.703,28.197,1.095234375,0.9130465796419146,17.151,0.817,8.735,60.5,21,Phi-3-mini-Q4,llama.cpp,finegrained_gpu_emc
2026-05-16T06:36:16.082265,GPU816_EMC665_CPU1036,816,1036,665,816,665,p128_o256,128,256,mixed,2,51.804393995553255,40.54576757674416,10391.961656976491,256,24.634424995990837,281.21,26.782,28.311,1.0984765625,0.9103516944632126,17.207,0.798,8.777,60.4,21,Phi-3-mini-Q4,llama.cpp,finegrained_gpu_emc
2026-05-16T06:36:39.456283,GPU816_EMC665_CPU1036,816,1036,665,816,665,p1024_o512,1024,512,mixed,0,956.8706899881364,42.26772983398092,22557.64467408881,512,22.697405132377003,600.792,27.309,28.412,1.173421875,0.8522084182212812,17.539,0.798,8.972,60.4,44,Phi-3-mini-Q4,llama.cpp,finegrained_gpu_emc
2026-05-16T06:37:01.827609,GPU816_EMC665_CPU1036,816,1036,665,816,665,p1024_o512,1024,512,mixed,1,45.16148194670677,42.08967590626191,21554.939191089943,512,23.753256525615384,587.501,27.326,28.311,1.147462890625,0.871487878318505,17.511,0.807,9.008,60.5,43,Phi-3-mini-Q4,llama.cpp,finegrained_gpu_emc
2026-05-16T06:37:21.093916,GPU816_EMC665_CPU1036,816,1036,665,816,665,p1024_o512,1024,512,mixed,2,45.20764504559338,41.82817493851778,18449.19553399086,440,23.849278370395204,495.366,27.52,28.405,1.125831818181818,0.8882321354311762,17.678,0.798,9.044,60.5,36,Phi-3-mini-Q4,llama.cpp,finegrained_gpu_emc
2026-05-16T06:37:31.049821,GPU816_EMC2133_CPU1036,816,1036,2133,816,2133,p128_o64,128,64,mixed,0,43.48787013441324,39.06042210846429,2504.5555031392723,64,25.55343649592944,65.528,26.211,27.79,1.023875,0.9766817238432424,16.766,0.798,8.647,60.0,5,Phi-3-mini-Q4,llama.cpp,finegrained_gpu_emc
2026-05-16T06:37:34.338378,GPU816_EMC2133_CPU1036,816,1036,2133,816,2133,p128_o64,128,64,mixed,1,44.82625494711101,38.61782073028504,2478.0144488904625,64,25.827129469990044,63.48,25.392,27.69,0.991875,1.0081915563957151,16.127,0.798,8.467,60.0,5,Phi-3-mini-Q4,llama.cpp,finegrained_gpu_emc
2026-05-16T06:37:37.276870,GPU816_EMC2133_CPU1036,816,1036,2133,816,2133,p128_o64,128,64,mixed,2,35.65164306201041,33.21125564934124,2128.220316953957,64,30.072074535779656,64.097,25.639,29.303,1.001515625,0.9984866686428384,16.608,0.559,8.472,59.9,5,Phi-3-mini-Q4,llama.cpp,finegrained_gpu_emc
2026-05-16T06:37:43.110458,GPU816_EMC2133_CPU1036,816,1036,2133,816,2133,p512_o128,512,128,mixed,0,338.6221379041672,36.87749897665161,5022.557629970834,128,25.485023653326067,135.062,27.012,28.711,1.055171875,0.9477129022226828,17.926,0.399,8.687,60.0,10,Phi-3-mini-Q4,llama.cpp,finegrained_gpu_emc
2026-05-16T06:37:48.640839,GPU816_EMC2133_CPU1036,816,1036,2133,816,2133,p512_o128,512,128,mixed,1,40.96105904318392,36.82813920469324,4718.625684035942,128,27.12654246617817,133.598,26.72,28.703,1.043734375,0.958098175122382,17.645,0.399,8.676,60.0,10,Phi-3-mini-Q4,llama.cpp,finegrained_gpu_emc
2026-05-16T06:37:54.177611,GPU816_EMC2133_CPU1036,816,1036,2133,816,2133,p512_o128,512,128,mixed,2,41.00112407468259,36.88137964565512,4725.431764964014,128,27.08747186850444,133.649,26.73,28.703,1.0441328125,0.9577325681449168,17.645,0.399,8.686,60.0,10,Phi-3-mini-Q4,llama.cpp,finegrained_gpu_emc
2026-05-16T06:37:59.861240,GPU816_EMC2133_CPU1036,816,1036,2133,816,2133,p1024_o128,1024,128,mixed,0,501.12870894372463,34.41527291333053,4872.369874967262,128,26.270583573226784,138.502,27.7,29.904,1.082046875,0.9241743801533552,18.363,0.399,8.938,60.0,10,Phi-3-mini-Q4,llama.cpp,finegrained_gpu_emc
2026-05-16T06:38:05.091838,GPU816_EMC2133_CPU1036,816,1036,2133,816,2133,p1024_o128,1024,128,mixed,1,43.907840037718415,34.44886444811159,4419.412220129743,128,28.963127588999207,127.359,28.302,29.912,0.9949921875,1.0050330169049695,18.763,0.399,9.14,60.1,9,Phi-3-mini-Q4,llama.cpp,finegrained_gpu_emc
2026-05-16T06:38:10.323486,GPU816_EMC2133_CPU1036,816,1036,2133,816,2133,p1024_o128,1024,128,mixed,2,43.618933064863086,34.458811141873205,4420.384591212496,128,28.956756444780304,127.552,28.345,30.005,0.9965,1.0035122930255895,18.763,0.399,9.183,60.1,9,Phi-3-mini-Q4,llama.cpp,finegrained_gpu_emc
2026-05-16T06:38:20.014948,GPU816_EMC2133_CPU1036,816,1036,2133,816,2133,p128_o256,128,256,mixed,0,39.53393315896392,34.661674885736666,8879.202765179798,256,28.831417275874784,252.821,28.091,29.703,0.98758203125,1.012574113700998,18.674,0.399,9.018,60.2,18,Phi-3-mini-Q4,llama.cpp,finegrained_gpu_emc
2026-05-16T06:38:29.730189,GPU816_EMC2133_CPU1036,816,1036,2133,816,2133,p128_o256,128,256,mixed,1,39.20103097334504,34.755013160882335,8902.699954109266,256,28.755321567569705,252.234,28.026,29.211,0.9852890625,1.0149305803341342,18.655,0.399,8.972,60.2,18,Phi-3-mini-Q4,llama.cpp,finegrained_gpu_emc
2026-05-16T06:38:39.447861,GPU816_EMC2133_CPU1036,816,1036,2133,816,2133,p128_o256,128,256,mixed,2,39.21393398195505,34.763405423647924,8904.82610091567,256,28.748455848416388,252.974,28.108,29.703,0.9881796875,1.0119617035742805,18.675,0.399,9.034,60.2,18,Phi-3-mini-Q4,llama.cpp,finegrained_gpu_emc
2026-05-16T06:38:53.132886,GPU816_EMC2133_CPU1036,816,1036,2133,816,2133,p1024_o512,1024,512,mixed,0,827.9500820208341,35.21225835767485,12871.389243984597,342,26.57055843135446,368.314,28.332,29.912,1.0769415204678363,0.9285555259914094,18.811,0.399,9.122,60.3,26,Phi-3-mini-Q4,llama.cpp,finegrained_gpu_emc
2026-05-16T06:38:53.985524,GPU816_EMC2133_CPU1036,816,1036,2133,816,2133,p1024_o512,1024,512,mixed,1,43.56793290935457,43.56793290935457,43.56793290935457,0,0.0,5.798,11.597,11.597,0.0,0.0,5.99,0.399,5.208,59.8,1,Phi-3-mini-Q4,llama.cpp,finegrained_gpu_emc
2026-05-16T06:38:54.839694,GPU816_EMC2133_CPU1036,816,1036,2133,816,2133,p1024_o512,1024,512,mixed,2,44.83896307647228,44.83896307647228,44.83896307647228,0,0.0,11.047,11.047,11.597,0.0,0.0,5.59,0.399,5.058,59.7,2,Phi-3-mini-Q4,llama.cpp,finegrained_gpu_emc
2026-05-16T06:39:02.971097,GPU816_EMC3199_CPU1036,816,1036,3199,816,3199,p128_o64,128,64,mixed,0,26.33973420597613,24.154921697955285,1548.3533542137593,64,41.33423409186765,77.86,38.93,45.676,1.2165625,0.8219881839198562,29.444,0.399,9.086,60.2,4,Phi-3-mini-Q4,llama.cpp,finegrained_gpu_emc
2026-05-16T06:39:05.329942,GPU816_EMC3199_CPU1036,816,1036,3199,816,3199,p128_o64,128,64,mixed,1,25.95015801489353,24.16572630006288,1548.6477001104504,64,41.32637784270463,73.098,36.549,45.277,1.14215625,0.8755369503953596,27.444,0.399,8.706,60.6,4,Phi-3-mini-Q4,llama.cpp,finegrained_gpu_emc
2026-05-16T06:39:07.688036,GPU816_EMC3199_CPU1036,816,1036,3199,816,3199,p128_o64,128,64,mixed,2,26.13977901637554,24.150149759999103,1547.855838900432,64,41.34751983457608,73.342,36.671,45.263,1.14596875,0.8726241444192959,27.54,0.399,8.732,60.7,4,Phi-3-mini-Q4,llama.cpp,finegrained_gpu_emc
2026-05-16T06:39:12.126632,GPU816_EMC3199_CPU1036,816,1036,3199,816,3199,p512_o128,512,128,mixed,0,225.5965769290924,26.78713957434447,3628.06215393357,128,35.28054222037556,161.194,40.299,45.277,1.259328125,0.7940742211248558,30.686,0.399,9.214,61.0,8,Phi-3-mini-Q4,llama.cpp,finegrained_gpu_emc
2026-05-16T06:39:16.357171,GPU816_EMC3199_CPU1036,816,1036,3199,816,3199,p512_o128,512,128,mixed,1,30.3737111389637,26.686402235737468,3420.0350230094045,128,37.42651731307958,147.252,42.072,45.676,1.15040625,0.8692581425040067,32.046,0.399,9.627,61.2,7,Phi-3-mini-Q4,llama.cpp,finegrained_gpu_emc
2026-05-16T06:39:20.589506,GPU816_EMC3199_CPU1036,816,1036,3199,816,3199,p512_o128,512,128,mixed,2,30.37844900973141,26.698591827422263,3421.594526153058,128,37.40945895886502,147.26,42.074,45.277,1.15046875,0.8692109194621758,32.046,0.399,9.63,61.4,7,Phi-3-mini-Q4,llama.cpp,finegrained_gpu_emc
2026-05-16T06:39:24.955307,GPU816_EMC3199_CPU1036,816,1036,3199,816,3199,p1024_o128,1024,128,mixed,0,336.6709409747273,25.33809712530649,3555.1148790400475,128,36.00446240279093,148.613,42.461,47.276,1.1610390625,0.861297463882702,32.389,0.399,9.673,61.6,7,Phi-3-mini-Q4,llama.cpp,finegrained_gpu_emc
2026-05-16T06:39:29.024045,GPU816_EMC3199_CPU1036,816,1036,3199,816,3199,p1024_o128,1024,128,mixed,1,34.1916389297694,25.381350677137767,3258.151975926012,128,39.286074113722286,147.422,42.121,46.477,1.151734375,0.8682557555860049,31.936,0.399,9.785,61.9,7,Phi-3-mini-Q4,llama.cpp,finegrained_gpu_emc
2026-05-16T06:39:33.089984,GPU816_EMC3199_CPU1036,816,1036,3199,816,3199,p1024_o128,1024,128,mixed,2,33.7023891042918,25.363770212728795,3255.398649023846,128,39.31930119783692,148.631,42.466,46.877,1.1611796875,0.8611931562056367,32.222,0.399,9.845,62.0,7,Phi-3-mini-Q4,llama.cpp,finegrained_gpu_emc
2026-05-16T06:39:40.382061,GPU816_EMC3199_CPU1036,816,1036,3199,816,3199,p128_o256,128,256,mixed,0,29.933298006653786,25.29343917198917,6480.70221580565,256,39.50189215231136,287.388,44.213,46.676,1.122609375,0.8907818002143444,33.837,0.399,9.977,62.3,13,Phi-3-mini-Q4,llama.cpp,finegrained_gpu_emc
2026-05-16T06:39:47.684673,GPU816_EMC3199_CPU1036,816,1036,3199,816,3199,p128_o256,128,256,mixed,1,29.329593060538173,25.336443391792915,6491.061322856695,256,39.4388509470028,287.342,44.207,46.776,1.1224296875,0.8909244036722791,33.807,0.399,10.0,62.6,13,Phi-3-mini-Q4,llama.cpp,finegrained_gpu_emc
2026-05-16T06:39:54.989047,GPU816_EMC3199_CPU1036,816,1036,3199,816,3199,p128_o256,128,256,mixed,2,29.504082864150405,25.34167885908163,6492.60160792619,256,39.42949459388889,286.684,44.105,46.575,1.119859375,0.8929692623236734,33.776,0.399,9.93,62.9,13,Phi-3-mini-Q4,llama.cpp,finegrained_gpu_emc
2026-05-16T06:40:10.043670,GPU816_EMC3199_CPU1036,816,1036,3199,816,3199,p1024_o512,1024,512,mixed,0,558.2506561186165,26.77157823654318,14240.494350204244,512,35.95380802160542,626.53,44.752,47.376,1.22369140625,0.8171994956346863,34.102,0.399,10.251,63.3,28,Phi-3-mini-Q4,llama.cpp,finegrained_gpu_emc
2026-05-16T06:40:24.574358,GPU816_EMC3199_CPU1036,816,1036,3199,816,3199,p1024_o512,1024,512,mixed,1,34.164912067353725,26.772345099579944,13716.854325961322,512,37.32634231093049,609.54,45.151,46.977,1.1905078125,0.83997768809266,34.345,0.429,10.378,63.9,27,Phi-3-mini-Q4,llama.cpp,finegrained_gpu_emc
2026-05-16T06:40:39.118514,GPU816_EMC3199_CPU1036,816,1036,3199,816,3199,p1024_o512,1024,512,mixed,2,34.07868300564587,26.798652680937032,13730.109869036824,512,37.29030611434701,610.189,45.199,47.077,1.191775390625,0.8390842837219288,34.3,0.517,10.382,64.3,27,Phi-3-mini-Q4,llama.cpp,finegrained_gpu_emc
2026-05-16T06:40:47.805335,GPU918_EMC204_CPU1036,918,1036,204,918,204,p128_o64,128,64,mixed,0,26.327776024118062,24.14529793895781,1547.740348149091,64,41.35060514286922,78.51,39.255,46.276,1.22671875,0.815182779263788,29.644,0.399,9.212,63.4,4,Phi-3-mini-Q4,llama.cpp,finegrained_gpu_emc
2026-05-16T06:40:50.162101,GPU918_EMC204_CPU1036,918,1036,204,918,204,p128_o64,128,64,mixed,1,26.02257882244885,24.133984066013777,1546.7223438899964,64,41.37782081756214,73.556,36.778,45.776,1.1493125,0.8700853771276307,27.544,0.399,8.836,63.4,4,Phi-3-mini-Q4,llama.cpp,finegrained_gpu_emc
2026-05-16T06:40:52.518959,GPU918_EMC204_CPU1036,918,1036,204,918,204,p128_o64,128,64,mixed,2,26.150987949222326,24.132400636546432,1546.7542288824916,64,41.37696784979157,73.506,36.753,45.377,1.14853125,0.8706772236280031,27.544,0.399,8.81,63.4,4,Phi-3-mini-Q4,llama.cpp,finegrained_gpu_emc
2026-05-16T06:40:53.553836,GPU918_EMC204_CPU1036,918,1036,204,918,204,p512_o128,512,128,mixed,0,225.46336706727743,225.46336706727743,225.46336706727743,0,0.0,12.786,25.573,25.573,0.0,0.0,18.754,0.399,6.42,63.0,1,Phi-3-mini-Q4,llama.cpp,finegrained_gpu_emc
2026-05-16T06:40:57.793785,GPU918_EMC204_CPU1036,918,1036,204,918,204,p512_o128,512,128,mixed,1,33.38676900602877,26.73614646425456,3429.3719979468733,128,37.32461805736799,146.802,41.944,45.776,1.146890625,0.8719227258484217,31.93,0.399,9.615,63.4,7,Phi-3-mini-Q4,llama.cpp,finegrained_gpu_emc
2026-05-16T06:41:02.027745,GPU918_EMC204_CPU1036,918,1036,204,918,204,p512_o128,512,128,mixed,2,83.21810909546912,26.72113503888249,3423.8867431413382,126,36.80028267652273,147.709,42.203,45.676,1.1722936507936508,0.8530285899979012,32.16,0.399,9.644,63.6,7,Phi-3-mini-Q4,llama.cpp,finegrained_gpu_emc
2026-05-16T06:41:06.398173,GPU918_EMC204_CPU1036,918,1036,204,918,204,p1024_o128,1024,128,mixed,0,335.9226160682738,25.38082377955787,3559.784839162603,128,35.957229378534706,163.666,40.916,47.376,1.278640625,0.7820805787396283,30.988,0.449,9.479,63.7,8,Phi-3-mini-Q4,llama.cpp,finegrained_gpu_emc
2026-05-16T06:41:10.462223,GPU918_EMC204_CPU1036,918,1036,204,918,204,p1024_o128,1024,128,mixed,1,34.00577907450497,25.347631921493043,3253.648604964837,128,39.34044991972429,148.73,42.494,46.977,1.161953125,0.8606199152827272,32.222,0.399,9.874,63.8,7,Phi-3-mini-Q4,llama.cpp,finegrained_gpu_emc
2026-05-16T06:41:11.305609,GPU918_EMC204_CPU1036,918,1036,204,918,204,p1024_o128,1024,128,mixed,2,33.900218084454536,33.900218084454536,33.900218084454536,0,0.0,7.248,14.496,14.496,0.0,0.0,8.789,0.399,5.308,63.5,1,Phi-3-mini-Q4,llama.cpp,finegrained_gpu_emc
2026-05-16T06:41:18.606441,GPU918_EMC204_CPU1036,918,1036,204,918,204,p128_o256,128,256,mixed,0,29.52891495078802,25.324190376034263,6488.167454022914,256,39.45644156290543,285.94,43.991,46.776,1.116953125,0.8952927187521857,33.623,0.399,9.969,63.9,13,Phi-3-mini-Q4,llama.cpp,finegrained_gpu_emc
2026-05-16T06:41:25.917003,GPU918_EMC204_CPU1036,918,1036,204,918,204,p128_o256,128,256,mixed,1,29.770089080557227,25.364442071055663,6498.790307203308,256,39.391946485217055,288.286,44.352,46.776,1.1261171875,0.8880070485559479,33.807,0.491,10.054,64.1,13,Phi-3-mini-Q4,llama.cpp,finegrained_gpu_emc
2026-05-16T06:41:33.220644,GPU918_EMC204_CPU1036,918,1036,204,918,204,p128_o256,128,256,mixed,2,29.37293006107211,25.34043245455798,6492.139470996335,256,39.43230134590935,287.936,44.298,46.676,1.12475,0.8890864636585909,33.868,0.399,10.031,64.3,13,Phi-3-mini-Q4,llama.cpp,finegrained_gpu_emc
2026-05-16T06:41:48.272131,GPU918_EMC204_CPU1036,918,1036,204,918,204,p1024_o512,1024,512,mixed,0,558.0323128961027,26.766360186062272,14237.599730025977,512,35.961117724094485,629.13,44.938,47.775,1.22876953125,0.8138222624894695,34.216,0.413,10.308,64.6,28,Phi-3-mini-Q4,llama.cpp,finegrained_gpu_emc
2026-05-16T06:41:59.459779,GPU918_EMC204_CPU1036,918,1036,204,918,204,p1024_o512,1024,512,mixed,1,34.618050791323185,26.30663325782029,10374.785547843205,393,37.88030106142291,468.916,44.659,46.977,1.19317048346056,0.8381031997202057,33.97,0.399,10.29,64.9,21,Phi-3-mini-Q4,llama.cpp,finegrained_gpu_emc
2026-05-16T06:42:14.000031,GPU918_EMC204_CPU1036,918,1036,204,918,204,p1024_o512,1024,512,mixed,2,33.93070097081363,26.7921260037731,13726.689569884911,512,37.29959779401442,608.478,45.072,47.078,1.18843359375,0.8414437333806646,34.239,0.399,10.434,65.2,27,Phi-3-mini-Q4,llama.cpp,finegrained_gpu_emc
2026-05-16T06:42:22.136185,GPU918_EMC665_CPU1036,1300,1036,665,918,665,p128_o64,128,64,mixed,0,25.77564585953951,24.153213001905925,1547.6911219302565,64,41.35192034970142,78.61,39.305,46.276,1.22828125,0.8141457829792648,29.644,0.399,9.262,64.3,4,Phi-3-mini-Q4,llama.cpp,finegrained_gpu_emc
2026-05-16T06:42:24.495703,GPU918_EMC665_CPU1036,1300,1036,665,918,665,p128_o64,128,64,mixed,1,25.933398166671395,24.178223521818243,1549.420153023675,64,41.30577485719723,74.056,37.028,45.776,1.157125,0.8642108674516582,27.743,0.399,8.886,64.3,4,Phi-3-mini-Q4,llama.cpp,finegrained_gpu_emc
2026-05-16T06:42:26.856069,GPU918_EMC665_CPU1036,1300,1036,665,918,665,p128_o64,128,64,mixed,2,26.08391805551946,24.189526666074045,1550.2936821430922,64,41.28250068821012,73.606,36.803,45.377,1.15009375,0.8694943347009755,27.544,0.399,8.86,64.2,4,Phi-3-mini-Q4,llama.cpp,finegrained_gpu_emc
2026-05-16T06:42:31.296417,GPU918_EMC665_CPU1036,1300,1036,665,918,665,p512_o128,512,128,mixed,0,225.9412019047886,26.797781826737594,3629.7498990315935,128,35.26413762946863,162.161,40.54,45.776,1.2668828125,0.7893389902627636,30.838,0.399,9.303,64.5,8,Phi-3-mini-Q4,llama.cpp,finegrained_gpu_emc
2026-05-16T06:42:35.531911,GPU918_EMC665_CPU1036,1300,1036,665,918,665,p512_o128,512,128,mixed,1,30.227656941860914,26.72511966913704,3424.844129942357,128,37.3739636443409,148.238,42.354,45.776,1.158109375,0.8634763016230657,32.211,0.399,9.744,64.6,7,Phi-3-mini-Q4,llama.cpp,finegrained_gpu_emc
2026-05-16T06:42:39.766232,GPU918_EMC665_CPU1036,1300,1036,665,918,665,p512_o128,512,128,mixed,2,29.98530399054289,26.72059455974482,3423.9986101165414,128,37.38319274482512,148.408,42.402,45.776,1.1594375,0.8624871974556628,32.274,0.399,9.73,64.7,7,Phi-3-mini-Q4,llama.cpp,finegrained_gpu_emc
2026-05-16T06:42:44.127274,GPU918_EMC665_CPU1036,1300,1036,665,918,665,p1024_o128,1024,128,mixed,0,336.21953800320625,25.304844795440243,3550.440591061488,128,36.05186362567227,163.758,40.94,47.477,1.279359375,0.7816412022618742,30.986,0.399,9.555,64.7,8,Phi-3-mini-Q4,llama.cpp,finegrained_gpu_emc
2026-05-16T06:42:48.188591,GPU918_EMC665_CPU1036,1300,1036,665,918,665,p1024_o128,1024,128,mixed,1,33.76413602381945,25.3268853709923,3250.7841819897294,128,39.37511469052805,149.051,42.586,47.063,1.1644609375,0.8587664624859948,32.271,0.399,9.917,64.8,7,Phi-3-mini-Q4,llama.cpp,finegrained_gpu_emc
2026-05-16T06:42:52.249126,GPU918_EMC665_CPU1036,1300,1036,665,918,665,p1024_o128,1024,128,mixed,2,34.016540041193366,25.318240904520582,3249.944882001728,128,39.385283334762704,149.33,42.666,46.977,1.166640625,0.857161990222996,32.336,0.399,9.931,64.8,7,Phi-3-mini-Q4,llama.cpp,finegrained_gpu_emc
2026-05-16T06:42:59.540363,GPU918_EMC665_CPU1036,1300,1036,665,918,665,p128_o256,128,256,mixed,0,29.61985697038472,25.29062331361952,6479.673326015472,256,39.5081645508542,288.636,44.406,46.776,1.127484375,0.8869302512507101,33.96,0.399,10.046,65.0,13,Phi-3-mini-Q4,llama.cpp,finegrained_gpu_emc
2026-05-16T06:43:06.849294,GPU918_EMC665_CPU1036,1300,1036,665,918,665,p128_o256,128,256,mixed,1,29.51074601151049,25.36022063965599,6497.379912063479,256,39.40049734889181,288.188,44.337,46.776,1.125734375,0.8883090205005066,33.868,0.399,10.07,65.2,13,Phi-3-mini-Q4,llama.cpp,finegrained_gpu_emc
2026-05-16T06:43:14.157778,GPU918_EMC665_CPU1036,1300,1036,665,918,665,p128_o256,128,256,mixed,2,29.525146819651127,25.358264329934528,6496.823246823624,256,39.40387328917429,288.688,44.413,46.776,1.1276875,0.886770492711855,33.929,0.399,10.085,65.3,13,Phi-3-mini-Q4,llama.cpp,finegrained_gpu_emc
2026-05-16T06:43:29.211197,GPU918_EMC665_CPU1036,1300,1036,665,918,665,p1024_o512,1024,512,mixed,0,557.6846431940794,26.77083532681321,14239.514576038346,512,35.95628188488757,630.285,45.02,47.477,1.231025390625,0.8123309296588052,34.245,0.399,10.377,65.6,28,Phi-3-mini-Q4,llama.cpp,finegrained_gpu_emc
2026-05-16T06:43:40.720533,GPU918_EMC665_CPU1036,1300,1036,665,918,665,p1024_o512,1024,512,mixed,1,34.00903381407261,26.387964565972464,10696.402332978323,404,37.769708676198384,476.058,45.339,47.477,1.1783613861386135,0.8486360905603939,34.443,0.437,10.458,65.8,21,Phi-3-mini-Q4,llama.cpp,finegrained_gpu_emc
2026-05-16T06:43:55.250946,GPU918_EMC665_CPU1036,1300,1036,665,918,665,p1024_o512,1024,512,mixed,2,34.19191110879183,26.771698671041342,13716.492380946876,512,37.32732726270473,610.899,45.252,47.078,1.193162109375,0.8381090818613224,34.359,0.399,10.494,66.0,27,Phi-3-mini-Q4,llama.cpp,finegrained_gpu_emc
2026-05-16T06:44:03.384662,GPU918_EMC2133_CPU1036,1300,1036,2133,918,2133,p128_o64,128,64,mixed,0,26.285225059837103,24.119764762294903,1546.0893318522722,64,41.39476204995583,78.461,39.23,46.376,1.225953125,0.8156918723952027,29.544,0.399,9.287,65.1,4,Phi-3-mini-Q4,llama.cpp,finegrained_gpu_emc
2026-05-16T06:44:05.748508,GPU918_EMC2133_CPU1036,1300,1036,2133,918,2133,p128_o64,128,64,mixed,1,26.105877943336964,24.148094127812083,1547.6970069576057,64,41.35176311144284,73.8,36.9,45.762,1.153125,0.8672086720867209,27.64,0.399,8.861,65.0,4,Phi-3-mini-Q4,llama.cpp,finegrained_gpu_emc
2026-05-16T06:44:08.102168,GPU918_EMC2133_CPU1036,1300,1036,2133,918,2133,p128_o64,128,64,mixed,2,25.843128096312284,24.088893920951893,1543.7002601101997,64,41.45882568901767,73.813,36.906,45.776,1.153328125,0.8670559386557923,27.647,0.399,8.861,65.0,4,Phi-3-mini-Q4,llama.cpp,finegrained_gpu_emc
2026-05-16T06:44:12.538947,GPU918_EMC2133_CPU1036,1300,1036,2133,918,2133,p512_o128,512,128,mixed,0,225.4721950739622,26.771928370732255,3625.996661139652,128,35.30063923439178,162.116,40.529,45.877,1.26653125,0.78955809420415,30.789,0.399,9.341,65.2,8,Phi-3-mini-Q4,llama.cpp,finegrained_gpu_emc
2026-05-16T06:44:16.769719,GPU918_EMC2133_CPU1036,1300,1036,2133,918,2133,p512_o128,512,128,mixed,1,30.0102720502764,26.69275572384143,3420.478851068765,128,37.4216609934615,148.22,42.348,45.776,1.15796875,0.8635811631358791,32.22,0.399,9.73,65.2,7,Phi-3-mini-Q4,llama.cpp,finegrained_gpu_emc
2026-05-16T06:44:21.005240,GPU918_EMC2133_CPU1036,1300,1036,2133,918,2133,p512_o128,512,128,mixed,2,30.137195019051436,26.726235567746084,3424.8566580936317,128,37.373826930102325,148.816,42.519,46.276,1.162625,0.8601225674658639,32.275,0.456,9.787,65.3,7,Phi-3-mini-Q4,llama.cpp,finegrained_gpu_emc
2026-05-16T06:44:25.371948,GPU918_EMC2133_CPU1036,1300,1036,2133,918,2133,p1024_o128,1024,128,mixed,0,337.01982884667814,25.343099456852464,3556.122638983652,128,35.99425919590408,164.254,41.064,47.477,1.283234375,0.7792808698722711,31.084,0.399,9.58,65.3,8,Phi-3-mini-Q4,llama.cpp,finegrained_gpu_emc
2026-05-16T06:44:29.434093,GPU918_EMC2133_CPU1036,1300,1036,2133,918,2133,p1024_o128,1024,128,mixed,1,33.82572904229164,25.33159337710501,3251.439874060452,128,39.36717422369293,149.688,42.768,47.078,1.1694375,0.8551119662230774,32.395,0.399,9.974,65.4,7,Phi-3-mini-Q4,llama.cpp,finegrained_gpu_emc
2026-05-16T06:44:30.277276,GPU918_EMC2133_CPU1036,1300,1036,2133,918,2133,p1024_o128,1024,128,mixed,2,33.89962902292609,33.89962902292609,33.89962902292609,0,0.0,7.3,14.601,14.601,0.0,0.0,8.785,0.399,5.417,64.7,1,Phi-3-mini-Q4,llama.cpp,finegrained_gpu_emc
2026-05-16T06:44:37.570032,GPU918_EMC2133_CPU1036,1300,1036,2133,918,2133,p128_o256,128,256,mixed,0,29.7359221149236,25.296349541338927,6481.268047122285,256,39.49844353585488,287.092,44.168,46.877,1.121453125,0.8917002215317739,33.684,0.399,10.085,65.4,13,Phi-3-mini-Q4,llama.cpp,finegrained_gpu_emc
2026-05-16T06:44:44.882535,GPU918_EMC2133_CPU1036,1300,1036,2133,918,2133,p128_o256,128,256,mixed,1,29.3477070517838,25.376142140514418,6501.221694983542,256,39.37721431612371,287.981,44.305,46.776,1.12492578125,0.8889475347331942,33.867,0.399,10.039,65.6,13,Phi-3-mini-Q4,llama.cpp,finegrained_gpu_emc
2026-05-16T06:44:52.196157,GPU918_EMC2133_CPU1036,1300,1036,2133,918,2133,p128_o256,128,256,mixed,2,29.45743198506534,25.379118211932628,6502.072236966342,256,39.372063346906366,288.222,44.342,46.776,1.1258671875,0.8882042314604714,33.866,0.399,10.077,65.6,13,Phi-3-mini-Q4,llama.cpp,finegrained_gpu_emc
2026-05-16T06:45:06.726817,GPU918_EMC2133_CPU1036,1300,1036,2133,918,2133,p1024_o512,1024,512,mixed,0,558.1394420005381,26.686275205139555,13716.175198089331,493,35.94296462972237,607.03,44.965,47.462,1.2312981744421907,0.8121509645322307,34.218,0.399,10.348,65.9,27,Phi-3-mini-Q4,llama.cpp,finegrained_gpu_emc
2026-05-16T06:45:21.249017,GPU918_EMC2133_CPU1036,1300,1036,2133,918,2133,p1024_o512,1024,512,mixed,1,34.147392958402634,26.7559426792017,13708.345671882851,512,37.34951045552941,610.942,45.255,47.078,1.19324609375,0.8380500931348639,34.37,0.399,10.486,66.2,27,Phi-3-mini-Q4,llama.cpp,finegrained_gpu_emc
2026-05-16T06:45:35.783673,GPU918_EMC2133_CPU1036,1300,1036,2133,918,2133,p1024_o512,1024,512,mixed,2,34.52733298763633,26.779632851364795,13720.87989607826,512,37.31539113219272,611.896,45.326,47.078,1.195109375,0.8367434988952371,34.43,0.414,10.482,66.3,27,Phi-3-mini-Q4,llama.cpp,finegrained_gpu_emc
2026-05-16T06:45:43.901467,GPU918_EMC3199_CPU1036,1300,1036,3199,918,3199,p128_o64,128,64,mixed,0,25.9535750374198,24.12371606462532,1546.0122090298682,64,41.39682702775056,78.442,39.221,46.362,1.22565625,0.8158894469799343,29.535,0.399,9.287,65.3,4,Phi-3-mini-Q4,llama.cpp,finegrained_gpu_emc
2026-05-16T06:45:46.256767,GPU918_EMC3199_CPU1036,1300,1036,3199,918,3199,p128_o64,128,64,mixed,1,25.87442402727902,24.11201653913373,1545.1888530515134,64,41.41888538323954,73.806,36.903,45.776,1.15321875,0.8671381730482617,27.644,0.399,8.86,65.2,4,Phi-3-mini-Q4,llama.cpp,finegrained_gpu_emc
2026-05-16T06:45:48.611442,GPU918_EMC3199_CPU1036,1300,1036,3199,918,3199,p128_o64,128,64,mixed,2,25.91909002512693,24.09983255590002,1544.503463897854,64,41.43726543576897,74.006,37.003,45.776,1.15634375,0.8647947463719158,27.743,0.399,8.861,65.3,4,Phi-3-mini-Q4,llama.cpp,finegrained_gpu_emc
2026-05-16T06:45:53.045582,GPU918_EMC3199_CPU1036,1300,1036,3199,918,3199,p512_o128,512,128,mixed,0,225.5909761879593,26.75143197567503,3623.5192720778286,128,35.324774173645054,162.214,40.554,45.776,1.267296875,0.7890810904114318,30.839,0.399,9.316,65.4,8,Phi-3-mini-Q4,llama.cpp,finegrained_gpu_emc
2026-05-16T06:45:57.277054,GPU918_EMC3199_CPU1036,1300,1036,3199,918,3199,p512_o128,512,128,mixed,1,30.072435969486836,26.696859400602072,3421.064733993262,128,37.4152522541107,148.161,42.332,45.877,1.1575078125,0.863925054501522,32.16,0.399,9.773,65.5,7,Phi-3-mini-Q4,llama.cpp,finegrained_gpu_emc
2026-05-16T06:46:01.514181,GPU918_EMC3199_CPU1036,1300,1036,3199,918,3199,p512_o128,512,128,mixed,2,30.25165805593133,26.7410252910606,3426.861824002117,128,37.351958314593816,148.565,42.447,45.877,1.1606640625,0.8615757412580353,32.275,0.399,9.773,65.6,7,Phi-3-mini-Q4,llama.cpp,finegrained_gpu_emc
2026-05-16T06:46:05.874735,GPU918_EMC3199_CPU1036,1300,1036,3199,918,3199,p1024_o128,1024,128,mixed,0,335.8805831521749,25.30603550235176,3550.2469181083143,128,36.05383032575168,163.992,40.998,47.477,1.2811875,0.780525879311186,31.032,0.399,9.568,65.5,8,Phi-3-mini-Q4,llama.cpp,finegrained_gpu_emc
2026-05-16T06:46:09.937407,GPU918_EMC3199_CPU1036,1300,1036,3199,918,3199,p1024_o128,1024,128,mixed,1,33.67795003578067,25.33695780246805,3251.973464852199,128,39.36071477318083,148.953,42.558,46.977,1.1636953125,0.8593314669728035,32.214,0.399,9.945,65.6,7,Phi-3-mini-Q4,llama.cpp,finegrained_gpu_emc
2026-05-16T06:46:14.002125,GPU918_EMC3199_CPU1036,1300,1036,3199,918,3199,p1024_o128,1024,128,mixed,2,33.8275998365134,25.35312312589152,3254.1721740271896,128,39.33412037064838,148.824,42.521,46.977,1.1626875,0.8600763317744449,32.163,0.399,9.96,65.6,7,Phi-3-mini-Q4,llama.cpp,finegrained_gpu_emc
2026-05-16T06:46:21.301409,GPU918_EMC3199_CPU1036,1300,1036,3199,918,3199,p128_o256,128,256,mixed,0,29.75169406272471,25.32074068234685,6487.540282076225,256,39.460255947431534,289.08,44.474,46.877,1.12921875,0.8855680088556801,33.928,0.43,10.116,65.8,13,Phi-3-mini-Q4,llama.cpp,finegrained_gpu_emc
2026-05-16T06:46:28.617997,GPU918_EMC3199_CPU1036,1300,1036,3199,918,3199,p128_o256,128,256,mixed,1,29.582443879917264,25.39069147086611,6505.145247792825,256,39.35346410395064,287.83,44.282,46.776,1.1243359375,0.8894138901434875,33.805,0.399,10.077,65.9,13,Phi-3-mini-Q4,llama.cpp,finegrained_gpu_emc
2026-05-16T06:46:35.929775,GPU918_EMC3199_CPU1036,1300,1036,3199,918,3199,p128_o256,128,256,mixed,2,29.392232885584235,25.37176467514798,6500.147326849401,256,39.38372272618663,289.03,44.466,46.776,1.1290234375,0.885721205411203,33.959,0.399,10.108,65.9,13,Phi-3-mini-Q4,llama.cpp,finegrained_gpu_emc
2026-05-16T06:46:50.990598,GPU918_EMC3199_CPU1036,1300,1036,3199,918,3199,p1024_o512,1024,512,mixed,0,557.9693960025907,26.784399173946035,14246.742487885058,512,35.938039901780165,630.364,45.026,47.477,1.2311796875,0.8122291247596626,34.215,0.428,10.384,66.2,28,Phi-3-mini-Q4,llama.cpp,finegrained_gpu_emc
2026-05-16T06:47:05.525181,GPU918_EMC3199_CPU1036,1300,1036,3199,918,3199,p1024_o512,1024,512,mixed,1,34.031448885798454,26.7805299296093,13720.812601968646,512,37.31557414657342,611.692,45.311,47.078,1.1947109375,0.8370225538342826,34.463,0.399,10.449,66.4,27,Phi-3-mini-Q4,llama.cpp,finegrained_gpu_emc
2026-05-16T06:47:20.045171,GPU918_EMC3199_CPU1036,1300,1036,3199,918,3199,p1024_o512,1024,512,mixed,2,34.177310997620225,26.751947152718117,13706.36578113772,512,37.35490560923149,611.69,45.31,46.977,1.19470703125,0.8370252905883698,34.418,0.399,10.494,66.5,27,Phi-3-mini-Q4,llama.cpp,finegrained_gpu_emc
2026-05-16T06:47:28.724151,GPU1020_EMC204_CPU1036,1020,1036,204,1020,204,p128_o64,128,64,mixed,0,25.7319500669837,24.105363314793934,1544.6274450514466,64,41.43393942988522,78.804,39.402,46.276,1.2313125,0.8121415156591035,29.74,0.399,9.262,65.5,4,Phi-3-mini-Q4,llama.cpp,finegrained_gpu_emc
2026-05-16T06:47:31.081352,GPU1020_EMC204_CPU1036,1020,1036,204,1020,204,p128_o64,128,64,mixed,1,26.07550099492073,24.137706414515534,1547.0065630506724,64,41.37021880100691,73.856,36.928,45.776,1.154,0.8665511265164645,27.644,0.399,8.886,65.5,4,Phi-3-mini-Q4,llama.cpp,finegrained_gpu_emc
2026-05-16T06:47:33.440476,GPU1020_EMC204_CPU1036,1020,1036,204,1020,204,p128_o64,128,64,mixed,2,26.235882891342044,24.161507412495595,1548.670888878405,64,41.3257590490067,74.099,37.05,45.863,1.157796875,0.8637093617997543,27.64,0.499,8.911,65.5,4,Phi-3-mini-Q4,llama.cpp,finegrained_gpu_emc
2026-05-16T06:47:37.881468,GPU1020_EMC204_CPU1036,1020,1036,204,1020,204,p512_o128,512,128,mixed,0,225.64771980978549,26.80529198447961,3630.415173945949,128,35.25767546329282,162.713,40.678,45.877,1.2711953125,0.7866611764272062,30.888,0.399,9.392,65.7,8,Phi-3-mini-Q4,llama.cpp,finegrained_gpu_emc
2026-05-16T06:47:42.115110,GPU1020_EMC204_CPU1036,1020,1036,204,1020,204,p512_o128,512,128,mixed,1,30.39285680279136,26.711645693789556,3423.2580149546266,128,37.39128030689693,148.901,42.543,45.877,1.1632890625,0.8596315672829598,32.386,0.399,9.759,65.8,7,Phi-3-mini-Q4,llama.cpp,finegrained_gpu_emc
2026-05-16T06:47:46.352715,GPU1020_EMC204_CPU1036,1020,1036,204,1020,204,p512_o128,512,128,mixed,2,30.54014104418457,26.738250142286027,3426.790784113109,128,37.35273264811461,148.566,42.447,45.877,1.160671875,0.8615699419786492,32.275,0.399,9.773,65.8,7,Phi-3-mini-Q4,llama.cpp,finegrained_gpu_emc
2026-05-16T06:47:50.729263,GPU1020_EMC204_CPU1036,1020,1036,204,1020,204,p1024_o128,1024,128,mixed,0,338.3498040493578,25.409938102060064,3565.9105139784515,128,35.89546049970605,162.77,40.693,46.778,1.271640625,0.7863856976101247,30.689,0.399,9.605,65.8,8,Phi-3-mini-Q4,llama.cpp,finegrained_gpu_emc
2026-05-16T06:47:54.798215,GPU1020_EMC204_CPU1036,1020,1036,204,1020,204,p1024_o128,1024,128,mixed,1,33.87522394768894,25.386485613985208,3258.462747791782,128,39.28232725285687,148.132,42.324,46.577,1.15728125,0.864094186266303,31.994,0.399,9.931,65.8,7,Phi-3-mini-Q4,llama.cpp,finegrained_gpu_emc
2026-05-16T06:47:58.868442,GPU1020_EMC204_CPU1036,1020,1036,204,1020,204,p1024_o128,1024,128,mixed,2,34.0622840449214,25.395914842557957,3259.84428008087,128,39.26567927865088,148.227,42.351,46.678,1.1580234375,0.8635403806324083,31.935,0.399,10.017,65.8,7,Phi-3-mini-Q4,llama.cpp,finegrained_gpu_emc
2026-05-16T06:48:06.181208,GPU1020_EMC204_CPU1036,1020,1036,204,1020,204,p128_o256,128,256,mixed,0,29.72364681772888,25.37398396479879,6501.077642897144,256,39.37808684375534,286.002,44.0,46.477,1.1171953125,0.8950986356738764,33.47,0.399,10.132,66.0,13,Phi-3-mini-Q4,llama.cpp,finegrained_gpu_emc
2026-05-16T06:48:12.390181,GPU1020_EMC204_CPU1036,1020,1036,204,1020,204,p128_o256,128,256,mixed,1,29.56413198262453,25.074909750520835,5397.707337047905,214,39.64646221761259,240.81,43.784,46.477,1.1252803738317758,0.8886674141439309,33.202,0.472,10.11,66.0,11,Phi-3-mini-Q4,llama.cpp,finegrained_gpu_emc
2026-05-16T06:48:19.708375,GPU1020_EMC204_CPU1036,1020,1036,204,1020,204,p128_o256,128,256,mixed,2,29.47892597876489,25.395510930056663,6506.282007088885,256,39.34658837736768,287.184,44.182,46.776,1.1218125,0.8914145634854309,33.683,0.399,10.101,66.1,13,Phi-3-mini-Q4,llama.cpp,finegrained_gpu_emc
2026-05-16T06:48:34.768792,GPU1020_EMC204_CPU1036,1020,1036,204,1020,204,p1024_o512,1024,512,mixed,0,558.9133840985596,26.78167100571125,14246.305702952668,512,35.93914174492856,629.766,44.983,47.477,1.23001171875,0.8130003842697129,34.2,0.413,10.37,66.3,28,Phi-3-mini-Q4,llama.cpp,finegrained_gpu_emc
2026-05-16T06:48:49.292316,GPU1020_EMC204_CPU1036,1020,1036,204,1020,204,p1024_o512,1024,512,mixed,1,34.2893039342016,26.75872252627099,13709.9563870579,512,37.345122445708455,611.9,45.326,47.078,1.1951171875,0.8367380290897206,34.433,0.399,10.494,66.5,27,Phi-3-mini-Q4,llama.cpp,finegrained_gpu_emc
2026-05-16T06:49:03.830441,GPU1020_EMC204_CPU1036,1020,1036,204,1020,204,p1024_o512,1024,512,mixed,2,34.05404998920858,26.787231596543972,13724.279119865969,512,37.30614887151903,611.922,45.328,47.078,1.19516015625,0.8367079464376178,34.387,0.429,10.512,66.7,27,Phi-3-mini-Q4,llama.cpp,finegrained_gpu_emc
2026-05-16T06:49:11.963280,GPU1020_EMC665_CPU1036,1300,1036,665,1020,665,p128_o64,128,64,mixed,0,25.956522906199098,24.12008933560361,1545.7799788564444,64,41.40304627787111,79.053,39.526,46.376,1.235203125,0.8095834440185699,29.84,0.399,9.287,65.7,4,Phi-3-mini-Q4,llama.cpp,finegrained_gpu_emc
2026-05-16T06:49:14.317670,GPU1020_EMC665_CPU1036,1300,1036,665,1020,665,p128_o64,128,64,mixed,1,26.085892925038934,24.092925634856027,1544.1968829836696,64,41.44549228485706,74.145,37.072,45.863,1.158515625,0.8631735113628701,27.738,0.399,8.936,65.6,4,Phi-3-mini-Q4,llama.cpp,finegrained_gpu_emc
2026-05-16T06:49:16.671954,GPU1020_EMC665_CPU1036,1300,1036,665,1020,665,p128_o64,128,64,mixed,2,25.84041305817664,24.096733668730373,1544.1952131222934,64,41.44553710317161,73.895,36.948,45.863,1.154609375,0.8660937817173017,27.638,0.399,8.911,65.6,4,Phi-3-mini-Q4,llama.cpp,finegrained_gpu_emc
2026-05-16T06:49:21.111894,GPU1020_EMC665_CPU1036,1300,1036,665,1020,665,p512_o128,512,128,mixed,0,225.61830515041947,26.796392872782903,3629.274510079995,128,35.26875678444579,163.036,40.759,45.977,1.27371875,0.7851026767094385,30.881,0.399,9.479,65.8,8,Phi-3-mini-Q4,llama.cpp,finegrained_gpu_emc
2026-05-16T06:49:25.346895,GPU1020_EMC665_CPU1036,1300,1036,665,1020,665,p512_o128,512,128,mixed,1,30.15462588518858,26.721168756778315,3424.225687980652,128,37.38071367471245,148.794,42.513,45.877,1.162453125,0.8602497412530075,32.327,0.399,9.787,65.8,7,Phi-3-mini-Q4,llama.cpp,finegrained_gpu_emc
2026-05-16T06:49:29.580034,GPU1020_EMC665_CPU1036,1300,1036,665,1020,665,p512_o128,512,128,mixed,2,30.42274597100913,26.706492772149875,3422.670151107013,128,37.39770248050349,148.382,42.395,45.863,1.159234375,0.8626383254033508,32.209,0.399,9.787,65.9,7,Phi-3-mini-Q4,llama.cpp,finegrained_gpu_emc
2026-05-16T06:49:33.945543,GPU1020_EMC665_CPU1036,1300,1036,665,1020,665,p1024_o128,1024,128,mixed,0,336.93983498960733,25.33243818934567,3554.6658590901643,128,36.00901043136648,164.63,41.158,47.861,1.286171875,0.7775010629897345,31.079,0.499,9.58,65.9,8,Phi-3-mini-Q4,llama.cpp,finegrained_gpu_emc
2026-05-16T06:49:38.007404,GPU1020_EMC665_CPU1036,1300,1036,665,1020,665,p1024_o128,1024,128,mixed,1,33.83869398385286,25.33116800101899,3251.4132601208985,128,39.36749645759903,149.568,42.734,47.078,1.1685,0.8557980316645271,32.332,0.399,10.003,66.0,7,Phi-3-mini-Q4,llama.cpp,finegrained_gpu_emc
2026-05-16T06:49:38.851030,GPU1020_EMC665_CPU1036,1300,1036,665,1020,665,p1024_o128,1024,128,mixed,2,34.029724076390266,34.029724076390266,34.029724076390266,0,0.0,7.3,14.601,14.601,0.0,0.0,8.785,0.399,5.417,65.3,1,Phi-3-mini-Q4,llama.cpp,finegrained_gpu_emc
2026-05-16T06:49:46.145629,GPU1020_EMC665_CPU1036,1300,1036,665,1020,665,p128_o256,128,256,mixed,0,29.63213599286973,25.30404507529502,6483.107288135216,256,39.48723792810086,287.602,44.246,46.877,1.1234453125,0.8901189838735476,33.739,0.399,10.108,65.9,13,Phi-3-mini-Q4,llama.cpp,finegrained_gpu_emc
2026-05-16T06:49:53.454230,GPU1020_EMC665_CPU1036,1300,1036,665,1020,665,p128_o256,128,256,mixed,1,29.31553591042757,25.36019672931848,6497.11191910319,256,39.4021225411392,288.502,44.385,46.877,1.1269609375,0.8873422021337807,33.893,0.399,10.093,66.1,13,Phi-3-mini-Q4,llama.cpp,finegrained_gpu_emc
2026-05-16T06:50:00.770906,GPU1020_EMC665_CPU1036,1300,1036,665,1020,665,p128_o256,128,256,mixed,2,29.511936008930206,25.39090342344899,6505.144893890247,256,39.35346624491638,289.024,44.465,47.276,1.129,0.8857395925597874,33.897,0.46,10.108,66.1,13,Phi-3-mini-Q4,llama.cpp,finegrained_gpu_emc
2026-05-16T06:50:15.825907,GPU1020_EMC665_CPU1036,1300,1036,665,1020,665,p1024_o512,1024,512,mixed,0,557.9057040158659,26.772607947151137,14240.648507839069,512,35.9534188150321,630.046,45.003,47.462,1.23055859375,0.812639077146748,34.223,0.399,10.381,66.4,28,Phi-3-mini-Q4,llama.cpp,finegrained_gpu_emc
2026-05-16T06:50:30.041183,GPU1020_EMC665_CPU1036,1300,1036,665,1020,665,p1024_o512,1024,512,mixed,1,33.976293168962,26.73147874557691,13401.509526185691,500,37.30922990600664,604.326,44.765,47.178,1.208652,0.8273680099813676,33.914,0.414,10.437,66.6,27,Phi-3-mini-Q4,llama.cpp,finegrained_gpu_emc
2026-05-16T06:50:44.571105,GPU1020_EMC665_CPU1036,1300,1036,665,1020,665,p1024_o512,1024,512,mixed,2,113.49362996406852,27.092911495986687,13716.087946901098,503,36.67226412860992,611.658,45.308,47.078,1.216019880715706,0.822354976146801,34.389,0.399,10.52,66.7,27,Phi-3-mini-Q4,llama.cpp,finegrained_gpu_emc
2026-05-16T06:50:52.701531,GPU1020_EMC2133_CPU1036,1300,1036,2133,1020,2133,p128_o64,128,64,mixed,0,26.29046188667417,24.105242749173488,1545.1810129452497,64,41.41909553885238,78.854,39.427,46.376,1.23209375,0.8116265503335278,29.74,0.399,9.287,65.8,4,Phi-3-mini-Q4,llama.cpp,finegrained_gpu_emc
2026-05-16T06:50:55.059707,GPU1020_EMC2133_CPU1036,1300,1036,2133,1020,2133,p128_o64,128,64,mixed,1,26.38133615255356,24.14719109231281,1547.9147920850664,64,41.34594509158411,74.056,37.028,45.776,1.157125,0.8642108674516582,27.743,0.399,8.886,65.8,4,Phi-3-mini-Q4,llama.cpp,finegrained_gpu_emc
2026-05-16T06:50:57.415047,GPU1020_EMC2133_CPU1036,1300,1036,2133,1020,2133,p128_o64,128,64,mixed,2,26.0320499073714,24.114053348995864,1545.475395862013,64,41.41120600907593,74.207,37.104,45.877,1.159484375,0.8624523292950801,27.743,0.399,8.961,65.7,4,Phi-3-mini-Q4,llama.cpp,finegrained_gpu_emc
2026-05-16T06:51:01.852254,GPU1020_EMC2133_CPU1036,1300,1036,2133,1020,2133,p512_o128,512,128,mixed,0,226.1324420105666,26.770217377164467,3626.475106924772,128,35.295981973124086,162.722,40.681,45.877,1.271265625,0.7866176669411634,30.89,0.399,9.392,65.9,8,Phi-3-mini-Q4,llama.cpp,finegrained_gpu_emc
2026-05-16T06:51:06.082012,GPU1020_EMC2133_CPU1036,1300,1036,2133,1020,2133,p512_o128,512,128,mixed,1,30.436980072408915,26.680724598159355,3419.380109990016,128,37.43368560460327,149.059,42.588,45.877,1.1645234375,0.8587203724699616,32.388,0.399,9.802,66.0,7,Phi-3-mini-Q4,llama.cpp,finegrained_gpu_emc
2026-05-16T06:51:07.266736,GPU1020_EMC2133_CPU1036,1300,1036,2133,1020,2133,p512_o128,512,128,mixed,2,83.15421012230217,26.53288298752159,375.0802529975772,11,29.327057108685096,14.132,28.265,28.265,1.2847272727272727,0.7783753184262666,20.342,0.399,7.524,65.8,1,Phi-3-mini-Q4,llama.cpp,finegrained_gpu_emc
2026-05-16T06:51:11.632170,GPU1020_EMC2133_CPU1036,1300,1036,2133,1020,2133,p1024_o128,1024,128,mixed,0,336.93490899167955,25.331203495775625,3554.5286340638995,128,36.010400584017056,163.54,40.885,47.477,1.27765625,0.7826831356243121,30.931,0.399,9.555,65.8,8,Phi-3-mini-Q4,llama.cpp,finegrained_gpu_emc
2026-05-16T06:51:15.692668,GPU1020_EMC2133_CPU1036,1300,1036,2133,1020,2133,p1024_o128,1024,128,mixed,1,34.008553018793464,25.318651802940515,3249.9760210048407,128,39.3849059724522,149.478,42.708,47.078,1.167796875,0.8563133036299656,32.335,0.399,9.974,65.9,7,Phi-3-mini-Q4,llama.cpp,finegrained_gpu_emc
2026-05-16T06:51:19.754055,GPU1020_EMC2133_CPU1036,1300,1036,2133,1020,2133,p1024_o128,1024,128,mixed,2,33.96118013188243,25.32659159005275,3250.9405210148543,128,39.373221125571966,149.532,42.724,47.078,1.16821875,0.8560040660193136,32.336,0.399,9.988,66.0,7,Phi-3-mini-Q4,llama.cpp,finegrained_gpu_emc
2026-05-16T06:51:27.046395,GPU1020_EMC2133_CPU1036,1300,1036,2133,1020,2133,p128_o256,128,256,mixed,0,29.48317513801157,25.2959622974124,6480.889115016907,256,39.500752976442826,289.322,44.511,47.261,1.1301640625,0.8848272858614278,33.989,0.399,10.124,66.1,13,Phi-3-mini-Q4,llama.cpp,finegrained_gpu_emc
2026-05-16T06:51:34.356053,GPU1020_EMC2133_CPU1036,1300,1036,2133,1020,2133,p128_o256,128,256,mixed,1,29.373622965067625,25.3628582821465,6497.868502046913,256,39.39753473302156,289.032,44.466,46.776,1.12903125,0.8857150765313184,33.928,0.43,10.108,66.2,13,Phi-3-mini-Q4,llama.cpp,finegrained_gpu_emc
2026-05-16T06:51:41.664188,GPU1020_EMC2133_CPU1036,1300,1036,2133,1020,2133,p128_o256,128,256,mixed,2,29.722311068326235,25.356331701372184,6496.540144085884,256,39.40559041000451,289.138,44.483,46.877,1.1294453125,0.885390367229489,33.96,0.399,10.124,66.3,13,Phi-3-mini-Q4,llama.cpp,finegrained_gpu_emc
2026-05-16T06:51:56.726665,GPU1020_EMC2133_CPU1036,1300,1036,2133,1020,2133,p1024_o512,1024,512,mixed,0,558.07637097314,26.787993765149974,14248.68563306518,512,35.933138900325254,629.916,44.994,47.462,1.2303046875,0.8128067869366709,34.196,0.413,10.384,66.5,28,Phi-3-mini-Q4,llama.cpp,finegrained_gpu_emc
2026-05-16T06:52:11.251983,GPU1020_EMC2133_CPU1036,1300,1036,2133,1020,2133,p1024_o512,1024,512,mixed,1,34.1401151381433,26.76223516610037,13711.588683072478,512,37.34067669577087,612.662,45.382,47.078,1.19660546875,0.8356973339296382,34.486,0.399,10.497,66.7,27,Phi-3-mini-Q4,llama.cpp,finegrained_gpu_emc
2026-05-16T06:52:25.791060,GPU1020_EMC2133_CPU1036,1300,1036,2133,1020,2133,p1024_o512,1024,512,mixed,2,34.23284902237356,26.78887818624683,13725.310270208864,512,37.30334614812381,612.496,45.37,47.078,1.19628125,0.8359238264413156,34.385,0.488,10.497,66.8,27,Phi-3-mini-Q4,llama.cpp,finegrained_gpu_emc
2026-05-16T06:52:33.916498,GPU1020_EMC3199_CPU1036,1300,1036,3199,1020,3199,p128_o64,128,64,mixed,0,26.365014957264066,24.14442622472369,1547.7235780563203,64,41.35105319024292,78.947,39.474,46.761,1.233546875,0.8106704497954323,29.637,0.499,9.338,65.9,4,Phi-3-mini-Q4,llama.cpp,finegrained_gpu_emc
2026-05-16T06:52:36.271730,GPU1020_EMC3199_CPU1036,1300,1036,3199,1020,3199,p128_o64,128,64,mixed,1,25.88261105120182,24.1125038241051,1545.2280468307436,64,41.41783481814464,73.95,36.975,45.863,1.15546875,0.8654496281271129,27.64,0.399,8.936,65.8,4,Phi-3-mini-Q4,llama.cpp,finegrained_gpu_emc
2026-05-16T06:52:38.625734,GPU1020_EMC3199_CPU1036,1300,1036,3199,1020,3199,p128_o64,128,64,mixed,2,26.076590875163674,24.087756558040542,1543.866341933608,64,41.45436574505764,74.099,37.05,45.863,1.157796875,0.8637093617997543,27.74,0.399,8.911,65.7,4,Phi-3-mini-Q4,llama.cpp,finegrained_gpu_emc
2026-05-16T06:52:43.057044,GPU1020_EMC3199_CPU1036,1300,1036,3199,1020,3199,p512_o128,512,128,mixed,0,313.44076502136886,27.32898036502917,3620.738299097866,122,33.69478540616902,162.716,40.679,45.877,1.3337377049180328,0.7497726099461638,30.888,0.399,9.392,65.9,8,Phi-3-mini-Q4,llama.cpp,finegrained_gpu_emc
2026-05-16T06:52:43.897308,GPU1020_EMC3199_CPU1036,1300,1036,3199,1020,3199,p512_o128,512,128,mixed,1,29.96654878370464,29.96654878370464,29.96654878370464,0,0.0,7.25,14.5,14.5,0.0,0.0,8.785,0.399,5.316,65.5,1,Phi-3-mini-Q4,llama.cpp,finegrained_gpu_emc
2026-05-16T06:52:44.736762,GPU1020_EMC3199_CPU1036,1300,1036,3199,1020,3199,p512_o128,512,128,mixed,2,30.0185470841825,30.0185470841825,30.0185470841825,0,0.0,13.298,13.298,14.5,0.0,0.0,7.787,0.399,5.112,65.3,2,Phi-3-mini-Q4,llama.cpp,finegrained_gpu_emc
2026-05-16T06:52:49.106583,GPU1020_EMC3199_CPU1036,1300,1036,3199,1020,3199,p1024_o128,1024,128,mixed,0,336.8045168463141,25.36812992253172,3559.0651109814644,128,35.964500791249115,162.396,40.599,47.462,1.26871875,0.7881967536146212,30.683,0.399,9.517,65.5,8,Phi-3-mini-Q4,llama.cpp,finegrained_gpu_emc
2026-05-16T06:52:49.950370,GPU1020_EMC3199_CPU1036,1300,1036,3199,1020,3199,p1024_o128,1024,128,mixed,1,34.00399396196008,34.00399396196008,34.00399396196008,0,0.0,7.3,14.601,14.601,0.0,0.0,8.785,0.399,5.417,65.2,1,Phi-3-mini-Q4,llama.cpp,finegrained_gpu_emc
2026-05-16T06:52:50.794876,GPU1020_EMC3199_CPU1036,1300,1036,3199,1020,3199,p1024_o128,1024,128,mixed,2,35.103057976812124,35.103057976812124,35.103057976812124,0,0.0,13.398,13.398,14.601,0.0,0.0,7.787,0.399,5.212,64.9,2,Phi-3-mini-Q4,llama.cpp,finegrained_gpu_emc
2026-05-16T06:52:58.117990,GPU1020_EMC3199_CPU1036,1300,1036,3199,1020,3199,p128_o256,128,256,mixed,0,29.81165400706232,25.41404843476473,6511.346640996635,256,39.31598394534503,286.283,44.044,47.175,1.11829296875,0.8942200549805611,33.622,0.399,10.023,65.6,13,Phi-3-mini-Q4,llama.cpp,finegrained_gpu_emc
2026-05-16T06:53:05.424625,GPU1020_EMC3199_CPU1036,1300,1036,3199,1020,3199,p128_o256,128,256,mixed,1,29.327579075470567,25.35237208574864,6495.124184060842,256,39.41418096796807,288.579,44.397,46.776,1.12726171875,0.8871054373325848,33.921,0.399,10.077,66.0,13,Phi-3-mini-Q4,llama.cpp,finegrained_gpu_emc
2026-05-16T06:53:10.373066,GPU1020_EMC3199_CPU1036,1300,1036,3199,1020,3199,p128_o256,128,256,mixed,2,29.63022096082568,24.45094689202612,4137.567278929055,168,40.60356936201512,190.314,42.292,46.776,1.1328214285714284,0.8827516630410795,32.15,0.399,9.743,66.0,9,Phi-3-mini-Q4,llama.cpp,finegrained_gpu_emc
2026-05-16T06:53:25.418117,GPU1020_EMC3199_CPU1036,1300,1036,3199,1020,3199,p1024_o512,1024,512,mixed,0,557.815431850031,26.754164133301103,14231.111947912725,512,35.977511938207684,630.852,45.061,47.462,1.2321328125,0.8116008192095769,34.263,0.413,10.384,66.3,28,Phi-3-mini-Q4,llama.cpp,finegrained_gpu_emc
2026-05-16T06:53:39.953432,GPU1020_EMC3199_CPU1036,1300,1036,3199,1020,3199,p1024_o512,1024,512,mixed,1,34.352841787040234,26.781204599001374,13721.493466990069,512,37.31372253550413,611.152,45.27,47.361,1.19365625,0.8377621279158048,34.397,0.429,10.445,66.6,27,Phi-3-mini-Q4,llama.cpp,finegrained_gpu_emc
2026-05-16T06:53:51.957379,GPU1020_EMC3199_CPU1036,1300,1036,3199,1020,3199,p1024_o512,1024,512,mixed,2,34.35665206052363,26.43294746803912,11190.78267691657,422,37.70960550154075,498.79,45.344,47.077,1.1819668246445498,0.8460474347921971,34.451,0.417,10.476,66.7,22,Phi-3-mini-Q4,llama.cpp,finegrained_gpu_emc
2026-05-16T06:54:00.641904,GPU1122_EMC204_CPU1036,1122,1036,204,1122,204,p128_o64,128,64,mixed,0,26.195497950538996,24.16258052523647,1548.6930129118264,64,41.32516868508904,78.592,39.296,46.262,1.228,0.8143322475570033,29.635,0.399,9.262,65.7,4,Phi-3-mini-Q4,llama.cpp,finegrained_gpu_emc
2026-05-16T06:54:03.000517,GPU1122_EMC204_CPU1036,1122,1036,204,1122,204,p128_o64,128,64,mixed,1,26.271846843883395,24.15884839784768,1548.5338859725744,64,41.32941524867186,73.696,36.848,45.464,1.1515,0.8684324793747287,27.538,0.399,8.911,65.6,4,Phi-3-mini-Q4,llama.cpp,finegrained_gpu_emc
2026-05-16T06:54:05.358164,GPU1122_EMC204_CPU1036,1122,1036,204,1122,204,p128_o64,128,64,mixed,2,25.850693928077817,24.150972890238915,1547.6209269836545,64,41.35379593550556,73.706,36.853,45.877,1.15165625,0.8683146555232952,27.544,0.399,8.911,65.6,4,Phi-3-mini-Q4,llama.cpp,finegrained_gpu_emc
2026-05-16T06:54:07.092441,GPU1122_EMC204_CPU1036,1122,1036,204,1122,204,p512_o128,512,128,mixed,0,313.7770900502801,26.554402546025813,924.5463891420512,23,24.877064331345498,33.018,33.018,39.97,1.4355652173913045,0.6965897389302804,24.736,0.399,7.882,65.4,2,Phi-3-mini-Q4,llama.cpp,finegrained_gpu_emc
2026-05-16T06:54:11.324459,GPU1122_EMC204_CPU1036,1122,1036,204,1122,204,p512_o128,512,128,mixed,1,29.943197034299374,26.697329542504285,3421.003724914044,128,37.41591950567552,148.176,42.336,45.863,1.157625,0.8638375985314761,32.15,0.399,9.787,65.7,7,Phi-3-mini-Q4,llama.cpp,finegrained_gpu_emc
2026-05-16T06:54:15.554019,GPU1122_EMC204_CPU1036,1122,1036,204,1122,204,p512_o128,512,128,mixed,2,29.98894895426929,26.68201255861406,3419.0983639564365,128,37.43677027527333,148.375,42.393,45.863,1.1591796875,0.8626790227464195,32.207,0.399,9.787,65.8,7,Phi-3-mini-Q4,llama.cpp,finegrained_gpu_emc
2026-05-16T06:54:19.917893,GPU1122_EMC204_CPU1036,1122,1036,204,1122,204,p1024_o128,1024,128,mixed,0,335.9215990640223,25.31707141819725,3551.7046411987394,128,36.03903278308598,164.324,41.081,47.462,1.28378125,0.7789489058202088,31.077,0.449,9.555,65.9,8,Phi-3-mini-Q4,llama.cpp,finegrained_gpu_emc
2026-05-16T06:54:23.981844,GPU1122_EMC204_CPU1036,1122,1036,204,1122,204,p1024_o128,1024,128,mixed,1,33.86563411913812,25.3475685658916,3253.5087580326945,128,39.34214090679074,149.368,42.676,47.063,1.1669375,0.8569439237319908,32.275,0.399,10.003,66.0,7,Phi-3-mini-Q4,llama.cpp,finegrained_gpu_emc
2026-05-16T06:54:24.825138,GPU1122_EMC204_CPU1036,1122,1036,204,1122,204,p1024_o128,1024,128,mixed,2,33.9163460303098,33.9163460303098,33.9163460303098,0,0.0,7.3,14.601,14.601,0.0,0.0,8.785,0.399,5.417,65.6,1,Phi-3-mini-Q4,llama.cpp,finegrained_gpu_emc
2026-05-16T06:54:32.118668,GPU1122_EMC204_CPU1036,1122,1036,204,1122,204,p128_o256,128,256,mixed,0,29.7377600800246,25.30008552541189,6482.19533613883,256,39.49279321664015,287.362,44.209,46.862,1.1225078125,0.8908623965590439,33.733,0.399,10.077,66.0,13,Phi-3-mini-Q4,llama.cpp,finegrained_gpu_emc
2026-05-16T06:54:39.432331,GPU1122_EMC204_CPU1036,1122,1036,204,1122,204,p128_o256,128,256,mixed,1,29.47733597829938,25.37919030177827,6502.121092984453,256,39.3717675107919,289.422,44.526,47.261,1.1305546875,0.8845215636682767,33.919,0.491,10.116,66.2,13,Phi-3-mini-Q4,llama.cpp,finegrained_gpu_emc
2026-05-16T06:54:46.738456,GPU1122_EMC204_CPU1036,1122,1036,204,1122,204,p128_o256,128,256,mixed,2,29.440141981467605,25.34877645107461,6494.324653875083,256,39.419033332010585,289.04,44.468,46.776,1.1290625,0.8856905618599501,33.953,0.399,10.116,66.2,13,Phi-3-mini-Q4,llama.cpp,finegrained_gpu_emc
2026-05-16T06:54:59.993946,GPU1122_EMC204_CPU1036,1122,1036,204,1122,204,p1024_o512,1024,512,mixed,0,559.2666799202561,26.519871167880243,12441.9239689596,448,36.00729285259103,558.058,44.645,47.477,1.2456651785714286,0.8027839400205713,33.941,0.399,10.304,66.5,25,Phi-3-mini-Q4,llama.cpp,finegrained_gpu_emc
2026-05-16T06:55:14.530728,GPU1122_EMC204_CPU1036,1122,1036,204,1122,204,p1024_o512,1024,512,mixed,1,34.06152897514403,26.78450141894885,13722.85769903101,512,37.310013062086405,611.858,45.323,47.462,1.19503515625,0.8367954656145707,34.367,0.429,10.527,66.7,27,Phi-3-mini-Q4,llama.cpp,finegrained_gpu_emc
2026-05-16T06:55:27.717721,GPU1122_EMC204_CPU1036,1122,1036,204,1122,204,p1024_o512,1024,512,mixed,2,34.56889092922211,26.588180010884876,12373.252159915864,464,37.50024601479997,559.831,44.786,47.477,1.206532327586207,0.8288215550764427,33.975,0.415,10.396,66.9,25,Phi-3-mini-Q4,llama.cpp,finegrained_gpu_emc
2026-05-16T06:55:35.849549,GPU1122_EMC665_CPU1036,1300,1036,665,1122,665,p128_o64,128,64,mixed,0,25.72468714788556,24.17421449227111,1548.966980073601,64,41.31785946589963,79.398,39.699,46.362,1.24059375,0.8060656439708809,29.734,0.599,9.366,65.9,4,Phi-3-mini-Q4,llama.cpp,finegrained_gpu_emc
2026-05-16T06:55:38.204529,GPU1122_EMC665_CPU1036,1300,1036,665,1122,665,p128_o64,128,64,mixed,1,25.873640784993768,24.105085111740564,1544.7509589139372,64,41.43062649075568,73.945,36.972,45.863,1.155390625,0.8655081479477991,27.638,0.399,8.936,65.8,4,Phi-3-mini-Q4,llama.cpp,finegrained_gpu_emc
2026-05-16T06:55:40.559945,GPU1122_EMC665_CPU1036,1300,1036,665,1122,665,p128_o64,128,64,mixed,2,26.44646307453513,24.103060985604923,1545.1997180934995,64,41.4185941471466,74.099,37.05,45.863,1.157796875,0.8637093617997543,27.74,0.399,8.911,65.8,4,Phi-3-mini-Q4,llama.cpp,finegrained_gpu_emc
2026-05-16T06:55:44.997960,GPU1122_EMC665_CPU1036,1300,1036,665,1122,665,p512_o128,512,128,mixed,0,286.9006821420044,27.37402165552876,3627.018420957029,123,33.91215200047015,162.536,40.634,45.877,1.321430894308943,0.7567554264901314,30.831,0.399,9.404,65.9,8,Phi-3-mini-Q4,llama.cpp,finegrained_gpu_emc
2026-05-16T06:55:49.231026,GPU1122_EMC665_CPU1036,1300,1036,665,1122,665,p512_o128,512,128,mixed,1,30.199426924809813,26.705550614700424,3422.295165015385,128,37.401800203701775,148.288,42.368,45.863,1.1585,0.8631851532153646,32.211,0.399,9.759,66.0,7,Phi-3-mini-Q4,llama.cpp,finegrained_gpu_emc
2026-05-16T06:55:53.465116,GPU1122_EMC665_CPU1036,1300,1036,665,1122,665,p512_o128,512,128,mixed,2,30.101438984274864,26.715626826465837,3423.4773030038923,128,37.38888523890251,148.232,42.352,45.863,1.1580625,0.8635112526310108,32.209,0.399,9.744,66.0,7,Phi-3-mini-Q4,llama.cpp,finegrained_gpu_emc
2026-05-16T06:55:57.829076,GPU1122_EMC665_CPU1036,1300,1036,665,1122,665,p1024_o128,1024,128,mixed,0,336.83123579248786,25.32145977166929,3553.15754795447,128,36.024296213290285,163.96,40.99,47.477,1.2809375,0.780678214198585,31.036,0.399,9.555,66.0,8,Phi-3-mini-Q4,llama.cpp,finegrained_gpu_emc
2026-05-16T06:56:01.894602,GPU1122_EMC665_CPU1036,1300,1036,665,1122,665,p1024_o128,1024,128,mixed,1,33.89388509094715,25.359378614294247,3255.0360180903226,128,39.32368160862796,149.503,42.715,47.163,1.1679921875,0.8561701102987901,32.271,0.399,10.046,66.1,7,Phi-3-mini-Q4,llama.cpp,finegrained_gpu_emc
2026-05-16T06:56:05.959956,GPU1122_EMC665_CPU1036,1300,1036,665,1122,665,p1024_o128,1024,128,mixed,2,33.9580369181931,25.35773069216452,3254.921315005049,128,39.32506737103765,150.074,42.878,47.078,1.172453125,0.8529125631355198,32.334,0.513,10.031,66.0,7,Phi-3-mini-Q4,llama.cpp,finegrained_gpu_emc
2026-05-16T06:56:13.255656,GPU1122_EMC665_CPU1036,1300,1036,665,1122,665,p128_o256,128,256,mixed,0,29.995496850460768,25.302603114031108,6483.10071695596,256,39.48727795180712,289.146,44.484,46.877,1.1294765625,0.8853658705290752,33.961,0.399,10.124,66.3,13,Phi-3-mini-Q4,llama.cpp,finegrained_gpu_emc
2026-05-16T06:56:20.559095,GPU1122_EMC665_CPU1036,1300,1036,665,1122,665,p128_o256,128,256,mixed,1,29.70938105136156,25.33893971430028,6492.074418114498,256,39.43269647151556,289.238,44.498,46.877,1.1298359375,0.8850842558723266,33.96,0.43,10.108,66.4,13,Phi-3-mini-Q4,llama.cpp,finegrained_gpu_emc
2026-05-16T06:56:27.870147,GPU1122_EMC665_CPU1036,1300,1036,665,1122,665,p128_o256,128,256,mixed,2,29.694332042708997,25.36686487386332,6499.290458858013,256,39.38891508550637,288.987,44.46,46.776,1.12885546875,0.885852996847609,33.96,0.399,10.1,66.5,13,Phi-3-mini-Q4,llama.cpp,finegrained_gpu_emc
2026-05-16T06:56:40.844404,GPU1122_EMC665_CPU1036,1300,1036,665,1122,665,p1024_o512,1024,512,mixed,0,558.1453230697662,26.547132101050927,12160.904097137973,437,35.934828242157295,540.576,45.048,47.477,1.237016018306636,0.8083969691588232,34.23,0.432,10.386,66.6,24,Phi-3-mini-Q4,llama.cpp,finegrained_gpu_emc
2026-05-16T06:56:41.688303,GPU1122_EMC665_CPU1036,1300,1036,665,1122,665,p1024_o512,1024,512,mixed,1,34.4084701500833,34.4084701500833,34.4084701500833,0,0.0,7.25,14.5,14.5,0.0,0.0,8.785,0.399,5.316,65.9,1,Phi-3-mini-Q4,llama.cpp,finegrained_gpu_emc
2026-05-16T06:56:42.532576,GPU1122_EMC665_CPU1036,1300,1036,665,1122,665,p1024_o512,1024,512,mixed,2,35.18957598134875,35.18957598134875,35.18957598134875,0,0.0,6.048,12.095,12.095,0.0,0.0,6.789,0.399,4.907,65.3,1,Phi-3-mini-Q4,llama.cpp,finegrained_gpu_emc
2026-05-16T06:56:50.661802,GPU1122_EMC2133_CPU1036,1300,1036,2133,1122,2133,p128_o64,128,64,mixed,0,25.79461713321507,24.13016423538682,1546.2538399733603,64,41.39035800299298,78.817,39.408,46.276,1.231515625,0.8120075618204196,29.744,0.399,9.266,65.4,4,Phi-3-mini-Q4,llama.cpp,finegrained_gpu_emc
2026-05-16T06:56:53.018112,GPU1122_EMC2133_CPU1036,1300,1036,2133,1122,2133,p128_o64,128,64,mixed,1,25.85358894430101,24.12667336489355,1546.091446885839,64,41.394705422444304,73.895,36.948,45.863,1.154609375,0.8660937817173017,27.638,0.399,8.911,65.5,4,Phi-3-mini-Q4,llama.cpp,finegrained_gpu_emc
2026-05-16T06:56:55.374392,GPU1122_EMC2133_CPU1036,1300,1036,2133,1122,2133,p128_o64,128,64,mixed,2,26.0517920833081,24.12753056971327,1546.342438086867,64,41.38798653109509,74.056,37.028,45.776,1.157125,0.8642108674516582,27.743,0.399,8.886,65.4,4,Phi-3-mini-Q4,llama.cpp,finegrained_gpu_emc
2026-05-16T06:56:59.813098,GPU1122_EMC2133_CPU1036,1300,1036,2133,1122,2133,p512_o128,512,128,mixed,0,225.8047100622207,26.783947983214,3627.854894846678,128,35.282557795192524,162.815,40.704,45.877,1.2719921875,0.7861683505819489,30.938,0.399,9.366,65.6,8,Phi-3-mini-Q4,llama.cpp,finegrained_gpu_emc
2026-05-16T06:57:00.652641,GPU1122_EMC2133_CPU1036,1300,1036,2133,1122,2133,p512_o128,512,128,mixed,1,30.25785693898797,30.25785693898797,30.25785693898797,0,0.0,7.25,14.5,14.5,0.0,0.0,8.785,0.399,5.316,65.2,1,Phi-3-mini-Q4,llama.cpp,finegrained_gpu_emc
2026-05-16T06:57:04.885167,GPU1122_EMC2133_CPU1036,1300,1036,2133,1122,2133,p512_o128,512,128,mixed,2,30.15334694646299,26.703585590067224,3422.0081008970737,128,37.40493775173852,146.884,41.967,45.877,1.14753125,0.8714359630729012,31.867,0.399,9.701,65.5,7,Phi-3-mini-Q4,llama.cpp,finegrained_gpu_emc
2026-05-16T06:57:09.252547,GPU1122_EMC2133_CPU1036,1300,1036,2133,1122,2133,p1024_o128,1024,128,mixed,0,336.06500807218254,25.356651472631757,3556.863287929445,128,35.986764077882945,163.956,40.989,47.462,1.28090625,0.7806972602405524,31.035,0.399,9.555,65.7,8,Phi-3-mini-Q4,llama.cpp,finegrained_gpu_emc
2026-05-16T06:57:13.315712,GPU1122_EMC2133_CPU1036,1300,1036,2133,1122,2133,p1024_o128,1024,128,mixed,1,34.0553168207407,25.339610874652863,3252.704032929614,128,39.35187422653828,149.266,42.648,47.078,1.166140625,0.8575295110741897,32.275,0.399,9.974,65.7,7,Phi-3-mini-Q4,llama.cpp,finegrained_gpu_emc
2026-05-16T06:57:14.158887,GPU1122_EMC2133_CPU1036,1300,1036,2133,1122,2133,p1024_o128,1024,128,mixed,2,33.936594147235155,33.936594147235155,33.936594147235155,0,0.0,7.25,14.5,14.5,0.0,0.0,8.785,0.399,5.316,65.0,1,Phi-3-mini-Q4,llama.cpp,finegrained_gpu_emc
2026-05-16T06:57:21.457214,GPU1122_EMC2133_CPU1036,1300,1036,2133,1122,2133,p128_o256,128,256,mixed,0,29.454589821398255,25.319766620283616,6486.99512402527,256,39.46357213247733,287.192,44.183,46.962,1.12184375,0.891389732304521,33.676,0.399,10.108,65.8,13,Phi-3-mini-Q4,llama.cpp,finegrained_gpu_emc
2026-05-16T06:57:28.775178,GPU1122_EMC2133_CPU1036,1300,1036,2133,1122,2133,p128_o256,128,256,mixed,1,29.29007285274565,25.396149799994685,6506.291965954006,256,39.3465281514558,288.026,44.312,46.877,1.1251015625,0.8888086492191677,33.804,0.399,10.108,66.0,13,Phi-3-mini-Q4,llama.cpp,finegrained_gpu_emc
2026-05-16T06:57:36.115314,GPU1122_EMC2133_CPU1036,1300,1036,2133,1122,2133,p128_o256,128,256,mixed,2,30.06070596165955,25.48073115302067,6528.595804003999,256,39.21210742484544,285.008,43.847,46.376,1.1133125,0.898220400830854,33.341,0.43,10.077,66.1,13,Phi-3-mini-Q4,llama.cpp,finegrained_gpu_emc
2026-05-16T06:57:37.485471,GPU1122_EMC2133_CPU1036,1300,1036,2133,1122,2133,p1024_o512,1024,512,mixed,0,560.5275451671332,560.5275451671332,560.5275451671332,0,0.0,24.532,24.532,24.768,0.0,0.0,17.764,0.399,6.37,65.5,2,Phi-3-mini-Q4,llama.cpp,finegrained_gpu_emc
2026-05-16T06:57:51.787307,GPU1122_EMC2133_CPU1036,1300,1036,2133,1122,2133,p1024_o512,1024,512,mixed,1,34.1737421695143,26.797043155421488,13488.04046609439,502,37.21815642990576,599.6,44.415,46.678,1.1944223107569722,0.8372248165443629,33.619,0.399,10.397,66.2,27,Phi-3-mini-Q4,llama.cpp,finegrained_gpu_emc
2026-05-16T06:58:06.353192,GPU1122_EMC2133_CPU1036,1300,1036,2133,1122,2133,p1024_o512,1024,512,mixed,2,34.42197386175394,26.84099961677293,13752.108675893396,512,37.230654008537954,604.303,44.763,46.678,1.180279296875,0.8472570879178161,33.912,0.399,10.453,66.4,27,Phi-3-mini-Q4,llama.cpp,finegrained_gpu_emc
2026-05-16T06:58:14.475737,GPU1122_EMC3199_CPU1036,1300,1036,3199,1122,3199,p128_o64,128,64,mixed,0,25.73965582996607,24.12448722189145,1545.844041975215,64,41.40133044613185,78.66,39.33,46.376,1.2290625,0.813628273582507,29.644,0.399,9.287,65.5,4,Phi-3-mini-Q4,llama.cpp,finegrained_gpu_emc
2026-05-16T06:58:16.833622,GPU1122_EMC3199_CPU1036,1300,1036,3199,1122,3199,p128_o64,128,64,mixed,1,26.11353504471481,24.149766202927346,1547.8120970074087,64,41.348688334804805,73.907,36.954,45.877,1.154796875,0.8659531573463949,27.644,0.399,8.911,65.5,4,Phi-3-mini-Q4,llama.cpp,finegrained_gpu_emc
2026-05-16T06:58:19.190421,GPU1122_EMC3199_CPU1036,1300,1036,3199,1122,3199,p128_o64,128,64,mixed,2,25.878336979076263,24.13823584183341,1546.8461019918325,64,41.37451031333299,74.049,37.024,45.762,1.157015625,0.8642925630325865,27.74,0.399,8.886,65.6,4,Phi-3-mini-Q4,llama.cpp,finegrained_gpu_emc
2026-05-16T06:58:23.628881,GPU1122_EMC3199_CPU1036,1300,1036,3199,1122,3199,p512_o128,512,128,mixed,0,225.70029506459832,26.783109723230982,3627.646964043379,128,35.284580133820704,163.496,40.874,45.877,1.2773125,0.7828937711014337,30.934,0.549,9.391,65.7,8,Phi-3-mini-Q4,llama.cpp,finegrained_gpu_emc
2026-05-16T06:58:27.864863,GPU1122_EMC3199_CPU1036,1300,1036,3199,1122,3199,p512_o128,512,128,mixed,1,30.29497992247343,26.726745883017543,3425.093905068934,128,37.37123814636664,148.51,42.432,45.877,1.160234375,0.8618948218975153,32.217,0.399,9.816,65.8,7,Phi-3-mini-Q4,llama.cpp,finegrained_gpu_emc
2026-05-16T06:58:32.101261,GPU1122_EMC3199_CPU1036,1300,1036,3199,1122,3199,p512_o128,512,128,mixed,2,29.99213198199868,26.735108023084056,3425.840825075284,128,37.363090270601575,148.295,42.37,45.877,1.1585546875,0.8631444081054656,32.213,0.399,9.759,65.8,7,Phi-3-mini-Q4,llama.cpp,finegrained_gpu_emc
2026-05-16T06:58:36.465298,GPU1122_EMC3199_CPU1036,1300,1036,3199,1122,3199,p1024_o128,1024,128,mixed,0,336.5021429490298,25.325672306839053,3553.360211895779,128,36.022241587409965,163.732,40.933,47.462,1.27915625,0.7817653238218553,30.979,0.399,9.555,65.8,8,Phi-3-mini-Q4,llama.cpp,finegrained_gpu_emc
2026-05-16T06:58:37.308424,GPU1122_EMC3199_CPU1036,1300,1036,3199,1122,3199,p1024_o128,1024,128,mixed,1,33.911627950146794,33.911627950146794,33.911627950146794,0,0.0,7.25,14.5,14.5,0.0,0.0,8.785,0.399,5.316,65.4,1,Phi-3-mini-Q4,llama.cpp,finegrained_gpu_emc
2026-05-16T06:58:41.371635,GPU1122_EMC3199_CPU1036,1300,1036,3199,1122,3199,p1024_o128,1024,128,mixed,2,35.298191010952,25.32524614976206,3252.1080260630697,128,39.359086160171,148.069,42.305,47.078,1.1567890625,0.8644618387373455,31.933,0.456,9.917,65.7,7,Phi-3-mini-Q4,llama.cpp,finegrained_gpu_emc
2026-05-16T06:58:46.922518,GPU1122_EMC3199_CPU1036,1300,1036,3199,1122,3199,p128_o256,128,256,mixed,0,29.79599498212337,24.646606657801097,4739.712107926607,191,40.297806206536286,216.586,43.317,46.877,1.133958115183246,0.881866787326974,32.933,0.439,9.946,65.8,10,Phi-3-mini-Q4,llama.cpp,finegrained_gpu_emc
2026-05-16T06:58:54.231341,GPU1122_EMC3199_CPU1036,1300,1036,3199,1122,3199,p128_o256,128,256,mixed,1,29.30851187556982,25.361003322234637,6497.296116081998,256,39.40100549924962,288.141,44.329,46.877,1.12555078125,0.888453916658858,33.807,0.399,10.124,66.0,13,Phi-3-mini-Q4,llama.cpp,finegrained_gpu_emc
2026-05-16T06:59:01.551382,GPU1122_EMC3199_CPU1036,1300,1036,3199,1122,3199,p128_o256,128,256,mixed,2,29.68120109289885,25.403317705928988,6508.468028157949,256,39.33337290625887,288.764,44.425,47.276,1.127984375,0.8865371029629732,33.833,0.46,10.131,66.1,13,Phi-3-mini-Q4,llama.cpp,finegrained_gpu_emc
2026-05-16T06:59:16.678466,GPU1122_EMC3199_CPU1036,1300,1036,3199,1122,3199,p1024_o512,1024,512,mixed,0,558.4278621245176,26.910267802184983,14311.567466007546,512,35.7752567086791,626.547,44.753,47.462,1.223724609375,0.8171773226908755,33.81,0.556,10.388,66.4,28,Phi-3-mini-Q4,llama.cpp,finegrained_gpu_emc
2026-05-16T06:59:31.488493,GPU1122_EMC3199_CPU1036,1300,1036,3199,1122,3199,p1024_o512,1024,512,mixed,1,34.43618188612163,27.317670454159963,13995.775531046093,512,36.58246724979672,640.4,45.743,47.876,1.25078125,0.7995003123048096,33.368,1.782,10.592,66.9,28,Phi-3-mini-Q4,llama.cpp,finegrained_gpu_emc
2026-05-16T06:59:45.895338,GPU1122_EMC3199_CPU1036,1300,1036,3199,1122,3199,p1024_o512,1024,512,mixed,2,34.644898027181625,27.275622842529216,13592.412726022303,497,36.56451654447684,619.276,45.872,48.562,1.2460281690140844,0.8025500746032465,33.555,1.655,10.661,67.1,27,Phi-3-mini-Q4,llama.cpp,finegrained_gpu_emc
2026-05-16T06:59:54.619175,GPU1224_EMC204_CPU1036,1224,1036,204,1224,204,p128_o64,128,64,mixed,0,26.12417400814593,24.511969618735804,1570.6480129156262,64,40.74751279326772,81.116,40.558,46.775,1.2674375,0.7889935401153904,29.841,1.198,9.52,66.0,4,Phi-3-mini-Q4,llama.cpp,finegrained_gpu_emc
2026-05-16T06:59:56.999241,GPU1224_EMC204_CPU1036,1224,1036,204,1224,204,p128_o64,128,64,mixed,1,26.307432912290096,24.494046762969997,1569.7488519363103,64,40.770853197984486,76.706,38.353,46.463,1.19853125,0.8343545485359685,27.84,1.198,9.316,66.0,4,Phi-3-mini-Q4,llama.cpp,finegrained_gpu_emc
2026-05-16T06:59:59.365441,GPU1224_EMC204_CPU1036,1224,1036,204,1224,204,p128_o64,128,64,mixed,2,25.92660812661052,24.278258365238944,1555.7172310072929,64,41.13858143652584,76.261,38.13,46.775,1.191578125,0.8392231940310251,27.743,1.197,9.19,66.1,4,Phi-3-mini-Q4,llama.cpp,finegrained_gpu_emc
2026-05-16T07:00:03.818823,GPU1224_EMC204_CPU1036,1224,1036,204,1224,204,p512_o128,512,128,mixed,0,225.9777630679309,26.89863289853074,3642.5919060129672,128,35.13981343578605,167.42,41.855,47.276,1.30796875,0.7645442599450485,30.939,1.298,9.619,66.3,8,Phi-3-mini-Q4,llama.cpp,finegrained_gpu_emc
2026-05-16T07:00:08.068400,GPU1224_EMC204_CPU1036,1224,1036,204,1224,204,p512_o128,512,128,mixed,1,83.43305089510977,29.1696328609048,3438.4537779260427,116,33.736094038747616,154.247,44.071,47.375,1.3297155172413797,0.7520405583252834,32.329,1.596,10.146,66.4,7,Phi-3-mini-Q4,llama.cpp,finegrained_gpu_emc
2026-05-16T07:00:12.334735,GPU1224_EMC204_CPU1036,1224,1036,204,1224,204,p512_o128,512,128,mixed,2,30.146629083901644,26.966306243429152,3455.36853489466,128,37.04380551810002,153.506,43.859,47.375,1.199265625,0.8338436282620875,32.16,1.596,10.103,66.3,7,Phi-3-mini-Q4,llama.cpp,finegrained_gpu_emc
2026-05-16T07:00:16.736436,GPU1224_EMC204_CPU1036,1224,1036,204,1224,204,p1024_o128,1024,128,mixed,0,337.0335279032588,25.61541966081956,3590.734339784831,128,35.64730439168892,170.86,42.715,48.876,1.33484375,0.7491513519840804,31.185,1.597,9.933,66.5,8,Phi-3-mini-Q4,llama.cpp,finegrained_gpu_emc
2026-05-16T07:00:17.580434,GPU1224_EMC204_CPU1036,1224,1036,204,1224,204,p1024_o128,1024,128,mixed,1,34.32991588488221,34.32991588488221,34.32991588488221,0,0.0,8.45,16.901,16.901,0.0,0.0,9.185,1.597,6.119,65.8,1,Phi-3-mini-Q4,llama.cpp,finegrained_gpu_emc
2026-05-16T07:00:21.670734,GPU1224_EMC204_CPU1036,1224,1036,204,1224,204,p1024_o128,1024,128,mixed,2,35.35936400294304,25.540337424842622,3279.4955810531974,128,39.030392582170606,153.165,43.761,48.36,1.1966015625,0.835700062024614,32.047,1.539,10.175,66.3,7,Phi-3-mini-Q4,llama.cpp,finegrained_gpu_emc
2026-05-16T07:00:29.033547,GPU1224_EMC204_CPU1036,1224,1036,204,1224,204,p128_o256,128,256,mixed,0,29.7146609518677,25.570207568542923,6551.095295930281,256,39.077434907569454,297.91,45.832,48.276,1.1637109375,0.8593199288375684,33.865,1.535,10.433,66.5,13,Phi-3-mini-Q4,llama.cpp,finegrained_gpu_emc
2026-05-16T07:00:36.427472,GPU1224_EMC204_CPU1036,1224,1036,204,1224,204,p128_o256,128,256,mixed,1,29.579137917608023,25.69201915689251,6581.985279917717,256,38.89404018892007,297.013,45.694,48.561,1.16020703125,0.8619151350277598,33.862,1.228,10.604,66.6,13,Phi-3-mini-Q4,llama.cpp,finegrained_gpu_emc
2026-05-16T07:00:43.825070,GPU1224_EMC204_CPU1036,1224,1036,204,1224,204,p128_o256,128,256,mixed,2,29.8367899376899,25.706187948840213,6585.890021873638,256,38.870980102879074,296.698,45.646,48.063,1.1589765625,0.8628302179320387,33.891,1.197,10.558,66.7,13,Phi-3-mini-Q4,llama.cpp,finegrained_gpu_emc
2026-05-16T07:00:58.944183,GPU1224_EMC204_CPU1036,1224,1036,204,1224,204,p1024_o512,1024,512,mixed,0,559.7954480908811,26.894973874832058,14305.063659092411,512,35.79152195345658,636.365,45.455,48.062,1.242900390625,0.8045697044934904,34.208,0.784,10.463,66.9,28,Phi-3-mini-Q4,llama.cpp,finegrained_gpu_emc
2026-05-16T07:01:13.498134,GPU1224_EMC204_CPU1036,1224,1036,204,1224,204,p1024_o512,1024,512,mixed,1,34.00607802905142,26.81879466536241,13740.341271972284,512,37.262538816585575,611.996,45.333,47.577,1.1953046875,0.8366067752076811,34.4,0.443,10.49,67.0,27,Phi-3-mini-Q4,llama.cpp,finegrained_gpu_emc
2026-05-16T07:01:28.037083,GPU1224_EMC204_CPU1036,1224,1036,204,1224,204,p1024_o512,1024,512,mixed,2,34.15057505480945,26.788705722073463,13725.161388982087,512,37.30375078948138,612.228,45.35,47.163,1.1957578125,0.8362897482637188,34.413,0.399,10.538,67.1,27,Phi-3-mini-Q4,llama.cpp,finegrained_gpu_emc
2026-05-16T07:01:36.167977,GPU1224_EMC665_CPU1036,1300,1036,665,1224,665,p128_o64,128,64,mixed,0,25.7834738586098,24.105830982859647,1544.7175069712102,64,41.43152370007599,79.148,39.574,46.362,1.2366875,0.8086117147622176,29.834,0.399,9.341,66.1,4,Phi-3-mini-Q4,llama.cpp,finegrained_gpu_emc
2026-05-16T07:01:38.523173,GPU1224_EMC665_CPU1036,1300,1036,665,1224,665,p128_o64,128,64,mixed,1,26.07629797421396,24.10746674748167,1545.1024090871215,64,41.42120264883447,73.906,36.953,45.877,1.15478125,0.8659648742997862,27.644,0.399,8.911,66.1,4,Phi-3-mini-Q4,llama.cpp,finegrained_gpu_emc
2026-05-16T07:01:40.880325,GPU1224_EMC665_CPU1036,1300,1036,665,1224,665,p128_o64,128,64,mixed,2,26.1282951105386,24.13532803101199,1546.9085781369358,64,41.37283929027031,74.199,37.1,45.863,1.159359375,0.8625453173223359,27.74,0.399,8.961,66.0,4,Phi-3-mini-Q4,llama.cpp,finegrained_gpu_emc
2026-05-16T07:01:45.320463,GPU1224_EMC665_CPU1036,1300,1036,665,1224,665,p512_o128,512,128,mixed,0,313.1631100550294,30.142966981723227,3629.382810089737,111,30.58371238531752,162.856,40.714,45.977,1.467171171171171,0.6815837304121433,30.886,0.399,9.429,66.2,8,Phi-3-mini-Q4,llama.cpp,finegrained_gpu_emc
2026-05-16T07:01:49.555322,GPU1224_EMC665_CPU1036,1300,1036,665,1224,665,p512_o128,512,128,mixed,1,29.95523205026984,26.725172221029958,3424.548282986507,128,37.37719238356679,148.896,42.542,45.877,1.16325,0.8596604341285193,32.27,0.456,9.816,66.2,7,Phi-3-mini-Q4,llama.cpp,finegrained_gpu_emc
2026-05-16T07:01:53.823812,GPU1224_EMC665_CPU1036,1300,1036,665,1224,665,p512_o128,512,128,mixed,2,30.12335393577814,26.98715039396908,3458.028239896521,128,37.01531367593178,147.738,42.211,46.161,1.154203125,0.8663986245921834,31.982,0.513,9.716,66.3,7,Phi-3-mini-Q4,llama.cpp,finegrained_gpu_emc
2026-05-16T07:01:54.985806,GPU1224_EMC665_CPU1036,1300,1036,665,1224,665,p1024_o128,1024,128,mixed,0,352.5321129709482,352.5321129709482,352.5321129709482,0,0.0,11.988,23.977,23.977,0.0,0.0,16.759,0.798,6.42,66.0,1,Phi-3-mini-Q4,llama.cpp,finegrained_gpu_emc
2026-05-16T07:01:59.229176,GPU1224_EMC665_CPU1036,1300,1036,665,1224,665,p1024_o128,1024,128,mixed,1,34.648161148652434,26.75596972392124,3433.1550870556384,128,37.28348902227312,141.666,40.476,44.581,1.106765625,0.9035336636878292,29.704,0.798,9.974,66.0,7,Phi-3-mini-Q4,llama.cpp,finegrained_gpu_emc
2026-05-16T07:02:03.459166,GPU1224_EMC665_CPU1036,1300,1036,665,1224,665,p1024_o128,1024,128,mixed,2,34.59849418140948,26.648136070291475,3419.411442009732,128,37.43334260026018,142.578,40.737,44.182,1.113890625,0.8977542117297198,29.936,0.741,10.06,66.0,7,Phi-3-mini-Q4,llama.cpp,finegrained_gpu_emc
2026-05-16T07:02:10.961805,GPU1224_EMC665_CPU1036,1300,1036,665,1224,665,p128_o256,128,256,mixed,0,30.4055770393461,26.11607522795013,6690.971645992249,256,38.26051185754741,284.814,40.688,43.981,1.1125546875,0.898832220326248,30.394,0.399,9.895,66.1,14,Phi-3-mini-Q4,llama.cpp,finegrained_gpu_emc
2026-05-16T07:02:18.487199,GPU1224_EMC665_CPU1036,1300,1036,665,1224,665,p128_o256,128,256,mixed,1,30.41443577967584,26.20456043594316,6713.505705818534,256,38.13208943549823,284.396,40.628,43.881,1.110921875,0.9001533073601597,30.392,0.399,9.838,66.1,14,Phi-3-mini-Q4,llama.cpp,finegrained_gpu_emc
2026-05-16T07:02:26.016420,GPU1224_EMC665_CPU1036,1300,1036,665,1224,665,p128_o256,128,256,mixed,2,30.599576886743307,26.219613741462428,6717.549023916945,256,38.10913758701959,285.838,40.834,44.006,1.1165546875,0.8956121999174357,30.569,0.399,9.866,66.2,14,Phi-3-mini-Q4,llama.cpp,finegrained_gpu_emc
2026-05-16T07:02:40.106591,GPU1224_EMC665_CPU1036,1300,1036,665,1224,665,p1024_o512,1024,512,mixed,0,585.547287017107,27.406535019142577,13276.52299683541,463,34.873588522413634,547.983,42.153,44.283,1.183548596112311,0.8449167218691092,31.471,0.399,10.283,66.3,26,Phi-3-mini-Q4,llama.cpp,finegrained_gpu_emc
2026-05-16T07:02:40.950731,GPU1224_EMC665_CPU1036,1300,1036,665,1224,665,p1024_o512,1024,512,mixed,1,34.73484399728477,34.73484399728477,34.73484399728477,0,0.0,7.05,14.101,14.101,0.0,0.0,8.386,0.399,5.316,65.6,1,Phi-3-mini-Q4,llama.cpp,finegrained_gpu_emc
2026-05-16T07:02:41.796347,GPU1224_EMC665_CPU1036,1300,1036,665,1224,665,p1024_o512,1024,512,mixed,2,36.1564049962908,36.1564049962908,36.1564049962908,0,0.0,12.898,12.898,14.101,0.0,0.0,7.388,0.399,5.112,65.4,2,Phi-3-mini-Q4,llama.cpp,finegrained_gpu_emc
2026-05-16T07:02:49.934189,GPU1224_EMC2133_CPU1036,1224,1036,2133,1224,2133,p128_o64,128,64,mixed,0,26.036001974716783,24.163581205472823,1548.5991791356355,64,41.32767268785599,78.918,39.459,46.775,1.23309375,0.8109683468917103,29.644,0.499,9.316,65.4,4,Phi-3-mini-Q4,llama.cpp,finegrained_gpu_emc
2026-05-16T07:02:52.290916,GPU1224_EMC2133_CPU1036,1224,1036,2133,1224,2133,p128_o64,128,64,mixed,1,26.41999116167426,24.120737299589173,1546.2820820976049,64,41.38960202732284,73.607,36.804,45.776,1.150109375,0.8694825220427405,27.544,0.399,8.861,65.3,4,Phi-3-mini-Q4,llama.cpp,finegrained_gpu_emc
2026-05-16T07:02:54.648317,GPU1224_EMC2133_CPU1036,1224,1036,2133,1224,2133,p128_o64,128,64,mixed,2,25.993217015638947,24.14173574467737,1547.1806421410292,64,41.365564082701496,74.106,37.053,45.877,1.15790625,0.8636277764283594,27.743,0.399,8.911,65.4,4,Phi-3-mini-Q4,llama.cpp,finegrained_gpu_emc
2026-05-16T07:02:59.090254,GPU1224_EMC2133_CPU1036,1224,1036,2133,1224,2133,p512_o128,512,128,mixed,0,226.03099211119115,26.809296354387453,3631.30054413341,128,35.24907906804682,163.25,40.813,46.262,1.275390625,0.7840735068912711,30.985,0.449,9.379,65.5,8,Phi-3-mini-Q4,llama.cpp,finegrained_gpu_emc
2026-05-16T07:03:03.326349,GPU1224_EMC2133_CPU1036,1224,1036,2133,1224,2133,p512_o128,512,128,mixed,1,30.464259907603264,26.727968709558013,3425.4051039461046,128,37.367842960396885,148.41,42.403,45.877,1.159453125,0.8624755744222088,32.217,0.399,9.787,65.7,7,Phi-3-mini-Q4,llama.cpp,finegrained_gpu_emc
2026-05-16T07:03:07.563318,GPU1224_EMC2133_CPU1036,1224,1036,2133,1224,2133,p512_o128,512,128,mixed,2,30.171144986525174,26.738324629758875,3426.425144076348,128,37.35671862590905,148.146,42.327,45.877,1.157390625,0.8640125281816587,32.213,0.399,9.716,65.7,7,Phi-3-mini-Q4,llama.cpp,finegrained_gpu_emc
2026-05-16T07:03:11.933395,GPU1224_EMC2133_CPU1036,1224,1036,2133,1224,2133,p1024_o128,1024,128,mixed,0,336.703330045566,25.373444032642663,3559.633300174028,128,35.9587601323266,150.004,42.858,47.477,1.17190625,0.8533105783845765,32.614,0.399,9.845,65.7,7,Phi-3-mini-Q4,llama.cpp,finegrained_gpu_emc
2026-05-16T07:03:15.999863,GPU1224_EMC2133_CPU1036,1224,1036,2133,1224,2133,p1024_o128,1024,128,mixed,1,34.01593002490699,25.363206102578776,3255.639316048473,128,39.31639459231,149.518,42.719,47.078,1.168109375,0.8560842172848754,32.332,0.399,9.988,65.8,7,Phi-3-mini-Q4,llama.cpp,finegrained_gpu_emc
2026-05-16T07:03:20.064217,GPU1224_EMC2133_CPU1036,1224,1036,2133,1224,2133,p1024_o128,1024,128,mixed,2,34.350605914369226,25.34503921294424,3253.6996270064265,128,39.33983301272548,148.88,42.537,46.977,1.163125,0.8597528210639441,32.222,0.399,9.917,65.9,7,Phi-3-mini-Q4,llama.cpp,finegrained_gpu_emc
2026-05-16T07:03:27.361382,GPU1224_EMC2133_CPU1036,1224,1036,2133,1224,2133,p128_o256,128,256,mixed,0,29.725611209869385,25.31309580777352,6485.526327043772,256,39.47250956834674,289.474,44.535,47.276,1.1307578125,0.8843626716043583,33.989,0.399,10.147,66.0,13,Phi-3-mini-Q4,llama.cpp,finegrained_gpu_emc
2026-05-16T07:03:34.685859,GPU1224_EMC2133_CPU1036,1224,1036,2133,1224,2133,p128_o256,128,256,mixed,1,29.8575721681118,25.419586003922365,6512.798441108316,256,39.30721982491372,289.582,44.551,46.877,1.1311796875,0.8840328473454842,33.928,0.491,10.132,66.2,13,Phi-3-mini-Q4,llama.cpp,finegrained_gpu_emc
2026-05-16T07:03:41.994248,GPU1224_EMC2133_CPU1036,1224,1036,2133,1224,2133,p128_o256,128,256,mixed,2,29.299886897206303,25.35808178066623,6496.5652108658105,256,39.40543836484978,289.183,44.49,46.877,1.12962109375,0.8852525909199366,33.928,0.399,10.162,66.2,13,Phi-3-mini-Q4,llama.cpp,finegrained_gpu_emc
2026-05-16T07:03:43.362680,GPU1224_EMC2133_CPU1036,1224,1036,2133,1224,2133,p1024_o512,1024,512,mixed,0,558.3925500977784,558.3925500977784,558.3925500977784,0,0.0,24.786,24.786,24.797,0.0,0.0,17.967,0.399,6.42,65.7,2,Phi-3-mini-Q4,llama.cpp,finegrained_gpu_emc
2026-05-16T07:03:57.890807,GPU1224_EMC2133_CPU1036,1224,1036,2133,1224,2133,p1024_o512,1024,512,mixed,1,33.92493678256869,26.76795399246588,13714.29762779735,512,37.333300902135385,610.352,45.211,47.078,1.19209375,0.8388601987050096,34.371,0.399,10.441,66.3,27,Phi-3-mini-Q4,llama.cpp,finegrained_gpu_emc
2026-05-16T07:04:06.554323,GPU1224_EMC2133_CPU1036,1224,1036,2133,1224,2133,p1024_o512,1024,512,mixed,2,34.496111096814275,25.966493083008874,7851.12577304244,301,38.33845090515695,357.527,44.691,46.977,1.187797342192691,0.8418944583206304,33.932,0.474,10.285,66.4,16,Phi-3-mini-Q4,llama.cpp,finegrained_gpu_emc
2026-05-16T07:04:14.682917,GPU1224_EMC3199_CPU1036,1300,1036,3199,1224,3199,p128_o64,128,64,mixed,0,26.04527212679386,24.154388301429293,1548.0302241630852,64,41.342862045604086,78.61,39.305,46.276,1.22828125,0.8141457829792648,29.644,0.399,9.262,65.6,4,Phi-3-mini-Q4,llama.cpp,finegrained_gpu_emc
2026-05-16T07:04:17.038675,GPU1224_EMC3199_CPU1036,1300,1036,3199,1224,3199,p128_o64,128,64,mixed,1,26.150773046538237,24.11726784212367,1545.7995350006968,64,41.40252248165617,74.106,37.053,45.877,1.15790625,0.8636277764283594,27.743,0.399,8.911,65.5,4,Phi-3-mini-Q4,llama.cpp,finegrained_gpu_emc
2026-05-16T07:04:19.393736,GPU1224_EMC3199_CPU1036,1300,1036,3199,1224,3199,p128_o64,128,64,mixed,2,26.025366969406605,24.100612682689512,1544.6299421600995,64,41.43387244617225,74.057,37.028,45.977,1.157140625,0.8641991979151195,27.644,0.399,8.986,65.6,4,Phi-3-mini-Q4,llama.cpp,finegrained_gpu_emc
2026-05-16T07:04:20.429517,GPU1224_EMC3199_CPU1036,1300,1036,3199,1224,3199,p512_o128,512,128,mixed,0,226.01921809837225,226.01921809837225,226.01921809837225,0,0.0,12.786,25.573,25.573,0.0,0.0,18.754,0.399,6.42,65.3,1,Phi-3-mini-Q4,llama.cpp,finegrained_gpu_emc
2026-05-16T07:04:24.673917,GPU1224_EMC3199_CPU1036,1300,1036,3199,1224,3199,p512_o128,512,128,mixed,1,64.71084803342819,26.735210794925926,3433.8488010689616,127,36.98473851279204,146.963,41.989,45.877,1.1571889763779528,0.8641630886685765,31.875,0.399,9.716,65.5,7,Phi-3-mini-Q4,llama.cpp,finegrained_gpu_emc
2026-05-16T07:04:28.909902,GPU1224_EMC3199_CPU1036,1300,1036,3199,1224,3199,p512_o128,512,128,mixed,2,109.64263905771077,26.73756535495481,3425.603257026524,125,36.48992326931109,148.552,42.444,45.877,1.188416,0.8414561904249017,32.272,0.399,9.773,65.7,7,Phi-3-mini-Q4,llama.cpp,finegrained_gpu_emc
2026-05-16T07:04:30.055310,GPU1224_EMC3199_CPU1036,1300,1036,3199,1224,3199,p1024_o128,1024,128,mixed,0,336.0040090046823,336.0040090046823,336.0040090046823,0,0.0,12.587,25.174,25.174,0.0,0.0,18.355,0.399,6.42,65.3,1,Phi-3-mini-Q4,llama.cpp,finegrained_gpu_emc
2026-05-16T07:04:34.116786,GPU1224_EMC3199_CPU1036,1300,1036,3199,1224,3199,p1024_o128,1024,128,mixed,1,33.970636082813144,25.324684164420827,3250.719079049304,128,39.37590326551211,147.831,42.237,46.977,1.1549296875,0.8658535760429139,31.994,0.399,9.845,65.5,7,Phi-3-mini-Q4,llama.cpp,finegrained_gpu_emc
2026-05-16T07:04:38.180606,GPU1224_EMC3199_CPU1036,1300,1036,3199,1224,3199,p1024_o128,1024,128,mixed,2,33.99780089966953,25.343751400987816,3253.1531900167465,128,39.34644098310695,149.231,42.637,47.078,1.1658671875,0.8577306323753108,32.279,0.399,9.96,65.8,7,Phi-3-mini-Q4,llama.cpp,finegrained_gpu_emc
2026-05-16T07:04:45.475010,GPU1224_EMC3199_CPU1036,1300,1036,3199,1224,3199,p128_o256,128,256,mixed,0,29.765472980216146,25.30111687111796,6482.494920026511,256,39.49096808531753,288.889,44.444,46.877,1.12847265625,0.8861535053255748,33.929,0.399,10.116,65.9,13,Phi-3-mini-Q4,llama.cpp,finegrained_gpu_emc
2026-05-16T07:04:51.368433,GPU1224_EMC3199_CPU1036,1300,1036,3199,1224,3199,p128_o256,128,256,mixed,1,29.376937076449394,24.87989149452879,5082.354224985465,203,39.94211954019804,220.872,44.174,46.776,1.0880394088669951,0.9190843565504002,33.689,0.439,10.046,66.0,10,Phi-3-mini-Q4,llama.cpp,finegrained_gpu_emc
2026-05-16T07:04:58.684590,GPU1224_EMC3199_CPU1036,1300,1036,3199,1224,3199,p128_o256,128,256,mixed,2,29.328678967431188,25.38990466307629,6504.709667991847,256,39.35609935977866,289.589,44.552,46.877,1.13120703125,0.884011478336539,33.991,0.43,10.132,66.1,13,Phi-3-mini-Q4,llama.cpp,finegrained_gpu_emc
2026-05-16T07:05:00.052860,GPU1224_EMC3199_CPU1036,1300,1036,3199,1224,3199,p1024_o512,1024,512,mixed,0,558.6809359956533,558.6809359956533,558.6809359956533,0,0.0,24.786,24.786,24.797,0.0,0.0,17.967,0.399,6.42,65.5,2,Phi-3-mini-Q4,llama.cpp,finegrained_gpu_emc
2026-05-16T07:05:12.480928,GPU1224_EMC3199_CPU1036,1300,1036,3199,1224,3199,p1024_o512,1024,512,mixed,1,33.67280401289463,26.55884694447205,11614.978104829788,436,37.53773757168777,522.585,45.442,47.477,1.1985894495412843,0.8343140350373622,34.347,0.624,10.471,66.2,23,Phi-3-mini-Q4,llama.cpp,finegrained_gpu_emc
2026-05-16T07:05:13.324260,GPU1224_EMC3199_CPU1036,1300,1036,3199,1224,3199,p1024_o512,1024,512,mixed,2,33.885303884744644,33.885303884744644,33.885303884744644,0,0.0,7.3,14.601,14.601,0.0,0.0,8.785,0.399,5.417,65.6,1,Phi-3-mini-Q4,llama.cpp,finegrained_gpu_emc
2026-05-16T07:05:22.002820,GPU1300_EMC204_CPU1036,1300,1036,204,1300,204,p128_o64,128,64,mixed,0,25.848770048469305,24.102178317243386,1544.5456760935483,64,41.43613296167987,78.86,39.43,46.376,1.2321875,0.8115647983768705,29.744,0.399,9.287,65.2,4,Phi-3-mini-Q4,llama.cpp,finegrained_gpu_emc
2026-05-16T07:05:24.359066,GPU1300_EMC204_CPU1036,1300,1036,204,1300,204,p128_o64,128,64,mixed,1,25.90137510560453,24.12810995213924,1546.2291580624878,64,41.39101870268415,73.856,36.928,45.776,1.154,0.8665511265164645,27.644,0.399,8.886,65.2,4,Phi-3-mini-Q4,llama.cpp,finegrained_gpu_emc
2026-05-16T07:05:26.716089,GPU1300_EMC204_CPU1036,1300,1036,204,1300,204,p128_o64,128,64,mixed,2,26.50218899361789,24.123036986335165,1546.513671055436,64,41.38340397361147,73.756,36.878,45.776,1.1524375,0.8677260155106026,27.644,0.399,8.836,65.2,4,Phi-3-mini-Q4,llama.cpp,finegrained_gpu_emc
2026-05-16T07:05:31.154580,GPU1300_EMC204_CPU1036,1300,1036,204,1300,204,p512_o128,512,128,mixed,0,225.62087420374155,26.784542574011905,3627.7447431348255,128,35.28362910379189,162.47,40.618,45.776,1.269296875,0.7878377546623992,30.89,0.399,9.328,65.4,8,Phi-3-mini-Q4,llama.cpp,finegrained_gpu_emc
2026-05-16T07:05:35.386501,GPU1300_EMC204_CPU1036,1300,1036,204,1300,204,p512_o128,512,128,mixed,1,30.009153066203,26.699279086649653,3421.307598007843,128,37.412596305147126,148.452,42.415,45.877,1.15978125,0.8622315630641554,32.272,0.399,9.744,65.5,7,Phi-3-mini-Q4,llama.cpp,finegrained_gpu_emc
2026-05-16T07:05:39.623656,GPU1300_EMC204_CPU1036,1300,1036,204,1300,204,p512_o128,512,128,mixed,2,30.333174159750342,26.731138148777717,3425.679352134466,128,37.36485141852111,148.853,42.529,45.877,1.1629140625,0.8599087690540331,32.272,0.456,9.802,65.5,7,Phi-3-mini-Q4,llama.cpp,finegrained_gpu_emc
2026-05-16T07:05:43.988533,GPU1300_EMC204_CPU1036,1300,1036,204,1300,204,p1024_o128,1024,128,mixed,0,336.2860959023237,25.334066322704,3554.212471935898,128,36.013603860402114,164.218,41.055,47.477,1.282953125,0.7794517044416569,31.088,0.399,9.568,65.5,8,Phi-3-mini-Q4,llama.cpp,finegrained_gpu_emc
2026-05-16T07:05:48.056231,GPU1300_EMC204_CPU1036,1300,1036,204,1300,204,p1024_o128,1024,128,mixed,1,33.810281893238425,25.37655579586198,3257.12962099351,128,39.29840531214617,149.781,42.795,47.477,1.1701640625,0.8545810216249057,32.279,0.513,10.003,65.7,7,Phi-3-mini-Q4,llama.cpp,finegrained_gpu_emc
2026-05-16T07:05:52.119416,GPU1300_EMC204_CPU1036,1300,1036,204,1300,204,p1024_o128,1024,128,mixed,2,33.993026008829474,25.34108906324337,3252.808729885146,128,39.35060762226852,149.124,42.607,46.977,1.16503125,0.8583460744078754,32.277,0.399,9.931,65.7,7,Phi-3-mini-Q4,llama.cpp,finegrained_gpu_emc
2026-05-16T07:05:59.413610,GPU1300_EMC204_CPU1036,1300,1036,204,1300,204,p128_o256,128,256,mixed,0,29.972248943522573,25.30121036038241,6482.747037895024,256,39.489432258199656,289.038,44.467,46.877,1.1290546875,0.8856966904005701,33.96,0.399,10.108,65.8,13,Phi-3-mini-Q4,llama.cpp,finegrained_gpu_emc
2026-05-16T07:06:06.722170,GPU1300_EMC204_CPU1036,1300,1036,204,1300,204,p128_o256,128,256,mixed,1,29.66246497817337,25.35829756901983,6496.970748063177,256,39.40297869992975,288.839,44.437,46.877,1.12827734375,0.8863069045385146,33.929,0.399,10.108,65.9,13,Phi-3-mini-Q4,llama.cpp,finegrained_gpu_emc
2026-05-16T07:06:14.027758,GPU1300_EMC204_CPU1036,1300,1036,204,1300,204,p128_o256,128,256,mixed,2,29.619773849844933,25.347475835359564,6494.170754915103,256,39.41996748487816,288.588,44.398,46.776,1.127296875,0.8870777717715219,33.899,0.399,10.1,66.1,13,Phi-3-mini-Q4,llama.cpp,finegrained_gpu_emc
2026-05-16T07:06:29.052674,GPU1300_EMC204_CPU1036,1300,1036,204,1300,204,p1024_o512,1024,512,mixed,0,557.8451508190483,26.767246734830305,14210.89619398117,510,35.8879547805017,630.395,45.028,47.477,1.2360686274509805,0.809016568976594,34.216,0.399,10.413,66.3,28,Phi-3-mini-Q4,llama.cpp,finegrained_gpu_emc
2026-05-16T07:06:43.578604,GPU1300_EMC204_CPU1036,1300,1036,204,1300,204,p1024_o512,1024,512,mixed,1,34.22128898091614,26.762691319149184,13711.8782219477,512,37.33988821316071,611.694,45.311,47.078,1.19471484375,0.8370198170980916,34.463,0.399,10.449,66.5,27,Phi-3-mini-Q4,llama.cpp,finegrained_gpu_emc
2026-05-16T07:06:44.422397,GPU1300_EMC204_CPU1036,1300,1036,204,1300,204,p1024_o512,1024,512,mixed,2,34.21606682240963,34.21606682240963,34.21606682240963,0,0.0,7.25,14.5,14.5,0.0,0.0,8.785,0.399,5.316,65.8,1,Phi-3-mini-Q4,llama.cpp,finegrained_gpu_emc
2026-05-16T07:06:52.556337,GPU1300_EMC665_CPU1036,1300,1036,665,1300,665,p128_o64,128,64,mixed,0,25.75696399435401,24.107158967545107,1544.7668829001486,64,41.43019940966514,78.541,39.27,46.262,1.227203125,0.8148610279981157,29.634,0.399,9.237,65.5,4,Phi-3-mini-Q4,llama.cpp,finegrained_gpu_emc
2026-05-16T07:06:54.913134,GPU1300_EMC665_CPU1036,1300,1036,665,1300,665,p128_o64,128,64,mixed,1,26.131449034437537,24.134578822653683,1546.8692670110613,64,41.37389071260303,73.998,36.999,45.762,1.15621875,0.8648882402227087,27.74,0.399,8.861,65.5,4,Phi-3-mini-Q4,llama.cpp,finegrained_gpu_emc
2026-05-16T07:06:57.269003,GPU1300_EMC665_CPU1036,1300,1036,665,1300,665,p128_o64,128,64,mixed,2,25.930558098480105,24.11977071241136,1545.7327130716294,64,41.4043123101285,74.099,37.05,45.863,1.157796875,0.8637093617997543,27.74,0.399,8.911,65.5,4,Phi-3-mini-Q4,llama.cpp,finegrained_gpu_emc
2026-05-16T07:06:58.303758,GPU1300_EMC665_CPU1036,1300,1036,665,1300,665,p512_o128,512,128,mixed,0,225.53148097358644,225.53148097358644,225.53148097358644,0,0.0,13.036,26.072,26.072,0.0,0.0,19.153,0.399,6.52,65.1,1,Phi-3-mini-Q4,llama.cpp,finegrained_gpu_emc
2026-05-16T07:07:02.544540,GPU1300_EMC665_CPU1036,1300,1036,665,1300,665,p512_o128,512,128,mixed,1,90.98105411976576,29.03523881636236,3430.52022298798,116,33.81411344631693,146.954,41.987,45.776,1.266844827586207,0.7893626577024102,31.93,0.399,9.658,65.4,7,Phi-3-mini-Q4,llama.cpp,finegrained_gpu_emc
2026-05-16T07:07:06.774981,GPU1300_EMC665_CPU1036,1300,1036,665,1300,665,p512_o128,512,128,mixed,2,29.917983803898096,26.688634245619763,3419.8626449797302,128,37.42840379507659,148.759,42.503,45.877,1.1621796875,0.8604521407108142,32.331,0.399,9.773,65.6,7,Phi-3-mini-Q4,llama.cpp,finegrained_gpu_emc
2026-05-16T07:07:11.147274,GPU1300_EMC665_CPU1036,1300,1036,665,1300,665,p1024_o128,1024,128,mixed,0,336.317545035854,25.391515850375487,3561.5485860034823,128,35.93942267221252,163.318,40.83,46.977,1.275921875,0.7837470456410193,30.888,0.399,9.542,65.6,8,Phi-3-mini-Q4,llama.cpp,finegrained_gpu_emc
2026-05-16T07:07:15.222766,GPU1300_EMC665_CPU1036,1300,1036,665,1300,665,p1024_o128,1024,128,mixed,1,33.80221198312938,25.437593661747343,3264.8765600752085,128,39.205157574794015,148.676,42.479,46.976,1.16153125,0.860932497511367,32.049,0.456,9.974,65.8,7,Phi-3-mini-Q4,llama.cpp,finegrained_gpu_emc
2026-05-16T07:07:19.294074,GPU1300_EMC665_CPU1036,1300,1036,665,1300,665,p1024_o128,1024,128,mixed,2,33.92662201076746,25.403200047398645,3260.630804114044,128,39.25620767567375,148.375,42.393,46.577,1.1591796875,0.8626790227464195,32.049,0.399,9.945,65.7,7,Phi-3-mini-Q4,llama.cpp,finegrained_gpu_emc
2026-05-16T07:07:26.606134,GPU1300_EMC665_CPU1036,1300,1036,665,1300,665,p128_o256,128,256,mixed,0,29.714080039411783,25.37168712154323,6500.420187134296,256,39.38206956323809,285.894,43.984,46.477,1.1167734375,0.8954367702714993,33.469,0.399,10.116,65.9,13,Phi-3-mini-Q4,llama.cpp,finegrained_gpu_emc
2026-05-16T07:07:33.930688,GPU1300_EMC665_CPU1036,1300,1036,665,1300,665,p128_o256,128,256,mixed,1,29.41603888757527,25.422830874209893,6513.17996182479,256,39.304917336918905,286.043,44.007,46.477,1.11735546875,0.8949703366277098,33.499,0.399,10.108,66.0,13,Phi-3-mini-Q4,llama.cpp,finegrained_gpu_emc
2026-05-16T07:07:41.237960,GPU1300_EMC665_CPU1036,1300,1036,665,1300,665,p128_o256,128,256,mixed,2,29.38890107907355,25.354701615687382,6495.7801511045545,256,39.41020078342234,289.124,44.481,47.276,1.129390625,0.8854332397172147,33.927,0.43,10.124,66.0,13,Phi-3-mini-Q4,llama.cpp,finegrained_gpu_emc
2026-05-16T07:07:54.819165,GPU1300_EMC665_CPU1036,1300,1036,665,1300,665,p1024_o512,1024,512,mixed,0,558.4883019328117,26.595637006542795,12767.566884867849,459,35.9504676293498,563.216,45.057,47.577,1.227050108932462,0.81496264310673,34.266,0.399,10.393,66.3,25,Phi-3-mini-Q4,llama.cpp,finegrained_gpu_emc
2026-05-16T07:08:08.372382,GPU1300_EMC665_CPU1036,1300,1036,665,1300,665,p1024_o512,1024,512,mixed,1,34.28841894492507,26.687992246527426,12739.563766866922,476,37.3639167487023,561.874,44.95,47.078,1.1804075630252102,0.8471650227631106,34.09,0.399,10.461,66.5,25,Phi-3-mini-Q4,llama.cpp,finegrained_gpu_emc
2026-05-16T07:08:19.313543,GPU1300_EMC665_CPU1036,1300,1036,665,1300,665,p1024_o512,1024,512,mixed,2,34.27539090625942,26.28190941773063,10128.21748596616,384,37.91387779064552,452.656,45.266,47.078,1.178791666666667,0.8483263228588597,34.388,0.399,10.479,66.6,20,Phi-3-mini-Q4,llama.cpp,finegrained_gpu_emc
2026-05-16T07:08:27.440960,GPU1300_EMC2133_CPU1036,1300,1036,2133,1300,2133,p128_o64,128,64,mixed,0,25.750760920345783,24.10836185934761,1544.8344780597836,64,41.42838660642792,79.154,39.577,46.376,1.23678125,0.8085504206988908,29.84,0.399,9.338,65.7,4,Phi-3-mini-Q4,llama.cpp,finegrained_gpu_emc
2026-05-16T07:08:29.798522,GPU1300_EMC2133_CPU1036,1300,1036,2133,1300,2133,p128_o64,128,64,mixed,1,26.40990703366697,24.14016212735857,1547.5016490090638,64,41.35698339383492,74.394,37.197,45.863,1.16240625,0.8602844315401779,27.738,0.499,8.961,65.6,4,Phi-3-mini-Q4,llama.cpp,finegrained_gpu_emc
2026-05-16T07:08:32.163115,GPU1300_EMC2133_CPU1036,1300,1036,2133,1300,2133,p128_o64,128,64,mixed,2,25.919457897543907,24.25263793621626,1554.0933029260486,64,41.18156862236053,74.598,37.299,46.262,1.16559375,0.8579318480388214,27.74,0.598,8.961,65.6,4,Phi-3-mini-Q4,llama.cpp,finegrained_gpu_emc
2026-05-16T07:08:36.603763,GPU1300_EMC2133_CPU1036,1300,1036,2133,1300,2133,p512_o128,512,128,mixed,0,287.732956930995,26.73129812069237,3629.630518844351,126,34.714277209713764,162.588,40.647,45.877,1.2903809523809524,0.7749649420621448,30.831,0.399,9.417,65.8,8,Phi-3-mini-Q4,llama.cpp,finegrained_gpu_emc
2026-05-16T07:08:40.834653,GPU1300_EMC2133_CPU1036,1300,1036,2133,1300,2133,p512_o128,512,128,mixed,1,30.37966601550579,26.689011526594715,3420.3679219353944,128,37.42287465015517,148.396,42.399,45.877,1.15934375,0.8625569422356398,32.213,0.399,9.787,65.9,7,Phi-3-mini-Q4,llama.cpp,finegrained_gpu_emc
2026-05-16T07:08:45.065606,GPU1300_EMC2133_CPU1036,1300,1036,2133,1300,2133,p512_o128,512,128,mixed,2,30.03449086099863,26.692566804690507,3420.4789069481194,128,37.42166038211487,148.752,42.501,45.877,1.162125,0.8604926320318381,32.329,0.399,9.773,65.9,7,Phi-3-mini-Q4,llama.cpp,finegrained_gpu_emc
2026-05-16T07:08:49.425568,GPU1300_EMC2133_CPU1036,1300,1036,2133,1300,2133,p1024_o128,1024,128,mixed,0,335.7291021384299,25.29679650374813,3548.9264661446214,128,36.06724490379562,164.16,41.04,47.477,1.2825,0.7797270955165693,31.086,0.399,9.555,65.9,8,Phi-3-mini-Q4,llama.cpp,finegrained_gpu_emc
2026-05-16T07:08:53.486303,GPU1300_EMC2133_CPU1036,1300,1036,2133,1300,2133,p1024_o128,1024,128,mixed,1,33.934170845896006,25.32343046490367,3250.5075519438838,128,39.37846565637199,149.282,42.652,47.078,1.166265625,0.8574376013183103,32.279,0.399,9.974,66.0,7,Phi-3-mini-Q4,llama.cpp,finegrained_gpu_emc
2026-05-16T07:08:57.551004,GPU1300_EMC2133_CPU1036,1300,1036,2133,1300,2133,p1024_o128,1024,128,mixed,2,33.87890802696347,25.35423940032955,3254.381407983601,128,39.33159146189573,149.123,42.607,46.977,1.1650234375,0.8583518303682196,32.277,0.399,9.931,66.0,7,Phi-3-mini-Q4,llama.cpp,finegrained_gpu_emc
2026-05-16T07:09:03.075653,GPU1300_EMC2133_CPU1036,1300,1036,2133,1300,2133,p128_o256,128,256,mixed,0,29.921018052846197,24.63386645515957,4712.753063999116,190,40.31613738717111,215.272,43.054,46.877,1.1330105263157897,0.8826043331227471,32.771,0.399,9.884,66.1,10,Phi-3-mini-Q4,llama.cpp,finegrained_gpu_emc
2026-05-16T07:09:10.386953,GPU1300_EMC2133_CPU1036,1300,1036,2133,1300,2133,p128_o256,128,256,mixed,1,29.63132900185883,25.36928121950112,6499.801687896252,256,39.385817028343496,289.326,44.512,46.877,1.1301796875,0.8848150529160876,33.958,0.399,10.155,66.2,13,Phi-3-mini-Q4,llama.cpp,finegrained_gpu_emc
2026-05-16T07:09:17.696202,GPU1300_EMC2133_CPU1036,1300,1036,2133,1300,2133,p128_o256,128,256,mixed,2,29.42663081921637,25.362091968931697,6497.716916026548,256,39.39845384285345,289.338,44.514,46.877,1.1302265625,0.8847783561094636,33.96,0.43,10.124,66.3,13,Phi-3-mini-Q4,llama.cpp,finegrained_gpu_emc
2026-05-16T07:09:19.064169,GPU1300_EMC2133_CPU1036,1300,1036,2133,1300,2133,p1024_o512,1024,512,mixed,0,558.2115249708295,558.2115249708295,558.2115249708295,0,0.0,24.732,24.732,24.768,0.0,0.0,17.964,0.399,6.37,65.7,2,Phi-3-mini-Q4,llama.cpp,finegrained_gpu_emc
2026-05-16T07:09:33.586962,GPU1300_EMC2133_CPU1036,1300,1036,2133,1300,2133,p1024_o512,1024,512,mixed,1,33.94116903655231,26.7574985929876,13708.956837886944,512,37.34784535793448,611.69,45.31,47.477,1.19470703125,0.8370252905883698,34.403,0.429,10.479,66.4,27,Phi-3-mini-Q4,llama.cpp,finegrained_gpu_emc
2026-05-16T07:09:44.003758,GPU1300_EMC2133_CPU1036,1300,1036,2133,1300,2133,p1024_o512,1024,512,mixed,2,34.57986400462687,26.21331772252733,9604.307844070718,365,38.00377975445,431.049,45.374,47.078,1.1809561643835615,0.8467714807365289,34.431,0.462,10.48,66.6,19,Phi-3-mini-Q4,llama.cpp,finegrained_gpu_emc
2026-05-16T07:09:52.119774,GPU1300_EMC3199_CPU1036,1300,1036,3199,1300,3199,p128_o64,128,64,mixed,0,26.17011801339686,24.088175716026434,1544.0072261262685,64,41.45058320780559,79.142,39.571,46.362,1.23659375,0.8086730181193299,29.834,0.399,9.338,65.7,4,Phi-3-mini-Q4,llama.cpp,finegrained_gpu_emc
2026-05-16T07:09:54.477467,GPU1300_EMC3199_CPU1036,1300,1036,3199,1300,3199,p128_o64,128,64,mixed,1,26.508633978664875,24.141166000700892,1547.659971984103,64,41.35275264498304,74.106,37.053,45.877,1.15790625,0.8636277764283594,27.743,0.399,8.911,65.7,4,Phi-3-mini-Q4,llama.cpp,finegrained_gpu_emc
2026-05-16T07:09:56.834327,GPU1300_EMC3199_CPU1036,1300,1036,3199,1300,3199,p128_o64,128,64,mixed,2,26.073160115629435,24.136349906228364,1546.92223505117,64,41.37247403253142,73.757,36.878,45.977,1.152453125,0.8677142508507667,27.544,0.399,8.936,65.7,4,Phi-3-mini-Q4,llama.cpp,finegrained_gpu_emc
2026-05-16T07:10:01.274005,GPU1300_EMC3199_CPU1036,1300,1036,3199,1300,3199,p512_o128,512,128,mixed,0,225.64858803525567,26.79572514932984,3629.194658016786,128,35.269532792144865,162.692,40.673,45.877,1.27103125,0.7867627172817347,30.882,0.399,9.392,65.8,8,Phi-3-mini-Q4,llama.cpp,finegrained_gpu_emc
2026-05-16T07:10:05.505489,GPU1300_EMC3199_CPU1036,1300,1036,3199,1300,3199,p512_o128,512,128,mixed,1,30.379289062693715,26.69347947148064,3420.945022022352,128,37.41656155711341,148.389,42.397,45.877,1.1592890625,0.8625976318999387,32.211,0.399,9.787,65.9,7,Phi-3-mini-Q4,llama.cpp,finegrained_gpu_emc
2026-05-16T07:10:09.741720,GPU1300_EMC3199_CPU1036,1300,1036,3199,1300,3199,p512_o128,512,128,mixed,2,29.96630989946425,26.733585519672143,3425.627078860998,128,37.365421586566654,148.944,42.556,45.877,1.163625,0.8593833924159416,32.384,0.399,9.773,65.9,7,Phi-3-mini-Q4,llama.cpp,finegrained_gpu_emc
2026-05-16T07:10:14.107908,GPU1300_EMC3199_CPU1036,1300,1036,3199,1300,3199,p1024_o128,1024,128,mixed,0,336.6652871482074,25.34036026666249,3555.393041111529,128,36.0016455339585,164.174,41.043,47.462,1.282609375,0.7796606039933242,31.077,0.399,9.567,65.9,8,Phi-3-mini-Q4,llama.cpp,finegrained_gpu_emc
2026-05-16T07:10:18.173312,GPU1300_EMC3199_CPU1036,1300,1036,3199,1300,3199,p1024_o128,1024,128,mixed,1,34.227926982566714,25.35473675591739,3254.7788058873266,128,39.32678920253209,149.424,42.693,47.178,1.167375,0.8566227647499732,32.277,0.399,10.017,66.0,7,Phi-3-mini-Q4,llama.cpp,finegrained_gpu_emc
2026-05-16T07:10:22.244286,GPU1300_EMC3199_CPU1036,1300,1036,3199,1300,3199,p1024_o128,1024,128,mixed,2,34.06335413455963,25.39998289623012,3260.372332995757,128,39.25931977296244,149.252,42.643,47.063,1.16603125,0.8576099482753999,32.271,0.399,9.974,66.0,7,Phi-3-mini-Q4,llama.cpp,finegrained_gpu_emc
2026-05-16T07:10:29.546594,GPU1300_EMC3199_CPU1036,1300,1036,3199,1300,3199,p128_o256,128,256,mixed,0,29.84061394818127,25.33374969737933,6490.880451863632,256,39.43994992643848,288.622,44.403,46.776,1.1274296875,0.8869732730006721,33.927,0.399,10.077,66.2,13,Phi-3-mini-Q4,llama.cpp,finegrained_gpu_emc
2026-05-16T07:10:36.859407,GPU1300_EMC3199_CPU1036,1300,1036,3199,1300,3199,p128_o256,128,256,mixed,1,29.678056947886944,25.375424470642912,6501.368352910504,256,39.37632604456184,288.68,44.412,46.776,1.12765625,0.8867950672024386,33.928,0.399,10.085,66.3,13,Phi-3-mini-Q4,llama.cpp,finegrained_gpu_emc
2026-05-16T07:10:44.177927,GPU1300_EMC3199_CPU1036,1300,1036,3199,1300,3199,p128_o256,128,256,mixed,2,29.669640120118856,25.398108203365812,6507.13718496263,256,39.34141738883137,289.638,44.56,47.276,1.1313984375,0.8838619241950297,33.899,0.522,10.139,66.4,13,Phi-3-mini-Q4,llama.cpp,finegrained_gpu_emc
2026-05-16T07:10:59.100125,GPU1300_EMC3199_CPU1036,1300,1036,3199,1300,3199,p1024_o512,1024,512,mixed,0,558.1801969092339,26.77583348116662,14108.39995695278,506,35.86515845481382,629.004,44.929,47.577,1.243090909090909,0.8044463946175223,34.157,0.413,10.359,66.5,28,Phi-3-mini-Q4,llama.cpp,finegrained_gpu_emc
2026-05-16T07:11:13.640699,GPU1300_EMC3199_CPU1036,1300,1036,3199,1300,3199,p1024_o512,1024,512,mixed,1,34.08004716038704,26.791550722082533,13726.518273120746,512,37.30006326532183,612.442,45.366,47.078,1.19617578125,0.8359975311947907,34.374,0.473,10.52,66.8,27,Phi-3-mini-Q4,llama.cpp,finegrained_gpu_emc
2026-05-16T07:11:14.483907,GPU1300_EMC3199_CPU1036,1300,1036,3199,1300,3199,p1024_o512,1024,512,mixed,2,33.933615777641535,33.933615777641535,33.933615777641535,0,0.0,7.3,14.601,14.601,0.0,0.0,8.785,0.399,5.417,66.1,1,Phi-3-mini-Q4,llama.cpp,finegrained_gpu_emc
