timestamp,config_name,gpu_freq_mhz,cpu_freq_mhz,target_gpu_freq_mhz,target_cpu_freq_mhz,workload,phase,prompt_length,output_length,repeat,ttft_ms,tpot_ms,total_time_ms,output_tokens,tokens_per_second,total_energy_j,avg_power_w,max_power_w,energy_per_token_j,tokens_per_joule,avg_gpu_soc_w,avg_cpu_cv_w,avg_sys_5v0_w,avg_temp_cpu_c,max_temp_cpu_c,power_samples,model,runtime,phase_note
2026-05-13T22:56:17.880544,GPU306_CPU1036,306,1036,306,1036,short_short,prefill,128,64,0,189.28537098690867,189.33198507875204,189.33198507875204,1,5.281727752360771,5.25,10.499,10.499,5.25,0.19047619047619047,3.594,1.597,5.308,49.5,49.5,1,Phi-3-mini-Q4,llama.cpp,prefill-only (1 output token)
2026-05-13T22:56:18.879884,GPU306_CPU1036,306,1036,306,1036,short_short,prefill,128,64,1,189.71177097409964,189.75854595191777,189.75854595191777,1,5.26985488312809,5.148,10.296,10.296,5.148,0.19425019425019427,3.592,1.596,5.108,49.4,49.4,1,Phi-3-mini-Q4,llama.cpp,prefill-only (1 output token)
2026-05-13T22:56:19.878894,GPU306_CPU1036,306,1036,306,1036,short_short,prefill,128,64,2,189.8120332043618,189.8604710586369,189.8604710586369,1,5.267025802812624,4.898,9.797,9.797,4.898,0.2041649652919559,3.592,1.197,5.008,49.3,49.3,1,Phi-3-mini-Q4,llama.cpp,prefill-only (1 output token)
2026-05-13T22:56:20.878225,GPU306_CPU1036,306,1036,306,1036,short_long,prefill,128,256,0,190.10537303984165,190.1540991384536,190.1540991384536,1,5.25889267983588,4.898,9.797,9.797,4.898,0.2041649652919559,3.592,1.197,5.008,49.2,49.2,1,Phi-3-mini-Q4,llama.cpp,prefill-only (1 output token)
2026-05-13T22:56:21.878486,GPU306_CPU1036,306,1036,306,1036,short_long,prefill,128,256,1,190.91422390192747,190.96243800595403,190.96243800595403,1,5.2366319284676335,4.898,9.797,9.797,4.898,0.2041649652919559,3.592,1.197,5.008,49.6,49.6,1,Phi-3-mini-Q4,llama.cpp,prefill-only (1 output token)
2026-05-13T22:56:23.444624,GPU306_CPU1036,306,1036,306,1036,short_long,prefill,128,256,2,756.5761869773269,756.6320470068604,756.6320470068604,1,1.3216463721776948,10.746,10.746,11.096,10.746,0.09305788200260562,3.592,1.796,5.358,49.4,49.5,2,Phi-3-mini-Q4,llama.cpp,prefill-only (1 output token)
2026-05-13T22:56:33.643832,GPU306_CPU1036,306,1036,306,1036,medium_medium,prefill,512,128,0,9387.76402710937,9387.76402710937,9387.76402710937,0,0.0,111.026,11.687,11.992,0.0,0.0,3.193,3.676,4.818,50.1,50.3,19,Phi-3-mini-Q4,llama.cpp,
2026-05-13T22:56:34.656582,GPU306_CPU1036,306,1036,306,1036,medium_medium,prefill,512,128,1,203.4551550168544,203.51037592627108,203.51037592627108,1,4.9137543746776124,4.85,9.699,9.699,4.85,0.2061855670103093,3.594,1.198,4.907,49.6,49.6,1,Phi-3-mini-Q4,llama.cpp,prefill-only (1 output token)
2026-05-13T22:56:35.665056,GPU306_CPU1036,306,1036,306,1036,medium_medium,prefill,512,128,2,199.35761694796383,199.41075798124075,199.41075798124075,1,5.01477457948419,4.648,9.297,9.297,4.648,0.21514629948364888,3.193,1.197,4.907,49.4,49.4,1,Phi-3-mini-Q4,llama.cpp,prefill-only (1 output token)
2026-05-13T22:56:49.385689,GPU306_CPU1036,306,1036,306,1036,long_medium,prefill,1024,128,0,12908.362786984071,12908.362786984071,12908.362786984071,0,0.0,152.104,11.7,12.092,0.0,0.0,3.193,3.623,4.884,50.2,50.5,26,Phi-3-mini-Q4,llama.cpp,
2026-05-13T22:56:50.408147,GPU306_CPU1036,306,1036,306,1036,long_medium,prefill,1024,128,1,213.21332198567688,213.27647706493735,213.27647706493735,1,4.688749616281054,4.898,9.797,9.797,4.898,0.2041649652919559,3.592,1.197,5.008,50.2,50.2,1,Phi-3-mini-Q4,llama.cpp,prefill-only (1 output token)
2026-05-13T22:56:51.426087,GPU306_CPU1036,306,1036,306,1036,long_medium,prefill,1024,128,2,208.6530700325966,208.71632220223546,208.71632220223546,1,4.791192128381081,4.848,9.696,9.696,4.848,0.20627062706270627,3.592,1.197,4.907,49.7,49.7,1,Phi-3-mini-Q4,llama.cpp,prefill-only (1 output token)
2026-05-13T22:56:52.444386,GPU306_CPU1036,306,1036,306,1036,long_long,prefill,1024,512,0,208.83882092311978,208.90322397463024,208.90322397463024,1,4.786905539195712,4.898,9.797,9.797,4.898,0.2041649652919559,3.592,1.197,5.008,49.7,49.7,1,Phi-3-mini-Q4,llama.cpp,prefill-only (1 output token)
2026-05-13T22:56:53.472088,GPU306_CPU1036,306,1036,306,1036,long_long,prefill,1024,512,1,218.40214310213923,218.4645300731063,218.4645300731063,1,4.5774021058034595,5.148,10.296,10.296,5.148,0.19425019425019427,3.592,1.596,5.108,49.7,49.7,1,Phi-3-mini-Q4,llama.cpp,prefill-only (1 output token)
2026-05-13T22:56:54.492058,GPU306_CPU1036,306,1036,306,1036,long_long,prefill,1024,512,2,210.60454403050244,210.60454403050244,210.60454403050244,0,0.0,5.198,10.396,10.396,0.0,0.0,3.592,1.596,5.208,50.0,50.0,1,Phi-3-mini-Q4,llama.cpp,
2026-05-13T22:57:07.416860,GPU306_CPU1036,306,1036,306,1036,short_short,decode,128,64,0,190.92569802887738,189.22126320530734,12112.129773013294,64,5.283959237507235,143.235,11.459,12.205,2.238046875,0.4468181659510594,3.8,1.996,5.663,49.8,50.1,25,Phi-3-mini-Q4,llama.cpp,"decode-only (16 prompt tokens, 64 output)"
2026-05-13T22:57:20.253798,GPU306_CPU1036,306,1036,306,1036,short_short,decode,128,64,1,190.01997518353164,187.84477857000653,12024.535433156416,64,5.322450946714049,139.94,11.662,13.304,2.1865625,0.4573388595112191,3.792,2.146,5.724,50.0,50.5,24,Phi-3-mini-Q4,llama.cpp,"decode-only (16 prompt tokens, 64 output)"
2026-05-13T22:57:33.047825,GPU306_CPU1036,306,1036,306,1036,short_short,decode,128,64,2,189.17440995573997,187.17716184134284,11981.603811960667,64,5.341521970215025,136.382,11.365,12.205,2.13096875,0.46927013828804387,3.742,1.963,5.661,49.8,50.1,24,Phi-3-mini-Q4,llama.cpp,"decode-only (16 prompt tokens, 64 output)"
2026-05-13T22:58:21.931725,GPU306_CPU1036,306,1036,306,1036,short_long,decode,128,256,0,187.4294700101018,187.742062278238,48062.58626002818,256,5.326388359856228,553.504,11.531,12.306,2.162125,0.46250794935537953,3.78,2.038,5.714,50.1,50.6,96,Phi-3-mini-Q4,llama.cpp,"decode-only (16 prompt tokens, 256 output)"
2026-05-13T22:59:10.867067,GPU306_CPU1036,306,1036,306,1036,short_long,decode,128,256,1,189.95488085784018,187.9346448352889,48114.24822895788,256,5.320669228412151,552.257,11.505,12.205,2.15725390625,0.4635522953987003,3.771,2.025,5.709,50.5,50.9,96,Phi-3-mini-Q4,llama.cpp,"decode-only (16 prompt tokens, 256 output)"
2026-05-13T22:59:59.753321,GPU306_CPU1036,306,1036,306,1036,short_long,decode,128,256,2,190.56950695812702,187.7402805604552,48065.282186027616,256,5.326089608903163,559.88,11.664,12.307,2.18703125,0.4572408373222834,3.809,2.129,5.726,50.8,51.2,96,Phi-3-mini-Q4,llama.cpp,"decode-only (16 prompt tokens, 256 output)"
2026-05-13T23:00:24.601391,GPU306_CPU1036,306,1036,306,1036,medium_medium,decode,512,128,0,189.58470784127712,187.73547578859694,24032.49748190865,128,5.326121436041207,278.266,11.594,12.205,2.173953125,0.45999151890637013,3.75,2.121,5.723,50.7,51.2,48,Phi-3-mini-Q4,llama.cpp,"decode-only (16 prompt tokens, 128 output)"
2026-05-13T23:00:49.418955,GPU306_CPU1036,306,1036,306,1036,medium_medium,decode,512,128,1,187.62832204811275,187.5124691571219,24002.198714995757,128,5.33284477475932,274.66,11.444,12.205,2.14578125,0.46603072890118685,3.734,2.004,5.706,50.7,51.0,48,Phi-3-mini-Q4,llama.cpp,"decode-only (16 prompt tokens, 128 output)"
2026-05-13T23:01:14.317425,GPU306_CPU1036,306,1036,306,1036,medium_medium,decode,512,128,2,188.1598741747439,188.14101885072887,24082.576014101505,128,5.3150460285083225,279.008,11.625,12.205,2.17975,0.45876820736322976,3.784,2.129,5.713,50.8,51.0,48,Phi-3-mini-Q4,llama.cpp,"decode-only (16 prompt tokens, 128 output)"
2026-05-13T23:01:39.050179,GPU306_CPU1036,306,1036,306,1036,long_medium,decode,1024,128,0,188.65272286348045,186.8368846778648,23917.419699952006,128,5.35174787271291,273.923,11.413,12.207,2.1400234375,0.46728460187716986,3.734,1.988,5.692,50.8,51.1,48,Phi-3-mini-Q4,llama.cpp,"decode-only (16 prompt tokens, 128 output)"
2026-05-13T23:02:03.839099,GPU306_CPU1036,306,1036,306,1036,long_medium,decode,1024,128,1,187.723201001063,187.28484821278514,23973.39063603431,128,5.339253088697587,280.509,11.688,12.305,2.1914765625,0.45631334466986795,3.825,2.146,5.717,51.0,51.5,48,Phi-3-mini-Q4,llama.cpp,"decode-only (16 prompt tokens, 128 output)"
2026-05-13T23:02:28.594127,GPU306_CPU1036,306,1036,306,1036,long_medium,decode,1024,128,2,187.5707171857357,187.02295993630753,23939.97319112532,128,5.346706070976317,274.584,11.441,12.205,2.1451875,0.46615971797337064,3.759,1.988,5.695,51.1,51.6,48,Phi-3-mini-Q4,llama.cpp,"decode-only (16 prompt tokens, 128 output)"
2026-05-13T23:04:07.829571,GPU306_CPU1036,306,1036,306,1036,long_long,decode,1024,512,0,187.67555593512952,192.1955448595366,98401.49559406564,512,5.203172948835521,1130.072,11.59,12.305,2.207171875,0.4530684770527896,3.838,2.033,5.72,51.1,51.7,195,Phi-3-mini-Q4,llama.cpp,"decode-only (16 prompt tokens, 512 output)"
2026-05-13T23:05:47.250618,GPU306_CPU1036,306,1036,306,1036,long_long,decode,1024,512,1,188.7695170007646,192.55769252822662,98587.72184303962,512,5.193344469559296,1142.172,11.655,12.305,2.2308046875,0.44826873710789616,3.839,2.086,5.73,51.4,51.8,196,Phi-3-mini-Q4,llama.cpp,"decode-only (16 prompt tokens, 512 output)"
2026-05-13T23:07:26.338915,GPU306_CPU1036,306,1036,306,1036,long_long,decode,1024,512,2,188.5231549385935,191.90732769872227,98255.1798990462,512,5.210921200552097,1122.272,11.51,12.205,2.1919375,0.4562173875851844,3.797,1.996,5.718,51.5,52.1,195,Phi-3-mini-Q4,llama.cpp,"decode-only (16 prompt tokens, 512 output)"
2026-05-13T23:07:44.016776,GPU306_CPU1497,306,1497,306,1497,short_short,prefill,128,64,0,135.89915120974183,135.93812403269112,135.93812403269112,1,7.356288069412483,5.398,10.796,10.796,5.398,0.1852537977028529,3.592,1.996,5.208,51.6,51.6,1,Phi-3-mini-Q4,llama.cpp,prefill-only (1 output token)
2026-05-13T23:07:44.959831,GPU306_CPU1497,306,1497,306,1497,short_short,prefill,128,64,1,135.33179205842316,135.37364406511188,135.37364406511188,1,7.386962262159546,4.848,9.696,9.696,4.848,0.20627062706270627,3.193,1.596,4.907,51.5,51.5,1,Phi-3-mini-Q4,llama.cpp,prefill-only (1 output token)
2026-05-13T23:07:45.903696,GPU306_CPU1497,306,1497,306,1497,short_short,prefill,128,64,2,136.14103896543384,136.1764599569142,136.1764599569142,1,7.343413100299398,9.446,9.446,9.696,9.446,0.10586491636671608,3.193,1.396,4.857,51.3,51.5,2,Phi-3-mini-Q4,llama.cpp,prefill-only (1 output token)
2026-05-13T23:07:46.847384,GPU306_CPU1497,306,1497,306,1497,short_long,prefill,128,256,0,135.696035111323,135.73404704220593,135.73404704220593,1,7.3673482946327695,4.848,9.696,9.696,4.848,0.20627062706270627,3.193,1.596,4.907,51.2,51.2,1,Phi-3-mini-Q4,llama.cpp,prefill-only (1 output token)
2026-05-13T23:07:47.790217,GPU306_CPU1497,306,1497,306,1497,short_long,prefill,128,256,1,135.2553830947727,135.29233913868666,135.29233913868666,1,7.391401511469997,4.548,9.097,9.097,4.548,0.2198768689533861,3.193,1.197,4.707,50.9,50.9,1,Phi-3-mini-Q4,llama.cpp,prefill-only (1 output token)
2026-05-13T23:07:48.732892,GPU306_CPU1497,306,1497,306,1497,short_long,prefill,128,256,2,135.38786093704402,135.42827288620174,135.42827288620174,1,7.3839825221745565,4.548,9.097,9.097,4.548,0.2198768689533861,3.193,1.197,4.707,51.1,51.1,1,Phi-3-mini-Q4,llama.cpp,prefill-only (1 output token)
2026-05-13T23:07:55.637498,GPU306_CPU1497,306,1497,306,1497,medium_medium,prefill,512,128,0,6096.06642392464,6096.06642392464,6096.06642392464,0,0.0,94.206,14.493,15.383,0.0,0.0,3.223,6.355,4.915,52.8,53.4,13,Phi-3-mini-Q4,llama.cpp,
2026-05-13T23:07:56.590464,GPU306_CPU1497,306,1497,306,1497,medium_medium,prefill,512,128,1,145.4380890354514,145.4380890354514,145.4380890354514,0,0.0,4.798,9.596,9.596,0.0,0.0,3.193,1.596,4.807,51.5,51.5,1,Phi-3-mini-Q4,llama.cpp,
2026-05-13T23:07:57.541125,GPU306_CPU1497,306,1497,306,1497,medium_medium,prefill,512,128,2,143.1820490397513,143.22399720549583,143.22399720549583,1,6.982070180356813,4.798,9.596,9.596,4.798,0.20842017507294705,3.193,1.596,4.807,51.3,51.3,1,Phi-3-mini-Q4,llama.cpp,prefill-only (1 output token)
2026-05-13T23:08:06.090088,GPU306_CPU1497,306,1497,306,1497,long_medium,prefill,1024,128,0,7740.235982928425,7740.235982928425,7740.235982928425,0,0.0,118.838,14.855,15.386,0.0,0.0,3.193,6.736,4.926,53.1,53.4,16,Phi-3-mini-Q4,llama.cpp,
2026-05-13T23:08:07.050664,GPU306_CPU1497,306,1497,306,1497,long_medium,prefill,1024,128,1,153.1354570761323,153.17903691902757,153.17903691902757,1,6.528308442940616,4.998,9.996,9.996,4.998,0.2000800320128051,3.193,1.996,4.807,51.5,51.5,1,Phi-3-mini-Q4,llama.cpp,prefill-only (1 output token)
2026-05-13T23:08:08.009749,GPU306_CPU1497,306,1497,306,1497,long_medium,prefill,1024,128,2,151.6137511935085,151.66101115755737,151.66101115755737,1,6.593652464581826,5.048,10.095,10.095,5.048,0.19809825673534073,3.592,1.596,4.907,51.4,51.4,1,Phi-3-mini-Q4,llama.cpp,prefill-only (1 output token)
2026-05-13T23:08:08.969800,GPU306_CPU1497,306,1497,306,1497,long_long,prefill,1024,512,0,152.43685501627624,152.4828029796481,152.4828029796481,1,6.558116590586743,5.048,10.095,10.095,5.048,0.19809825673534073,3.592,1.596,4.907,51.4,51.4,1,Phi-3-mini-Q4,llama.cpp,prefill-only (1 output token)
2026-05-13T23:08:09.929396,GPU306_CPU1497,306,1497,306,1497,long_long,prefill,1024,512,1,152.13164803572,152.17775502242148,152.17775502242148,1,6.571262664853102,9.646,9.646,10.095,9.646,0.1036699149906697,3.392,1.396,4.857,51.3,51.4,2,Phi-3-mini-Q4,llama.cpp,prefill-only (1 output token)
2026-05-13T23:08:10.893720,GPU306_CPU1497,306,1497,306,1497,long_long,prefill,1024,512,2,156.7920669913292,156.83769504539669,156.83769504539669,1,6.376018212398173,4.798,9.596,9.596,4.798,0.20842017507294705,3.193,1.596,4.807,51.5,51.5,1,Phi-3-mini-Q4,llama.cpp,prefill-only (1 output token)
2026-05-13T23:08:20.313871,GPU306_CPU1497,306,1497,306,1497,short_short,decode,128,64,0,136.55673107132316,134.51061977650085,8610.91046500951,64,7.432431246389613,117.674,13.075,13.703,1.83865625,0.5438754525213726,3.948,3.193,5.934,52.2,52.4,18,Phi-3-mini-Q4,llama.cpp,"decode-only (16 prompt tokens, 64 output)"
2026-05-13T23:08:29.740398,GPU306_CPU1497,306,1497,306,1497,short_short,decode,128,64,1,135.2659948170185,134.63599877875475,8617.52049298957,64,7.426730235462111,117.472,13.052,13.703,1.8355,0.5448106782892945,3.947,3.171,5.934,52.4,52.8,18,Phi-3-mini-Q4,llama.cpp,"decode-only (16 prompt tokens, 64 output)"
2026-05-13T23:08:39.162686,GPU306_CPU1497,306,1497,306,1497,short_short,decode,128,64,2,135.51583187654614,134.55948952422847,8612.95338300988,64,7.430668338023046,117.423,13.047,14.203,1.834734375,0.5450380249184572,3.947,3.171,5.929,52.4,52.7,18,Phi-3-mini-Q4,llama.cpp,"decode-only (16 prompt tokens, 64 output)"
2026-05-13T23:09:14.629247,GPU306_CPU1497,306,1497,306,1497,short_long,decode,128,256,0,135.31948905438185,135.36042732953587,34652.88513805717,256,7.387552262390142,458.224,13.282,13.703,1.7899375,0.5586787248158106,3.986,3.274,6.022,52.2,52.9,69,Phi-3-mini-Q4,llama.cpp,"decode-only (16 prompt tokens, 256 output)"
2026-05-13T23:09:50.096341,GPU306_CPU1497,306,1497,306,1497,short_long,decode,128,256,1,136.56982500106096,135.35583178859716,34653.00008910708,256,7.387527756376619,466.506,13.522,13.703,1.8222890625,0.5487603589235723,3.986,3.494,6.042,52.3,52.8,69,Phi-3-mini-Q4,llama.cpp,"decode-only (16 prompt tokens, 256 output)"
2026-05-13T23:10:25.628837,GPU306_CPU1497,306,1497,306,1497,short_long,decode,128,256,2,139.4777330569923,135.60275501553335,34718.839856097475,256,7.3735182702264215,467.807,13.56,13.706,1.82737109375,0.5472342226601996,3.986,3.54,6.033,52.4,52.8,69,Phi-3-mini-Q4,llama.cpp,"decode-only (16 prompt tokens, 256 output)"
2026-05-13T23:10:43.789807,GPU306_CPU1497,306,1497,306,1497,medium_medium,decode,512,128,0,138.760840985924,135.51980666779568,17350.122851785272,128,7.377469375487979,236.2,13.497,13.703,1.8453125,0.541913632514818,3.981,3.512,6.004,52.4,52.8,35,Phi-3-mini-Q4,llama.cpp,"decode-only (16 prompt tokens, 128 output)"
2026-05-13T23:11:01.765404,GPU306_CPU1497,306,1497,306,1497,medium_medium,decode,512,128,1,135.2248250041157,134.08763221223055,17164.697096915916,128,7.457166256839949,235.447,13.454,13.703,1.8394296875,0.5436467655141072,3.969,3.489,5.995,52.4,52.9,35,Phi-3-mini-Q4,llama.cpp,"decode-only (16 prompt tokens, 128 output)"
2026-05-13T23:11:19.832205,GPU306_CPU1497,306,1497,306,1497,medium_medium,decode,512,128,2,139.1262800898403,134.77609784335016,17256.034455029294,128,7.417694971204362,243.444,13.911,15.102,1.90190625,0.5257882716353659,3.969,3.843,6.099,52.8,53.5,35,Phi-3-mini-Q4,llama.cpp,"decode-only (16 prompt tokens, 128 output)"
2026-05-13T23:11:37.916326,GPU306_CPU1497,306,1497,306,1497,long_medium,decode,1024,128,0,135.63068793155253,134.93722149603596,17272.99695997499,128,7.4104106135491,231.558,13.232,14.103,1.809046875,0.552777273944325,3.981,3.25,6.001,52.5,52.9,35,Phi-3-mini-Q4,llama.cpp,"decode-only (16 prompt tokens, 128 output)"
2026-05-13T23:11:55.858382,GPU306_CPU1497,306,1497,306,1497,long_medium,decode,1024,128,1,135.20630192942917,133.8226007257302,17131.0189680662,128,7.471826412579649,231.11,13.206,13.704,1.805546875,0.553848816580849,3.969,3.216,6.021,52.7,53.1,35,Phi-3-mini-Q4,llama.cpp,"decode-only (16 prompt tokens, 128 output)"
2026-05-13T23:12:13.891244,GPU306_CPU1497,306,1497,306,1497,long_medium,decode,1024,128,2,134.90625307895243,134.5410013303718,17221.955827903003,128,7.432373028887606,231.008,13.2,13.703,1.80475,0.5540933647319574,3.969,3.227,6.004,52.5,52.8,35,Phi-3-mini-Q4,llama.cpp,"decode-only (16 prompt tokens, 128 output)"
2026-05-13T23:12:55.957273,GPU306_CPU1497,306,1497,306,1497,long_long,decode,1024,512,0,135.01477683894336,136.58332863356918,41250.96833589487,301,7.296798406016626,552.282,13.47,14.404,1.8348239202657808,0.5450114253225706,3.988,3.398,6.085,52.8,53.4,82,Phi-3-mini-Q4,llama.cpp,"decode-only (16 prompt tokens, 512 output)"
2026-05-13T23:14:07.704862,GPU306_CPU1497,306,1497,306,1497,long_long,decode,1024,512,1,136.65820588357747,138.5301494343961,70926.89291993156,512,7.218700536875203,947.558,13.441,14.604,1.85069921875,0.5403363171436472,3.99,3.358,6.093,52.8,53.3,141,Phi-3-mini-Q4,llama.cpp,"decode-only (16 prompt tokens, 512 output)"
2026-05-13T23:15:19.176892,GPU306_CPU1497,306,1497,306,1497,long_long,decode,1024,512,2,136.81558310054243,137.99185742653265,70651.98654006235,512,7.246788449602569,945.684,13.414,14.203,1.8470390625,0.5414070662081626,3.987,3.332,6.095,52.9,53.3,141,Phi-3-mini-Q4,llama.cpp,"decode-only (16 prompt tokens, 512 output)"
2026-05-13T23:15:33.620401,GPU306_CPU2201,306,2201,306,2201,short_short,prefill,128,64,0,100.01997416839004,100.05002003163099,100.05002003163099,1,9.995000497589588,6.647,13.294,13.294,6.647,0.15044380923724987,3.594,4.392,5.308,52.9,52.9,1,Phi-3-mini-Q4,llama.cpp,prefill-only (1 output token)
2026-05-13T23:15:34.526168,GPU306_CPU2201,306,2201,306,2201,short_short,prefill,128,64,1,99.44139118306339,99.47166102938354,99.47166102938354,1,10.053114521779262,5.148,10.296,10.296,5.148,0.19425019425019427,3.193,2.396,4.707,52.9,52.9,1,Phi-3-mini-Q4,llama.cpp,prefill-only (1 output token)
2026-05-13T23:15:35.432644,GPU306_CPU2201,306,2201,306,2201,short_short,prefill,128,64,2,100.01514619216323,100.01514619216323,100.01514619216323,0,0.0,5.148,10.295,10.295,0.0,0.0,3.193,2.395,4.707,52.9,52.9,1,Phi-3-mini-Q4,llama.cpp,
2026-05-13T23:15:36.338624,GPU306_CPU2201,306,2201,306,2201,short_long,prefill,128,256,0,99.45777896791697,99.48878502473235,99.48878502473235,1,10.051384181155752,5.148,10.295,10.295,5.148,0.19425019425019427,3.193,2.395,4.707,52.8,52.8,1,Phi-3-mini-Q4,llama.cpp,prefill-only (1 output token)
2026-05-13T23:15:37.244537,GPU306_CPU2201,306,2201,306,2201,short_long,prefill,128,256,1,99.38261983916163,99.42165692336857,99.42165692336857,1,10.058170734076299,5.148,10.295,10.295,5.148,0.19425019425019427,3.193,2.395,4.707,52.7,52.7,1,Phi-3-mini-Q4,llama.cpp,prefill-only (1 output token)
2026-05-13T23:15:38.150645,GPU306_CPU2201,306,2201,306,2201,short_long,prefill,128,256,2,99.61502300575376,99.64641300030053,99.64641300030053,1,10.03548416737273,5.397,10.794,10.794,5.397,0.18528812303131367,3.193,2.794,4.807,52.7,52.7,1,Phi-3-mini-Q4,llama.cpp,prefill-only (1 output token)
2026-05-13T23:15:42.877745,GPU306_CPU2201,306,2201,306,2201,medium_medium,prefill,512,128,0,3920.274975942448,3920.3124770428985,3920.3124770428985,1,0.25508170735265023,98.617,24.654,26.664,98.617,0.010140239512457284,3.542,16.067,5.045,57.7,58.2,8,Phi-3-mini-Q4,llama.cpp,prefill-only (1 output token)
2026-05-13T23:15:43.798980,GPU306_CPU2201,306,2201,306,2201,medium_medium,prefill,512,128,1,114.41902606748044,114.454735070467,114.454735070467,1,8.737078456250188,5.997,11.994,11.994,5.997,0.16675004168751043,3.194,3.993,4.807,53.3,53.3,1,Phi-3-mini-Q4,llama.cpp,prefill-only (1 output token)
2026-05-13T23:15:44.711765,GPU306_CPU2201,306,2201,306,2201,medium_medium,prefill,512,128,2,106.17459798231721,106.21165204793215,106.21165204793215,1,9.415162844362039,5.348,10.696,10.696,5.348,0.1869857890800299,3.194,2.795,4.707,52.9,52.9,1,Phi-3-mini-Q4,llama.cpp,prefill-only (1 output token)
2026-05-13T23:15:50.962214,GPU306_CPU2201,306,2201,306,2201,long_medium,prefill,1024,128,0,5442.868693033233,5442.909330129623,5442.909330129623,1,0.18372527252372672,135.924,24.714,26.666,135.924,0.00735705247049822,3.52,16.149,5.044,57.7,58.4,11,Phi-3-mini-Q4,llama.cpp,prefill-only (1 output token)
2026-05-13T23:15:51.884370,GPU306_CPU2201,306,2201,306,2201,long_medium,prefill,1024,128,1,115.44986418448389,115.49069313332438,115.49069313332438,1,8.65870636732246,5.798,11.595,11.595,5.798,0.17247326664367024,3.194,3.594,4.807,53.8,53.8,1,Phi-3-mini-Q4,llama.cpp,prefill-only (1 output token)
2026-05-13T23:15:52.804520,GPU306_CPU2201,306,2201,306,2201,long_medium,prefill,1024,128,2,113.24537685140967,113.28515084460378,113.28515084460378,1,8.82728223906173,5.348,10.696,10.696,5.348,0.1869857890800299,3.194,2.795,4.707,53.4,53.4,1,Phi-3-mini-Q4,llama.cpp,prefill-only (1 output token)
2026-05-13T23:15:53.724224,GPU306_CPU2201,306,2201,306,2201,long_long,prefill,1024,512,0,113.29181003384292,113.33078308962286,113.33078308962286,1,8.823727964618335,5.398,10.796,10.796,5.398,0.1852537977028529,3.194,2.795,4.807,53.2,53.2,1,Phi-3-mini-Q4,llama.cpp,prefill-only (1 output token)
2026-05-13T23:15:54.643849,GPU306_CPU2201,306,2201,306,2201,long_long,prefill,1024,512,1,112.92854091152549,112.92854091152549,112.92854091152549,0,0.0,5.148,10.297,10.297,0.0,0.0,3.194,2.396,4.707,53.0,53.0,1,Phi-3-mini-Q4,llama.cpp,
2026-05-13T23:15:55.562648,GPU306_CPU2201,306,2201,306,2201,long_long,prefill,1024,512,2,112.49311617575586,112.49311617575586,112.49311617575586,0,0.0,5.148,10.297,10.297,0.0,0.0,3.194,2.396,4.707,52.9,52.9,1,Phi-3-mini-Q4,llama.cpp,
2026-05-13T23:16:02.714709,GPU306_CPU2201,306,2201,306,2201,short_short,decode,128,64,0,100.4505418241024,99.11256627224031,6344.6793598122895,64,10.087192176389742,117.117,18.018,18.895,1.829953125,0.5464620849236234,4.299,7.369,6.35,55.8,56.1,13,Phi-3-mini-Q4,llama.cpp,"decode-only (16 prompt tokens, 64 output)"
2026-05-13T23:16:09.852035,GPU306_CPU2201,306,2201,306,2201,short_short,decode,128,64,1,99.78776192292571,98.89536077851459,6330.330874072388,64,10.110056057595601,117.318,18.049,18.895,1.83309375,0.545525835762628,4.299,7.369,6.381,55.9,56.2,13,Phi-3-mini-Q4,llama.cpp,"decode-only (16 prompt tokens, 64 output)"
2026-05-13T23:16:16.998197,GPU306_CPU2201,306,2201,306,2201,short_short,decode,128,64,2,102.82169212587178,98.97868782429704,6338.6115920729935,64,10.096848350834081,126.66,19.486,20.193,1.9790625,0.5052897520922154,4.33,8.659,6.497,55.1,55.8,13,Phi-3-mini-Q4,llama.cpp,"decode-only (16 prompt tokens, 64 output)"
2026-05-13T23:16:43.132945,GPU306_CPU2201,306,2201,306,2201,short_long,decode,128,256,0,99.52807705849409,98.92161995647292,25325.000846991315,256,10.108588013350987,468.983,18.391,19.294,1.83196484375,0.5458620035267803,4.36,7.561,6.471,54.9,55.4,51,Phi-3-mini-Q4,llama.cpp,"decode-only (16 prompt tokens, 256 output)"
2026-05-13T23:17:09.252865,GPU306_CPU2201,306,2201,306,2201,short_long,decode,128,256,1,100.46636103652418,98.86004955270418,25310.234839096665,256,10.114485370343438,468.775,18.383,18.895,1.83115234375,0.5461042077755853,4.36,7.553,6.471,56.1,56.8,51,Phi-3-mini-Q4,llama.cpp,"decode-only (16 prompt tokens, 256 output)"
2026-05-13T23:17:35.433933,GPU306_CPU2201,306,2201,306,2201,short_long,decode,128,256,2,99.73153611645103,99.10345454152454,25371.56476615928,256,10.090035926418462,478.72,18.773,20.293,1.87,0.53475935828877,4.36,7.905,6.508,55.7,56.6,51,Phi-3-mini-Q4,llama.cpp,"decode-only (16 prompt tokens, 256 output)"
2026-05-13T23:17:48.851414,GPU306_CPU2201,306,2201,306,2201,medium_medium,decode,512,128,0,100.2261620014906,98.49472014292137,12609.293685061857,128,10.151242662516514,235.832,18.141,18.895,1.8424375,0.5427592523491299,4.314,7.4,6.427,55.5,55.9,26,Phi-3-mini-Q4,llama.cpp,"decode-only (16 prompt tokens, 128 output)"
2026-05-13T23:18:02.280607,GPU306_CPU2201,306,2201,306,2201,medium_medium,decode,512,128,1,101.0575348045677,98.57942573322849,12620.880875969306,128,10.141922838659974,238.337,18.334,18.895,1.8620078125,0.5370546746833266,4.33,7.585,6.419,55.6,56.0,26,Phi-3-mini-Q4,llama.cpp,"decode-only (16 prompt tokens, 128 output)"
2026-05-13T23:18:15.696257,GPU306_CPU2201,306,2201,306,2201,medium_medium,decode,512,128,2,100.27886391617358,98.4777659306112,12607.197202043608,128,10.152930738582514,235.084,18.083,18.895,1.83659375,0.5444862261999965,4.314,7.354,6.415,55.7,56.3,26,Phi-3-mini-Q4,llama.cpp,"decode-only (16 prompt tokens, 128 output)"
2026-05-13T23:18:29.139244,GPU306_CPU2201,306,2201,306,2201,long_medium,decode,1024,128,0,99.36481202021241,98.70315792853027,12634.908478008583,128,10.13066301372801,236.183,18.168,18.896,1.8451796875,0.541952638420208,4.33,7.415,6.423,55.8,56.2,26,Phi-3-mini-Q4,llama.cpp,"decode-only (16 prompt tokens, 128 output)"
2026-05-13T23:18:42.596664,GPU306_CPU2201,306,2201,306,2201,long_medium,decode,1024,128,1,98.99766510352492,98.81785620319269,12649.103980045766,128,10.11929384104382,236.988,18.23,19.794,1.85146875,0.5401117356153055,4.33,7.477,6.423,56.3,57.5,26,Phi-3-mini-Q4,llama.cpp,"decode-only (16 prompt tokens, 128 output)"
2026-05-13T23:18:56.035816,GPU306_CPU2201,306,2201,306,2201,long_medium,decode,1024,128,2,99.48233491741121,98.66914120466103,12630.711091915146,128,10.13402959410038,236.387,18.184,18.895,1.8467734375,0.541484937834991,4.33,7.431,6.423,55.9,56.6,26,Phi-3-mini-Q4,llama.cpp,"decode-only (16 prompt tokens, 128 output)"
2026-05-13T23:19:49.017128,GPU306_CPU2201,306,2201,306,2201,long_long,decode,1024,512,0,98.76929013989866,101.89569863598291,52168.39613113552,512,9.814371112981647,961.297,18.486,18.996,1.877533203125,0.5326137499648912,4.376,7.603,6.507,57.5,57.9,104,Phi-3-mini-Q4,llama.cpp,"decode-only (16 prompt tokens, 512 output)"
2026-05-13T23:20:34.174440,GPU306_CPU2201,306,2201,306,2201,long_long,decode,1024,512,1,100.28053494170308,101.46926230825912,44344.62531399913,436,9.832082172591035,812.84,18.474,18.996,1.8643119266055046,0.536390925643423,4.377,7.584,6.512,57.4,58.0,88,Phi-3-mini-Q4,llama.cpp,"decode-only (16 prompt tokens, 512 output)"
2026-05-13T23:21:27.364603,GPU306_CPU2201,306,2201,306,2201,long_long,decode,1024,512,2,99.72113207913935,102.29980991378703,52375.871589174494,512,9.775493647457022,961.066,18.482,18.996,1.87708203125,0.5327417679951221,4.38,7.588,6.514,57.2,58.1,104,Phi-3-mini-Q4,llama.cpp,"decode-only (16 prompt tokens, 512 output)"
2026-05-13T23:21:48.845147,GPU612_CPU1036,612,1036,612,1036,short_short,prefill,128,64,0,187.75053601711988,187.79776501469314,187.79776501469314,1,5.32487700224633,4.999,9.998,9.998,4.999,0.20004000800160032,3.592,1.198,5.208,53.8,53.8,1,Phi-3-mini-Q4,llama.cpp,prefill-only (1 output token)
2026-05-13T23:21:49.842252,GPU612_CPU1036,612,1036,612,1036,short_short,prefill,128,64,1,187.79824813827872,187.84438911825418,187.84438911825418,1,5.323555335850182,4.449,8.898,8.898,4.449,0.22476961114857272,3.193,0.798,4.907,53.9,53.9,1,Phi-3-mini-Q4,llama.cpp,prefill-only (1 output token)
2026-05-13T23:21:50.838966,GPU612_CPU1036,612,1036,612,1036,short_short,prefill,128,64,2,187.25306703709066,187.29725712910295,187.29725712910295,1,5.339106484141974,4.399,8.798,8.798,4.399,0.22732439190725165,3.193,0.798,4.807,53.8,53.8,1,Phi-3-mini-Q4,llama.cpp,prefill-only (1 output token)
2026-05-13T23:21:51.836021,GPU612_CPU1036,612,1036,612,1036,short_long,prefill,128,256,0,187.53785314038396,187.58431496098638,187.58431496098638,1,5.330936119088523,4.399,8.798,8.798,4.399,0.22732439190725165,3.193,0.798,4.807,53.5,53.5,1,Phi-3-mini-Q4,llama.cpp,prefill-only (1 output token)
2026-05-13T23:21:52.832661,GPU612_CPU1036,612,1036,612,1036,short_long,prefill,128,256,1,187.58585304021835,187.63362616300583,187.63362616300583,1,5.329535118248233,4.449,8.898,8.898,4.449,0.22476961114857272,3.193,0.798,4.907,53.6,53.6,1,Phi-3-mini-Q4,llama.cpp,prefill-only (1 output token)
2026-05-13T23:21:53.829297,GPU612_CPU1036,612,1036,612,1036,short_long,prefill,128,256,2,187.62060604058206,187.6686669420451,187.6686669420451,1,5.328540007740424,4.449,8.898,8.898,4.449,0.22476961114857272,3.193,0.798,4.907,53.6,53.6,1,Phi-3-mini-Q4,llama.cpp,prefill-only (1 output token)
2026-05-13T23:22:02.996204,GPU612_CPU1036,612,1036,612,1036,medium_medium,prefill,512,128,0,8355.885843979195,8355.885843979195,8355.885843979195,0,0.0,101.188,11.904,12.094,0.0,0.0,3.193,3.828,4.883,54.3,54.5,17,Phi-3-mini-Q4,llama.cpp,
2026-05-13T23:22:04.004507,GPU612_CPU1036,612,1036,612,1036,medium_medium,prefill,512,128,1,198.85506690479815,198.85506690479815,198.85506690479815,0,0.0,4.9,9.799,9.799,0.0,0.0,3.594,1.197,5.008,53.8,53.8,1,Phi-3-mini-Q4,llama.cpp,
2026-05-13T23:22:05.010808,GPU612_CPU1036,612,1036,612,1036,medium_medium,prefill,512,128,2,197.20201683230698,197.25545379333198,197.25545379333198,1,5.069568322545432,4.449,8.898,8.898,4.449,0.22476961114857272,3.193,0.798,4.907,53.4,53.4,1,Phi-3-mini-Q4,llama.cpp,prefill-only (1 output token)
2026-05-13T23:22:17.069614,GPU612_CPU1036,612,1036,612,1036,long_medium,prefill,1024,128,0,11246.925157029182,11246.98969698511,11246.98969698511,1,0.0889126803653125,136.767,11.893,12.193,136.767,0.007311705309029225,3.193,3.784,4.916,54.1,54.5,23,Phi-3-mini-Q4,llama.cpp,prefill-only (1 output token)
2026-05-13T23:22:18.087039,GPU612_CPU1036,612,1036,612,1036,long_medium,prefill,1024,128,1,208.31947191618383,208.38618790730834,208.38618790730834,1,4.798782539487728,4.848,9.696,9.696,4.848,0.20627062706270627,3.592,1.197,4.907,53.5,53.5,1,Phi-3-mini-Q4,llama.cpp,prefill-only (1 output token)
2026-05-13T23:22:19.102840,GPU612_CPU1036,612,1036,612,1036,long_medium,prefill,1024,128,2,206.60364208742976,206.67074201628566,206.67074201628566,1,4.838614262686491,4.848,9.696,9.696,4.848,0.20627062706270627,3.592,1.197,4.907,53.4,53.4,1,Phi-3-mini-Q4,llama.cpp,prefill-only (1 output token)
2026-05-13T23:22:20.119485,GPU612_CPU1036,612,1036,612,1036,long_long,prefill,1024,512,0,206.8984431680292,206.8984431680292,206.8984431680292,0,0.0,4.898,9.797,9.797,0.0,0.0,3.592,1.197,5.008,53.2,53.2,1,Phi-3-mini-Q4,llama.cpp,
2026-05-13T23:22:21.135665,GPU612_CPU1036,612,1036,612,1036,long_long,prefill,1024,512,1,206.96314587257802,206.96314587257802,206.96314587257802,0,0.0,4.648,9.297,9.297,0.0,0.0,3.592,0.798,4.907,53.2,53.2,1,Phi-3-mini-Q4,llama.cpp,
2026-05-13T23:22:22.151710,GPU612_CPU1036,612,1036,612,1036,long_long,prefill,1024,512,2,206.5935709979385,206.5935709979385,206.5935709979385,0,0.0,4.648,9.297,9.297,0.0,0.0,3.592,0.798,4.907,53.2,53.2,1,Phi-3-mini-Q4,llama.cpp,
2026-05-13T23:22:34.853277,GPU612_CPU1036,612,1036,612,1036,short_short,decode,128,64,0,188.15668602474034,185.72784947704466,11889.27621114999,64,5.3830021999135305,138.516,11.543,11.806,2.1643125,0.46204048629761185,3.892,1.946,5.705,53.6,53.9,24,Phi-3-mini-Q4,llama.cpp,"decode-only (16 prompt tokens, 64 output)"
2026-05-13T23:22:47.573011,GPU612_CPU1036,612,1036,612,1036,short_short,decode,128,64,1,186.97400693781674,186.0345639214511,11907.407549908385,64,5.374805534433262,138.082,11.507,11.807,2.15753125,0.46349270723193464,3.843,1.963,5.701,53.3,53.7,24,Phi-3-mini-Q4,llama.cpp,"decode-only (16 prompt tokens, 64 output)"
2026-05-13T23:23:00.278383,GPU612_CPU1036,612,1036,612,1036,short_short,decode,128,64,2,186.93301710300148,185.80932788816946,11893.179602921009,64,5.3812354758589,136.975,11.415,11.807,2.140234375,0.4672385471801424,3.776,1.946,5.693,53.2,53.6,24,Phi-3-mini-Q4,llama.cpp,"decode-only (16 prompt tokens, 64 output)"
2026-05-13T23:23:48.830112,GPU612_CPU1036,612,1036,612,1036,short_long,decode,128,256,0,186.4102310501039,186.44432784697295,47730.67118390463,256,5.363427616880576,548.306,11.543,11.807,2.1418203125,0.466892574584265,3.833,1.988,5.723,52.9,53.4,95,Phi-3-mini-Q4,llama.cpp,"decode-only (16 prompt tokens, 256 output)"
2026-05-13T23:24:37.398890,GPU612_CPU1036,612,1036,612,1036,short_long,decode,128,256,1,188.32181906327605,186.50277005508542,47747.50742292963,256,5.361536419743284,548.234,11.542,11.807,2.1415390625,0.4669538919512471,3.836,1.983,5.722,52.5,52.9,95,Phi-3-mini-Q4,llama.cpp,"decode-only (16 prompt tokens, 256 output)"
2026-05-13T23:25:26.247048,GPU612_CPU1036,612,1036,612,1036,short_long,decode,128,256,2,189.76782402023673,187.59382161512679,48027.215028880164,256,5.3303111547496504,549.836,11.455,11.807,2.147796875,0.4655933769342131,3.767,1.975,5.713,52.2,52.6,96,Phi-3-mini-Q4,llama.cpp,"decode-only (16 prompt tokens, 256 output)"
2026-05-13T23:25:51.035855,GPU612_CPU1036,612,1036,612,1036,medium_medium,decode,512,128,0,189.2636299598962,187.27439819783794,23973.60164509155,128,5.339206094058347,274.386,11.433,11.806,2.143640625,0.4664961040286312,3.759,1.971,5.703,52.3,52.6,48,Phi-3-mini-Q4,llama.cpp,"decode-only (16 prompt tokens, 128 output)"
2026-05-13T23:26:15.824604,GPU612_CPU1036,612,1036,612,1036,medium_medium,decode,512,128,1,188.1125420331955,187.28269381067298,23973.52710715495,128,5.339222694594578,273.284,11.387,11.806,2.13503125,0.46837721930299614,3.717,1.971,5.699,52.1,52.4,48,Phi-3-mini-Q4,llama.cpp,"decode-only (16 prompt tokens, 128 output)"
2026-05-13T23:26:40.646289,GPU612_CPU1036,612,1036,612,1036,medium_medium,decode,512,128,2,188.41416807845235,187.53974808666004,24006.458435207605,128,5.3318985116220485,274.888,11.454,11.806,2.1475625,0.4656441896335963,3.784,1.971,5.699,51.8,52.1,48,Phi-3-mini-Q4,llama.cpp,"decode-only (16 prompt tokens, 128 output)"
2026-05-13T23:27:05.452331,GPU612_CPU1036,612,1036,612,1036,long_medium,decode,1024,128,0,188.13352100551128,187.41921199060332,23990.867975866422,128,5.33536344448902,275.14,11.464,11.806,2.14953125,0.465217707348986,3.784,1.979,5.701,51.8,52.1,48,Phi-3-mini-Q4,llama.cpp,"decode-only (16 prompt tokens, 128 output)"
2026-05-13T23:27:30.248712,GPU612_CPU1036,612,1036,612,1036,long_medium,decode,1024,128,1,187.40329705178738,187.34305541720389,23980.450059985742,128,5.337681306222995,275.139,11.464,11.807,2.1495234375,0.4652193981950941,3.792,1.971,5.701,51.8,52.1,48,Phi-3-mini-Q4,llama.cpp,"decode-only (16 prompt tokens, 128 output)"
2026-05-13T23:27:55.051728,GPU612_CPU1036,612,1036,612,1036,long_medium,decode,1024,128,2,187.6046669203788,187.39642625982603,23987.443893915042,128,5.336125039670029,273.638,11.402,11.707,2.137796875,0.46777128907534776,3.734,1.971,5.697,51.7,52.0,48,Phi-3-mini-Q4,llama.cpp,"decode-only (16 prompt tokens, 128 output)"
2026-05-13T23:29:34.367344,GPU612_CPU1036,612,1036,612,1036,long_long,decode,1024,512,0,187.64825211837888,192.35364374123264,98482.26416599937,512,5.198905654087978,1120.664,11.494,11.807,2.188796875,0.456871997315877,3.783,1.99,5.721,51.7,52.1,195,Phi-3-mini-Q4,llama.cpp,"decode-only (16 prompt tokens, 512 output)"
2026-05-13T23:30:40.680867,GPU612_CPU1036,612,1036,612,1036,long_long,decode,1024,512,1,189.73353412002325,189.80289743425809,65488.33435005508,344,5.252843936466841,744.006,11.446,11.807,2.1628081395348837,0.4623618626731505,3.743,1.987,5.716,51.7,52.1,130,Phi-3-mini-Q4,llama.cpp,"decode-only (16 prompt tokens, 512 output)"
2026-05-13T23:32:19.909203,GPU612_CPU1036,612,1036,612,1036,long_long,decode,1024,512,2,188.90958302654326,192.1810612894427,98395.34265501425,512,5.20349831795528,1121.448,11.502,12.205,2.190328125,0.4565525998530471,3.789,1.992,5.721,51.7,52.1,195,Phi-3-mini-Q4,llama.cpp,"decode-only (16 prompt tokens, 512 output)"
2026-05-13T23:32:37.228314,GPU612_CPU1497,612,1497,612,1497,short_short,prefill,128,64,0,135.1683500688523,135.20809216424823,135.20809216424823,1,7.3960070288190956,5.399,10.798,10.798,5.399,0.18521948508983144,3.594,1.996,5.208,51.6,51.6,1,Phi-3-mini-Q4,llama.cpp,prefill-only (1 output token)
2026-05-13T23:32:38.171592,GPU612_CPU1497,612,1497,612,1497,short_short,prefill,128,64,1,135.3941299021244,135.4342228733003,135.4342228733003,1,7.383658124102851,4.798,9.596,9.596,4.798,0.20842017507294705,3.193,1.596,4.807,51.7,51.7,1,Phi-3-mini-Q4,llama.cpp,prefill-only (1 output token)
2026-05-13T23:32:39.114866,GPU612_CPU1497,612,1497,612,1497,short_short,prefill,128,64,2,135.54948288947344,135.58740098960698,135.58740098960698,1,7.375316531634469,4.548,9.097,9.097,4.548,0.2198768689533861,3.193,1.197,4.707,51.1,51.1,1,Phi-3-mini-Q4,llama.cpp,prefill-only (1 output token)
2026-05-13T23:32:40.057772,GPU612_CPU1497,612,1497,612,1497,short_long,prefill,128,256,0,135.19226107746363,135.2328988723457,135.2328988723457,1,7.394650327979429,4.548,9.097,9.097,4.548,0.2198768689533861,3.193,1.197,4.707,51.1,51.1,1,Phi-3-mini-Q4,llama.cpp,prefill-only (1 output token)
2026-05-13T23:32:41.000901,GPU612_CPU1497,612,1497,612,1497,short_long,prefill,128,256,1,135.49806806258857,135.53739408962429,135.53739408962429,1,7.378037675261401,4.548,9.097,9.097,4.548,0.2198768689533861,3.193,1.197,4.707,51.2,51.2,1,Phi-3-mini-Q4,llama.cpp,prefill-only (1 output token)
2026-05-13T23:32:41.944019,GPU612_CPU1497,612,1497,612,1497,short_long,prefill,128,256,2,135.2951091248542,135.33491408452392,135.33491408452392,1,7.389076254006755,4.548,9.097,9.097,4.548,0.2198768689533861,3.193,1.197,4.707,51.1,51.1,1,Phi-3-mini-Q4,llama.cpp,prefill-only (1 output token)
2026-05-13T23:32:48.419318,GPU612_CPU1497,612,1497,612,1497,medium_medium,prefill,512,128,0,5662.862914148718,5662.862914148718,5662.862914148718,0,0.0,87.97,14.662,15.386,0.0,0.0,3.193,6.586,4.882,52.9,53.2,12,Phi-3-mini-Q4,llama.cpp,
2026-05-13T23:32:49.371849,GPU612_CPU1497,612,1497,612,1497,medium_medium,prefill,512,128,1,144.92617803625762,144.97206290252507,144.97206290252507,1,6.897880736320697,4.798,9.596,9.596,4.798,0.20842017507294705,3.193,1.596,4.807,51.4,51.4,1,Phi-3-mini-Q4,llama.cpp,prefill-only (1 output token)
2026-05-13T23:32:50.321760,GPU612_CPU1497,612,1497,612,1497,medium_medium,prefill,512,128,2,142.56425597704947,142.60966097936034,142.60966097936034,1,7.012147656284859,4.548,9.097,9.097,4.548,0.2198768689533861,3.193,1.197,4.707,51.5,51.5,1,Phi-3-mini-Q4,llama.cpp,prefill-only (1 output token)
2026-05-13T23:32:58.723399,GPU612_CPU1497,612,1497,612,1497,long_medium,prefill,1024,128,0,7592.866976978257,7592.917982023209,7592.917982023209,1,0.13170167284403353,118.191,14.774,15.386,118.191,0.008460881116159436,3.193,6.686,4.895,53.1,53.6,16,Phi-3-mini-Q4,llama.cpp,prefill-only (1 output token)
2026-05-13T23:32:59.682256,GPU612_CPU1497,612,1497,612,1497,long_medium,prefill,1024,128,1,151.3503680471331,151.39999706298113,151.39999706298113,1,6.605019943190675,4.998,9.996,9.996,4.998,0.2000800320128051,3.193,1.996,4.807,51.5,51.5,1,Phi-3-mini-Q4,llama.cpp,prefill-only (1 output token)
2026-05-13T23:33:00.640855,GPU612_CPU1497,612,1497,612,1497,long_medium,prefill,1024,128,2,150.9000330697745,150.9000330697745,150.9000330697745,0,0.0,4.598,9.197,9.197,0.0,0.0,3.193,1.197,4.807,51.5,51.5,1,Phi-3-mini-Q4,llama.cpp,
2026-05-13T23:33:01.599970,GPU612_CPU1497,612,1497,612,1497,long_long,prefill,1024,512,0,151.20468707755208,151.25265205278993,151.25265205278993,1,6.6114543211512204,4.598,9.197,9.197,4.598,0.21748586341887777,3.193,1.197,4.807,51.4,51.4,1,Phi-3-mini-Q4,llama.cpp,prefill-only (1 output token)
2026-05-13T23:33:02.558335,GPU612_CPU1497,612,1497,612,1497,long_long,prefill,1024,512,1,150.80122789368033,150.80122789368033,150.80122789368033,0,0.0,4.598,9.197,9.197,0.0,0.0,3.193,1.197,4.807,51.4,51.4,1,Phi-3-mini-Q4,llama.cpp,
2026-05-13T23:33:03.516716,GPU612_CPU1497,612,1497,612,1497,long_long,prefill,1024,512,2,150.9286779910326,150.97894705832005,150.97894705832005,1,6.623440019181752,4.598,9.197,9.197,4.598,0.21748586341887777,3.193,1.197,4.807,51.3,51.3,1,Phi-3-mini-Q4,llama.cpp,prefill-only (1 output token)
2026-05-13T23:33:12.906024,GPU612_CPU1497,612,1497,612,1497,short_short,decode,128,64,0,135.97989594563842,134.032068681711,8580.187666928396,64,7.459044310497142,116.277,12.92,13.703,1.816828125,0.5504097972943919,3.948,3.06,5.912,52.0,52.3,18,Phi-3-mini-Q4,llama.cpp,"decode-only (16 prompt tokens, 64 output)"
2026-05-13T23:33:22.291651,GPU612_CPU1497,612,1497,612,1497,short_short,decode,128,64,1,134.8023689351976,133.9904836172031,8576.384329004213,64,7.462352145712541,116.378,12.931,13.703,1.81840625,0.5499321177542147,3.948,3.06,5.923,52.0,52.2,18,Phi-3-mini-Q4,llama.cpp,"decode-only (16 prompt tokens, 64 output)"
2026-05-13T23:33:31.681708,GPU612_CPU1497,612,1497,612,1497,short_short,decode,128,64,2,135.4093630798161,134.05034322262046,8580.770542146638,64,7.458537631981617,116.476,12.942,13.703,1.8199375,0.5494694185926715,3.948,3.082,5.912,52.0,52.2,18,Phi-3-mini-Q4,llama.cpp,"decode-only (16 prompt tokens, 64 output)"
2026-05-13T23:34:06.980418,GPU612_CPU1497,612,1497,612,1497,short_long,decode,128,256,0,134.99367190524936,134.70203939222677,34484.69856986776,256,7.423582360197551,455.528,13.204,13.703,1.77940625,0.5619852127640891,3.986,3.21,6.007,52.2,52.6,69,Phi-3-mini-Q4,llama.cpp,"decode-only (16 prompt tokens, 256 output)"
2026-05-13T23:34:42.312416,GPU612_CPU1497,612,1497,612,1497,short_long,decode,128,256,1,135.910825105384,134.82990281510294,34518.20739195682,256,7.416375859067677,455.728,13.21,13.703,1.7801875,0.56173858090791,3.986,3.216,6.007,52.3,52.8,69,Phi-3-mini-Q4,llama.cpp,"decode-only (16 prompt tokens, 256 output)"
2026-05-13T23:35:17.668440,GPU612_CPU1497,612,1497,612,1497,short_long,decode,128,256,2,136.24560902826488,134.92351708586747,34542.41903196089,256,7.411177536904181,455.482,13.202,13.703,1.7792265625,0.5620419687276336,3.986,3.205,6.012,52.4,53.2,69,Phi-3-mini-Q4,llama.cpp,"decode-only (16 prompt tokens, 256 output)"
2026-05-13T23:35:35.647938,GPU612_CPU1497,612,1497,612,1497,medium_medium,decode,512,128,0,136.0481020528823,134.10909153616393,17168.24545711279,128,7.45562499789224,229.624,13.121,13.706,1.7939375,0.5574330209385778,3.97,3.171,5.981,52.6,53.0,35,Phi-3-mini-Q4,llama.cpp,"decode-only (16 prompt tokens, 128 output)"
2026-05-13T23:35:53.649281,GPU612_CPU1497,612,1497,612,1497,medium_medium,decode,512,128,1,135.7083860784769,134.28615327506495,17190.389862982556,128,7.446020772084562,229.515,13.115,13.706,1.7930859375,0.5576977539594362,3.969,3.159,5.987,52.5,52.9,35,Phi-3-mini-Q4,llama.cpp,"decode-only (16 prompt tokens, 128 output)"
2026-05-13T23:36:11.622100,GPU612_CPU1497,612,1497,612,1497,medium_medium,decode,512,128,2,135.32060803845525,134.06590252792037,17162.03427221626,128,7.4583232948800315,229.365,13.107,13.706,1.7919140625,0.5580624768382273,3.969,3.148,5.99,52.6,52.9,35,Phi-3-mini-Q4,llama.cpp,"decode-only (16 prompt tokens, 128 output)"
2026-05-13T23:36:29.557524,GPU612_CPU1497,612,1497,612,1497,long_medium,decode,1024,128,0,135.0333970040083,133.77109016511795,17124.309985898435,128,7.474753733458792,229.613,13.121,13.703,1.7938515625,0.5574597257123943,3.969,3.159,5.993,52.6,52.9,35,Phi-3-mini-Q4,llama.cpp,"decode-only (16 prompt tokens, 128 output)"
2026-05-13T23:36:47.519016,GPU612_CPU1497,612,1497,612,1497,long_medium,decode,1024,128,1,135.01928793266416,133.97667751332202,17150.399134960026,128,7.463383154685883,229.366,13.107,13.703,1.791921875,0.5580600437728347,3.969,3.148,5.99,52.7,53.3,35,Phi-3-mini-Q4,llama.cpp,"decode-only (16 prompt tokens, 128 output)"
2026-05-13T23:37:05.476192,GPU612_CPU1497,612,1497,612,1497,long_medium,decode,1024,128,2,135.10555610992014,133.94387565391858,17146.319375140592,128,7.465158976659413,229.466,13.112,13.703,1.792703125,0.5578168443255209,3.969,3.148,5.995,52.6,53.0,35,Phi-3-mini-Q4,llama.cpp,"decode-only (16 prompt tokens, 128 output)"
2026-05-13T23:38:16.815404,GPU612_CPU1497,612,1497,612,1497,long_long,decode,1024,512,0,134.99519601464272,137.73443050493,70518.63908604719,512,7.260491788210137,931.58,13.308,13.706,1.8194921875,0.5496038987526568,3.989,3.236,6.083,52.7,53.2,140,Phi-3-mini-Q4,llama.cpp,"decode-only (16 prompt tokens, 512 output)"
2026-05-13T23:39:28.288237,GPU612_CPU1497,612,1497,612,1497,long_long,decode,1024,512,1,136.3233949523419,137.99413816443845,70652.64295903035,512,7.2467211212027225,936.298,13.281,13.706,1.82870703125,0.5468344480069379,3.987,3.216,6.078,52.8,53.1,141,Phi-3-mini-Q4,llama.cpp,"decode-only (16 prompt tokens, 512 output)"
2026-05-13T23:40:39.692170,GPU612_CPU1497,612,1497,612,1497,long_long,decode,1024,512,2,137.01407983899117,137.85840597672575,70584.04284482822,512,7.253764156377094,931.96,13.314,13.706,1.820234375,0.5493798017082278,3.989,3.228,6.097,53.1,53.6,140,Phi-3-mini-Q4,llama.cpp,"decode-only (16 prompt tokens, 512 output)"
2026-05-13T23:40:54.097830,GPU612_CPU2201,612,2201,612,2201,short_short,prefill,128,64,0,100.01520905643702,100.04506399855018,100.04506399855018,1,9.995495629994217,6.448,12.895,12.895,6.448,0.15508684863523572,3.594,3.993,5.308,53.0,53.0,1,Phi-3-mini-Q4,llama.cpp,prefill-only (1 output token)
2026-05-13T23:40:55.005486,GPU612_CPU2201,612,2201,612,2201,short_short,prefill,128,64,1,100.92965187504888,100.96046607941389,100.96046607941389,1,9.904867111186036,5.398,10.795,10.795,5.398,0.1852537977028529,3.194,2.794,4.807,53.0,53.0,1,Phi-3-mini-Q4,llama.cpp,prefill-only (1 output token)
2026-05-13T23:40:55.913011,GPU612_CPU2201,612,2201,612,2201,short_short,prefill,128,64,2,100.87279207073152,100.87279207073152,100.87279207073152,0,0.0,7.694,15.387,15.387,0.0,0.0,3.592,6.387,5.408,54.2,54.2,1,Phi-3-mini-Q4,llama.cpp,
2026-05-13T23:40:56.819675,GPU612_CPU2201,612,2201,612,2201,short_long,prefill,128,256,0,99.77733809500933,99.80824799276888,99.80824799276888,1,10.019212040195818,5.398,10.796,10.796,5.398,0.1852537977028529,3.194,2.795,4.807,52.8,52.8,1,Phi-3-mini-Q4,llama.cpp,prefill-only (1 output token)
2026-05-13T23:40:57.726343,GPU612_CPU2201,612,2201,612,2201,short_long,prefill,128,256,1,100.11696699075401,100.14762100763619,100.14762100763619,1,9.985259659076181,5.148,10.297,10.297,5.148,0.19425019425019427,3.194,2.396,4.707,52.8,52.8,1,Phi-3-mini-Q4,llama.cpp,prefill-only (1 output token)
2026-05-13T23:40:58.632229,GPU612_CPU2201,612,2201,612,2201,short_long,prefill,128,256,2,99.36872380785644,99.39988981932402,99.39988981932402,1,10.060373324534543,5.148,10.297,10.297,5.148,0.19425019425019427,3.194,2.396,4.707,52.7,52.7,1,Phi-3-mini-Q4,llama.cpp,prefill-only (1 output token)
2026-05-13T23:41:03.372210,GPU612_CPU2201,612,2201,612,2201,medium_medium,prefill,512,128,0,3932.911918964237,3932.911918964237,3932.911918964237,0,0.0,98.119,24.53,27.063,0.0,0.0,3.542,15.967,5.02,57.6,58.4,8,Phi-3-mini-Q4,llama.cpp,
2026-05-13T23:41:04.285799,GPU612_CPU2201,612,2201,612,2201,medium_medium,prefill,512,128,1,107.03826183453202,107.03826183453202,107.03826183453202,0,0.0,5.748,11.495,11.495,0.0,0.0,3.194,3.594,4.707,53.5,53.5,1,Phi-3-mini-Q4,llama.cpp,
2026-05-13T23:41:05.198385,GPU612_CPU2201,612,2201,612,2201,medium_medium,prefill,512,128,2,106.2158141285181,106.24957201071084,106.24957201071084,1,9.411802617889055,5.148,10.295,10.295,5.148,0.19425019425019427,3.193,2.395,4.707,53.1,53.1,1,Phi-3-mini-Q4,llama.cpp,prefill-only (1 output token)
2026-05-13T23:41:11.316259,GPU612_CPU2201,612,2201,612,2201,long_medium,prefill,1024,128,0,5310.8238079585135,5310.8238079585135,5310.8238079585135,0,0.0,137.661,25.029,27.063,0.0,0.0,3.519,16.438,5.072,58.1,58.7,11,Phi-3-mini-Q4,llama.cpp,
2026-05-13T23:41:12.249773,GPU612_CPU2201,612,2201,612,2201,long_medium,prefill,1024,128,1,127.13357014581561,127.17075203545392,127.17075203545392,1,7.863443315340387,5.796,11.593,11.593,5.796,0.1725327812284334,3.194,3.592,4.807,53.6,53.6,1,Phi-3-mini-Q4,llama.cpp,prefill-only (1 output token)
2026-05-13T23:41:13.169017,GPU612_CPU2201,612,2201,612,2201,long_medium,prefill,1024,128,2,112.92118788696826,112.92118788696826,112.92118788696826,0,0.0,5.148,10.295,10.295,0.0,0.0,3.193,2.395,4.707,53.3,53.3,1,Phi-3-mini-Q4,llama.cpp,
2026-05-13T23:41:14.087606,GPU612_CPU2201,612,2201,612,2201,long_long,prefill,1024,512,0,112.23991704173386,112.23991704173386,112.23991704173386,0,0.0,5.148,10.296,10.296,0.0,0.0,3.194,2.395,4.707,53.2,53.2,1,Phi-3-mini-Q4,llama.cpp,
2026-05-13T23:41:15.007019,GPU612_CPU2201,612,2201,612,2201,long_long,prefill,1024,512,1,112.83399607054889,112.83399607054889,112.83399607054889,0,0.0,5.148,10.295,10.295,0.0,0.0,3.193,2.395,4.707,53.1,53.1,1,Phi-3-mini-Q4,llama.cpp,
2026-05-13T23:41:15.925726,GPU612_CPU2201,612,2201,612,2201,long_long,prefill,1024,512,2,112.16552322730422,112.20270511694252,112.20270511694252,1,8.912441094515115,5.148,10.297,10.297,5.148,0.19425019425019427,3.194,2.396,4.707,53.0,53.0,1,Phi-3-mini-Q4,llama.cpp,prefill-only (1 output token)
2026-05-13T23:41:23.050882,GPU612_CPU2201,612,2201,612,2201,short_short,decode,128,64,0,100.35165608860552,98.68391693407108,6317.569230915979,64,10.130478616175084,116.472,17.919,18.895,1.819875,0.54948828903084,4.299,7.308,6.311,55.3,56.1,13,Phi-3-mini-Q4,llama.cpp,"decode-only (16 prompt tokens, 64 output)"
2026-05-13T23:41:30.156119,GPU612_CPU2201,612,2201,612,2201,short_short,decode,128,64,1,99.00908498093486,98.39160536741099,6297.8142311330885,64,10.162255927400587,117.016,18.002,18.895,1.828375,0.5469337526492103,4.299,7.338,6.365,55.1,55.4,13,Phi-3-mini-Q4,llama.cpp,"decode-only (16 prompt tokens, 64 output)"
2026-05-13T23:41:37.259829,GPU612_CPU2201,612,2201,612,2201,short_short,decode,128,64,2,99.01750483550131,98.36915373018691,6296.403878834099,64,10.164532204667093,117.766,18.118,18.895,1.84009375,0.5434505714722415,4.299,7.431,6.388,55.1,55.5,13,Phi-3-mini-Q4,llama.cpp,"decode-only (16 prompt tokens, 64 output)"
2026-05-13T23:42:00.623766,GPU612_CPU2201,612,2201,612,2201,short_long,decode,128,256,0,99.20582012273371,98.48633208742882,22554.584125988185,228,10.108809753547634,413.988,18.399,18.895,1.815736842105263,0.5507406011768458,4.364,7.575,6.46,55.3,55.7,45,Phi-3-mini-Q4,llama.cpp,"decode-only (16 prompt tokens, 256 output)"
2026-05-13T23:42:26.752274,GPU612_CPU2201,612,2201,612,2201,short_long,decode,128,256,1,102.64678881503642,98.88573550600924,25318.96214792505,256,10.110998962134781,468.626,18.377,18.896,1.8305703125,0.5462778420318122,4.36,7.545,6.473,55.3,55.8,51,Phi-3-mini-Q4,llama.cpp,"decode-only (16 prompt tokens, 256 output)"
2026-05-13T23:42:52.902601,GPU612_CPU2201,612,2201,612,2201,short_long,decode,128,256,2,102.30676410719752,98.97212021911115,25340.664593037218,256,10.102339623339649,468.473,18.371,18.895,1.82997265625,0.5464562525481724,4.36,7.537,6.475,55.9,56.3,51,Phi-3-mini-Q4,llama.cpp,"decode-only (16 prompt tokens, 256 output)"
2026-05-13T23:43:06.319349,GPU612_CPU2201,612,2201,612,2201,medium_medium,decode,512,128,0,100.06966418586671,98.48845334481595,12608.344953041524,128,10.152006506541719,235.184,18.091,18.895,1.837375,0.5442547112048439,4.314,7.354,6.423,55.9,56.3,26,Phi-3-mini-Q4,llama.cpp,"decode-only (16 prompt tokens, 128 output)"
2026-05-13T23:43:19.744621,GPU612_CPU2201,612,2201,612,2201,medium_medium,decode,512,128,1,99.67519901692867,98.5577457151779,12616.747259860858,128,10.145245629768732,235.688,18.13,18.895,1.8413125,0.5430908658904994,4.33,7.385,6.416,56.0,56.4,26,Phi-3-mini-Q4,llama.cpp,"decode-only (16 prompt tokens, 128 output)"
2026-05-13T23:43:33.177391,GPU612_CPU2201,612,2201,612,2201,medium_medium,decode,512,128,2,101.45030613057315,98.60405716568408,12624.407824128866,128,10.139089435573784,235.542,18.119,18.895,1.840171875,0.5434274991296669,4.33,7.369,6.419,56.1,56.4,26,Phi-3-mini-Q4,llama.cpp,"decode-only (16 prompt tokens, 128 output)"
2026-05-13T23:43:46.590450,GPU612_CPU2201,612,2201,612,2201,long_medium,decode,1024,128,0,99.69505481421947,98.46151576516783,12604.569716844708,128,10.155047167452388,235.484,18.114,18.896,1.83971875,0.543561345993783,4.314,7.385,6.415,56.1,56.5,26,Phi-3-mini-Q4,llama.cpp,"decode-only (16 prompt tokens, 128 output)"
2026-05-13T23:44:00.011803,GPU612_CPU2201,612,2201,612,2201,long_medium,decode,1024,128,1,99.56591902300715,98.52949204656669,12613.055458990857,128,10.148215110618485,235.746,18.134,18.896,1.841765625,0.5429572506002223,4.33,7.385,6.419,56.2,57.1,26,Phi-3-mini-Q4,llama.cpp,"decode-only (16 prompt tokens, 128 output)"
2026-05-13T23:44:13.452876,GPU612_CPU2201,612,2201,612,2201,long_medium,decode,1024,128,2,99.39697594381869,98.68550843258542,12632.696629036218,128,10.132436783591585,236.041,18.157,18.899,1.8440703125,0.54227867192564,4.33,7.4,6.427,56.1,56.5,26,Phi-3-mini-Q4,llama.cpp,"decode-only (16 prompt tokens, 128 output)"
2026-05-13T23:45:06.781697,GPU612_CPU2201,612,2201,612,2201,long_long,decode,1024,512,0,100.55336495861411,102.57186709607927,52515.68661490455,512,9.749467882891366,968.608,18.45,18.996,1.8918125,0.5285936106247316,4.376,7.573,6.501,56.3,57.4,105,Phi-3-mini-Q4,llama.cpp,"decode-only (16 prompt tokens, 512 output)"
2026-05-13T23:45:59.995264,GPU612_CPU2201,612,2201,612,2201,long_long,decode,1024,512,1,100.82592302933335,102.34504465356382,52400.07930411957,512,9.770977578649347,963.013,18.519,19.0,1.880884765625,0.5316646815775072,4.38,7.615,6.525,57.1,57.7,104,Phi-3-mini-Q4,llama.cpp,"decode-only (16 prompt tokens, 512 output)"
2026-05-13T23:46:53.324482,GPU612_CPU2201,612,2201,612,2201,long_long,decode,1024,512,2,102.31642401777208,102.5693873499398,52516.19148394093,512,9.749374155522414,969.424,18.465,19.0,1.89340625,0.5281486738516893,4.376,7.585,6.504,56.5,57.2,105,Phi-3-mini-Q4,llama.cpp,"decode-only (16 prompt tokens, 512 output)"
2026-05-13T23:47:14.757436,GPU918_CPU1036,918,1036,918,1036,short_short,prefill,128,64,0,187.25927080959082,187.30893195606768,187.30893195606768,1,5.3387737015901875,4.998,9.997,9.997,4.998,0.2000800320128051,3.592,1.197,5.208,53.9,53.9,1,Phi-3-mini-Q4,llama.cpp,prefill-only (1 output token)
2026-05-13T23:47:15.754250,GPU918_CPU1036,918,1036,918,1036,short_short,prefill,128,64,1,187.7056781668216,187.758123036474,187.758123036474,1,5.326001260705719,4.898,9.797,9.797,4.898,0.2041649652919559,3.592,1.197,5.008,54.1,54.1,1,Phi-3-mini-Q4,llama.cpp,prefill-only (1 output token)
2026-05-13T23:47:16.750651,GPU918_CPU1036,918,1036,918,1036,short_short,prefill,128,64,2,187.29571904987097,187.34467611648142,187.34467611648142,1,5.337755097872387,4.449,8.898,8.898,4.449,0.22476961114857272,3.193,0.798,4.907,53.8,53.8,1,Phi-3-mini-Q4,llama.cpp,prefill-only (1 output token)
2026-05-13T23:47:17.747112,GPU918_CPU1036,918,1036,918,1036,short_long,prefill,128,256,0,187.1662549674511,187.21402902156115,187.21402902156115,1,5.341480044130836,4.399,8.798,8.798,4.399,0.22732439190725165,3.193,0.798,4.807,53.6,53.6,1,Phi-3-mini-Q4,llama.cpp,prefill-only (1 output token)
2026-05-13T23:47:18.743596,GPU918_CPU1036,918,1036,918,1036,short_long,prefill,128,256,1,187.23825202323496,187.28903285227716,187.28903285227716,1,5.339340936149436,4.399,8.798,8.798,4.399,0.22732439190725165,3.193,0.798,4.807,53.9,53.9,1,Phi-3-mini-Q4,llama.cpp,prefill-only (1 output token)
2026-05-13T23:47:19.740194,GPU918_CPU1036,918,1036,918,1036,short_long,prefill,128,256,2,187.1817430946976,187.22977209836245,187.22977209836245,1,5.341030909735035,4.399,8.798,8.798,4.399,0.22732439190725165,3.193,0.798,4.807,53.5,53.5,1,Phi-3-mini-Q4,llama.cpp,prefill-only (1 output token)
2026-05-13T23:47:28.908883,GPU918_CPU1036,918,1036,918,1036,medium_medium,prefill,512,128,0,8357.618664158508,8357.618664158508,8357.618664158508,0,0.0,101.089,11.893,12.195,0.0,0.0,3.193,3.804,4.895,54.3,54.5,17,Phi-3-mini-Q4,llama.cpp,
2026-05-13T23:47:29.915819,GPU918_CPU1036,918,1036,918,1036,medium_medium,prefill,512,128,1,197.90309784002602,197.9604058433324,197.9604058433324,1,5.051515204466739,4.649,9.298,9.298,4.649,0.21510002151000215,3.193,1.198,4.907,53.8,53.8,1,Phi-3-mini-Q4,llama.cpp,prefill-only (1 output token)
2026-05-13T23:47:30.921849,GPU918_CPU1036,918,1036,918,1036,medium_medium,prefill,512,128,2,196.97067001834512,197.02935498207808,197.02935498207808,1,5.07538584842325,4.449,8.898,8.898,4.449,0.22476961114857272,3.193,0.798,4.907,53.4,53.4,1,Phi-3-mini-Q4,llama.cpp,prefill-only (1 output token)
2026-05-13T23:47:42.813735,GPU918_CPU1036,918,1036,918,1036,long_medium,prefill,1024,128,0,11080.120936967432,11080.120936967432,11080.120936967432,0,0.0,136.565,11.875,12.193,0.0,0.0,3.193,3.766,4.916,54.2,54.5,23,Phi-3-mini-Q4,llama.cpp,
2026-05-13T23:47:43.833144,GPU918_CPU1036,918,1036,918,1036,long_medium,prefill,1024,128,1,210.22478095255792,210.28925711289048,210.28925711289048,1,4.755354665897962,4.848,9.696,9.696,4.848,0.20627062706270627,3.592,1.197,4.907,53.7,53.7,1,Phi-3-mini-Q4,llama.cpp,prefill-only (1 output token)
2026-05-13T23:47:44.849674,GPU918_CPU1036,918,1036,918,1036,long_medium,prefill,1024,128,2,207.42925885133445,207.42925885133445,207.42925885133445,0,0.0,4.848,9.696,9.696,0.0,0.0,3.592,1.197,4.907,53.8,53.8,1,Phi-3-mini-Q4,llama.cpp,
2026-05-13T23:47:45.866161,GPU918_CPU1036,918,1036,918,1036,long_long,prefill,1024,512,0,207.1507479995489,207.2142008692026,207.2142008692026,1,4.825924071831439,4.848,9.696,9.696,4.848,0.20627062706270627,3.592,1.197,4.907,53.6,53.6,1,Phi-3-mini-Q4,llama.cpp,prefill-only (1 output token)
2026-05-13T23:47:46.883062,GPU918_CPU1036,918,1036,918,1036,long_long,prefill,1024,512,1,207.6428800355643,207.707772962749,207.707772962749,1,4.814456318778899,4.848,9.696,9.696,4.848,0.20627062706270627,3.592,1.197,4.907,53.7,53.7,1,Phi-3-mini-Q4,llama.cpp,prefill-only (1 output token)
2026-05-13T23:47:47.900001,GPU918_CPU1036,918,1036,918,1036,long_long,prefill,1024,512,2,207.67766400240362,207.74070010520518,207.74070010520518,1,4.813693221855778,4.898,9.797,9.797,4.898,0.2041649652919559,3.592,1.197,5.008,53.6,53.6,1,Phi-3-mini-Q4,llama.cpp,prefill-only (1 output token)
2026-05-13T23:48:00.607468,GPU918_CPU1036,918,1036,918,1036,short_short,decode,128,64,0,188.36112087592483,185.81742249310963,11895.118532003835,64,5.380358323274199,138.016,11.501,11.806,2.1565,0.4637143519591932,3.842,1.946,5.713,53.6,54.0,24,Phi-3-mini-Q4,llama.cpp,"decode-only (16 prompt tokens, 64 output)"
2026-05-13T23:48:13.309964,GPU918_CPU1036,918,1036,918,1036,short_short,decode,128,64,1,186.45445397123694,185.7747459998502,11890.523372916505,64,5.3824375927619155,137.367,11.447,11.806,2.146359375,0.4659052028507575,3.792,1.946,5.709,53.3,53.6,24,Phi-3-mini-Q4,llama.cpp,"decode-only (16 prompt tokens, 64 output)"
2026-05-13T23:48:26.018186,GPU918_CPU1036,918,1036,918,1036,short_short,decode,128,64,2,186.86397606506944,185.85412566816169,11895.9298459813,64,5.379991377607238,137.117,11.426,11.806,2.142453125,0.46675466936995413,3.775,1.946,5.705,53.1,53.3,24,Phi-3-mini-Q4,llama.cpp,"decode-only (16 prompt tokens, 64 output)"
2026-05-13T23:49:14.636354,GPU918_CPU1036,918,1036,918,1036,short_long,decode,128,256,0,186.6203169338405,186.70452104278786,47797.23056894727,256,5.35595884850946,549.23,11.563,11.806,2.1454296875,0.46610709538808875,3.849,1.983,5.731,52.9,53.4,95,Phi-3-mini-Q4,llama.cpp,"decode-only (16 prompt tokens, 256 output)"
2026-05-13T23:50:03.261305,GPU918_CPU1036,918,1036,918,1036,short_long,decode,128,256,1,188.2087062112987,186.72491056004574,47804.005422163755,256,5.3551997942270475,548.33,11.544,12.205,2.1419140625,0.46687213904035885,3.832,1.988,5.724,52.6,53.0,95,Phi-3-mini-Q4,llama.cpp,"decode-only (16 prompt tokens, 256 output)"
2026-05-13T23:50:52.097696,GPU918_CPU1036,918,1036,918,1036,short_long,decode,128,256,2,188.13155381940305,187.5512969881004,48014.65981686488,256,5.3317049621182875,573.536,11.949,12.805,2.240375,0.446353847012219,3.896,2.295,5.757,52.5,53.0,96,Phi-3-mini-Q4,llama.cpp,"decode-only (16 prompt tokens, 256 output)"
2026-05-13T23:51:16.924701,GPU918_CPU1036,918,1036,918,1036,medium_medium,decode,512,128,0,189.42369893193245,187.57310813461527,24011.719987960532,128,5.330730162777975,285.365,11.89,12.604,2.2294140625,0.44854835035831303,3.792,2.378,5.72,52.3,52.7,48,Phi-3-mini-Q4,llama.cpp,"decode-only (16 prompt tokens, 128 output)"
2026-05-13T23:51:41.818864,GPU918_CPU1036,918,1036,918,1036,medium_medium,decode,512,128,1,188.70717496611178,188.10842795238838,24078.974521020427,128,5.315841000133073,284.418,11.851,12.205,2.222015625,0.45004183982729645,3.8,2.337,5.714,52.2,52.6,48,Phi-3-mini-Q4,llama.cpp,"decode-only (16 prompt tokens, 128 output)"
2026-05-13T23:52:06.821532,GPU918_CPU1036,918,1036,918,1036,medium_medium,decode,512,128,2,189.56611398607492,188.95578336916628,24187.436462845653,128,5.292003565430381,287.014,11.959,12.704,2.242296875,0.44597127666246245,3.825,2.395,5.739,52.2,52.5,48,Phi-3-mini-Q4,llama.cpp,"decode-only (16 prompt tokens, 128 output)"
2026-05-13T23:52:32.263727,GPU918_CPU1036,918,1036,918,1036,long_medium,decode,1024,128,0,191.55990309081972,192.39837808651836,24626.6478439793,128,5.197621731180654,295.614,12.066,12.704,2.309484375,0.4329970840352622,3.837,2.444,5.785,52.1,52.8,49,Phi-3-mini-Q4,llama.cpp,"decode-only (16 prompt tokens, 128 output)"
2026-05-13T23:52:57.535438,GPU918_CPU1036,918,1036,918,1036,long_medium,decode,1024,128,1,188.6840728111565,191.07806528405118,24456.0857929755,128,5.233871073381879,293.965,11.999,12.704,2.2966015625,0.43542598608677907,3.821,2.428,5.75,52.0,52.6,49,Phi-3-mini-Q4,llama.cpp,"decode-only (16 prompt tokens, 128 output)"
2026-05-13T23:53:22.636927,GPU918_CPU1036,918,1036,918,1036,long_medium,decode,1024,128,2,188.84327402338386,189.73881814914836,24286.18867089972,128,5.270485284229576,291.86,11.913,12.704,2.28015625,0.4385664359624477,3.837,2.338,5.738,51.9,52.5,49,Phi-3-mini-Q4,llama.cpp,"decode-only (16 prompt tokens, 128 output)"
2026-05-13T23:55:02.018704,GPU918_CPU1036,918,1036,918,1036,long_long,decode,1024,512,0,188.239541137591,192.4809424380668,98547.94105212204,512,5.195440863946645,1150.305,11.738,12.905,2.246689453125,0.4450993432176683,3.878,2.104,5.756,51.9,52.3,196,Phi-3-mini-Q4,llama.cpp,"decode-only (16 prompt tokens, 512 output)"
2026-05-13T23:56:31.381936,GPU918_CPU1036,918,1036,918,1036,long_long,decode,1024,512,1,189.92562498897314,191.20610211905165,88532.38079184666,462,5.218429639729599,1015.213,11.537,12.206,2.1974307359307357,0.4550769148937218,3.828,1.994,5.714,51.8,52.5,176,Phi-3-mini-Q4,llama.cpp,"decode-only (16 prompt tokens, 512 output)"
2026-05-13T23:58:10.428153,GPU918_CPU1036,918,1036,918,1036,long_long,decode,1024,512,2,189.43450902588665,191.82280413287012,98212.86523295566,512,5.213166307545996,1123.018,11.518,11.806,2.19339453125,0.4559143308477691,3.818,1.988,5.713,51.6,52.0,195,Phi-3-mini-Q4,llama.cpp,"decode-only (16 prompt tokens, 512 output)"
2026-05-13T23:58:28.106698,GPU918_CPU1497,918,1497,918,1497,short_short,prefill,128,64,0,537.3834820929915,537.4280549585819,537.4280549585819,1,1.8607141751784193,11.146,11.146,11.495,11.146,0.0897182845863987,3.593,2.196,5.358,51.8,52.2,2,Phi-3-mini-Q4,llama.cpp,prefill-only (1 output token)
2026-05-13T23:58:29.050618,GPU918_CPU1497,918,1497,918,1497,short_short,prefill,128,64,1,135.84548397921026,135.88228193111718,135.88228193111718,1,7.359311205171916,4.598,9.197,9.197,4.598,0.21748586341887777,3.193,1.197,4.807,51.3,51.3,1,Phi-3-mini-Q4,llama.cpp,prefill-only (1 output token)
2026-05-13T23:58:29.993806,GPU918_CPU1497,918,1497,918,1497,short_short,prefill,128,64,2,135.48774411901832,135.5282210279256,135.5282210279256,1,7.378537048707736,4.548,9.097,9.097,4.548,0.2198768689533861,3.193,1.197,4.707,51.1,51.1,1,Phi-3-mini-Q4,llama.cpp,prefill-only (1 output token)
2026-05-13T23:58:30.936786,GPU918_CPU1497,918,1497,918,1497,short_long,prefill,128,256,0,135.33325702883303,135.37347898818552,135.37347898818552,1,7.386971269958078,4.548,9.097,9.097,4.548,0.2198768689533861,3.193,1.197,4.707,51.1,51.1,1,Phi-3-mini-Q4,llama.cpp,prefill-only (1 output token)
2026-05-13T23:58:31.879887,GPU918_CPU1497,918,1497,918,1497,short_long,prefill,128,256,1,135.59397915378213,135.63125720247626,135.63125720247626,1,7.372931731416132,4.548,9.097,9.097,4.548,0.2198768689533861,3.193,1.197,4.707,51.1,51.1,1,Phi-3-mini-Q4,llama.cpp,prefill-only (1 output token)
2026-05-13T23:58:32.822826,GPU918_CPU1497,918,1497,918,1497,short_long,prefill,128,256,2,135.40058117359877,135.44080313295126,135.44080313295126,1,7.383299396256393,4.598,9.197,9.197,4.598,0.21748586341887777,3.193,1.197,4.807,51.1,51.1,1,Phi-3-mini-Q4,llama.cpp,prefill-only (1 output token)
2026-05-13T23:58:39.478325,GPU918_CPU1497,918,1497,918,1497,medium_medium,prefill,512,128,0,5846.967621007934,5847.012961981818,5847.012961981818,1,0.1710274983999787,88.169,14.695,15.286,88.169,0.01134185484694167,3.193,6.619,4.882,53.0,53.2,12,Phi-3-mini-Q4,llama.cpp,prefill-only (1 output token)
2026-05-13T23:58:40.429907,GPU918_CPU1497,918,1497,918,1497,medium_medium,prefill,512,128,1,143.8296539708972,143.87182798236609,143.87182798236609,1,6.950631086181562,4.799,9.598,9.598,4.799,0.20837674515524066,3.194,1.597,4.807,51.6,51.6,1,Phi-3-mini-Q4,llama.cpp,prefill-only (1 output token)
2026-05-13T23:58:41.380283,GPU918_CPU1497,918,1497,918,1497,medium_medium,prefill,512,128,2,142.57913106121123,142.57913106121123,142.57913106121123,0,0.0,4.548,9.097,9.097,0.0,0.0,3.193,1.197,4.707,51.3,51.3,1,Phi-3-mini-Q4,llama.cpp,
2026-05-13T23:58:49.894475,GPU918_CPU1497,918,1497,918,1497,long_medium,prefill,1024,128,0,7705.173130845651,7705.2275280002505,7705.2275280002505,1,0.12978202088985313,118.442,14.805,15.386,118.442,0.00844295098022661,3.193,6.686,4.926,53.1,53.4,16,Phi-3-mini-Q4,llama.cpp,prefill-only (1 output token)
2026-05-13T23:58:50.855023,GPU918_CPU1497,918,1497,918,1497,long_medium,prefill,1024,128,1,152.79674693010747,152.84701599739492,152.84701599739492,1,6.542489517865652,4.998,9.996,9.996,4.998,0.2000800320128051,3.193,1.996,4.807,51.4,51.4,1,Phi-3-mini-Q4,llama.cpp,prefill-only (1 output token)
2026-05-13T23:58:51.813458,GPU918_CPU1497,918,1497,918,1497,long_medium,prefill,1024,128,2,150.720477104187,150.77135409228504,150.77135409228504,1,6.632559653128233,4.598,9.197,9.197,4.598,0.21748586341887777,3.193,1.197,4.807,51.7,51.7,1,Phi-3-mini-Q4,llama.cpp,prefill-only (1 output token)
2026-05-13T23:58:52.771839,GPU918_CPU1497,918,1497,918,1497,long_long,prefill,1024,512,0,150.5304400343448,150.58259689249098,150.58259689249098,1,6.640873650983412,4.598,9.197,9.197,4.598,0.21748586341887777,3.193,1.197,4.807,51.6,51.6,1,Phi-3-mini-Q4,llama.cpp,prefill-only (1 output token)
2026-05-13T23:58:53.729817,GPU918_CPU1497,918,1497,918,1497,long_long,prefill,1024,512,1,150.44090896844864,150.44090896844864,150.44090896844864,0,0.0,4.598,9.197,9.197,0.0,0.0,3.193,1.197,4.807,51.6,51.6,1,Phi-3-mini-Q4,llama.cpp,
2026-05-13T23:58:54.688043,GPU918_CPU1497,918,1497,918,1497,long_long,prefill,1024,512,2,150.59155691415071,150.64368187449872,150.64368187449872,1,6.638180822167505,4.598,9.197,9.197,4.598,0.21748586341887777,3.193,1.197,4.807,51.3,51.3,1,Phi-3-mini-Q4,llama.cpp,prefill-only (1 output token)
2026-05-13T23:59:04.075125,GPU918_CPU1497,918,1497,918,1497,short_short,decode,128,64,0,136.02227810770273,133.99233530083345,8577.744734939188,64,7.4611686378720075,116.477,12.942,13.703,1.819953125,0.5494647011856418,3.948,3.082,5.912,52.2,52.5,18,Phi-3-mini-Q4,llama.cpp,"decode-only (16 prompt tokens, 64 output)"
2026-05-13T23:59:13.459172,GPU918_CPU1497,918,1497,918,1497,short_short,decode,128,64,1,134.91574791260064,133.9585738411794,8574.50790493749,64,7.463985188368261,116.628,12.959,13.703,1.8223125,0.5487533010940769,3.948,3.082,5.929,52.3,52.6,18,Phi-3-mini-Q4,llama.cpp,"decode-only (16 prompt tokens, 64 output)"
2026-05-13T23:59:22.866964,GPU918_CPU1497,918,1497,918,1497,short_short,decode,128,64,2,134.93789196945727,134.34088955603775,8598.617122974247,64,7.443057306156983,116.378,12.931,13.703,1.81840625,0.5499321177542147,3.948,3.06,5.923,52.1,52.4,18,Phi-3-mini-Q4,llama.cpp,"decode-only (16 prompt tokens, 64 output)"
2026-05-13T23:59:58.152296,GPU918_CPU1497,918,1497,918,1497,short_long,decode,128,256,0,135.04822296090424,134.64920373323062,34471.290400018916,256,7.426469883467418,455.58,13.205,13.703,1.779609375,0.5619210676500286,3.986,3.21,6.009,52.2,52.6,69,Phi-3-mini-Q4,llama.cpp,"decode-only (16 prompt tokens, 256 output)"
2026-05-14T00:00:33.418958,GPU918_CPU1497,918,1497,918,1497,short_long,decode,128,256,1,136.0857707913965,134.57292944704201,34452.85346289165,256,7.430444049452435,455.576,13.205,13.904,1.77959375,0.5619260013696946,3.986,3.205,6.014,52.2,52.9,69,Phi-3-mini-Q4,llama.cpp,"decode-only (16 prompt tokens, 256 output)"
2026-05-14T00:01:08.618890,GPU918_CPU1497,918,1497,918,1497,short_long,decode,128,256,2,136.01246709004045,134.311833140422,34386.21333707124,256,7.444844173173625,456.972,13.246,13.703,1.785046875,0.5602093782551228,3.98,3.245,6.02,52.5,53.0,69,Phi-3-mini-Q4,llama.cpp,"decode-only (16 prompt tokens, 256 output)"
2026-05-14T00:01:26.611705,GPU918_CPU1497,918,1497,918,1497,medium_medium,decode,512,128,0,136.40745705924928,134.21541166961134,17182.113680057228,128,7.4496073290776685,229.46,13.112,13.703,1.79265625,0.5578314303146518,3.969,3.159,5.984,52.5,52.8,35,Phi-3-mini-Q4,llama.cpp,"decode-only (16 prompt tokens, 128 output)"
2026-05-14T00:01:44.607528,GPU918_CPU1497,918,1497,918,1497,medium_medium,decode,512,128,1,134.97880101203918,134.24746540015724,17184.753127861768,128,7.4484631258666525,229.86,13.135,13.703,1.79578125,0.556860697816062,3.969,3.182,5.984,52.6,52.9,35,Phi-3-mini-Q4,llama.cpp,"decode-only (16 prompt tokens, 128 output)"
2026-05-14T00:02:02.557945,GPU918_CPU1497,918,1497,918,1497,medium_medium,decode,512,128,2,134.83049208298326,133.89166380374098,17139.420288149267,128,7.46816390800004,230.621,13.178,13.706,1.8017265625,0.5550231765537397,3.97,3.205,6.004,52.7,53.0,35,Phi-3-mini-Q4,llama.cpp,"decode-only (16 prompt tokens, 128 output)"
2026-05-14T00:02:20.505898,GPU918_CPU1497,918,1497,918,1497,long_medium,decode,1024,128,0,135.06456115283072,133.87144940142616,17137.081784196198,128,7.46918300396054,229.876,13.136,13.706,1.79590625,0.5568219387843881,3.97,3.171,5.995,52.6,53.1,35,Phi-3-mini-Q4,llama.cpp,"decode-only (16 prompt tokens, 128 output)"
2026-05-14T00:02:38.501491,GPU918_CPU1497,918,1497,918,1497,long_medium,decode,1024,128,1,135.02763584256172,134.24570736379957,17184.584667906165,128,7.448536142921864,229.862,13.135,13.704,1.795796875,0.55685585264202,3.969,3.159,6.007,52.5,53.1,35,Phi-3-mini-Q4,llama.cpp,"decode-only (16 prompt tokens, 128 output)"
2026-05-14T00:02:56.528198,GPU918_CPU1497,918,1497,918,1497,long_medium,decode,1024,128,2,135.63285511918366,134.48696901589105,17215.827973093837,128,7.435018530624714,230.774,13.187,14.205,1.802921875,0.5546552037924549,3.97,3.228,5.99,52.5,52.8,35,Phi-3-mini-Q4,llama.cpp,"decode-only (16 prompt tokens, 128 output)"
2026-05-14T00:03:52.147828,GPU918_CPU1497,918,1497,918,1497,long_long,decode,1024,512,0,135.35958901047707,136.99768708571887,54801.622993079945,399,7.28080626463168,726.364,13.328,13.803,1.8204611528822057,0.5493113645500052,3.988,3.263,6.077,52.7,53.3,109,Phi-3-mini-Q4,llama.cpp,"decode-only (16 prompt tokens, 512 output)"
2026-05-14T00:05:03.568542,GPU918_CPU1497,918,1497,918,1497,long_long,decode,1024,512,1,136.8910048622638,137.89100650882023,70600.53721978329,512,7.252069462391147,934.337,13.348,13.803,1.824876953125,0.5479821520500633,3.989,3.262,6.097,52.7,53.2,140,Phi-3-mini-Q4,llama.cpp,"decode-only (16 prompt tokens, 512 output)"
2026-05-14T00:06:15.039680,GPU918_CPU1497,918,1497,918,1497,long_long,decode,1024,512,2,135.88931504637003,137.99173183330933,70651.03886695579,512,7.246885653927272,941.62,13.356,13.803,1.8391015625,0.5437437607527452,3.986,3.269,6.1,52.9,53.4,141,Phi-3-mini-Q4,llama.cpp,"decode-only (16 prompt tokens, 512 output)"
2026-05-14T00:06:29.480162,GPU918_CPU2201,918,2201,918,2201,short_short,prefill,128,64,0,101.13707790151238,101.16795799694955,101.16795799694955,1,9.884552577706,6.448,12.895,12.895,6.448,0.15508684863523572,3.594,3.993,5.308,53.3,53.3,1,Phi-3-mini-Q4,llama.cpp,prefill-only (1 output token)
2026-05-14T00:06:30.389067,GPU918_CPU2201,918,2201,918,2201,short_short,prefill,128,64,1,102.44339797645807,102.44339797645807,102.44339797645807,0,0.0,5.148,10.297,10.297,0.0,0.0,3.194,2.396,4.707,52.9,52.9,1,Phi-3-mini-Q4,llama.cpp,
2026-05-14T00:06:31.295677,GPU918_CPU2201,918,2201,918,2201,short_short,prefill,128,64,2,99.99793511815369,100.02980707213283,100.02980707213283,1,9.99702018098352,5.148,10.297,10.297,5.148,0.19425019425019427,3.194,2.396,4.707,52.9,52.9,1,Phi-3-mini-Q4,llama.cpp,prefill-only (1 output token)
2026-05-14T00:06:33.259021,GPU918_CPU2201,918,2201,918,2201,short_long,prefill,128,256,0,398.69012008421123,398.72416807338595,398.72416807338595,1,2.50799946447176,6.396,12.792,12.792,6.396,0.15634771732332708,3.592,3.992,5.208,53.9,53.9,1,Phi-3-mini-Q4,llama.cpp,prefill-only (1 output token)
2026-05-14T00:06:34.168123,GPU918_CPU2201,918,2201,918,2201,short_long,prefill,128,256,1,102.50730509869754,102.5391451548785,102.5391451548785,1,9.752373091169886,5.148,10.295,10.295,5.148,0.19425019425019427,3.193,2.395,4.707,52.8,52.8,1,Phi-3-mini-Q4,llama.cpp,prefill-only (1 output token)
2026-05-14T00:06:35.074214,GPU918_CPU2201,918,2201,918,2201,short_long,prefill,128,256,2,99.60914100520313,99.64178083464503,99.64178083464503,1,10.035950698828781,5.148,10.295,10.295,5.148,0.19425019425019427,3.193,2.395,4.707,52.8,52.8,1,Phi-3-mini-Q4,llama.cpp,prefill-only (1 output token)
2026-05-14T00:06:39.838242,GPU918_CPU2201,918,2201,918,2201,medium_medium,prefill,512,128,0,3957.065150141716,3957.065150141716,3957.065150141716,0,0.0,106.908,23.757,26.664,0.0,0.0,3.459,15.302,4.997,57.4,58.4,9,Phi-3-mini-Q4,llama.cpp,
2026-05-14T00:06:40.752334,GPU918_CPU2201,918,2201,918,2201,medium_medium,prefill,512,128,1,107.69201605580747,107.72971203550696,107.72971203550696,1,9.282490235102522,5.748,11.495,11.495,5.748,0.17397355601948503,3.194,3.594,4.707,53.6,53.6,1,Phi-3-mini-Q4,llama.cpp,prefill-only (1 output token)
2026-05-14T00:06:41.664114,GPU918_CPU2201,918,2201,918,2201,medium_medium,prefill,512,128,2,105.48533592373133,105.48533592373133,105.48533592373133,0,0.0,5.148,10.296,10.296,0.0,0.0,3.194,2.395,4.707,53.0,53.0,1,Phi-3-mini-Q4,llama.cpp,
2026-05-14T00:06:47.870634,GPU918_CPU2201,918,2201,918,2201,long_medium,prefill,1024,128,0,5399.507245980203,5399.507245980203,5399.507245980203,0,0.0,137.017,24.912,26.664,0.0,0.0,3.52,16.33,5.062,58.1,58.8,11,Phi-3-mini-Q4,llama.cpp,
2026-05-14T00:06:48.791652,GPU918_CPU2201,918,2201,918,2201,long_medium,prefill,1024,128,1,114.54054084606469,114.58134092390537,114.58134092390537,1,8.727424482351887,5.748,11.495,11.495,5.748,0.17397355601948503,3.194,3.594,4.707,53.9,53.9,1,Phi-3-mini-Q4,llama.cpp,prefill-only (1 output token)
2026-05-14T00:06:49.710465,GPU918_CPU2201,918,2201,918,2201,long_medium,prefill,1024,128,2,112.19581682235003,112.23546392284334,112.23546392284334,1,8.909839769428435,5.397,10.794,10.794,5.397,0.18528812303131367,3.193,2.794,4.807,53.3,53.3,1,Phi-3-mini-Q4,llama.cpp,prefill-only (1 output token)
2026-05-14T00:06:50.629518,GPU918_CPU2201,918,2201,918,2201,long_long,prefill,1024,512,0,112.24601604044437,112.28425591252744,112.28425591252744,1,8.905968088518375,5.148,10.295,10.295,5.148,0.19425019425019427,3.193,2.395,4.707,53.2,53.2,1,Phi-3-mini-Q4,llama.cpp,prefill-only (1 output token)
2026-05-14T00:06:51.549043,GPU918_CPU2201,918,2201,918,2201,long_long,prefill,1024,512,1,112.96079191379249,112.96079191379249,112.96079191379249,0,0.0,5.148,10.297,10.297,0.0,0.0,3.194,2.396,4.707,53.2,53.2,1,Phi-3-mini-Q4,llama.cpp,
2026-05-14T00:06:52.467570,GPU918_CPU2201,918,2201,918,2201,long_long,prefill,1024,512,2,112.05842602066696,112.05842602066696,112.05842602066696,0,0.0,5.148,10.295,10.295,0.0,0.0,3.193,2.395,4.707,53.2,53.2,1,Phi-3-mini-Q4,llama.cpp,
2026-05-14T00:06:59.597417,GPU918_CPU2201,918,2201,918,2201,short_short,decode,128,64,0,100.63319909386337,98.7531655571527,6322.216388070956,64,10.123032188641645,116.116,17.864,18.895,1.8143125,0.5511729649660684,4.299,7.246,6.319,55.3,55.7,13,Phi-3-mini-Q4,llama.cpp,"decode-only (16 prompt tokens, 64 output)"
2026-05-14T00:07:06.722507,GPU918_CPU2201,918,2201,918,2201,short_short,decode,128,64,1,99.3672099430114,98.69760060535064,6317.452078917995,64,10.13066647764132,116.822,17.973,18.896,1.82534375,0.547842016058619,4.299,7.308,6.365,55.2,55.6,13,Phi-3-mini-Q4,llama.cpp,"decode-only (16 prompt tokens, 64 output)"
2026-05-14T00:07:14.951564,GPU918_CPU2201,918,2201,918,2201,short_short,decode,128,64,2,101.9582359585911,98.65447419089458,6317.3258528113365,64,10.130868897876894,24.094,16.063,18.0,0.37646875,2.6562629700340334,3.992,6.122,5.949,55.0,55.2,3,Phi-3-mini-Q4,llama.cpp,"decode-only (16 prompt tokens, 64 output)"
2026-05-14T00:07:43.017726,GPU918_CPU2201,918,2201,918,2201,short_long,decode,128,256,0,101.62269696593285,98.9799449759006,25341.984724858776,256,10.101813365426004,357.312,18.324,18.899,1.39575,0.7164606842199535,4.361,7.513,6.45,55.3,56.2,39,Phi-3-mini-Q4,llama.cpp,"decode-only (16 prompt tokens, 256 output)"
2026-05-14T00:08:09.173819,GPU918_CPU2201,918,2201,918,2201,short_long,decode,128,256,1,99.96819705702364,99.00435661148353,25346.543862950057,256,10.099996330237524,468.03,18.354,18.896,1.8282421875,0.5469734846056877,4.36,7.537,6.457,55.2,55.6,51,Phi-3-mini-Q4,llama.cpp,"decode-only (16 prompt tokens, 256 output)"
2026-05-14T00:08:35.383720,GPU918_CPU2201,918,2201,918,2201,short_long,decode,128,256,2,100.27296305634081,99.21191042727408,25399.78297916241,256,10.078826272256675,468.324,18.366,18.895,1.829390625,0.5466301107780084,4.36,7.529,6.477,56.0,57.2,51,Phi-3-mini-Q4,llama.cpp,"decode-only (16 prompt tokens, 256 output)"
2026-05-14T00:08:48.830777,GPU918_CPU2201,918,2201,918,2201,medium_medium,decode,512,128,0,99.68392504379153,98.73183184912003,12638.86698288843,128,10.127490080661286,236.786,18.214,19.294,1.849890625,0.5405725000633483,4.33,7.461,6.423,56.5,57.2,26,Phi-3-mini-Q4,llama.cpp,"decode-only (16 prompt tokens, 128 output)"
2026-05-14T00:09:02.281511,GPU918_CPU2201,918,2201,918,2201,medium_medium,decode,512,128,1,101.9824999384582,98.740719251452,12642.300432780758,128,10.124739613694306,236.436,18.187,18.895,1.84715625,0.5413727181985822,4.33,7.431,6.427,56.1,56.4,26,Phi-3-mini-Q4,llama.cpp,"decode-only (16 prompt tokens, 128 output)"
2026-05-14T00:09:15.739947,GPU918_CPU2201,918,2201,918,2201,medium_medium,decode,512,128,2,101.72777692787349,98.80407237059136,12650.087171932682,128,10.118507347838626,236.439,18.188,18.895,1.8471796875,0.5413658491196461,4.33,7.431,6.427,55.7,56.0,26,Phi-3-mini-Q4,llama.cpp,"decode-only (16 prompt tokens, 128 output)"
2026-05-14T00:09:29.200164,GPU918_CPU2201,918,2201,918,2201,long_medium,decode,1024,128,0,99.53583404421806,98.83578275477029,12651.924847858027,128,10.117037647569525,235.654,18.127,18.899,1.841046875,0.5431692226739202,4.33,7.37,6.427,55.8,56.3,26,Phi-3-mini-Q4,llama.cpp,"decode-only (16 prompt tokens, 128 output)"
2026-05-14T00:09:42.666787,GPU918_CPU2201,918,2201,918,2201,long_medium,decode,1024,128,1,101.65493097156286,98.87017759010489,12658.41634501703,128,10.111849421858132,235.794,18.138,18.895,1.842140625,0.542846722138816,4.33,7.385,6.423,56.0,56.3,26,Phi-3-mini-Q4,llama.cpp,"decode-only (16 prompt tokens, 128 output)"
2026-05-14T00:09:56.129719,GPU918_CPU2201,918,2201,918,2201,long_medium,decode,1024,128,2,99.41870905458927,98.85912330630492,12654.778148047626,128,10.11475653721735,236.138,18.164,18.895,1.844828125,0.5420559164556319,4.33,7.415,6.419,56.1,56.5,26,Phi-3-mini-Q4,llama.cpp,"decode-only (16 prompt tokens, 128 output)"
2026-05-14T00:10:49.201760,GPU918_CPU2201,918,2201,918,2201,long_long,decode,1024,512,0,100.10045603848994,102.06960877467407,52258.59986501746,512,9.797430496080684,962.744,18.514,18.996,1.880359375,0.5318132338399408,4.379,7.619,6.516,56.7,57.5,104,Phi-3-mini-Q4,llama.cpp,"decode-only (16 prompt tokens, 512 output)"
2026-05-14T00:11:42.213242,GPU918_CPU2201,918,2201,918,2201,long_long,decode,1024,512,1,101.13955079577863,101.9500399043933,52198.535040952265,512,9.808704393682913,963.311,18.525,18.996,1.881466796875,0.5315002112505722,4.38,7.615,6.531,56.9,58.1,104,Phi-3-mini-Q4,llama.cpp,"decode-only (16 prompt tokens, 512 output)"
2026-05-14T00:12:35.275207,GPU918_CPU2201,918,2201,918,2201,long_long,decode,1024,512,2,102.49747498892248,102.0461548085155,52249.0136299748,512,9.799228051001332,964.837,18.555,19.395,1.884447265625,0.5306595829140052,4.38,7.654,6.521,57.4,58.4,104,Phi-3-mini-Q4,llama.cpp,"decode-only (16 prompt tokens, 512 output)"
2026-05-14T00:12:56.727193,GPU1300_CPU1036,1300,1036,1300,1036,short_short,prefill,128,64,0,187.32909788377583,187.37719301134348,187.37719301134348,1,5.336828799327044,5.248,10.496,10.496,5.248,0.19054878048780488,3.592,1.596,5.308,54.0,54.0,1,Phi-3-mini-Q4,llama.cpp,prefill-only (1 output token)
2026-05-14T00:12:57.723628,GPU1300_CPU1036,1300,1036,1300,1036,short_short,prefill,128,64,1,187.1887429151684,187.23846995271742,187.23846995271742,1,5.34078280095178,4.648,9.297,9.297,4.648,0.21514629948364888,3.193,1.197,4.907,53.6,53.6,1,Phi-3-mini-Q4,llama.cpp,prefill-only (1 output token)
2026-05-14T00:12:58.720504,GPU1300_CPU1036,1300,1036,1300,1036,short_short,prefill,128,64,2,187.6689800992608,187.7195390406996,187.7195390406996,1,5.327095970458298,4.898,9.797,9.797,4.898,0.2041649652919559,3.592,1.197,5.008,53.8,53.8,1,Phi-3-mini-Q4,llama.cpp,prefill-only (1 output token)
2026-05-14T00:12:59.717560,GPU1300_CPU1036,1300,1036,1300,1036,short_long,prefill,128,256,0,187.82695406116545,187.8756561782211,187.8756561782211,1,5.322669367293589,4.648,9.297,9.297,4.648,0.21514629948364888,3.193,1.197,4.907,53.6,53.6,1,Phi-3-mini-Q4,llama.cpp,prefill-only (1 output token)
2026-05-14T00:13:00.714388,GPU1300_CPU1036,1300,1036,1300,1036,short_long,prefill,128,256,1,187.51146690919995,187.561450060457,187.561450060457,1,5.331585993164738,4.449,8.898,8.898,4.449,0.22476961114857272,3.193,0.798,4.907,53.5,53.5,1,Phi-3-mini-Q4,llama.cpp,prefill-only (1 output token)
2026-05-14T00:13:01.710678,GPU1300_CPU1036,1300,1036,1300,1036,short_long,prefill,128,256,2,187.1626698412001,187.21290887333453,187.21290887333453,1,5.341512003729322,4.449,8.898,8.898,4.449,0.22476961114857272,3.193,0.798,4.907,53.6,53.6,1,Phi-3-mini-Q4,llama.cpp,prefill-only (1 output token)
2026-05-14T00:13:10.989261,GPU1300_CPU1036,1300,1036,1300,1036,medium_medium,prefill,512,128,0,8467.222729930654,8467.278984142467,8467.278984142467,1,0.11810169499231117,100.69,11.846,12.094,100.69,0.00993147283742179,3.193,3.757,4.895,54.4,54.6,17,Phi-3-mini-Q4,llama.cpp,prefill-only (1 output token)
2026-05-14T00:13:11.996552,GPU1300_CPU1036,1300,1036,1300,1036,medium_medium,prefill,512,128,1,197.74837489239872,197.74837489239872,197.74837489239872,0,0.0,4.648,9.297,9.297,0.0,0.0,3.193,1.197,4.907,53.6,53.6,1,Phi-3-mini-Q4,llama.cpp,
2026-05-14T00:13:13.002436,GPU1300_CPU1036,1300,1036,1300,1036,medium_medium,prefill,512,128,2,196.6280140914023,196.68404501862824,196.68404501862824,1,5.084296491386927,4.898,9.797,9.797,4.898,0.2041649652919559,3.592,1.197,5.008,53.7,53.7,1,Phi-3-mini-Q4,llama.cpp,prefill-only (1 output token)
2026-05-14T00:13:25.075367,GPU1300_CPU1036,1300,1036,1300,1036,long_medium,prefill,1024,128,0,11261.052353074774,11261.11769513227,11261.11769513227,1,0.08880113209652891,137.37,11.945,12.195,137.37,0.007279609812914027,3.193,3.836,4.916,54.2,54.5,23,Phi-3-mini-Q4,llama.cpp,prefill-only (1 output token)
2026-05-14T00:13:26.094118,GPU1300_CPU1036,1300,1036,1300,1036,long_medium,prefill,1024,128,1,209.51731107197702,209.5847330056131,209.5847330056131,1,4.771339904673391,4.848,9.696,9.696,4.848,0.20627062706270627,3.592,1.197,4.907,53.4,53.4,1,Phi-3-mini-Q4,llama.cpp,prefill-only (1 output token)
2026-05-14T00:13:27.110178,GPU1300_CPU1036,1300,1036,1300,1036,long_medium,prefill,1024,128,2,206.9547821301967,207.02223596163094,207.02223596163094,1,4.830398992431604,4.848,9.696,9.696,4.848,0.20627062706270627,3.592,1.197,4.907,53.5,53.5,1,Phi-3-mini-Q4,llama.cpp,prefill-only (1 output token)
2026-05-14T00:13:28.126093,GPU1300_CPU1036,1300,1036,1300,1036,long_long,prefill,1024,512,0,206.98974980041385,206.98974980041385,206.98974980041385,0,0.0,4.848,9.696,9.696,0.0,0.0,3.592,1.197,4.907,53.3,53.3,1,Phi-3-mini-Q4,llama.cpp,
2026-05-14T00:13:29.142111,GPU1300_CPU1036,1300,1036,1300,1036,long_long,prefill,1024,512,1,207.1398189291358,207.20864995382726,207.20864995382726,1,4.826053353577817,4.898,9.797,9.797,4.898,0.2041649652919559,3.592,1.197,5.008,53.4,53.4,1,Phi-3-mini-Q4,llama.cpp,prefill-only (1 output token)
2026-05-14T00:13:30.157345,GPU1300_CPU1036,1300,1036,1300,1036,long_long,prefill,1024,512,2,206.39112894423306,206.45835995674133,206.45835995674133,1,4.843591706383443,4.648,9.297,9.297,4.648,0.21514629948364888,3.592,0.798,4.907,53.2,53.2,1,Phi-3-mini-Q4,llama.cpp,prefill-only (1 output token)
2026-05-14T00:13:42.875613,GPU1300_CPU1036,1300,1036,1300,1036,short_short,decode,128,64,0,187.91309697553515,185.9976224276045,11906.026022974402,64,5.37542920505152,136.722,11.394,11.806,2.13628125,0.4681031582334957,3.759,1.946,5.688,53.3,53.5,24,Phi-3-mini-Q4,llama.cpp,"decode-only (16 prompt tokens, 64 output)"
2026-05-14T00:13:55.597356,GPU1300_CPU1036,1300,1036,1300,1036,short_short,decode,128,64,1,186.71715003438294,186.07367823890868,11909.627127926797,64,5.37380384058598,137.973,11.498,11.807,2.155828125,0.4638588709385169,3.842,1.963,5.693,53.1,53.4,24,Phi-3-mini-Q4,llama.cpp,"decode-only (16 prompt tokens, 64 output)"
2026-05-14T00:14:08.321382,GPU1300_CPU1036,1300,1036,1300,1036,short_short,decode,128,64,2,186.95620796643198,186.09912122141512,11911.46288602613,64,5.37297564643225,136.818,11.401,11.806,2.13778125,0.4677747080062564,3.759,1.946,5.697,53.2,53.5,24,Phi-3-mini-Q4,llama.cpp,"decode-only (16 prompt tokens, 64 output)"
2026-05-14T00:14:56.888376,GPU1300_CPU1036,1300,1036,1300,1036,short_long,decode,128,256,0,186.79201509803534,186.50127228203357,47745.56163488887,256,5.361754919915622,546.19,11.499,11.807,2.1335546875,0.46870136765594383,3.799,1.983,5.717,52.8,53.4,95,Phi-3-mini-Q4,llama.cpp,"decode-only (16 prompt tokens, 256 output)"
2026-05-14T00:15:45.765132,GPU1300_CPU1036,1300,1036,1300,1036,short_long,decode,128,256,1,189.32928214780986,187.70696838824625,48055.578511208296,256,5.327165085324934,550.78,11.475,11.806,2.151484375,0.4647953810959004,3.784,1.975,5.716,52.4,52.7,96,Phi-3-mini-Q4,llama.cpp,"decode-only (16 prompt tokens, 256 output)"
2026-05-14T00:16:34.638976,GPU1300_CPU1036,1300,1036,1300,1036,short_long,decode,128,256,2,189.41211514174938,187.6937754936151,48052.2989470046,256,5.327528663765588,549.526,11.448,11.806,2.1465859375,0.4658560286501458,3.767,1.975,5.706,52.3,52.6,96,Phi-3-mini-Q4,llama.cpp,"decode-only (16 prompt tokens, 256 output)"
2026-05-14T00:16:59.415108,GPU1300_CPU1036,1300,1036,1300,1036,medium_medium,decode,512,128,0,189.27846616134048,187.17205178681908,23960.63021104783,128,5.342096550573258,275.438,11.477,11.806,2.151859375,0.4647143821840124,3.809,1.971,5.697,52.2,52.6,48,Phi-3-mini-Q4,llama.cpp,"decode-only (16 prompt tokens, 128 output)"
2026-05-14T00:17:24.162007,GPU1300_CPU1036,1300,1036,1300,1036,medium_medium,decode,512,128,1,187.70446605049074,186.95364701451632,23931.311412947252,128,5.348641275494405,273.384,11.391,11.806,2.1358125,0.46820589354168496,3.734,1.963,5.695,51.9,52.2,48,Phi-3-mini-Q4,llama.cpp,"decode-only (16 prompt tokens, 128 output)"
2026-05-14T00:17:48.915781,GPU1300_CPU1036,1300,1036,1300,1036,medium_medium,decode,512,128,2,187.77073500677943,187.00752705592282,23938.232734100893,128,5.347094809453469,275.033,11.46,12.205,2.1486953125,0.46539869761083213,3.784,1.979,5.697,52.0,52.3,48,Phi-3-mini-Q4,llama.cpp,"decode-only (16 prompt tokens, 128 output)"
2026-05-14T00:18:13.715862,GPU1300_CPU1036,1300,1036,1300,1036,long_medium,decode,1024,128,0,187.65131989493966,187.37397422852715,23984.644941985607,128,5.336747752973128,273.936,11.414,11.707,2.140125,0.4672624262601484,3.742,1.971,5.701,51.9,52.3,48,Phi-3-mini-Q4,llama.cpp,"decode-only (16 prompt tokens, 128 output)"
2026-05-14T00:18:38.532226,GPU1300_CPU1036,1300,1036,1300,1036,long_medium,decode,1024,128,1,187.9232870414853,187.4999697723492,24000.915623037145,128,5.333129869309649,274.29,11.429,11.806,2.142890625,0.46665937511393046,3.759,1.971,5.699,51.9,52.2,48,Phi-3-mini-Q4,llama.cpp,"decode-only (16 prompt tokens, 128 output)"
2026-05-14T00:19:03.296292,GPU1300_CPU1036,1300,1036,1300,1036,long_medium,decode,1024,128,2,187.97014909796417,187.0880956526875,23948.649703059345,128,5.344768978087667,273.392,11.391,11.707,2.135875,0.4681921928951835,3.726,1.971,5.694,51.8,52.1,48,Phi-3-mini-Q4,llama.cpp,"decode-only (16 prompt tokens, 128 output)"
2026-05-14T00:20:42.706682,GPU1300_CPU1036,1300,1036,1300,1036,long_long,decode,1024,512,0,188.75992996618152,192.53496253824704,98576.06840506196,512,5.193958414897671,1127.674,11.507,11.806,2.20248828125,0.45403192766703854,3.808,1.986,5.713,51.7,52.1,196,Phi-3-mini-Q4,llama.cpp,"decode-only (16 prompt tokens, 512 output)"
2026-05-14T00:22:21.952728,GPU1300_CPU1036,1300,1036,1300,1036,long_long,decode,1024,512,1,189.72370796836913,192.21294528545917,98412.46744501404,512,5.202592855280958,1115.976,11.446,11.806,2.179640625,0.4587912284852004,3.74,1.99,5.716,51.4,52.0,195,Phi-3-mini-Q4,llama.cpp,"decode-only (16 prompt tokens, 512 output)"
2026-05-14T00:24:01.230275,GPU1300_CPU1036,1300,1036,1300,1036,long_long,decode,1024,512,2,189.1636890359223,192.27592779256025,98444.13999514654,512,5.20091901889988,1118.524,11.472,11.806,2.1846171875,0.4577461011118224,3.766,1.992,5.714,51.3,51.7,195,Phi-3-mini-Q4,llama.cpp,"decode-only (16 prompt tokens, 512 output)"
2026-05-14T00:24:18.555912,GPU1300_CPU1497,1300,1497,1300,1497,short_short,prefill,128,64,0,135.70583378896117,135.74400800280273,135.74400800280273,1,7.366807675071395,5.448,10.896,10.896,5.448,0.18355359765051393,3.592,1.996,5.308,51.1,51.1,1,Phi-3-mini-Q4,llama.cpp,prefill-only (1 output token)
2026-05-14T00:24:19.499240,GPU1300_CPU1497,1300,1497,1300,1497,short_short,prefill,128,64,1,135.71441010572016,135.75316010974348,135.75316010974348,1,7.366311025036879,4.548,9.097,9.097,4.548,0.2198768689533861,3.193,1.197,4.707,51.0,51.0,1,Phi-3-mini-Q4,llama.cpp,prefill-only (1 output token)
2026-05-14T00:24:20.845394,GPU1300_CPU1497,1300,1497,1300,1497,short_short,prefill,128,64,2,538.3880429435521,538.4298330172896,538.4298330172896,1,1.857252215012181,10.446,10.446,10.696,10.446,0.09573042312847023,3.592,1.796,5.058,51.1,51.4,2,Phi-3-mini-Q4,llama.cpp,prefill-only (1 output token)
2026-05-14T00:24:21.788784,GPU1300_CPU1497,1300,1497,1300,1497,short_long,prefill,128,256,0,135.45995182357728,135.4997898451984,135.4997898451984,1,7.380085246939859,4.598,9.197,9.197,4.598,0.21748586341887777,3.193,1.197,4.807,50.8,50.8,1,Phi-3-mini-Q4,llama.cpp,prefill-only (1 output token)
2026-05-14T00:24:22.732229,GPU1300_CPU1497,1300,1497,1300,1497,short_long,prefill,128,256,1,135.51012496463954,135.54900302551687,135.54900302551687,1,7.377405791850433,4.548,9.097,9.097,4.548,0.2198768689533861,3.193,1.197,4.707,50.7,50.7,1,Phi-3-mini-Q4,llama.cpp,prefill-only (1 output token)
2026-05-14T00:24:23.675688,GPU1300_CPU1497,1300,1497,1300,1497,short_long,prefill,128,256,2,135.67907619290054,135.7189470436424,135.7189470436424,1,7.368167980837896,4.598,9.197,9.197,4.598,0.21748586341887777,3.193,1.197,4.807,50.9,50.9,1,Phi-3-mini-Q4,llama.cpp,prefill-only (1 output token)
2026-05-14T00:24:30.221136,GPU1300_CPU1497,1300,1497,1300,1497,medium_medium,prefill,512,128,0,5736.712066922337,5736.759105930105,5736.759105930105,1,0.17431444854749034,88.116,14.686,15.285,88.116,0.011348676744291616,3.193,6.62,4.874,52.6,53.0,12,Phi-3-mini-Q4,llama.cpp,prefill-only (1 output token)
2026-05-14T00:24:31.173333,GPU1300_CPU1497,1300,1497,1300,1497,medium_medium,prefill,512,128,1,144.49581294320524,144.5434270426631,144.5434270426631,1,6.918336035472871,4.798,9.596,9.596,4.798,0.20842017507294705,3.193,1.596,4.807,51.1,51.1,1,Phi-3-mini-Q4,llama.cpp,prefill-only (1 output token)
2026-05-14T00:24:32.123885,GPU1300_CPU1497,1300,1497,1300,1497,medium_medium,prefill,512,128,2,142.9934378247708,143.04047590121627,143.04047590121627,1,6.991028194639116,4.548,9.097,9.097,4.548,0.2198768689533861,3.193,1.197,4.707,50.9,50.9,1,Phi-3-mini-Q4,llama.cpp,prefill-only (1 output token)
2026-05-14T00:24:40.591249,GPU1300_CPU1497,1300,1497,1300,1497,long_medium,prefill,1024,128,0,7658.615537919104,7658.6650719400495,7658.6650719400495,1,0.13057105782883985,118.189,14.774,15.586,118.189,0.008461024291600741,3.193,6.661,4.92,52.8,53.2,16,Phi-3-mini-Q4,llama.cpp,prefill-only (1 output token)
2026-05-14T00:24:41.553355,GPU1300_CPU1497,1300,1497,1300,1497,long_medium,prefill,1024,128,1,154.7544391360134,154.80806911364198,154.80806911364198,1,6.45961160632988,4.798,9.596,9.596,4.798,0.20842017507294705,3.193,1.596,4.807,51.1,51.1,1,Phi-3-mini-Q4,llama.cpp,prefill-only (1 output token)
2026-05-14T00:24:42.511611,GPU1300_CPU1497,1300,1497,1300,1497,long_medium,prefill,1024,128,2,150.80527984537184,150.86114988662302,150.86114988662302,1,6.628611811268388,4.598,9.197,9.197,4.598,0.21748586341887777,3.193,1.197,4.807,51.1,51.1,1,Phi-3-mini-Q4,llama.cpp,prefill-only (1 output token)
2026-05-14T00:24:43.469841,GPU1300_CPU1497,1300,1497,1300,1497,long_long,prefill,1024,512,0,150.80303908325732,150.85846092551947,150.85846092551947,1,6.6287299622771,4.598,9.197,9.197,4.598,0.21748586341887777,3.193,1.197,4.807,50.9,50.9,1,Phi-3-mini-Q4,llama.cpp,prefill-only (1 output token)
2026-05-14T00:24:44.427858,GPU1300_CPU1497,1300,1497,1300,1497,long_long,prefill,1024,512,1,150.57914308272302,150.57914308272302,150.57914308272302,0,0.0,4.598,9.197,9.197,0.0,0.0,3.193,1.197,4.807,50.9,50.9,1,Phi-3-mini-Q4,llama.cpp,
2026-05-14T00:24:45.386052,GPU1300_CPU1497,1300,1497,1300,1497,long_long,prefill,1024,512,2,150.49924096092582,150.49924096092582,150.49924096092582,0,0.0,4.598,9.197,9.197,0.0,0.0,3.193,1.197,4.807,51.3,51.3,1,Phi-3-mini-Q4,llama.cpp,
2026-05-14T00:24:54.790339,GPU1300_CPU1497,1300,1497,1300,1497,short_short,decode,128,64,0,136.5697360597551,134.25667260196946,8594.930374063551,64,7.44624996534344,116.328,12.925,13.703,1.817625,0.5501684890997868,3.948,3.06,5.918,51.6,51.8,18,Phi-3-mini-Q4,llama.cpp,"decode-only (16 prompt tokens, 64 output)"
2026-05-14T00:25:04.196765,GPU1300_CPU1497,1300,1497,1300,1497,short_short,decode,128,64,1,135.70338999852538,134.3034437621042,8597.005331888795,64,7.444452751774548,116.277,12.92,13.603,1.816828125,0.5504097972943919,3.948,3.06,5.912,51.6,52.0,18,Phi-3-mini-Q4,llama.cpp,"decode-only (16 prompt tokens, 64 output)"
2026-05-14T00:25:13.608126,GPU1300_CPU1497,1300,1497,1300,1497,short_short,decode,128,64,2,135.0122068542987,134.39378522277352,8602.007196983323,64,7.440123977395003,116.279,12.92,13.603,1.816859375,0.5504003302401982,3.948,3.06,5.912,51.7,52.1,18,Phi-3-mini-Q4,llama.cpp,"decode-only (16 prompt tokens, 64 output)"
2026-05-14T00:25:47.492643,GPU1300_CPU1497,1300,1497,1300,1497,short_long,decode,128,256,0,135.33010496757925,134.40125417651333,33070.99633989856,245,7.408304167250606,437.022,13.243,13.703,1.7837632653061224,0.5606125092100627,3.986,3.241,6.016,51.7,52.1,66,Phi-3-mini-Q4,llama.cpp,"decode-only (16 prompt tokens, 256 output)"
2026-05-14T00:26:22.789285,GPU1300_CPU1497,1300,1497,1300,1497,short_long,decode,128,256,1,135.54263697005808,134.69231921595102,34482.75930597447,256,7.423999852460923,458.726,13.296,16.1,1.7918984375,0.55806734303266,3.992,3.286,6.019,51.9,52.6,69,Phi-3-mini-Q4,llama.cpp,"decode-only (16 prompt tokens, 256 output)"
2026-05-14T00:26:58.101131,GPU1300_CPU1497,1300,1497,1300,1497,short_long,decode,128,256,2,136.04958914220333,134.74935870982853,34497.813953086734,256,7.42076006172832,454.732,13.181,13.703,1.776296875,0.5629689575398257,3.986,3.193,6.001,52.0,52.4,69,Phi-3-mini-Q4,llama.cpp,"decode-only (16 prompt tokens, 256 output)"
2026-05-14T00:27:16.100672,GPU1300_CPU1497,1300,1497,1300,1497,medium_medium,decode,512,128,0,135.99052000790834,134.2668400245066,17188.23310895823,128,7.446955087738976,229.11,13.092,13.703,1.789921875,0.5586836017633451,3.969,3.147,5.975,52.0,52.4,35,Phi-3-mini-Q4,llama.cpp,"decode-only (16 prompt tokens, 128 output)"
2026-05-14T00:27:34.108955,GPU1300_CPU1497,1300,1497,1300,1497,medium_medium,decode,512,128,1,135.0039839744568,134.34419085960982,17197.09102413617,128,7.443119293859153,229.36,13.106,13.703,1.791875,0.5580746424834321,3.969,3.159,5.978,52.0,52.2,35,Phi-3-mini-Q4,llama.cpp,"decode-only (16 prompt tokens, 128 output)"
2026-05-14T00:27:52.113252,GPU1300_CPU1497,1300,1497,1300,1497,medium_medium,decode,512,128,2,134.97606478631496,134.31550630030964,17193.403909914196,128,7.444715465923047,232.208,13.269,15.102,1.814125,0.5512299317852959,3.969,3.296,6.004,52.1,53.0,35,Phi-3-mini-Q4,llama.cpp,"decode-only (16 prompt tokens, 128 output)"
2026-05-14T00:28:10.112281,GPU1300_CPU1497,1300,1497,1300,1497,long_medium,decode,1024,128,0,135.39571408182383,134.26628336127055,17187.558742938563,128,7.44724727428718,229.611,13.121,13.703,1.7938359375,0.5574645814007169,3.969,3.182,5.97,52.1,52.5,35,Phi-3-mini-Q4,llama.cpp,"decode-only (16 prompt tokens, 128 output)"
2026-05-14T00:28:28.098620,GPU1300_CPU1497,1300,1497,1300,1497,long_medium,decode,1024,128,1,134.8293551709503,134.17321289009524,17175.170930102468,128,7.452618697125033,229.26,13.101,13.703,1.79109375,0.5583180668236937,3.969,3.159,5.973,52.3,52.5,35,Phi-3-mini-Q4,llama.cpp,"decode-only (16 prompt tokens, 128 output)"
2026-05-14T00:28:46.080084,GPU1300_CPU1497,1300,1497,1300,1497,long_medium,decode,1024,128,2,135.37091901525855,134.1313017810893,17170.40120717138,128,7.454688941487261,231.011,13.201,13.706,1.8047734375,0.5540861690568848,3.969,3.227,6.004,52.3,52.6,35,Phi-3-mini-Q4,llama.cpp,"decode-only (16 prompt tokens, 128 output)"
2026-05-14T00:29:57.584829,GPU1300_CPU1497,1300,1497,1300,1497,long_long,decode,1024,512,0,135.81069698557258,138.05659593141286,70684.08601009287,512,7.243497495700692,937.463,13.297,15.102,1.830982421875,0.5461548882462561,3.986,3.252,6.059,52.3,52.8,141,Phi-3-mini-Q4,llama.cpp,"decode-only (16 prompt tokens, 512 output)"
2026-05-14T00:31:02.485348,GPU1300_CPU1497,1300,1497,1300,1497,long_long,decode,1024,512,1,136.0222881194204,137.50930103635946,64081.58768317662,465,7.256374518980227,842.444,13.267,13.703,1.8117075268817204,0.5519654718889327,3.989,3.218,6.06,52.4,52.8,127,Phi-3-mini-Q4,llama.cpp,"decode-only (16 prompt tokens, 512 output)"
2026-05-14T00:32:03.344771,GPU1300_CPU1497,1300,1497,1300,1497,long_long,decode,1024,512,2,135.9135180246085,137.3889777381187,60041.17649095133,436,7.26168315615382,795.329,13.255,13.703,1.8241490825688071,0.5482008074645839,3.985,3.216,6.054,52.6,53.2,120,Phi-3-mini-Q4,llama.cpp,"decode-only (16 prompt tokens, 512 output)"
2026-05-14T00:32:17.859043,GPU1300_CPU2201,1300,2201,1300,2201,short_short,prefill,128,64,0,102.2920310497284,102.32518101111054,102.32518101111054,1,9.772765512053375,6.398,12.795,12.795,6.398,0.15629884338855893,3.594,3.993,5.208,52.6,52.6,1,Phi-3-mini-Q4,llama.cpp,prefill-only (1 output token)
2026-05-14T00:32:18.765216,GPU1300_CPU2201,1300,2201,1300,2201,short_short,prefill,128,64,1,99.61233381181955,99.61233381181955,99.61233381181955,0,0.0,5.148,10.295,10.295,0.0,0.0,3.193,2.395,4.707,52.6,52.6,1,Phi-3-mini-Q4,llama.cpp,
2026-05-14T00:32:19.671670,GPU1300_CPU2201,1300,2201,1300,2201,short_short,prefill,128,64,2,99.63994892314076,99.66893983073533,99.66893983073533,1,10.033215981812077,5.148,10.295,10.295,5.148,0.19425019425019427,3.193,2.395,4.707,52.6,52.6,1,Phi-3-mini-Q4,llama.cpp,prefill-only (1 output token)
2026-05-14T00:32:20.578139,GPU1300_CPU2201,1300,2201,1300,2201,short_long,prefill,128,256,0,99.956382997334,99.98934203758836,99.98934203758836,1,10.001065909845435,5.148,10.295,10.295,5.148,0.19425019425019427,3.193,2.395,4.707,52.2,52.2,1,Phi-3-mini-Q4,llama.cpp,prefill-only (1 output token)
2026-05-14T00:32:21.485192,GPU1300_CPU2201,1300,2201,1300,2201,short_long,prefill,128,256,1,100.28504207730293,100.3147370647639,100.3147370647639,1,9.968625042145034,5.148,10.295,10.295,5.148,0.19425019425019427,3.193,2.395,4.707,52.6,52.6,1,Phi-3-mini-Q4,llama.cpp,prefill-only (1 output token)
2026-05-14T00:32:22.394588,GPU1300_CPU2201,1300,2201,1300,2201,short_long,prefill,128,256,2,102.6526230853051,102.68318210728467,102.68318210728467,1,9.738693128492917,5.148,10.295,10.295,5.148,0.19425019425019427,3.193,2.395,4.707,52.5,52.5,1,Phi-3-mini-Q4,llama.cpp,prefill-only (1 output token)
2026-05-14T00:32:27.094288,GPU1300_CPU2201,1300,2201,1300,2201,medium_medium,prefill,512,128,0,3892.876978032291,3892.9159198887646,3892.9159198887646,1,0.25687685544171057,98.262,24.565,27.063,98.262,0.010176874071360241,3.492,16.066,5.008,57.2,58.0,8,Phi-3-mini-Q4,llama.cpp,prefill-only (1 output token)
2026-05-14T00:32:28.008254,GPU1300_CPU2201,1300,2201,1300,2201,medium_medium,prefill,512,128,1,107.66850807704031,107.71733801811934,107.71733801811934,1,9.283556560149938,5.746,11.492,11.492,5.746,0.17403411068569438,3.193,3.592,4.707,53.0,53.0,1,Phi-3-mini-Q4,llama.cpp,prefill-only (1 output token)
2026-05-14T00:32:28.920748,GPU1300_CPU2201,1300,2201,1300,2201,medium_medium,prefill,512,128,2,106.20424803346395,106.2373670283705,106.2373670283705,1,9.412883884188807,5.148,10.295,10.295,5.148,0.19425019425019427,3.193,2.395,4.707,52.9,52.9,1,Phi-3-mini-Q4,llama.cpp,prefill-only (1 output token)
2026-05-14T00:32:34.938915,GPU1300_CPU2201,1300,2201,1300,2201,long_medium,prefill,1024,128,0,5211.153031094,5211.153031094,5211.153031094,0,0.0,137.857,25.065,27.063,0.0,0.0,3.519,16.51,5.035,57.3,58.2,11,Phi-3-mini-Q4,llama.cpp,
2026-05-14T00:32:35.861919,GPU1300_CPU2201,1300,2201,1300,2201,long_medium,prefill,1024,128,1,116.52400810271502,116.56477418728173,116.56477418728173,1,8.578921093205437,5.997,11.994,11.994,5.997,0.16675004168751043,3.194,3.993,4.807,53.4,53.4,1,Phi-3-mini-Q4,llama.cpp,prefill-only (1 output token)
2026-05-14T00:32:36.781219,GPU1300_CPU2201,1300,2201,1300,2201,long_medium,prefill,1024,128,2,112.82652895897627,112.8647041041404,112.8647041041404,1,8.860165876812106,5.148,10.295,10.295,5.148,0.19425019425019427,3.193,2.395,4.707,52.8,52.8,1,Phi-3-mini-Q4,llama.cpp,prefill-only (1 output token)
2026-05-14T00:32:37.702128,GPU1300_CPU2201,1300,2201,1300,2201,long_long,prefill,1024,512,0,114.78260695002973,114.82033412903547,114.82033412903547,1,8.709258752689195,5.397,10.794,10.794,5.397,0.18528812303131367,3.193,2.794,4.807,52.8,52.8,1,Phi-3-mini-Q4,llama.cpp,prefill-only (1 output token)
2026-05-14T00:32:38.620757,GPU1300_CPU2201,1300,2201,1300,2201,long_long,prefill,1024,512,1,112.2158661019057,112.2158661019057,112.2158661019057,0,0.0,5.148,10.295,10.295,0.0,0.0,3.193,2.395,4.707,52.8,52.8,1,Phi-3-mini-Q4,llama.cpp,
2026-05-14T00:32:39.539595,GPU1300_CPU2201,1300,2201,1300,2201,long_long,prefill,1024,512,2,112.47735912911594,112.51623812131584,112.51623812131584,1,8.88760606199607,5.148,10.295,10.295,5.148,0.19425019425019427,3.193,2.395,4.707,52.8,52.8,1,Phi-3-mini-Q4,llama.cpp,prefill-only (1 output token)
2026-05-14T00:32:46.643707,GPU1300_CPU2201,1300,2201,1300,2201,short_short,decode,128,64,0,100.29572318308055,98.35396177460632,6296.729838009924,64,10.164006023200631,116.218,17.88,18.895,1.81590625,0.5506892219793835,4.299,7.246,6.334,54.1,54.5,13,Phi-3-mini-Q4,llama.cpp,"decode-only (16 prompt tokens, 64 output)"
2026-05-14T00:32:53.760953,GPU1300_CPU2201,1300,2201,1300,2201,short_short,decode,128,64,1,100.02926806919277,98.56925409523741,6310.024206992239,64,10.142591834922056,117.014,18.002,18.895,1.82834375,0.5469431008255423,4.299,7.369,6.334,54.2,54.7,13,Phi-3-mini-Q4,llama.cpp,"decode-only (16 prompt tokens, 64 output)"
2026-05-14T00:33:00.886994,GPU1300_CPU2201,1300,2201,1300,2201,short_short,decode,128,64,2,100.8878848515451,98.69089804678445,6318.5487277805805,64,10.1289081966897,116.517,17.926,18.895,1.820578125,0.5492760713029,4.299,7.308,6.319,54.2,54.8,13,Phi-3-mini-Q4,llama.cpp,"decode-only (16 prompt tokens, 64 output)"
2026-05-14T00:33:27.061285,GPU1300_CPU2201,1300,2201,1300,2201,short_long,decode,128,256,0,101.41278896480799,99.06804701587295,25364.23589498736,256,10.092951392657262,466.674,18.301,18.895,1.8229453125,0.5485628082987267,4.36,7.506,6.435,54.7,55.8,51,Phi-3-mini-Q4,llama.cpp,"decode-only (16 prompt tokens, 256 output)"
2026-05-14T00:33:53.291980,GPU1300_CPU2201,1300,2201,1300,2201,short_long,decode,128,256,1,102.3665638640523,99.28616905931895,25420.82768608816,256,10.070482486299962,469.017,18.393,19.294,1.83209765625,0.5458224328755674,4.36,7.6,6.433,55.1,56.1,51,Phi-3-mini-Q4,llama.cpp,"decode-only (16 prompt tokens, 256 output)"
2026-05-14T00:34:19.494126,GPU1300_CPU2201,1300,2201,1300,2201,short_long,decode,128,256,2,100.33355397172272,99.18248397663382,25392.348194960505,256,10.081777314742677,467.872,18.348,18.895,1.827625,0.5471581971137405,4.36,7.521,6.467,55.4,55.9,51,Phi-3-mini-Q4,llama.cpp,"decode-only (16 prompt tokens, 256 output)"
2026-05-14T00:34:32.967196,GPU1300_CPU2201,1300,2201,1300,2201,medium_medium,decode,512,128,0,100.77276010997593,98.92504234563589,12664.498694939539,128,10.10699302698385,235.585,18.122,18.895,1.8405078125,0.5433283103762973,4.33,7.369,6.423,55.5,55.9,26,Phi-3-mini-Q4,llama.cpp,"decode-only (16 prompt tokens, 128 output)"
2026-05-14T00:34:46.449266,GPU1300_CPU2201,1300,2201,1300,2201,medium_medium,decode,512,128,1,99.82092399150133,99.00511578678733,12673.711674055085,128,10.0996458884286,236.186,18.168,18.895,1.845203125,0.5419457546171238,4.33,7.415,6.423,55.7,56.2,26,Phi-3-mini-Q4,llama.cpp,"decode-only (16 prompt tokens, 128 output)"
2026-05-14T00:34:59.938835,GPU1300_CPU2201,1300,2201,1300,2201,medium_medium,decode,512,128,2,99.447560030967,99.06820834643669,12681.34693801403,128,10.093565031038061,235.688,18.13,18.895,1.8413125,0.5430908658904994,4.33,7.385,6.416,56.0,56.4,26,Phi-3-mini-Q4,llama.cpp,"decode-only (16 prompt tokens, 128 output)"
2026-05-14T00:35:13.425574,GPU1300_CPU2201,1300,2201,1300,2201,long_medium,decode,1024,128,0,102.40564099512994,99.02352171649379,12678.634264972061,128,10.095724612360845,236.181,18.168,18.895,1.8451640625,0.5419572277194186,4.33,7.415,6.423,55.9,56.3,26,Phi-3-mini-Q4,llama.cpp,"decode-only (16 prompt tokens, 128 output)"
2026-05-14T00:35:26.911534,GPU1300_CPU2201,1300,2201,1300,2201,long_medium,decode,1024,128,1,101.43860592506826,99.02357660769302,12677.671225043014,128,10.09649151865947,236.078,18.16,18.895,1.844359375,0.5421936817492523,4.329,7.399,6.431,55.9,56.3,26,Phi-3-mini-Q4,llama.cpp,"decode-only (16 prompt tokens, 128 output)"
2026-05-14T00:35:40.375958,GPU1300_CPU2201,1300,2201,1300,2201,long_medium,decode,1024,128,2,100.14748899266124,98.8624380080132,12655.923601007089,128,10.11384107832434,235.582,18.122,18.895,1.840484375,0.543335229346894,4.33,7.369,6.423,55.9,56.4,26,Phi-3-mini-Q4,llama.cpp,"decode-only (16 prompt tokens, 128 output)"
2026-05-14T00:36:33.488219,GPU1300_CPU2201,1300,2201,1300,2201,long_long,decode,1024,512,0,100.69437487982213,102.14612695731135,52298.32383291796,512,9.789988712367366,960.919,18.479,18.996,1.876794921875,0.5328232660609271,4.379,7.591,6.508,56.6,57.4,104,Phi-3-mini-Q4,llama.cpp,"decode-only (16 prompt tokens, 512 output)"
2026-05-14T00:37:26.666843,GPU1300_CPU2201,1300,2201,1300,2201,long_long,decode,1024,512,1,100.00066389329731,102.27902505297119,52365.499135805294,512,9.777429957693581,961.888,18.498,18.996,1.8786875,0.532286503210353,4.379,7.603,6.515,56.9,57.4,104,Phi-3-mini-Q4,llama.cpp,"decode-only (16 prompt tokens, 512 output)"
2026-05-14T00:38:05.569796,GPU1300_CPU2201,1300,2201,1300,2201,long_long,decode,1024,512,2,100.12921295128763,101.30031430224743,38091.37185313739,375,9.844749132318615,701.211,18.453,18.996,1.869896,0.534789100570299,4.375,7.574,6.504,56.5,57.6,76,Phi-3-mini-Q4,llama.cpp,"decode-only (16 prompt tokens, 512 output)"
