timestamp,config_name,gpu_freq_mhz,cpu_freq_mhz,target_gpu_freq_mhz,target_cpu_freq_mhz,workload,phase,prompt_length,output_length,repeat,ttft_ms,tpot_ms,total_time_ms,output_tokens,tokens_per_second,total_energy_j,avg_power_w,max_power_w,energy_per_token_j,tokens_per_joule,avg_gpu_soc_w,avg_cpu_cv_w,avg_sys_5v0_w,avg_temp_cpu_c,max_temp_cpu_c,power_samples,model,runtime,phase_note,experiment
2026-05-14T21:03:41.827945,GPU306_CPU1036,306,1036,306,1036,tiny_tiny,mixed,32,32,0,82.71792996674776,80.57183693463523,2580.590885132551,32,12.400260802423292,46.522,15.507,16.806,1.4538125,0.6878466102059241,8.187,0.466,6.855,49.1,49.2,6,Phi-3-mini-Q4,llama.cpp,,expanded_rate_table
2026-05-14T21:03:45.219051,GPU306_CPU1036,306,1036,306,1036,tiny_tiny,mixed,32,32,1,82.497175084427,80.58556651456222,2580.800130032003,32,12.399255419908549,44.916,14.972,16.407,1.403625,0.7124410009796064,7.854,0.399,6.719,49.2,49.2,6,Phi-3-mini-Q4,llama.cpp,,expanded_rate_table
2026-05-14T21:03:48.612321,GPU306_CPU1036,306,1036,306,1036,tiny_tiny,mixed,32,32,2,82.50424894504249,80.63978654512715,2582.495993003249,32,12.391113127260422,45.02,15.007,16.407,1.406875,0.7107952021323856,7.787,0.466,6.754,49.2,49.4,6,Phi-3-mini-Q4,llama.cpp,,expanded_rate_table
2026-05-14T21:03:59.762624,GPU306_CPU1036,306,1036,306,1036,tiny_short,mixed,32,128,0,82.4729879386723,80.74650746462207,10337.776500964537,128,12.381772810435331,170.814,16.268,16.806,1.334484375,0.7493530975212805,8.614,0.532,7.122,49.4,49.7,21,Phi-3-mini-Q4,llama.cpp,,expanded_rate_table
2026-05-14T21:04:10.918123,GPU306_CPU1036,306,1036,306,1036,tiny_short,mixed,32,128,1,82.58467097766697,80.78826778736992,10343.184226192534,128,12.375299250288858,171.168,16.302,16.906,1.33725,0.7478033277248084,8.614,0.551,7.137,49.7,49.9,21,Phi-3-mini-Q4,llama.cpp,,expanded_rate_table
2026-05-14T21:04:22.064928,GPU306_CPU1036,306,1036,306,1036,tiny_short,mixed,32,128,2,82.47665083035827,80.72143252828987,10334.578430978581,128,12.385604391593908,169.966,16.187,16.906,1.327859375,0.7530917948295541,8.614,0.437,7.136,49.8,50.1,21,Phi-3-mini-Q4,llama.cpp,,expanded_rate_table
2026-05-14T21:05:04.007569,GPU306_CPU1036,306,1036,306,1036,tiny_long,mixed,32,512,0,82.4507069773972,85.84755758678763,41122.74860800244,478,11.623736646508638,664.51,16.208,16.906,1.3901882845188285,0.7193270229191434,8.683,0.423,7.102,50.2,50.7,82,Phi-3-mini-Q4,llama.cpp,,expanded_rate_table
2026-05-14T21:05:21.296293,GPU306_CPU1036,306,1036,306,1036,tiny_long,mixed,32,512,1,88.72334216721356,81.11710240253576,16474.865881027654,202,12.261101332097754,268.508,16.273,16.806,1.329247524752475,0.752305331684717,8.676,0.435,7.162,50.6,51.1,33,Phi-3-mini-Q4,llama.cpp,,expanded_rate_table
2026-05-14T21:06:00.841253,GPU306_CPU1036,306,1036,306,1036,tiny_long,mixed,32,512,2,82.65745220705867,85.67142291977588,38725.53263301961,451,11.646063187145204,626.738,16.279,16.806,1.3896629711751665,0.7195989392696788,8.738,0.415,7.126,50.9,51.3,77,Phi-3-mini-Q4,llama.cpp,,expanded_rate_table
2026-05-14T21:06:04.383710,GPU306_CPU1036,306,1036,306,1036,short_tiny,mixed,128,32,0,217.48119103722274,81.032631423084,2729.6429979614913,32,11.723144756987537,46.212,15.404,16.906,1.444125,0.6924608326841513,8.119,0.466,6.82,51.0,51.1,6,Phi-3-mini-Q4,llama.cpp,,expanded_rate_table
2026-05-14T21:06:07.778751,GPU306_CPU1036,306,1036,306,1036,short_tiny,mixed,128,32,1,82.78434886597097,80.69877674232328,2584.5928529743105,32,12.381060314074182,45.218,15.073,16.407,1.4130625,0.7076827811933301,7.919,0.399,6.754,51.1,51.3,6,Phi-3-mini-Q4,llama.cpp,,expanded_rate_table
2026-05-14T21:06:11.177204,GPU306_CPU1036,306,1036,306,1036,short_tiny,mixed,128,32,2,82.84377213567495,80.80834661039614,2588.0499340128154,32,12.364521866231328,45.418,15.139,16.407,1.4193125,0.7045664714430402,7.919,0.466,6.754,51.0,51.2,6,Phi-3-mini-Q4,llama.cpp,,expanded_rate_table
2026-05-14T21:06:17.166783,GPU306_CPU1036,306,1036,306,1036,short_short,mixed,128,64,0,82.83986919559538,80.87671606151002,5178.338569123298,64,12.359176431917875,87.182,15.851,16.806,1.36221875,0.7340964878071161,8.349,0.508,6.995,51.2,51.4,11,Phi-3-mini-Q4,llama.cpp,,expanded_rate_table
2026-05-14T21:06:23.149085,GPU306_CPU1036,306,1036,306,1036,short_short,mixed,128,64,1,82.75283710099757,80.76713609302209,5171.337503008544,64,12.375908546438234,86.738,15.77,16.806,1.35528125,0.7378542276741451,8.35,0.435,6.986,51.1,51.2,11,Phi-3-mini-Q4,llama.cpp,,expanded_rate_table
2026-05-14T21:06:29.138603,GPU306_CPU1036,306,1036,306,1036,short_short,mixed,128,64,2,83.25316896662116,80.87044755839521,5178.346073022112,64,12.359158522336696,86.58,15.742,16.407,1.3528125,0.7392007392007393,8.348,0.399,6.995,51.2,51.5,11,Phi-3-mini-Q4,llama.cpp,,expanded_rate_table
2026-05-14T21:06:51.433129,GPU306_CPU1036,306,1036,306,1036,short_long,mixed,128,256,0,83.72630295343697,83.9004211529505,21479.285973822698,256,11.91845950149335,350.253,16.291,16.906,1.36817578125,0.7309002349730053,8.7,0.445,7.146,51.4,51.7,43,Phi-3-mini-Q4,llama.cpp,,expanded_rate_table
2026-05-14T21:07:13.743146,GPU306_CPU1036,306,1036,306,1036,short_long,mixed,128,256,1,88.85037014260888,83.94220291326444,21495.049863122404,256,11.90971882503989,349.58,16.26,16.803,1.365546875,0.7323073402368557,8.699,0.418,7.143,51.6,51.9,43,Phi-3-mini-Q4,llama.cpp,,expanded_rate_table
2026-05-14T21:07:36.055826,GPU306_CPU1036,306,1036,306,1036,short_long,mixed,128,256,2,88.9589840080589,83.95098844707451,21497.39130004309,256,11.908421651118518,349.686,16.264,16.903,1.3659609375,0.7320853565770434,8.699,0.418,7.148,51.7,52.1,43,Phi-3-mini-Q4,llama.cpp,,expanded_rate_table
2026-05-14T21:07:40.490393,GPU306_CPU1036,306,1036,306,1036,medium_tiny,mixed,512,32,0,846.5257349889725,89.59588309329364,3624.1557360626757,32,8.829642634167032,58.962,14.741,16.705,1.8425625,0.5427224313964927,7.786,0.449,6.506,51.6,51.8,8,Phi-3-mini-Q4,llama.cpp,,expanded_rate_table
2026-05-14T21:07:44.163316,GPU306_CPU1036,306,1036,306,1036,medium_tiny,mixed,512,32,1,93.23339792899787,89.33123080961165,2862.658825935796,32,11.178419066246667,45.961,15.32,16.303,1.43628125,0.6962424664389374,8.117,0.399,6.804,51.8,52.0,6,Phi-3-mini-Q4,llama.cpp,,expanded_rate_table
2026-05-14T21:07:47.835069,GPU306_CPU1036,306,1036,306,1036,medium_tiny,mixed,512,32,2,93.35816209204495,89.28676889908891,2861.4038310479373,32,11.18332185509117,45.962,15.321,16.306,1.4363125,0.6962273182193985,8.117,0.399,6.804,51.7,52.0,6,Phi-3-mini-Q4,llama.cpp,,expanded_rate_table
2026-05-14T21:08:00.106131,GPU306_CPU1036,306,1036,306,1036,medium_short,mixed,512,128,0,93.78060908056796,89.48331781091007,11458.653757115826,128,11.170596713467495,184.867,16.075,16.806,1.4442734375,0.6923896639205483,8.611,0.416,7.048,51.8,52.1,23,Phi-3-mini-Q4,llama.cpp,,expanded_rate_table
2026-05-14T21:08:12.382328,GPU306_CPU1036,306,1036,306,1036,medium_short,mixed,512,128,1,360.9205922111869,89.53564611992108,11463.8243149966,125,10.903865635526103,184.806,16.07,16.806,1.478448,0.6763849658560869,8.61,0.416,7.044,52.0,52.2,23,Phi-3-mini-Q4,llama.cpp,,expanded_rate_table
2026-05-14T21:08:24.659025,GPU306_CPU1036,306,1036,306,1036,medium_short,mixed,512,128,2,94.09910091198981,89.52334141688729,11464.093372924253,128,11.16529635935352,185.052,16.091,16.806,1.44571875,0.6916974688195751,8.61,0.434,7.048,52.0,52.3,23,Phi-3-mini-Q4,llama.cpp,,expanded_rate_table
2026-05-14T21:08:36.297616,GPU306_CPU1036,306,1036,306,1036,medium_long,mixed,512,512,0,272.0900059211999,120.28181066618825,10826.188893988729,88,8.128437519583853,176.648,16.059,16.803,2.0073636363636362,0.49816584393822744,8.584,0.435,7.04,52.1,52.3,22,Phi-3-mini-Q4,llama.cpp,,expanded_rate_table
2026-05-14T21:09:19.526777,GPU306_CPU1036,306,1036,306,1036,medium_long,mixed,512,512,1,93.3335570152849,85.65747557806785,42409.130156971514,494,11.64843509337559,695.659,16.563,17.406,1.4082165991902833,0.7101180319668113,8.851,0.432,7.28,52.3,52.6,84,Phi-3-mini-Q4,llama.cpp,,expanded_rate_table
2026-05-14T21:10:04.245259,GPU306_CPU1036,306,1036,306,1036,medium_long,mixed,512,512,2,373.2181480154395,85.67433528543457,43897.68766798079,509,11.595143777271607,725.387,16.676,17.806,1.4251218074656187,0.7016944058826531,8.891,0.491,7.294,52.5,52.8,87,Phi-3-mini-Q4,llama.cpp,,expanded_rate_table
2026-05-14T21:10:08.856856,GPU306_CPU1036,306,1036,306,1036,long_tiny,mixed,1024,32,0,1247.3514559678733,82.36520171105381,3800.833810120821,32,8.419205258275364,60.263,15.066,17.007,1.88321875,0.5310057580936893,7.986,0.449,6.631,52.4,52.7,8,Phi-3-mini-Q4,llama.cpp,,expanded_rate_table
2026-05-14T21:10:12.301131,GPU306_CPU1036,306,1036,306,1036,long_tiny,mixed,1024,32,1,88.5816179215908,82.10876683944896,2634.120506932959,32,12.148267292926258,46.921,15.64,17.007,1.46628125,0.6819973998849129,8.12,0.532,6.988,52.4,52.5,6,Phi-3-mini-Q4,llama.cpp,,expanded_rate_table
2026-05-14T21:10:15.743607,GPU306_CPU1036,306,1036,306,1036,long_tiny,mixed,1024,32,2,88.29728397540748,82.05841242095396,2632.273074006662,32,12.156793425422173,46.468,15.489,16.607,1.452125,0.6886459499010071,8.052,0.466,6.972,52.4,52.7,6,Phi-3-mini-Q4,llama.cpp,,expanded_rate_table
2026-05-14T21:10:27.199739,GPU306_CPU1036,306,1036,306,1036,long_medium,mixed,1024,128,0,87.96560298651457,83.11397258162968,10643.936543958262,128,12.025625995737046,181.662,16.515,17.402,1.419234375,0.7046052559148308,8.802,0.435,7.278,52.5,52.8,22,Phi-3-mini-Q4,llama.cpp,,expanded_rate_table
2026-05-14T21:10:28.104116,GPU306_CPU1036,306,1036,306,1036,long_medium,mixed,1024,128,1,94.2560969851911,94.2560969851911,94.2560969851911,0,0.0,5.399,10.798,10.798,0.0,0.0,4.792,0.798,5.208,52.4,52.4,1,Phi-3-mini-Q4,llama.cpp,,expanded_rate_table
2026-05-14T21:10:29.006764,GPU306_CPU1036,306,1036,306,1036,long_medium,mixed,1024,128,2,93.13336899504066,93.13336899504066,93.13336899504066,0,0.0,4.849,9.698,9.698,0.0,0.0,4.392,0.399,4.907,52.1,52.1,1,Phi-3-mini-Q4,llama.cpp,,expanded_rate_table
2026-05-14T21:10:38.004069,GPU306_CPU1036,306,1036,306,1036,xlong_short,mixed,2048,64,0,2595.703764120117,88.71957527044864,8185.320356162265,64,7.818875403186635,131.94,15.522,17.104,2.0615625,0.4850689707442777,8.291,0.422,6.808,52.3,52.6,17,Phi-3-mini-Q4,llama.cpp,,expanded_rate_table
2026-05-14T21:10:44.494137,GPU306_CPU1036,306,1036,306,1036,xlong_short,mixed,2048,64,1,98.9681149367243,88.56464035084679,5678.826782153919,64,11.269933466032834,98.034,16.339,17.503,1.53178125,0.652834730807679,8.651,0.466,7.222,52.4,52.8,12,Phi-3-mini-Q4,llama.cpp,,expanded_rate_table
2026-05-14T21:10:50.978805,GPU306_CPU1036,306,1036,306,1036,xlong_short,mixed,2048,64,2,99.19294505380094,88.47487660213595,5673.394287005067,64,11.280724864582789,97.492,16.249,17.108,1.5233125,0.656464120132934,8.619,0.399,7.231,52.5,52.7,12,Phi-3-mini-Q4,llama.cpp,,expanded_rate_table
2026-05-14T21:11:03.144114,GPU306_CPU1036,306,1036,306,1036,xlong_medium,mixed,2048,128,0,98.91855204477906,88.61003206368154,11352.899315068498,128,11.274652971695778,192.292,16.721,17.507,1.50228125,0.6656543173922992,8.958,0.416,7.347,52.5,52.8,23,Phi-3-mini-Q4,llama.cpp,,expanded_rate_table
2026-05-14T21:11:15.313457,GPU306_CPU1036,306,1036,306,1036,xlong_medium,mixed,2048,128,1,98.78843300975859,88.64269478752564,11356.924882158637,128,11.27065656664542,192.325,16.724,17.108,1.5025390625,0.6655401013908748,8.958,0.399,7.367,52.6,52.8,23,Phi-3-mini-Q4,llama.cpp,,expanded_rate_table
2026-05-14T21:11:27.494941,GPU306_CPU1036,306,1036,306,1036,xlong_medium,mixed,2048,128,2,99.68338115140796,88.73022692168028,11368.93141712062,128,11.258753818080312,192.524,16.741,17.507,1.50409375,0.6648521742743762,8.958,0.416,7.367,52.6,52.9,23,Phi-3-mini-Q4,llama.cpp,,expanded_rate_table
2026-05-14T21:12:13.786034,GPU306_CPU1036,306,1036,306,1036,xlong_long,mixed,2048,512,0,99.33091886341572,88.78323758739081,45469.49532488361,512,11.260296520595054,773.184,16.993,17.607,1.510125,0.6621968380100985,9.097,0.421,7.475,52.8,53.2,91,Phi-3-mini-Q4,llama.cpp,,expanded_rate_table
2026-05-14T21:12:58.206710,GPU306_CPU1036,306,1036,306,1036,xlong_long,mixed,2048,512,1,104.9167551100254,88.76284737385626,43600.20370106213,490,11.238479603435048,740.633,17.026,17.607,1.511495918367347,0.6615962291715329,9.107,0.431,7.488,53.0,53.3,87,Phi-3-mini-Q4,llama.cpp,,expanded_rate_table
2026-05-14T21:13:44.514152,GPU306_CPU1036,306,1036,306,1036,xlong_long,mixed,2048,512,2,104.90263300016522,88.80540168089628,45486.48794088513,512,11.256089955008228,774.412,17.02,17.607,1.5125234375,0.6611467797503138,9.097,0.417,7.507,53.1,53.5,91,Phi-3-mini-Q4,llama.cpp,,expanded_rate_table
2026-05-14T21:13:47.917398,GPU306_CPU1036,306,1036,306,1036,tiny_tiny,decode,32,32,0,89.55350099131465,80.7486085161086,2592.910804087296,32,12.34134238229764,45.473,15.158,16.507,1.42103125,0.7037142919974491,7.92,0.399,6.838,53.0,53.1,6,Phi-3-mini-Q4,llama.cpp,"decode-only (16 prompt tokens, 32 output)",expanded_rate_table
2026-05-14T21:13:51.306341,GPU306_CPU1036,306,1036,306,1036,tiny_tiny,decode,32,32,1,82.17249205335975,80.53376445276362,2578.862299909815,32,12.408572571369579,45.672,15.224,16.507,1.42725,0.7006480994920302,7.92,0.466,6.838,53.1,53.3,6,Phi-3-mini-Q4,llama.cpp,"decode-only (16 prompt tokens, 32 output)",expanded_rate_table
2026-05-14T21:13:54.696349,GPU306_CPU1036,306,1036,306,1036,tiny_tiny,decode,32,32,2,82.2220288682729,80.56389912962914,2579.8470040317625,32,12.403836332150968,45.423,15.141,16.507,1.41946875,0.7044889153072232,7.92,0.399,6.822,53.0,53.4,6,Phi-3-mini-Q4,llama.cpp,"decode-only (16 prompt tokens, 32 output)",expanded_rate_table
2026-05-14T21:14:05.842102,GPU306_CPU1036,306,1036,306,1036,tiny_short,decode,32,128,0,82.7405049931258,80.71181215859187,10333.624891936779,128,12.386747277799591,170.923,16.278,16.906,1.3353359375,0.7488752245163026,8.614,0.437,7.227,53.1,53.3,21,Phi-3-mini-Q4,llama.cpp,"decode-only (16 prompt tokens, 128 output)",expanded_rate_table
2026-05-14T21:14:16.989121,GPU306_CPU1036,306,1036,306,1036,tiny_short,decode,32,128,1,82.81286805868149,80.72090006294096,10334.90092610009,128,12.385217905354535,170.724,16.259,16.907,1.33378125,0.7497481314870786,8.633,0.399,7.227,53.1,53.4,21,Phi-3-mini-Q4,llama.cpp,"decode-only (16 prompt tokens, 128 output)",expanded_rate_table
2026-05-14T21:14:28.127040,GPU306_CPU1036,306,1036,306,1036,tiny_short,decode,32,128,2,82.0707690436393,80.65680817400259,10325.966450152919,128,12.395934135356834,170.336,16.222,16.519,1.33075,0.7514559458951718,8.614,0.399,7.21,53.1,53.4,21,Phi-3-mini-Q4,llama.cpp,"decode-only (16 prompt tokens, 128 output)",expanded_rate_table
2026-05-14T21:15:12.921380,GPU306_CPU1036,306,1036,306,1036,tiny_long,decode,32,512,0,82.32487388886511,85.88951877126955,43973.747523035854,512,11.643310585066383,718.789,16.336,17.006,1.403884765625,0.7123091755716907,8.717,0.431,7.188,53.1,53.5,88,Phi-3-mini-Q4,llama.cpp,"decode-only (16 prompt tokens, 512 output)",expanded_rate_table
2026-05-14T21:15:57.771135,GPU306_CPU1036,306,1036,306,1036,tiny_long,decode,32,512,1,88.4103300049901,85.98616145370772,44029.283398995176,512,11.628624417077948,722.95,16.431,17.406,1.41201171875,0.7082094197385711,8.721,0.49,7.219,53.2,53.5,88,Phi-3-mini-Q4,llama.cpp,"decode-only (16 prompt tokens, 512 output)",expanded_rate_table
2026-05-14T21:16:42.610305,GPU306_CPU1036,306,1036,306,1036,tiny_long,decode,32,512,2,88.59745506197214,85.96540840913099,44018.81742104888,512,11.631389255704363,719.47,16.352,17.003,1.40521484375,0.711634953507443,8.716,0.431,7.205,53.3,53.6,88,Phi-3-mini-Q4,llama.cpp,"decode-only (16 prompt tokens, 512 output)",expanded_rate_table
2026-05-14T21:16:46.015391,GPU306_CPU1036,306,1036,306,1036,short_tiny,decode,128,32,0,89.03035707771778,80.81732106004512,2594.5099689997733,32,12.333735611868368,45.466,15.155,16.507,1.4208125,0.7038226366955527,7.918,0.399,6.838,53.2,53.4,6,Phi-3-mini-Q4,llama.cpp,"decode-only (16 prompt tokens, 32 output)",expanded_rate_table
2026-05-14T21:16:49.406308,GPU306_CPU1036,306,1036,306,1036,short_tiny,decode,128,32,1,82.42648909799755,80.58574348087272,2580.729627981782,32,12.399594150831323,45.469,15.156,16.507,1.42090625,0.7037761991686643,7.919,0.399,6.838,53.2,53.5,6,Phi-3-mini-Q4,llama.cpp,"decode-only (16 prompt tokens, 32 output)",expanded_rate_table
2026-05-14T21:16:52.796183,GPU306_CPU1036,306,1036,306,1036,short_tiny,decode,128,32,2,82.26230321452022,80.55620967230249,2579.6486460603774,32,12.40479010537741,45.367,15.122,16.507,1.41771875,0.7053585205105033,7.919,0.399,6.805,53.2,53.4,6,Phi-3-mini-Q4,llama.cpp,"decode-only (16 prompt tokens, 32 output)",expanded_rate_table
2026-05-14T21:16:58.768588,GPU306_CPU1036,306,1036,306,1036,short_short,decode,128,64,0,82.63287204317749,80.60828628506334,5161.225538002327,64,12.400155646903091,87.274,15.868,16.504,1.36365625,0.7333226390448473,8.347,0.435,7.086,53.2,53.3,11,Phi-3-mini-Q4,llama.cpp,"decode-only (16 prompt tokens, 64 output)",expanded_rate_table
2026-05-14T21:17:04.738975,GPU306_CPU1036,306,1036,306,1036,short_short,decode,128,64,1,82.2657779790461,80.58680028521589,5159.481528913602,64,12.40434715026028,87.28,15.869,16.903,1.36375,0.7332722273143905,8.347,0.435,7.087,53.2,53.4,11,Phi-3-mini-Q4,llama.cpp,"decode-only (16 prompt tokens, 64 output)",expanded_rate_table
2026-05-14T21:17:10.711541,GPU306_CPU1036,306,1036,306,1036,short_short,decode,128,64,2,82.17388996854424,80.61395738170378,5161.111289868131,64,12.400430141012368,87.487,15.907,17.302,1.366984375,0.7315372569638918,8.384,0.435,7.087,53.2,53.6,11,Phi-3-mini-Q4,llama.cpp,"decode-only (16 prompt tokens, 64 output)",expanded_rate_table
2026-05-14T21:17:32.362857,GPU306_CPU1036,306,1036,306,1036,short_long,decode,128,256,0,82.67446397803724,81.38396430158002,20836.53030707501,256,12.286114637477604,343.104,16.338,16.906,1.34025,0.7461294534601753,8.66,0.428,7.25,53.3,53.5,42,Phi-3-mini-Q4,llama.cpp,"decode-only (16 prompt tokens, 256 output)",expanded_rate_table
2026-05-14T21:17:54.080724,GPU306_CPU1036,306,1036,306,1036,short_long,decode,128,256,1,88.09233387000859,81.62364813353062,20903.090273030102,256,12.246992987936341,343.289,16.347,16.903,1.34097265625,0.7457273609116517,8.678,0.418,7.251,53.3,53.7,42,Phi-3-mini-Q4,llama.cpp,"decode-only (16 prompt tokens, 256 output)",expanded_rate_table
2026-05-14T21:18:15.797538,GPU306_CPU1036,306,1036,306,1036,short_long,decode,128,256,2,88.43611110933125,81.61858697969686,20902.117884950712,256,12.247562730679894,344.346,16.397,16.918,1.3451015625,0.7434382859101021,8.697,0.446,7.254,53.4,53.8,42,Phi-3-mini-Q4,llama.cpp,"decode-only (16 prompt tokens, 256 output)",expanded_rate_table
2026-05-14T21:18:19.207334,GPU306_CPU1036,306,1036,306,1036,medium_tiny,decode,512,32,0,88.243727106601,81.00313431913814,2599.48454098776,32,12.310132834196638,45.614,15.205,16.803,1.4254375,0.7015390011838472,7.918,0.466,6.822,53.4,53.6,6,Phi-3-mini-Q4,llama.cpp,"decode-only (16 prompt tokens, 32 output)",expanded_rate_table
2026-05-14T21:18:22.602491,GPU306_CPU1036,306,1036,306,1036,medium_tiny,decode,512,32,1,82.54365203902125,80.70609777144367,2584.5830540638417,32,12.381107254295868,45.314,15.105,16.504,1.4160625,0.706183519442115,7.918,0.399,6.788,53.3,53.5,6,Phi-3-mini-Q4,llama.cpp,"decode-only (16 prompt tokens, 32 output)",expanded_rate_table
2026-05-14T21:18:25.996993,GPU306_CPU1036,306,1036,306,1036,medium_tiny,decode,512,32,2,82.32766017317772,80.70200864195583,2584.233930101618,32,12.38277991293988,45.414,15.138,16.504,1.4191875,0.7046285286475535,7.918,0.399,6.822,53.3,53.3,6,Phi-3-mini-Q4,llama.cpp,"decode-only (16 prompt tokens, 32 output)",expanded_rate_table
2026-05-14T21:18:37.175126,GPU306_CPU1036,306,1036,306,1036,medium_short,decode,512,128,0,82.31025910936296,80.97145969312139,10366.159565979615,128,12.347870895223274,170.617,16.249,16.906,1.3329453125,0.7502183252548105,8.613,0.418,7.218,53.4,53.8,21,Phi-3-mini-Q4,llama.cpp,"decode-only (16 prompt tokens, 128 output)",expanded_rate_table
2026-05-14T21:18:48.345944,GPU306_CPU1036,306,1036,306,1036,medium_short,decode,512,128,1,82.37662189640105,80.91218233123188,10358.693031826988,128,12.35677122651682,170.78,16.265,17.006,1.33421875,0.7495022836397705,8.613,0.418,7.233,53.4,53.7,21,Phi-3-mini-Q4,llama.cpp,"decode-only (16 prompt tokens, 128 output)",expanded_rate_table
2026-05-14T21:18:59.518739,GPU306_CPU1036,306,1036,306,1036,medium_short,decode,512,128,2,82.35959289595485,80.92586093721545,10360.421024961397,128,12.354710266272884,170.777,16.264,16.906,1.3341953125,0.7495154499727715,8.613,0.418,7.233,53.4,53.6,21,Phi-3-mini-Q4,llama.cpp,"decode-only (16 prompt tokens, 128 output)",expanded_rate_table
2026-05-14T21:19:49.682080,GPU306_CPU1036,306,1036,306,1036,medium_long,decode,512,512,0,82.62016903609037,85.99300770254882,44026.95419406518,512,11.629239618602039,629.882,16.361,16.903,1.23023828125,0.8128506609174417,8.737,0.415,7.209,53.5,53.8,77,Phi-3-mini-Q4,llama.cpp,"decode-only (16 prompt tokens, 512 output)",expanded_rate_table
2026-05-14T21:20:04.042481,GPU306_CPU1036,306,1036,306,1036,medium_long,decode,512,512,1,129.87721082754433,26.255118735808946,13548.133555799723,512,37.791183404803505,422.015,42.202,46.075,0.824248046875,1.2132270179969906,32.175,0.439,9.587,55.7,56.6,20,Phi-3-mini-Q4,llama.cpp,"decode-only (16 prompt tokens, 512 output)",expanded_rate_table
2026-05-14T21:20:18.311517,GPU306_CPU1036,306,1036,306,1036,medium_long,decode,512,512,2,29.45171296596527,26.27507079831906,13457.896903855726,512,38.04457737028068,282.08,43.397,46.575,0.5509375,1.8150879183210438,33.162,0.46,9.775,57.1,57.9,13,Phi-3-mini-Q4,llama.cpp,"decode-only (16 prompt tokens, 512 output)",expanded_rate_table
2026-05-14T21:20:19.903525,GPU306_CPU1036,306,1036,306,1036,long_tiny,decode,1024,32,0,29.035524930804968,24.298922068649723,782.4442859273404,32,40.89748059451174,34.01,34.01,40.853,1.0628125,0.9408997353719495,25.335,0.399,8.276,57.4,57.5,2,Phi-3-mini-Q4,llama.cpp,"decode-only (16 prompt tokens, 32 output)",expanded_rate_table
2026-05-14T21:20:21.486899,GPU306_CPU1036,306,1036,306,1036,long_tiny,decode,1024,32,1,25.67258686758578,24.127851841190168,773.8070990890265,32,41.353975735906765,34.21,34.21,40.853,1.0690625,0.935399006138556,25.534,0.399,8.276,57.1,57.2,2,Phi-3-mini-Q4,llama.cpp,"decode-only (16 prompt tokens, 32 output)",expanded_rate_table
2026-05-14T21:20:23.068662,GPU306_CPU1036,306,1036,306,1036,long_tiny,decode,1024,32,2,25.89514688588679,24.06922277183302,772.184956818819,32,41.44084874669255,34.509,34.509,41.353,1.07840625,0.9272943290156191,25.734,0.398,8.376,57.0,57.2,2,Phi-3-mini-Q4,llama.cpp,"decode-only (16 prompt tokens, 32 output)",expanded_rate_table
2026-05-14T21:20:26.988750,GPU306_CPU1036,306,1036,306,1036,long_medium,decode,1024,128,0,26.013256050646305,24.276065590652074,3109.5423891674727,128,41.16361315604057,144.412,41.261,46.575,1.12821875,0.8863529346591695,31.423,0.399,9.439,57.5,57.8,7,Phi-3-mini-Q4,llama.cpp,"decode-only (16 prompt tokens, 128 output)",expanded_rate_table
2026-05-14T21:20:36.898316,GPU306_CPU1036,306,1036,306,1036,long_medium,decode,1024,128,1,25.972578208893538,24.256560771806736,3107.019895222038,128,41.1970326282229,14.032,28.064,28.064,0.109625,9.122006841505131,20.342,0.399,7.323,57.6,57.6,1,Phi-3-mini-Q4,llama.cpp,"decode-only (16 prompt tokens, 128 output)",expanded_rate_table
2026-05-14T21:20:40.859578,GPU306_CPU1036,306,1036,306,1036,long_medium,decode,1024,128,2,25.865233037620783,24.601049211580218,3150.664981920272,128,40.62634419543596,142.266,40.648,46.175,1.111453125,0.8997230539974415,30.91,0.399,9.338,57.1,57.7,7,Phi-3-mini-Q4,llama.cpp,"decode-only (16 prompt tokens, 128 output)",expanded_rate_table
2026-05-14T21:20:43.218084,GPU306_CPU1036,306,1036,306,1036,xlong_short,decode,2048,64,0,25.954155018553138,24.168847827240825,1548.8437940366566,64,41.3211456483941,29.039,29.039,30.005,0.453734375,2.203932642308619,21.166,0.399,7.474,57.2,57.4,2,Phi-3-mini-Q4,llama.cpp,"decode-only (16 prompt tokens, 64 output)",expanded_rate_table
2026-05-14T21:20:46.318840,GPU306_CPU1036,306,1036,306,1036,xlong_short,decode,2048,64,1,25.728838983923197,24.103673921513654,1544.5068888366222,64,41.43717354877393,0.0,0.0,0.0,0.0,0.0,0.0,0.0,0.0,0.0,0.0,0,Phi-3-mini-Q4,llama.cpp,"decode-only (16 prompt tokens, 64 output)",expanded_rate_table
2026-05-14T21:20:48.699953,GPU306_CPU1036,306,1036,306,1036,xlong_short,decode,2048,64,2,25.97645204514265,24.517967871996383,1570.866412948817,64,40.74184760234306,72.058,36.029,44.677,1.12590625,0.8881734158594464,26.95,0.498,8.581,57.6,57.8,4,Phi-3-mini-Q4,llama.cpp,"decode-only (16 prompt tokens, 64 output)",expanded_rate_table
2026-05-14T21:20:52.617862,GPU306_CPU1036,306,1036,306,1036,xlong_medium,decode,2048,128,0,25.96211084164679,24.260704031610114,3107.5536059215665,128,41.18995719207898,144.618,41.32,46.575,1.129828125,0.8850903760251144,31.482,0.399,9.439,58.0,58.4,7,Phi-3-mini-Q4,llama.cpp,"decode-only (16 prompt tokens, 128 output)",expanded_rate_table
2026-05-14T21:20:56.534646,GPU306_CPU1036,306,1036,306,1036,xlong_medium,decode,2048,128,1,25.566424941644073,24.25449348868817,3106.35884385556,128,41.20579959819728,145.318,41.52,46.676,1.135296875,0.880826876230061,31.539,0.456,9.525,58.4,58.8,7,Phi-3-mini-Q4,llama.cpp,"decode-only (16 prompt tokens, 128 output)",expanded_rate_table
2026-05-14T21:21:00.453844,GPU306_CPU1036,306,1036,306,1036,xlong_medium,decode,2048,128,2,25.4735229536891,24.273361755887002,3108.660259982571,128,41.17529395145858,144.962,41.418,46.676,1.132515625,0.8829900249720617,31.537,0.399,9.482,58.6,59.1,7,Phi-3-mini-Q4,llama.cpp,"decode-only (16 prompt tokens, 128 output)",expanded_rate_table
2026-05-14T21:21:10.920418,GPU306_CPU1036,306,1036,306,1036,xlong_long,decode,2048,512,0,25.71159810759127,25.602668181061745,9654.470540117472,376,38.945688263027726,437.669,43.767,46.676,1.1640132978723403,0.8590967146405161,33.473,0.419,9.875,59.2,59.7,20,Phi-3-mini-Q4,llama.cpp,"decode-only (16 prompt tokens, 512 output)",expanded_rate_table
2026-05-14T21:21:25.202371,GPU306_CPU1036,306,1036,306,1036,xlong_long,decode,2048,512,1,29.091624775901437,26.296598587090372,13468.544579809532,512,38.01450089622383,596.329,44.173,46.175,1.164705078125,0.8585864514387193,33.798,0.429,9.946,59.9,60.6,27,Phi-3-mini-Q4,llama.cpp,"decode-only (16 prompt tokens, 512 output)",expanded_rate_table
2026-05-14T21:21:39.464376,GPU306_CPU1036,306,1036,306,1036,xlong_long,decode,2048,512,2,29.197074938565493,26.257391847258184,13448.60421703197,512,38.07086532828278,597.822,44.283,46.676,1.16762109375,0.8564422185868035,33.916,0.414,9.954,60.7,61.1,27,Phi-3-mini-Q4,llama.cpp,"decode-only (16 prompt tokens, 512 output)",expanded_rate_table
2026-05-14T21:21:48.847155,GPU306_CPU1497,1300,1497,306,1497,tiny_tiny,mixed,32,32,0,25.156809948384762,23.87355967244554,765.3416399843991,32,41.81139288416647,39.919,39.919,44.177,1.24746875,0.801623287156492,29.934,0.798,9.187,59.8,59.8,2,Phi-3-mini-Q4,llama.cpp,,expanded_rate_table
2026-05-14T21:21:50.421315,GPU306_CPU1497,1300,1497,306,1497,tiny_tiny,mixed,32,32,1,25.336455088108778,23.892614322023526,766.1094830837101,32,41.769486876986576,34.958,34.958,41.852,1.0924375,0.9153841752960696,25.734,0.798,8.426,59.7,59.8,2,Phi-3-mini-Q4,llama.cpp,,expanded_rate_table
2026-05-14T21:21:51.998649,GPU306_CPU1497,1300,1497,306,1497,tiny_tiny,mixed,32,32,2,25.215046014636755,23.99642555223357,769.2067020107061,32,41.60130159598455,35.008,35.008,41.852,1.094,0.9140767824497257,25.734,0.798,8.476,59.9,59.9,2,Phi-3-mini-Q4,llama.cpp,,expanded_rate_table
2026-05-14T21:21:55.889804,GPU306_CPU1497,1300,1497,306,1497,tiny_short,mixed,32,128,0,25.161442812532187,24.07141476429588,3082.558029796928,128,41.52395470343582,145.96,41.703,47.474,1.1403125,0.8769525897506165,31.423,0.798,9.482,60.2,60.5,7,Phi-3-mini-Q4,llama.cpp,,expanded_rate_table
2026-05-14T21:21:59.777545,GPU306_CPU1497,1300,1497,306,1497,tiny_short,mixed,32,128,1,25.25091008283198,24.043901975625964,3079.163165995851,128,41.56973602878324,146.06,41.731,47.075,1.14109375,0.8763521840339586,31.423,0.798,9.511,60.5,61.0,7,Phi-3-mini-Q4,llama.cpp,,expanded_rate_table
2026-05-14T21:22:03.666286,GPU306_CPU1497,1300,1497,306,1497,tiny_short,mixed,32,128,2,25.215671863406897,24.051741464063525,3080.1504550036043,128,41.55641156816485,146.06,41.731,47.075,1.14109375,0.8763521840339586,31.423,0.798,9.511,60.7,61.2,7,Phi-3-mini-Q4,llama.cpp,,expanded_rate_table
2026-05-14T21:22:10.515262,GPU306_CPU1497,1300,1497,306,1497,tiny_long,mixed,32,512,0,25.481013813987374,24.339467500018454,6039.874417008832,247,40.89489001698871,285.479,43.92,47.475,1.1557854251012145,0.8652125024958054,33.255,0.829,9.836,61.1,61.6,13,Phi-3-mini-Q4,llama.cpp,,expanded_rate_table
2026-05-14T21:22:24.555104,GPU306_CPU1497,1300,1497,306,1497,tiny_long,mixed,32,512,1,28.326029889285564,25.831340540131215,13229.399253847077,512,38.70168177524098,605.318,44.838,47.474,1.18226171875,0.8458364033450186,34.065,0.798,9.975,61.7,62.3,27,Phi-3-mini-Q4,llama.cpp,,expanded_rate_table
2026-05-14T21:22:38.588284,GPU306_CPU1497,1300,1497,306,1497,tiny_long,mixed,32,512,2,28.248857939615846,25.81775531130834,13222.436859970912,512,38.72206049627726,606.925,44.957,47.474,1.185400390625,0.8435968200354246,34.139,0.813,10.006,62.2,62.7,27,Phi-3-mini-Q4,llama.cpp,,expanded_rate_table
2026-05-14T21:22:40.205715,GPU306_CPU1497,1300,1497,306,1497,short_tiny,mixed,128,32,0,59.750634944066405,24.181629095466867,809.5019368920475,32,39.5304798440123,34.408,34.408,41.752,1.07525,0.9300162752848175,25.335,0.798,8.276,62.0,62.2,2,Phi-3-mini-Q4,llama.cpp,,expanded_rate_table
2026-05-14T21:22:41.780042,GPU306_CPU1497,1300,1497,306,1497,short_tiny,mixed,128,32,1,25.405894964933395,23.897577129725008,766.3324819877744,32,41.757332166053885,34.966,34.966,41.867,1.0926875,0.9151747411771435,25.734,0.798,8.434,61.9,62.1,2,Phi-3-mini-Q4,llama.cpp,,expanded_rate_table
2026-05-14T21:22:43.354327,GPU306_CPU1497,1300,1497,306,1497,short_tiny,mixed,128,32,2,25.448772124946117,23.89657193224036,766.3466620724648,32,41.75655950984506,34.966,34.966,41.867,1.0926875,0.9151747411771435,25.734,0.798,8.434,61.7,61.9,2,Phi-3-mini-Q4,llama.cpp,,expanded_rate_table
2026-05-14T21:22:45.697881,GPU306_CPU1497,1300,1497,306,1497,short_short,mixed,128,64,0,25.735874893143773,23.955927843907997,1535.1650570519269,64,41.68932826213697,74.704,37.352,46.075,1.16725,0.8567144998929107,27.747,0.798,8.806,61.7,62.0,4,Phi-3-mini-Q4,llama.cpp,,expanded_rate_table
2026-05-14T21:22:48.040558,GPU306_CPU1497,1300,1497,306,1497,short_short,mixed,128,64,1,25.645088171586394,23.94737856876519,1534.5076981466264,64,41.70718731310309,74.665,37.332,46.075,1.166640625,0.857161990222996,27.749,0.798,8.785,61.8,62.0,4,Phi-3-mini-Q4,llama.cpp,,expanded_rate_table
2026-05-14T21:22:50.386288,GPU306_CPU1497,1300,1497,306,1497,short_short,mixed,128,64,2,25.86182113736868,23.98930718782284,1537.3649741522968,64,41.62967224831541,74.961,37.48,46.075,1.171265625,0.853777297528048,27.847,0.798,8.836,61.8,61.9,4,Phi-3-mini-Q4,llama.cpp,,expanded_rate_table
2026-05-14T21:22:57.595532,GPU306_CPU1497,1300,1497,306,1497,short_long,mixed,128,256,0,25.682138977572322,24.99461001533942,6399.960811948404,256,40.0002449268222,292.39,44.983,47.574,1.1421484375,0.8755429392250077,34.146,0.798,10.039,62.2,62.6,13,Phi-3-mini-Q4,llama.cpp,,expanded_rate_table
2026-05-14T21:23:04.834270,GPU306_CPU1497,1300,1497,306,1497,short_long,mixed,128,256,1,29.036748921498656,25.097976569268926,6429.662212030962,256,39.81546643632097,290.83,44.743,47.474,1.1360546875,0.8802393150637831,33.96,0.798,9.985,62.5,62.8,13,Phi-3-mini-Q4,llama.cpp,,expanded_rate_table
2026-05-14T21:23:11.720420,GPU306_CPU1497,1300,1497,306,1497,short_long,mixed,128,256,2,28.596546966582537,24.9847195147927,6076.888252981007,242,39.82301301678327,284.642,43.791,47.474,1.1762066115702479,0.8501907659445901,33.165,0.798,9.828,62.7,63.1,13,Phi-3-mini-Q4,llama.cpp,,expanded_rate_table
2026-05-14T21:23:13.575489,GPU306_CPU1497,1300,1497,306,1497,medium_tiny,mixed,512,32,0,223.4864281490445,26.561931128643693,1047.018036013469,32,30.562988314738394,48.965,32.643,40.153,1.53015625,0.6535280302256713,24.087,0.798,7.758,62.4,62.6,3,Phi-3-mini-Q4,llama.cpp,,expanded_rate_table
2026-05-14T21:23:15.232368,GPU306_CPU1497,1300,1497,306,1497,medium_tiny,mixed,512,32,1,29.26776697859168,26.43239641592147,848.780503962189,32,37.701148707611594,34.21,34.21,40.853,1.0690625,0.935399006138556,25.136,0.798,8.276,62.2,62.5,2,Phi-3-mini-Q4,llama.cpp,,expanded_rate_table
2026-05-14T21:23:16.887106,GPU306_CPU1497,1300,1497,306,1497,medium_tiny,mixed,512,32,2,29.0709319524467,26.37029206380248,846.6629770118743,32,37.795440297788296,34.21,34.21,40.853,1.0690625,0.935399006138556,25.136,0.798,8.276,62.1,62.3,2,Phi-3-mini-Q4,llama.cpp,,expanded_rate_table
2026-05-14T21:23:17.724010,GPU306_CPU1497,1300,1497,306,1497,medium_short,mixed,512,128,0,29.198609990999103,29.198609990999103,29.198609990999103,0,0.0,7.396,14.791,14.791,0.0,0.0,8.785,0.798,5.208,61.4,61.4,1,Phi-3-mini-Q4,llama.cpp,,expanded_rate_table
2026-05-14T21:23:21.934605,GPU306_CPU1497,1300,1497,306,1497,medium_short,mixed,512,128,1,108.65320917218924,26.55477196751763,3401.8041321542114,125,36.74520787910357,146.902,41.972,46.075,1.1752159999999998,0.8509074076595282,31.647,0.798,9.527,62.2,62.7,7,Phi-3-mini-Q4,llama.cpp,,expanded_rate_table
2026-05-14T21:23:26.165386,GPU306_CPU1497,1300,1497,306,1497,medium_short,mixed,512,128,2,82.19233807176352,66.79398030042648,3422.21688805148,51,14.902620631107355,149.048,42.585,46.175,2.9225098039215687,0.34217164940153505,32.16,0.798,9.627,62.4,62.8,7,Phi-3-mini-Q4,llama.cpp,,expanded_rate_table
2026-05-14T21:23:40.247637,GPU306_CPU1497,1300,1497,306,1497,medium_long,mixed,512,512,0,29.084998881444335,25.91280537974563,13271.832030965015,512,38.577944537380624,614.833,45.543,47.676,1.200845703125,0.8327464531018992,34.479,0.828,10.236,63.0,63.6,27,Phi-3-mini-Q4,llama.cpp,,expanded_rate_table
2026-05-14T21:23:54.327704,GPU306_CPU1497,1300,1497,306,1497,medium_long,mixed,512,512,1,90.60811600647867,25.88892639486562,13269.375357078388,510,38.43436380959309,615.932,45.625,47.676,1.2077098039215686,0.828013482007754,34.538,0.828,10.258,63.5,63.9,27,Phi-3-mini-Q4,llama.cpp,,expanded_rate_table
2026-05-14T21:24:07.659142,GPU306_CPU1497,1300,1497,306,1497,medium_long,mixed,512,512,2,32.06088696606457,25.85130400039812,12519.010248128325,483,38.58132475546233,573.186,45.855,47.776,1.18672049689441,0.8426584040782573,34.745,0.83,10.28,63.9,64.6,25,Phi-3-mini-Q4,llama.cpp,,expanded_rate_table
2026-05-14T21:24:09.571560,GPU306_CPU1497,1300,1497,306,1497,long_tiny,mixed,1024,32,0,333.81567406468093,24.844102231004545,1104.0999311953783,32,28.982883791464864,50.773,33.849,40.268,1.58665625,0.6302562385519862,25.02,0.798,8.03,63.7,64.0,3,Phi-3-mini-Q4,llama.cpp,,expanded_rate_table
2026-05-14T21:24:11.171951,GPU306_CPU1497,1300,1497,306,1497,long_tiny,mixed,1024,32,1,28.963699005544186,24.619103394328587,792.2761591617018,32,40.38995699915902,35.565,35.565,42.467,1.11140625,0.8997610009841136,26.132,0.798,8.635,63.4,63.7,2,Phi-3-mini-Q4,llama.cpp,,expanded_rate_table
2026-05-14T21:24:12.774358,GPU306_CPU1497,1300,1497,306,1497,long_tiny,mixed,1024,32,2,28.70126604102552,24.700361904838392,794.5276519749314,32,40.27550195447402,35.366,35.366,42.467,1.1051875,0.9048238421082395,25.934,0.798,8.635,63.3,63.6,2,Phi-3-mini-Q4,llama.cpp,,expanded_rate_table
2026-05-14T21:24:16.463688,GPU306_CPU1497,1300,1497,306,1497,long_medium,mixed,1024,128,0,29.25086091272533,25.00746243394318,2880.96224097535,114,39.57011250567633,129.81,43.27,47.775,1.1386842105263157,0.8782066096602726,32.528,0.798,9.945,63.4,63.8,6,Phi-3-mini-Q4,llama.cpp,,expanded_rate_table
2026-05-14T21:24:20.490278,GPU306_CPU1497,1300,1497,306,1497,long_medium,mixed,1024,128,1,31.990331830456853,25.08480372604012,3218.1222909130156,128,39.77474701984835,152.82,43.663,47.876,1.19390625,0.837586703311085,32.791,0.855,10.017,63.7,63.8,7,Phi-3-mini-Q4,llama.cpp,,expanded_rate_table
2026-05-14T21:24:24.516833,GPU306_CPU1497,1300,1497,306,1497,long_medium,mixed,1024,128,2,31.740599777549505,25.08491948136957,3217.866779770702,128,39.77790528951636,152.27,43.506,47.775,1.189609375,0.8406120706639522,32.734,0.798,9.974,63.8,64.1,7,Phi-3-mini-Q4,llama.cpp,,expanded_rate_table
2026-05-14T21:24:27.748268,GPU306_CPU1497,1300,1497,306,1497,xlong_short,mixed,2048,64,0,718.6203228775412,27.04845170032174,2422.8827618062496,64,26.41481503310059,98.881,39.552,47.477,1.545015625,0.6472426451997856,29.696,0.798,9.058,63.6,63.9,5,Phi-3-mini-Q4,llama.cpp,,expanded_rate_table
2026-05-14T21:24:30.288940,GPU306_CPU1497,1300,1497,306,1497,xlong_short,mixed,2048,64,1,34.29910400882363,26.946899858081625,1732.1774731390178,64,36.94771522690482,81.55,40.775,46.976,1.27421875,0.7847946045370938,30.335,0.798,9.642,63.5,63.7,4,Phi-3-mini-Q4,llama.cpp,,expanded_rate_table
2026-05-14T21:24:32.829450,GPU306_CPU1497,1300,1497,306,1497,xlong_short,mixed,2048,64,2,34.00300722569227,26.950983079298148,1732.153084129095,64,36.94823545701701,81.744,40.872,47.077,1.27725,0.7829320806420043,30.432,0.798,9.643,63.5,63.9,4,Phi-3-mini-Q4,llama.cpp,,expanded_rate_table
2026-05-14T21:24:37.106605,GPU306_CPU1497,1300,1497,306,1497,xlong_medium,mixed,2048,128,0,34.018683014437556,27.039584274748414,3468.4372760821134,128,36.90422798840018,167.818,41.954,47.477,1.311078125,0.7627310538797983,31.338,0.798,9.818,63.6,64.2,8,Phi-3-mini-Q4,llama.cpp,,expanded_rate_table
2026-05-14T21:24:41.386293,GPU306_CPU1497,1300,1497,306,1497,xlong_medium,mixed,2048,128,1,34.251603996381164,27.057488245420217,3470.9495049901307,128,36.8775171796583,167.254,41.814,47.477,1.306671875,0.7653030719743624,31.235,0.798,9.781,63.7,64.1,8,Phi-3-mini-Q4,llama.cpp,,expanded_rate_table
2026-05-14T21:24:45.666722,GPU306_CPU1497,1300,1497,306,1497,xlong_medium,mixed,2048,128,2,34.38455914147198,27.062833661169517,3471.7238871380687,128,36.86929149930681,167.706,41.926,47.577,1.310203125,0.7632404326619203,31.285,0.798,9.843,63.9,64.2,8,Phi-3-mini-Q4,llama.cpp,,expanded_rate_table
2026-05-14T21:24:58.575254,GPU306_CPU1497,1300,1497,306,1497,xlong_long,mixed,2048,512,0,34.45552894845605,27.04726362266065,12098.27866195701,446,36.86474848710877,576.764,46.141,48.476,1.2931928251121076,0.7732798857071523,34.762,0.798,10.581,64.3,64.7,25,Phi-3-mini-Q4,llama.cpp,,expanded_rate_table
2026-05-14T21:25:10.608659,GPU306_CPU1497,1300,1497,306,1497,xlong_long,mixed,2048,512,1,37.46525198221207,27.017852743595984,11222.998207900673,414,36.88853836834401,533.137,46.36,48.477,1.287770531400966,0.7765358622642962,34.938,0.815,10.606,64.6,65.1,23,Phi-3-mini-Q4,llama.cpp,,expanded_rate_table
2026-05-14T21:25:15.273067,GPU306_CPU1497,1300,1497,306,1497,xlong_long,mixed,2048,512,2,37.37685293890536,27.07892881506788,3855.738623999059,141,36.568868834205084,176.748,44.187,47.577,1.253531914893617,0.7977459433770114,33.13,0.798,10.26,64.6,65.1,8,Phi-3-mini-Q4,llama.cpp,,expanded_rate_table
2026-05-14T21:25:16.857269,GPU306_CPU1497,1300,1497,306,1497,tiny_tiny,decode,32,32,0,28.75703782774508,24.105784393125965,776.1384649202228,32,41.22975660443423,35.016,35.016,41.867,1.09425,0.9138679460817912,25.734,0.798,8.484,64.2,64.3,2,Phi-3-mini-Q4,llama.cpp,"decode-only (16 prompt tokens, 32 output)",expanded_rate_table
2026-05-14T21:25:18.432397,GPU306_CPU1497,1300,1497,306,1497,tiny_tiny,decode,32,32,1,25.379077065736055,23.924307289323018,767.1396099030972,32,41.713398170174194,35.465,35.465,42.367,1.10828125,0.9022980403214436,26.132,0.798,8.534,64.0,64.2,2,Phi-3-mini-Q4,llama.cpp,"decode-only (16 prompt tokens, 32 output)",expanded_rate_table
2026-05-14T21:25:20.006695,GPU306_CPU1497,1300,1497,306,1497,tiny_tiny,decode,32,32,2,25.055205915123224,23.913046127305396,766.4624189492315,32,41.75025312248166,35.072,35.072,41.98,1.096,0.9124087591240875,25.74,0.798,8.534,63.9,64.1,2,Phi-3-mini-Q4,llama.cpp,"decode-only (16 prompt tokens, 32 output)",expanded_rate_table
2026-05-14T21:25:23.890108,GPU306_CPU1497,1300,1497,306,1497,tiny_short,decode,32,128,0,25.12694802135229,24.009601321203384,3074.6873058378696,128,41.63024960520962,146.724,41.921,47.574,1.14628125,0.87238624901175,31.539,0.798,9.584,64.1,64.3,7,Phi-3-mini-Q4,llama.cpp,"decode-only (16 prompt tokens, 128 output)",expanded_rate_table
2026-05-14T21:25:27.777601,GPU306_CPU1497,1300,1497,306,1497,tiny_short,decode,32,128,1,25.306238094344735,24.041573929519753,3078.915691934526,128,41.57307728019529,147.524,42.15,47.675,1.15253125,0.8676554323364334,31.71,0.798,9.642,64.3,64.6,7,Phi-3-mini-Q4,llama.cpp,"decode-only (16 prompt tokens, 128 output)",expanded_rate_table
2026-05-14T21:25:31.666992,GPU306_CPU1497,1300,1497,306,1497,tiny_short,decode,32,128,2,25.32975492067635,24.057233473286033,3080.9261789545417,128,41.54594838213052,147.116,42.033,47.574,1.14934375,0.8700617200032627,31.651,0.798,9.584,64.3,64.7,7,Phi-3-mini-Q4,llama.cpp,"decode-only (16 prompt tokens, 128 output)",expanded_rate_table
2026-05-14T21:25:45.672676,GPU306_CPU1497,1300,1497,306,1497,tiny_long,decode,32,512,0,25.177914183586836,25.770477839397476,13195.204911055043,512,38.80197416040448,608.538,45.077,47.675,1.18855078125,0.8413607695821789,34.184,0.798,10.095,64.7,65.1,27,Phi-3-mini-Q4,llama.cpp,"decode-only (16 prompt tokens, 512 output)",expanded_rate_table
2026-05-14T21:25:59.711598,GPU306_CPU1497,1300,1497,306,1497,tiny_long,decode,32,512,1,28.285684064030647,25.828999041173237,13228.213942144066,512,38.7051496323935,608.292,45.059,47.675,1.1880703125,0.8417010251655455,34.14,0.798,10.121,65.0,65.3,27,Phi-3-mini-Q4,llama.cpp,"decode-only (16 prompt tokens, 512 output)",expanded_rate_table
2026-05-14T21:26:13.774537,GPU306_CPU1497,1300,1497,306,1497,tiny_long,decode,32,512,2,28.749282006174326,25.875492982380457,13252.444360172376,512,38.63438216263829,610.182,45.199,47.675,1.19176171875,0.8390939096859625,34.258,0.828,10.113,65.3,65.6,27,Phi-3-mini-Q4,llama.cpp,"decode-only (16 prompt tokens, 512 output)",expanded_rate_table
2026-05-14T21:26:15.359713,GPU306_CPU1497,1300,1497,306,1497,short_tiny,decode,128,32,0,28.521784115582705,24.145596998653584,777.1385218948126,32,41.176700290159175,35.072,35.072,41.98,1.096,0.9124087591240875,25.74,0.798,8.534,65.0,65.1,2,Phi-3-mini-Q4,llama.cpp,"decode-only (16 prompt tokens, 32 output)",expanded_rate_table
2026-05-14T21:26:16.936146,GPU306_CPU1497,1300,1497,306,1497,short_tiny,decode,128,32,1,25.43819509446621,23.95228664540956,768.0612560361624,32,41.6633435790613,35.173,35.173,42.08,1.09915625,0.9097887584226537,25.74,0.798,8.635,64.8,65.0,2,Phi-3-mini-Q4,llama.cpp,"decode-only (16 prompt tokens, 32 output)",expanded_rate_table
2026-05-14T21:26:18.511727,GPU306_CPU1497,1300,1497,306,1497,short_tiny,decode,128,32,2,25.181427830830216,23.946164356124015,767.6159138791263,32,41.687515098910424,35.366,35.366,42.467,1.1051875,0.9048238421082395,25.934,0.798,8.635,64.5,64.7,2,Phi-3-mini-Q4,llama.cpp,"decode-only (16 prompt tokens, 32 output)",expanded_rate_table
2026-05-14T21:26:20.854806,GPU306_CPU1497,1300,1497,306,1497,short_short,decode,128,64,0,25.228978833183646,23.95631197012133,1534.6574948634952,64,41.70311630719444,74.862,37.431,46.175,1.16971875,0.8549063610376426,27.747,0.798,8.886,64.5,64.7,4,Phi-3-mini-Q4,llama.cpp,"decode-only (16 prompt tokens, 64 output)",expanded_rate_table
2026-05-14T21:26:23.200276,GPU306_CPU1497,1300,1497,306,1497,short_short,decode,128,64,1,25.656716199591756,23.990208571333262,1537.217231001705,64,41.63367330868087,75.156,37.578,46.276,1.1743125,0.851562084198201,27.844,0.798,8.936,64.6,64.8,4,Phi-3-mini-Q4,llama.cpp,"decode-only (16 prompt tokens, 64 output)",expanded_rate_table
2026-05-14T21:26:25.544033,GPU306_CPU1497,1300,1497,306,1497,short_short,decode,128,64,2,25.16542305238545,23.96957322009026,1535.4240220040083,64,41.682296930894914,75.255,37.628,46.175,1.175859375,0.8504418311075677,27.944,0.798,8.886,64.5,64.7,4,Phi-3-mini-Q4,llama.cpp,"decode-only (16 prompt tokens, 64 output)",expanded_rate_table
2026-05-14T21:26:32.581043,GPU306_CPU1497,1300,1497,306,1497,short_long,decode,128,256,0,25.342348031699657,24.321589913840096,6228.000313043594,256,41.10468643745042,293.04,45.083,47.574,1.1446875,0.8736008736008736,34.208,0.798,10.077,65.0,65.3,13,Phi-3-mini-Q4,llama.cpp,"decode-only (16 prompt tokens, 256 output)",expanded_rate_table
2026-05-14T21:26:39.656363,GPU306_CPU1497,1300,1497,306,1497,short_long,decode,128,256,1,28.32436212338507,24.459277862208147,6266.085203038529,256,40.85485461893518,293.536,45.159,47.574,1.146625,0.8721247138340783,34.238,0.798,10.124,65.2,65.4,13,Phi-3-mini-Q4,llama.cpp,"decode-only (16 prompt tokens, 256 output)",expanded_rate_table
2026-05-14T21:26:46.731786,GPU306_CPU1497,1300,1497,306,1497,short_long,decode,128,256,2,28.333986876532435,24.459681184231943,6266.196585958824,256,40.85412841557509,293.237,45.113,47.575,1.14545703125,0.8730139784542877,34.176,0.829,10.108,65.3,65.6,13,Phi-3-mini-Q4,llama.cpp,"decode-only (16 prompt tokens, 256 output)",expanded_rate_table
2026-05-14T21:26:48.315521,GPU306_CPU1497,1300,1497,306,1497,medium_tiny,decode,512,32,0,28.250396950170398,24.11168838490642,775.8170878514647,32,41.246835756892494,35.066,35.066,41.968,1.0958125,0.9125648776592711,25.734,0.798,8.534,64.9,65.2,2,Phi-3-mini-Q4,llama.cpp,"decode-only (16 prompt tokens, 32 output)",expanded_rate_table
2026-05-14T21:26:49.893757,GPU306_CPU1497,1300,1497,306,1497,medium_tiny,decode,512,32,1,25.504376972094178,24.024649260325297,770.3707430046052,32,41.53844144598922,35.117,35.117,41.968,1.09740625,0.9112395705783525,25.734,0.798,8.585,64.7,64.8,2,Phi-3-mini-Q4,llama.cpp,"decode-only (16 prompt tokens, 32 output)",expanded_rate_table
2026-05-14T21:26:51.471060,GPU306_CPU1497,1300,1497,306,1497,medium_tiny,decode,512,32,2,25.222682859748602,24.000080707933634,769.3281918764114,32,41.59473205050652,35.066,35.066,41.968,1.0958125,0.9125648776592711,25.734,0.798,8.534,64.5,64.7,2,Phi-3-mini-Q4,llama.cpp,"decode-only (16 prompt tokens, 32 output)",expanded_rate_table
2026-05-14T21:26:55.372805,GPU306_CPU1497,1300,1497,306,1497,medium_short,decode,512,128,0,25.42290394194424,24.154362024915383,3093.35369290784,128,41.37903799797183,147.069,42.02,47.675,1.1489765625,0.870339772487744,31.537,0.855,9.627,64.8,65.2,7,Phi-3-mini-Q4,llama.cpp,"decode-only (16 prompt tokens, 128 output)",expanded_rate_table
2026-05-14T21:26:59.276375,GPU306_CPU1497,1300,1497,306,1497,medium_short,decode,512,128,1,25.586034869775176,24.158980110733527,3094.108121935278,128,41.36894864551132,147.268,42.076,47.574,1.15053125,0.8691637015509139,31.651,0.798,9.627,64.9,65.2,7,Phi-3-mini-Q4,llama.cpp,"decode-only (16 prompt tokens, 128 output)",expanded_rate_table
2026-05-14T21:27:03.176351,GPU306_CPU1497,1300,1497,306,1497,medium_short,decode,512,128,2,25.722702965140343,24.13667440157765,3091.409436892718,128,41.40506219346254,147.422,42.121,47.574,1.151734375,0.8682557555860049,31.71,0.798,9.613,65.0,65.2,7,Phi-3-mini-Q4,llama.cpp,"decode-only (16 prompt tokens, 128 output)",expanded_rate_table
2026-05-14T21:27:16.270922,GPU306_CPU1497,1300,1497,306,1497,medium_long,decode,512,512,0,25.746124098077416,25.74921094077198,12284.090713132173,476,38.749306816102994,566.304,45.304,47.675,1.1897142857142857,0.840537944284342,34.363,0.798,10.143,65.3,65.7,25,Phi-3-mini-Q4,llama.cpp,"decode-only (16 prompt tokens, 512 output)",expanded_rate_table
2026-05-14T21:27:30.333179,GPU306_CPU1497,1300,1497,306,1497,medium_long,decode,512,512,1,28.39347696863115,25.874469512636153,13251.621813979,512,38.636780251296976,609.488,45.147,47.675,1.19040625,0.8400493528994828,34.183,0.813,10.151,65.6,66.0,27,Phi-3-mini-Q4,llama.cpp,"decode-only (16 prompt tokens, 512 output)",expanded_rate_table
2026-05-14T21:27:44.364635,GPU306_CPU1497,1300,1497,306,1497,medium_long,decode,512,512,2,28.31861888989806,25.814638967004306,13220.923339016736,512,38.72649336745026,609.184,45.125,47.675,1.1898125,0.8404685612228818,34.198,0.813,10.113,65.8,66.1,27,Phi-3-mini-Q4,llama.cpp,"decode-only (16 prompt tokens, 512 output)",expanded_rate_table
2026-05-14T21:27:45.948855,GPU306_CPU1497,1300,1497,306,1497,long_tiny,decode,1024,32,0,28.557389974594116,24.114438062233308,776.2059289962053,32,41.22617311282666,35.072,35.072,41.98,1.096,0.9124087591240875,25.74,0.798,8.534,65.5,65.6,2,Phi-3-mini-Q4,llama.cpp,"decode-only (16 prompt tokens, 32 output)",expanded_rate_table
2026-05-14T21:27:47.524359,GPU306_CPU1497,1300,1497,306,1497,long_tiny,decode,1024,32,1,25.6945111323148,23.92946386469468,767.6090740133077,32,41.68788656013886,35.323,35.323,42.38,1.10384375,0.9059253177816153,25.94,0.798,8.585,65.2,65.2,2,Phi-3-mini-Q4,llama.cpp,"decode-only (16 prompt tokens, 32 output)",expanded_rate_table
2026-05-14T21:27:49.099151,GPU306_CPU1497,1300,1497,306,1497,long_tiny,decode,1024,32,2,25.288083124905825,23.913418573717916,766.7055609636009,32,41.73701304550625,35.072,35.072,41.98,1.096,0.9124087591240875,25.74,0.798,8.534,65.1,65.3,2,Phi-3-mini-Q4,llama.cpp,"decode-only (16 prompt tokens, 32 output)",expanded_rate_table
2026-05-14T21:27:52.987148,GPU306_CPU1497,1300,1497,306,1497,long_medium,decode,1024,128,0,25.058131897822022,24.046952394387265,3079.3511939700693,128,41.56719774303344,147.272,42.078,47.574,1.1505625,0.8691400945189853,31.71,0.798,9.57,65.2,65.6,7,Phi-3-mini-Q4,llama.cpp,"decode-only (16 prompt tokens, 128 output)",expanded_rate_table
2026-05-14T21:27:56.874233,GPU306_CPU1497,1300,1497,306,1497,long_medium,decode,1024,128,1,25.14238399453461,24.040241410413127,3078.6002380773425,128,41.57733713420973,147.417,42.119,47.675,1.1516953125,0.868285204555784,31.708,0.798,9.613,65.3,65.8,7,Phi-3-mini-Q4,llama.cpp,"decode-only (16 prompt tokens, 128 output)",expanded_rate_table
2026-05-14T21:28:00.759206,GPU306_CPU1497,1300,1497,306,1497,long_medium,decode,1024,128,2,25.33386694267392,24.022597408904804,3076.537430053577,128,41.605214599248654,147.373,42.107,47.574,1.1513515625,0.8685444416548487,31.71,0.798,9.599,65.4,65.6,7,Phi-3-mini-Q4,llama.cpp,"decode-only (16 prompt tokens, 128 output)",expanded_rate_table
2026-05-14T21:28:03.102259,GPU306_CPU1497,1300,1497,306,1497,xlong_short,decode,2048,64,0,25.155786890536547,23.961704113476333,1534.925159998238,64,41.69584398504059,75.356,37.678,46.276,1.1774375,0.8493019799352408,27.944,0.798,8.936,65.2,65.4,4,Phi-3-mini-Q4,llama.cpp,"decode-only (16 prompt tokens, 64 output)",expanded_rate_table
2026-05-14T21:28:05.443862,GPU306_CPU1497,1300,1497,306,1497,xlong_short,decode,2048,64,1,25.104074040427804,23.934652951235574,1533.1642639357597,64,41.74373320945187,75.306,37.653,46.175,1.17665625,0.8498658805407272,27.944,0.798,8.911,65.1,65.4,4,Phi-3-mini-Q4,llama.cpp,"decode-only (16 prompt tokens, 64 output)",expanded_rate_table
2026-05-14T21:28:07.788630,GPU306_CPU1497,1300,1497,306,1497,xlong_short,decode,2048,64,2,25.16583213582635,23.984436285755937,1536.36051598005,64,41.656889339657475,75.298,37.649,46.161,1.17653125,0.8499561741347712,27.94,0.798,8.911,65.1,65.2,4,Phi-3-mini-Q4,llama.cpp,"decode-only (16 prompt tokens, 64 output)",expanded_rate_table
2026-05-14T21:28:11.674937,GPU306_CPU1497,1300,1497,306,1497,xlong_medium,decode,2048,128,0,25.185862090438604,24.034580322143835,3077.905847225338,128,41.58671718804819,147.566,42.162,47.574,1.152859375,0.8674084816285594,31.765,0.798,9.599,65.1,65.5,7,Phi-3-mini-Q4,llama.cpp,"decode-only (16 prompt tokens, 128 output)",expanded_rate_table
2026-05-14T21:28:15.559503,GPU306_CPU1497,1300,1497,306,1497,xlong_medium,decode,2048,128,1,25.207012193277478,24.01836580178869,3075.8754000999033,128,41.614169415263895,147.768,42.22,47.675,1.1544375,0.8662227275188132,31.708,0.798,9.714,65.3,65.5,7,Phi-3-mini-Q4,llama.cpp,"decode-only (16 prompt tokens, 128 output)",expanded_rate_table
2026-05-14T21:28:19.446555,GPU306_CPU1497,1300,1497,306,1497,xlong_medium,decode,2048,128,2,25.14950605109334,24.038620762468323,3078.3840669319034,128,41.58025678958644,147.568,42.162,47.675,1.152875,0.8673967255773609,31.708,0.798,9.656,65.3,65.6,7,Phi-3-mini-Q4,llama.cpp,"decode-only (16 prompt tokens, 128 output)",expanded_rate_table
2026-05-14T21:28:33.463954,GPU306_CPU1497,1300,1497,306,1497,xlong_long,decode,2048,512,0,25.14675189740956,25.79312664985205,13206.741044996306,512,38.7680805018876,610.078,45.191,47.675,1.19155859375,0.8392369500293405,34.242,0.813,10.136,65.6,66.1,27,Phi-3-mini-Q4,llama.cpp,"decode-only (16 prompt tokens, 512 output)",expanded_rate_table
2026-05-14T21:28:47.495041,GPU306_CPU1497,1300,1497,306,1497,xlong_long,decode,2048,512,1,28.275215066969395,25.814469089939344,13220.77366989106,512,38.72693178055282,609.631,45.158,47.675,1.190685546875,0.8398523040987089,34.183,0.813,10.162,65.8,66.1,27,Phi-3-mini-Q4,llama.cpp,"decode-only (16 prompt tokens, 512 output)",expanded_rate_table
2026-05-14T21:29:01.533241,GPU306_CPU1497,1300,1497,306,1497,xlong_long,decode,2048,512,2,28.29763712361455,25.828111622438797,13227.785186143592,512,38.70640419352529,610.628,45.232,47.675,1.1926328125,0.8384810391924379,34.228,0.842,10.162,66.0,66.4,27,Phi-3-mini-Q4,llama.cpp,"decode-only (16 prompt tokens, 512 output)",expanded_rate_table
2026-05-14T21:29:12.791653,GPU612_CPU1036,612,1036,612,1036,tiny_tiny,mixed,32,32,0,44.89550297148526,42.46294026022717,1361.3889848347753,32,23.505405403205664,32.349,21.566,23.402,1.01090625,0.9892114130266779,13.042,0.399,8.125,63.5,63.6,3,Phi-3-mini-Q4,llama.cpp,,expanded_rate_table
2026-05-14T21:29:14.973380,GPU612_CPU1036,612,1036,612,1036,tiny_tiny,mixed,32,32,1,45.10695394128561,42.79705377355699,1371.9601950142533,32,23.324291853574916,30.248,20.166,23.397,0.94525,1.057921184871727,11.843,0.532,7.791,63.4,63.5,3,Phi-3-mini-Q4,llama.cpp,,expanded_rate_table
2026-05-14T21:29:17.155042,GPU612_CPU1036,612,1036,612,1036,tiny_tiny,mixed,32,32,2,45.20791000686586,42.78472267962511,1371.730406070128,32,23.328199082264884,29.947,19.965,22.898,0.93584375,1.068554446188266,11.841,0.399,7.724,63.2,63.3,3,Phi-3-mini-Q4,llama.cpp,,expanded_rate_table
2026-05-14T21:29:23.411931,GPU612_CPU1036,612,1036,612,1036,tiny_short,mixed,32,128,0,44.87031209282577,42.520885504268875,5445.498572196811,128,23.505653027535825,126.039,22.916,24.396,0.9846796875,1.0155586762827378,14.009,0.435,8.472,63.1,63.3,11,Phi-3-mini-Q4,llama.cpp,,expanded_rate_table
2026-05-14T21:29:29.672718,GPU612_CPU1036,612,1036,612,1036,tiny_short,mixed,32,128,1,45.12943886220455,42.550013440947126,5449.454547837377,128,23.488589339789424,125.632,22.842,23.896,0.9815,1.0188487009679061,13.972,0.435,8.435,62.8,63.0,11,Phi-3-mini-Q4,llama.cpp,,expanded_rate_table
2026-05-14T21:29:35.939552,GPU612_CPU1036,612,1036,612,1036,tiny_short,mixed,32,128,2,45.00233102589846,42.600604811844626,5455.767838982865,128,23.461408875466997,125.592,22.835,23.902,0.9811875,1.019173195744952,13.937,0.435,8.463,62.6,62.7,11,Phi-3-mini-Q4,llama.cpp,,expanded_rate_table
2026-05-14T21:30:00.081681,GPU612_CPU1036,612,1036,612,1036,tiny_long,mixed,32,512,0,45.16577790491283,45.55612383364771,23326.305442955345,512,21.94946821956438,539.376,22.952,24.301,1.05346875,0.9492450535433539,14.061,0.433,8.458,62.1,62.6,47,Phi-3-mini-Q4,llama.cpp,,expanded_rate_table
2026-05-14T21:30:24.223712,GPU612_CPU1036,612,1036,612,1036,tiny_long,mixed,32,512,1,49.62082509882748,45.548278399161745,23326.704370090738,512,21.94909284555778,539.258,22.947,24.195,1.05323828125,0.9494527665792626,14.058,0.45,8.439,61.4,61.8,47,Phi-3-mini-Q4,llama.cpp,,expanded_rate_table
2026-05-14T21:30:38.620935,GPU612_CPU1036,612,1036,612,1036,tiny_long,mixed,32,512,2,49.88399799913168,43.929930865849556,13584.290005033836,308,22.673249752903285,320.066,22.862,24.295,1.0391753246753246,0.9623015253104048,14.019,0.428,8.415,60.9,61.1,28,Phi-3-mini-Q4,llama.cpp,,expanded_rate_table
2026-05-14T21:30:40.887826,GPU612_CPU1036,612,1036,612,1036,short_tiny,mixed,128,32,0,117.14084795676172,43.217477576446626,1457.0355778560042,32,21.962401252471334,37.358,18.679,22.802,1.1674375,0.8565769045452113,10.982,0.399,7.298,60.5,60.6,4,Phi-3-mini-Q4,llama.cpp,,expanded_rate_table
2026-05-14T21:30:43.077948,GPU612_CPU1036,612,1036,612,1036,short_tiny,mixed,128,32,1,45.65793601796031,43.04737377641422,1380.2731120958924,32,23.183817549998647,29.803,19.869,22.802,0.93134375,1.0737174109988927,11.846,0.399,7.624,60.5,60.6,3,Phi-3-mini-Q4,llama.cpp,,expanded_rate_table
2026-05-14T21:30:45.266880,GPU612_CPU1036,612,1036,612,1036,short_tiny,mixed,128,32,2,45.51233700476587,43.01123741653658,1379.0098780300468,32,23.205054952697562,30.052,20.035,22.802,0.939125,1.0648209769732464,11.846,0.532,7.657,60.5,60.7,3,Phi-3-mini-Q4,llama.cpp,,expanded_rate_table
2026-05-14T21:30:48.811276,GPU612_CPU1036,612,1036,612,1036,short_short,mixed,128,64,0,45.62129406258464,42.67325882415568,2734.342162963003,64,23.40599536769311,65.106,21.702,23.802,1.01728125,0.9830123183731146,13.178,0.399,8.125,60.3,60.5,6,Phi-3-mini-Q4,llama.cpp,,expanded_rate_table
2026-05-14T21:30:52.358246,GPU612_CPU1036,612,1036,612,1036,short_short,mixed,128,64,1,45.69370509125292,42.71175753739145,2736.7957700043917,64,23.38501129731624,65.305,21.768,23.802,1.020390625,0.9800168440395068,13.178,0.466,8.125,60.2,60.4,6,Phi-3-mini-Q4,llama.cpp,,expanded_rate_table
2026-05-14T21:30:55.905651,GPU612_CPU1036,612,1036,612,1036,short_short,mixed,128,64,2,45.368236023932695,42.717445615885985,2736.8202339857817,64,23.38480226258532,65.3,21.767,24.195,1.0203125,0.9800918836140888,13.176,0.466,8.125,60.1,60.4,6,Phi-3-mini-Q4,llama.cpp,,expanded_rate_table
2026-05-14T21:31:08.064642,GPU612_CPU1036,612,1036,612,1036,short_long,mixed,128,256,0,45.4005200881511,44.31112125497677,11345.663849031553,256,22.56368630398403,263.364,22.901,24.201,1.028765625,0.9720386992907156,14.08,0.434,8.387,60.0,60.2,23,Phi-3-mini-Q4,llama.cpp,,expanded_rate_table
2026-05-14T21:31:20.231183,GPU612_CPU1036,612,1036,612,1036,short_long,mixed,128,256,1,49.936051946133375,44.3254725222348,11353.941097157076,256,22.547236929395385,264.193,22.973,24.301,1.03200390625,0.9689885803181766,14.113,0.434,8.426,59.9,60.2,23,Phi-3-mini-Q4,llama.cpp,,expanded_rate_table
2026-05-14T21:31:32.400074,GPU612_CPU1036,612,1036,612,1036,short_long,mixed,128,256,2,49.79799687862396,44.3360011339845,11356.405437923968,256,22.542344177419455,264.238,22.977,24.195,1.0321796875,0.9688235605779638,14.113,0.451,8.413,59.7,59.9,23,Phi-3-mini-Q4,llama.cpp,,expanded_rate_table
2026-05-14T21:31:35.124979,GPU612_CPU1036,612,1036,612,1036,medium_tiny,mixed,512,32,0,445.83532214164734,47.38231238368298,1914.845755090937,32,16.71152880848113,38.652,19.326,22.702,1.207875,0.8279002380213184,11.579,0.399,7.348,59.3,59.3,4,Phi-3-mini-Q4,llama.cpp,,expanded_rate_table
2026-05-14T21:31:37.459482,GPU612_CPU1036,612,1036,612,1036,medium_tiny,mixed,512,32,1,52.05103405751288,47.49295861280012,1524.4909881148487,32,20.990612768115135,38.106,19.053,22.303,1.1908125,0.8397627670183173,11.181,0.499,7.373,59.2,59.3,4,Phi-3-mini-Q4,llama.cpp,,expanded_rate_table
2026-05-14T21:31:39.790629,GPU612_CPU1036,612,1036,612,1036,medium_tiny,mixed,512,32,2,51.75410909578204,47.39884215767585,1521.2750129867345,32,21.03498692006653,37.858,18.929,22.303,1.1830625,0.8452638808177929,11.182,0.399,7.348,59.1,59.3,4,Phi-3-mini-Q4,llama.cpp,,expanded_rate_table
2026-05-14T21:31:46.647363,GPU612_CPU1036,612,1036,612,1036,medium_short,mixed,512,128,0,51.75503506325185,47.19164308644538,6045.593634014949,128,21.17244521362143,141.162,21.717,23.201,1.102828125,0.9067596095266431,13.209,0.43,8.079,59.2,59.3,13,Phi-3-mini-Q4,llama.cpp,,expanded_rate_table
2026-05-14T21:31:53.520979,GPU612_CPU1036,612,1036,612,1036,medium_short,mixed,512,128,1,51.72862997278571,47.324171748129636,6062.37622583285,128,21.11383312942036,141.96,21.84,23.6,1.1090625,0.9016624401239786,13.301,0.46,8.079,59.1,59.3,13,Phi-3-mini-Q4,llama.cpp,,expanded_rate_table
2026-05-14T21:32:00.426893,GPU612_CPU1036,612,1036,612,1036,medium_short,mixed,512,128,2,147.82974193803966,70.7918364066808,6094.825336011127,85,13.94625691695865,141.69,21.799,23.595,1.6669411764705881,0.5999011927447244,13.298,0.43,8.071,59.0,59.3,13,Phi-3-mini-Q4,llama.cpp,,expanded_rate_table
2026-05-14T21:32:24.522111,GPU612_CPU1036,612,1036,612,1036,medium_long,mixed,512,512,0,52.41222307085991,45.45085177868022,23279.732007998973,512,21.993380328608403,545.436,23.21,24.295,1.0653046875,0.9386985824184688,14.255,0.424,8.531,59.0,59.4,47,Phi-3-mini-Q4,llama.cpp,,expanded_rate_table
2026-05-14T21:32:48.587727,GPU612_CPU1036,612,1036,612,1036,medium_long,mixed,512,512,1,56.70764809474349,45.383725000031426,23249.66273806058,512,22.021824822509643,545.03,23.193,24.295,1.06451171875,0.9393978313120379,14.218,0.441,8.533,58.9,59.2,47,Phi-3-mini-Q4,llama.cpp,,expanded_rate_table
2026-05-14T21:33:12.654870,GPU612_CPU1036,612,1036,612,1036,medium_long,mixed,512,512,2,56.26933206804097,45.38874753428269,23251.721465028822,512,22.01987499162421,544.356,23.164,24.402,1.0631953125,0.9405609564329226,14.202,0.433,8.529,58.8,59.1,47,Phi-3-mini-Q4,llama.cpp,,expanded_rate_table
2026-05-14T21:33:15.475062,GPU612_CPU1036,612,1036,612,1036,long_tiny,mixed,1024,32,0,657.6385297812521,43.623924232839094,2010.1473778486252,32,15.919230775132634,46.9,18.76,23.397,1.465625,0.6823027718550106,11.179,0.399,7.182,58.5,58.6,5,Phi-3-mini-Q4,llama.cpp,,expanded_rate_table
2026-05-14T21:33:17.688166,GPU612_CPU1036,612,1036,612,1036,long_tiny,mixed,1024,32,1,50.01940787769854,43.644038096611055,1403.1499938573688,32,22.805829840065424,30.198,20.132,23.397,0.9436875,1.059672826014968,11.976,0.399,7.757,58.5,58.7,3,Phi-3-mini-Q4,llama.cpp,,expanded_rate_table
2026-05-14T21:33:18.547669,GPU612_CPU1036,612,1036,612,1036,long_tiny,mixed,1024,32,2,50.329609075561166,50.329609075561166,50.329609075561166,0,0.0,5.399,10.798,10.798,0.0,0.0,5.191,0.399,5.208,58.0,58.0,1,Phi-3-mini-Q4,llama.cpp,,expanded_rate_table
2026-05-14T21:33:25.009330,GPU612_CPU1036,612,1036,612,1036,long_medium,mixed,1024,128,0,50.10711681097746,44.092367150212134,5650.329511845484,128,22.653546086411026,135.0,22.5,24.396,1.0546875,0.9481481481481482,13.675,0.432,8.393,58.4,58.7,12,Phi-3-mini-Q4,llama.cpp,,expanded_rate_table
2026-05-14T21:33:31.457234,GPU612_CPU1036,612,1036,612,1036,long_medium,mixed,1024,128,1,54.30181906558573,43.95436096063808,5637.000180082396,128,22.707112987555206,136.06,22.677,24.402,1.06296875,0.94076142878142,13.81,0.432,8.435,58.5,58.7,12,Phi-3-mini-Q4,llama.cpp,,expanded_rate_table
2026-05-14T21:33:37.905354,GPU612_CPU1036,612,1036,612,1036,long_medium,mixed,1024,128,2,54.50961901806295,43.95508536276972,5637.305482989177,128,22.70588322492825,135.914,22.652,24.003,1.061828125,0.9417720028841768,13.777,0.432,8.443,58.4,58.8,12,Phi-3-mini-Q4,llama.cpp,,expanded_rate_table
2026-05-14T21:33:43.050513,GPU612_CPU1036,612,1036,612,1036,xlong_short,mixed,2048,64,0,1376.139384927228,46.95554627179508,4334.633609978482,64,14.764800386512416,95.208,21.157,24.103,1.487625,0.6722124191244433,12.778,0.443,7.936,58.2,58.5,9,Phi-3-mini-Q4,llama.cpp,,expanded_rate_table
2026-05-14T21:33:46.890996,GPU612_CPU1036,612,1036,612,1036,xlong_short,mixed,2048,64,1,58.08208812959492,47.17210877598042,3030.2121681161225,64,21.120633292086833,75.21,21.489,24.103,1.17515625,0.8509506714532643,12.835,0.456,8.197,58.2,58.4,7,Phi-3-mini-Q4,llama.cpp,,expanded_rate_table
2026-05-14T21:33:50.724651,GPU612_CPU1036,612,1036,612,1036,xlong_short,mixed,2048,64,2,58.01527015864849,47.06112134994732,3023.1575900688767,64,21.169918568003556,75.057,21.445,24.502,1.172765625,0.852685292511025,12.835,0.456,8.154,58.1,58.4,7,Phi-3-mini-Q4,llama.cpp,,expanded_rate_table
2026-05-14T21:33:57.567828,GPU612_CPU1036,612,1036,612,1036,xlong_medium,mixed,2048,128,0,57.875781087204814,47.036457573994994,6032.029530964792,128,21.220055263808874,146.569,22.549,24.502,1.1450703125,0.8733088170076893,13.67,0.43,8.45,58.1,58.4,13,Phi-3-mini-Q4,llama.cpp,,expanded_rate_table
2026-05-14T21:34:04.413242,GPU612_CPU1036,612,1036,612,1036,xlong_medium,mixed,2048,128,1,58.07462218217552,47.052608659916274,6034.275240963325,128,21.21215802870235,146.766,22.579,24.103,1.146609375,0.8721365983947236,13.669,0.43,8.48,58.1,58.3,13,Phi-3-mini-Q4,llama.cpp,,expanded_rate_table
2026-05-14T21:34:11.274292,GPU612_CPU1036,612,1036,612,1036,xlong_medium,mixed,2048,128,2,57.92370717972517,47.17747737675553,6049.978620139882,128,21.15709955964117,147.018,22.618,24.502,1.148578125,0.8706416901331809,13.7,0.46,8.457,58.1,58.3,13,Phi-3-mini-Q4,llama.cpp,,expanded_rate_table
2026-05-14T21:34:32.732250,GPU612_CPU1036,612,1036,612,1036,xlong_long,mixed,2048,512,0,57.858327869325876,46.996613602139035,20643.302608048543,438,21.217535213054028,488.305,23.82,24.901,1.114851598173516,0.8969803708747607,14.571,0.428,8.82,58.2,58.5,41,Phi-3-mini-Q4,llama.cpp,,expanded_rate_table
2026-05-14T21:34:57.677880,GPU612_CPU1036,612,1036,612,1036,xlong_long,mixed,2048,512,1,62.48980690725148,47.091547487697284,24128.210599999875,512,21.219973933748847,574.312,23.93,25.001,1.121703125,0.8915014835141873,14.643,0.432,8.855,58.2,58.5,48,Phi-3-mini-Q4,llama.cpp,,expanded_rate_table
2026-05-14T21:35:20.002346,GPU612_CPU1036,612,1036,612,1036,xlong_long,mixed,2048,512,2,62.86133383400738,47.02972730130448,21509.275239892304,456,21.200156440151776,513.452,23.881,24.602,1.1259912280701754,0.8881063857965301,14.627,0.427,8.828,58.1,58.5,43,Phi-3-mini-Q4,llama.cpp,,expanded_rate_table
2026-05-14T21:35:22.197752,GPU612_CPU1036,612,1036,612,1036,tiny_tiny,decode,32,32,0,50.02793995663524,43.079954384255316,1385.6469709426165,32,23.093905353274295,29.75,19.834,22.802,0.9296875,1.0756302521008403,11.844,0.399,7.59,57.9,58.0,3,Phi-3-mini-Q4,llama.cpp,"decode-only (16 prompt tokens, 32 output)",expanded_rate_table
2026-05-14T21:35:24.384755,GPU612_CPU1036,612,1036,612,1036,tiny_tiny,decode,32,32,1,44.71838008612394,42.99006616366246,1377.561372006312,32,23.22945507204116,29.848,19.899,22.797,0.93275,1.0720986330742428,11.843,0.399,7.657,57.9,58.1,3,Phi-3-mini-Q4,llama.cpp,"decode-only (16 prompt tokens, 32 output)",expanded_rate_table
2026-05-14T21:35:26.570913,GPU612_CPU1036,612,1036,612,1036,tiny_tiny,decode,32,32,2,44.59514981135726,42.956346067629994,1376.3868669047952,32,23.249277343049105,29.748,19.832,22.697,0.929625,1.0757025682398815,11.843,0.399,7.59,57.6,57.7,3,Phi-3-mini-Q4,llama.cpp,"decode-only (16 prompt tokens, 32 output)",expanded_rate_table
2026-05-14T21:35:32.828569,GPU612_CPU1036,612,1036,612,1036,tiny_short,decode,32,128,0,44.71764201298356,42.53074722767874,5446.64499303326,128,23.500705510222037,124.9,22.709,24.201,0.97578125,1.0248198558847077,13.939,0.435,8.335,57.8,58.0,11,Phi-3-mini-Q4,llama.cpp,"decode-only (16 prompt tokens, 128 output)",expanded_rate_table
2026-05-14T21:35:39.088198,GPU612_CPU1036,612,1036,612,1036,tiny_short,decode,32,128,1,45.320827048271894,42.542216582517106,5448.700754903257,128,23.49183883604059,124.856,22.701,23.802,0.9754375,1.0251810085218171,13.903,0.435,8.362,57.8,58.1,11,Phi-3-mini-Q4,llama.cpp,"decode-only (16 prompt tokens, 128 output)",expanded_rate_table
2026-05-14T21:35:45.342710,GPU612_CPU1036,612,1036,612,1036,tiny_short,decode,32,128,2,45.37122300826013,42.50258200721243,5443.680631928146,128,23.513502840202904,124.8,22.691,23.802,0.975,1.0256410256410258,13.939,0.399,8.353,57.8,58.0,11,Phi-3-mini-Q4,llama.cpp,"decode-only (16 prompt tokens, 128 output)",expanded_rate_table
2026-05-14T21:36:02.851459,GPU612_CPU1036,612,1036,612,1036,tiny_long,decode,32,512,0,45.14834494329989,44.508492330029284,16694.934277096763,374,22.402004931105264,387.127,22.772,24.201,1.0350989304812834,0.9660912310430427,13.974,0.434,8.364,57.8,58.0,34,Phi-3-mini-Q4,llama.cpp,"decode-only (16 prompt tokens, 512 output)",expanded_rate_table
2026-05-14T21:36:27.020200,GPU612_CPU1036,612,1036,612,1036,tiny_long,decode,32,512,1,49.464985029771924,45.60016380001494,23353.01735298708,512,21.92436173283236,535.681,22.795,24.201,1.046251953125,0.9557927199209977,14.002,0.424,8.369,57.8,58.3,47,Phi-3-mini-Q4,llama.cpp,"decode-only (16 prompt tokens, 512 output)",expanded_rate_table
2026-05-14T21:36:51.168441,GPU612_CPU1036,612,1036,612,1036,tiny_long,decode,32,512,2,49.27793703973293,45.560449624248214,23332.57469604723,512,21.94357059475043,535.788,22.799,24.201,1.0464609375,0.9556018425198026,13.968,0.441,8.39,57.8,58.0,47,Phi-3-mini-Q4,llama.cpp,"decode-only (16 prompt tokens, 512 output)",expanded_rate_table
2026-05-14T21:36:53.361687,GPU612_CPU1036,612,1036,612,1036,short_tiny,decode,128,32,0,49.495266983285546,43.03234210237861,1383.6437570862472,32,23.127340282579205,29.748,19.832,22.797,0.929625,1.0757025682398815,11.843,0.399,7.59,57.6,57.8,3,Phi-3-mini-Q4,llama.cpp,"decode-only (16 prompt tokens, 32 output)",expanded_rate_table
2026-05-14T21:36:55.544277,GPU612_CPU1036,612,1036,612,1036,short_tiny,decode,128,32,1,45.297880191355944,42.778243836496145,1371.5697079896927,32,23.330932298659718,29.901,19.934,22.802,0.93440625,1.0701983211263837,11.844,0.399,7.691,57.4,57.6,3,Phi-3-mini-Q4,llama.cpp,"decode-only (16 prompt tokens, 32 output)",expanded_rate_table
2026-05-14T21:36:57.725623,GPU612_CPU1036,612,1036,612,1036,short_tiny,decode,128,32,2,44.97401509433985,42.77741096373047,1371.2165679316968,32,23.336940894951315,29.798,19.865,22.797,0.9311875,1.073897577018592,11.843,0.399,7.624,57.3,57.3,3,Phi-3-mini-Q4,llama.cpp,"decode-only (16 prompt tokens, 32 output)",expanded_rate_table
2026-05-14T21:37:01.263951,GPU612_CPU1036,612,1036,612,1036,short_short,decode,128,64,0,45.024347957223654,42.58026412525584,2727.8309669345617,64,23.461864307494427,64.995,21.665,23.796,1.015546875,0.9846911300869297,13.174,0.399,8.092,57.5,57.7,6,Phi-3-mini-Q4,llama.cpp,"decode-only (16 prompt tokens, 64 output)",expanded_rate_table
2026-05-14T21:37:04.798874,GPU612_CPU1036,612,1036,612,1036,short_short,decode,128,64,1,44.75280083715916,42.53298557171273,2724.582437891513,64,23.489837969273566,64.895,21.632,23.696,1.013984375,0.9862084906387242,13.108,0.466,8.058,57.4,57.4,6,Phi-3-mini-Q4,llama.cpp,"decode-only (16 prompt tokens, 64 output)",expanded_rate_table
2026-05-14T21:37:08.333171,GPU612_CPU1036,612,1036,612,1036,short_short,decode,128,64,2,44.82047795318067,42.52368360314341,2724.063803907484,64,23.494310195009515,64.793,21.598,23.796,1.012390625,0.9877610235673606,13.107,0.399,8.092,57.3,57.5,6,Phi-3-mini-Q4,llama.cpp,"decode-only (16 prompt tokens, 64 output)",expanded_rate_table
2026-05-14T21:37:20.137331,GPU612_CPU1036,612,1036,612,1036,short_long,decode,128,256,0,44.95247290469706,42.9252598662952,10991.836502915248,256,23.290011631095844,254.663,23.151,24.195,0.99477734375,1.0052500755900935,14.244,0.435,8.472,57.5,57.9,22,Phi-3-mini-Q4,llama.cpp,"decode-only (16 prompt tokens, 256 output)",expanded_rate_table
2026-05-14T21:37:31.986384,GPU612_CPU1036,612,1036,612,1036,short_long,decode,128,256,1,49.21273188665509,43.08434568309024,11036.67887696065,256,23.195383579965036,253.632,23.057,24.201,0.99075,1.0093363613424173,14.209,0.417,8.431,57.5,57.8,22,Phi-3-mini-Q4,llama.cpp,"decode-only (16 prompt tokens, 256 output)",expanded_rate_table
2026-05-14T21:37:43.840596,GPU612_CPU1036,612,1036,612,1036,short_long,decode,128,256,2,49.65854180045426,43.10219505911364,11041.64766985923,256,23.18494554927813,252.805,22.982,24.201,0.98751953125,1.0126381994027016,14.139,0.435,8.408,57.5,57.9,22,Phi-3-mini-Q4,llama.cpp,"decode-only (16 prompt tokens, 256 output)",expanded_rate_table
2026-05-14T21:37:46.035396,GPU612_CPU1036,612,1036,612,1036,medium_tiny,decode,512,32,0,49.238034058362246,43.0852145467314,1385.0244181230664,32,23.104285802675747,29.548,19.699,22.797,0.923375,1.0829836198727494,11.71,0.399,7.59,57.3,57.4,3,Phi-3-mini-Q4,llama.cpp,"decode-only (16 prompt tokens, 32 output)",expanded_rate_table
2026-05-14T21:37:48.225657,GPU612_CPU1036,612,1036,612,1036,medium_tiny,decode,512,32,1,45.05693702958524,43.07146338115056,1380.4150829091668,32,23.181433176288788,29.848,19.899,22.797,0.93275,1.0720986330742428,11.843,0.399,7.657,57.2,57.3,3,Phi-3-mini-Q4,llama.cpp,"decode-only (16 prompt tokens, 32 output)",expanded_rate_table
2026-05-14T21:37:50.412361,GPU612_CPU1036,612,1036,612,1036,medium_tiny,decode,512,32,2,44.91674806922674,42.96765167776856,1377.0564110018313,32,23.237973219063313,29.748,19.832,22.797,0.929625,1.0757025682398815,11.843,0.399,7.59,57.2,57.3,3,Phi-3-mini-Q4,llama.cpp,"decode-only (16 prompt tokens, 32 output)",expanded_rate_table
2026-05-14T21:37:56.692234,GPU612_CPU1036,612,1036,612,1036,medium_short,decode,512,128,0,45.28422700241208,42.70013927584734,5468.676496995613,128,23.406028875601027,124.489,22.634,23.802,0.9725703125,1.028203295070247,13.9,0.399,8.335,57.3,57.4,11,Phi-3-mini-Q4,llama.cpp,"decode-only (16 prompt tokens, 128 output)",expanded_rate_table
2026-05-14T21:38:02.978295,GPU612_CPU1036,612,1036,612,1036,medium_short,decode,512,128,1,45.17840314656496,42.75133554992361,5475.073272129521,128,23.378682556007988,127.982,23.269,24.796,0.999859375,1.000140644778172,13.936,0.907,8.426,57.5,57.8,11,Phi-3-mini-Q4,llama.cpp,"decode-only (16 prompt tokens, 128 output)",expanded_rate_table
2026-05-14T21:38:09.266151,GPU612_CPU1036,612,1036,612,1036,medium_short,decode,512,128,2,45.10304215364158,42.7677579367108,5477.081537945196,128,23.37011036136975,124.181,22.578,24.095,0.9701640625,1.030753496911766,13.862,0.435,8.281,57.4,57.7,11,Phi-3-mini-Q4,llama.cpp,"decode-only (16 prompt tokens, 128 output)",expanded_rate_table
2026-05-14T21:38:33.417745,GPU612_CPU1036,612,1036,612,1036,medium_long,decode,512,512,0,45.58859812095761,45.57475604120562,23336.177087156102,512,21.940183179437625,535.834,22.801,24.195,1.04655078125,0.9555198065072393,14.008,0.433,8.36,57.4,57.7,47,Phi-3-mini-Q4,llama.cpp,"decode-only (16 prompt tokens, 512 output)",expanded_rate_table
2026-05-14T21:38:57.564634,GPU612_CPU1036,612,1036,612,1036,medium_long,decode,512,512,1,49.736276967450976,45.55707993514384,23331.292307935655,512,21.94477670771172,536.665,22.837,24.201,1.048173828125,0.9540402299386024,14.033,0.441,8.362,57.4,57.8,47,Phi-3-mini-Q4,llama.cpp,"decode-only (16 prompt tokens, 512 output)",expanded_rate_table
2026-05-14T21:39:15.668481,GPU612_CPU1036,612,1036,612,1036,medium_long,decode,512,512,2,49.86420110799372,44.653278768860865,17289.483479922637,386,22.32571033416015,400.326,22.876,24.195,1.0371139896373058,0.964214165455154,14.065,0.422,8.389,57.4,57.8,35,Phi-3-mini-Q4,llama.cpp,"decode-only (16 prompt tokens, 512 output)",expanded_rate_table
2026-05-14T21:39:17.864512,GPU612_CPU1036,612,1036,612,1036,long_tiny,decode,1024,32,0,49.42455608397722,43.118117677588614,1386.2302331253886,32,23.084188495768803,29.748,19.832,23.196,0.929625,1.0757025682398815,11.71,0.532,7.59,57.3,57.3,3,Phi-3-mini-Q4,llama.cpp,"decode-only (16 prompt tokens, 32 output)",expanded_rate_table
2026-05-14T21:39:20.051888,GPU612_CPU1036,612,1036,612,1036,long_tiny,decode,1024,32,1,45.68537184968591,42.95512190419099,1377.4389480240643,32,23.231519658932246,29.748,19.832,22.797,0.929625,1.0757025682398815,11.843,0.399,7.59,57.2,57.4,3,Phi-3-mini-Q4,llama.cpp,"decode-only (16 prompt tokens, 32 output)",expanded_rate_table
2026-05-14T21:39:22.238698,GPU612_CPU1036,612,1036,612,1036,long_tiny,decode,1024,32,2,45.14839197508991,42.94705125803669,1376.6525459941477,32,23.24479048334687,29.75,19.834,22.802,0.9296875,1.0756302521008403,11.844,0.399,7.59,56.9,57.0,3,Phi-3-mini-Q4,llama.cpp,"decode-only (16 prompt tokens, 32 output)",expanded_rate_table
2026-05-14T21:39:28.515449,GPU612_CPU1036,612,1036,612,1036,long_medium,decode,1024,128,0,45.12740019708872,42.67703670839684,5465.584908146411,128,23.41926841338006,125.288,22.78,24.295,0.9788125,1.0216461273226487,13.936,0.472,8.372,57.1,57.4,11,Phi-3-mini-Q4,llama.cpp,"decode-only (16 prompt tokens, 128 output)",expanded_rate_table
2026-05-14T21:39:34.796205,GPU612_CPU1036,612,1036,612,1036,long_medium,decode,1024,128,1,45.095846988260746,42.70892261571478,5469.652686966583,128,23.401851511523954,124.484,22.633,24.195,0.97253125,1.0282445936827223,13.899,0.435,8.299,57.1,57.4,11,Phi-3-mini-Q4,llama.cpp,"decode-only (16 prompt tokens, 128 output)",expanded_rate_table
2026-05-14T21:39:41.072075,GPU612_CPU1036,612,1036,612,1036,long_medium,decode,1024,128,2,45.50716280937195,42.669300189769764,5465.002196840942,128,23.421765516213465,124.785,22.688,24.195,0.9748828125,1.0257643146211484,13.936,0.435,8.317,57.2,57.6,11,Phi-3-mini-Q4,llama.cpp,"decode-only (16 prompt tokens, 128 output)",expanded_rate_table
2026-05-14T21:39:44.623998,GPU612_CPU1036,612,1036,612,1036,xlong_short,decode,2048,64,0,45.3704281244427,42.79756241123236,2741.8747420888394,64,23.34169355644706,65.2,21.733,24.195,1.01875,0.9815950920245399,13.176,0.466,8.092,57.1,57.3,6,Phi-3-mini-Q4,llama.cpp,"decode-only (16 prompt tokens, 64 output)",expanded_rate_table
2026-05-14T21:39:48.170506,GPU612_CPU1036,612,1036,612,1036,xlong_short,decode,2048,64,1,45.44732184149325,42.70752047794679,2736.273586982861,64,23.389474029374853,64.893,21.631,23.696,1.013953125,0.9862388855500593,13.174,0.399,8.058,57.0,57.2,6,Phi-3-mini-Q4,llama.cpp,"decode-only (16 prompt tokens, 64 output)",expanded_rate_table
2026-05-14T21:39:51.718408,GPU612_CPU1036,612,1036,612,1036,xlong_short,decode,2048,64,2,45.26175721548498,42.73638237888614,2737.907314207405,64,23.375517377047267,64.996,21.665,23.796,1.0155625,0.9846759800603114,13.174,0.399,8.092,57.0,57.2,6,Phi-3-mini-Q4,llama.cpp,"decode-only (16 prompt tokens, 64 output)",expanded_rate_table
2026-05-14T21:39:57.992740,GPU612_CPU1036,612,1036,612,1036,xlong_medium,decode,2048,128,0,45.07904010824859,42.65893788230935,5463.258411968127,128,23.429241369874774,124.832,22.697,24.195,0.97525,1.0253781081773905,13.935,0.435,8.326,57.0,57.4,11,Phi-3-mini-Q4,llama.cpp,"decode-only (16 prompt tokens, 128 output)",expanded_rate_table
2026-05-14T21:40:04.269790,GPU612_CPU1036,612,1036,612,1036,xlong_medium,decode,2048,128,1,45.13452504761517,42.67931170761585,5465.89017403312,128,23.41796046471833,124.733,22.679,23.802,0.9744765625,1.0261919459966489,13.936,0.435,8.308,57.0,57.3,11,Phi-3-mini-Q4,llama.cpp,"decode-only (16 prompt tokens, 128 output)",expanded_rate_table
2026-05-14T21:40:10.549857,GPU612_CPU1036,612,1036,612,1036,xlong_medium,decode,2048,128,2,45.18533800728619,42.701939353719354,5468.813417945057,128,23.405442866269308,124.682,22.67,23.796,0.974078125,1.0266117001652204,13.899,0.435,8.335,57.1,57.4,11,Phi-3-mini-Q4,llama.cpp,"decode-only (16 prompt tokens, 128 output)",expanded_rate_table
2026-05-14T21:40:34.721018,GPU612_CPU1036,612,1036,612,1036,xlong_long,decode,2048,512,0,45.03954784013331,45.6139974249618,23355.75714893639,512,21.921789849716614,534.64,22.751,23.696,1.04421875,0.9576537483166243,13.989,0.416,8.345,57.1,57.4,47,Phi-3-mini-Q4,llama.cpp,"decode-only (16 prompt tokens, 512 output)",expanded_rate_table
2026-05-14T21:40:58.861804,GPU612_CPU1036,612,1036,612,1036,xlong_long,decode,2048,512,1,49.399091862142086,45.545949086222485,23325.30459901318,512,21.95041002901463,535.442,22.785,23.802,1.04578515625,0.9562193477538183,14.015,0.424,8.345,57.1,57.5,47,Phi-3-mini-Q4,llama.cpp,"decode-only (16 prompt tokens, 512 output)",expanded_rate_table
2026-05-14T21:41:22.992320,GPU612_CPU1036,612,1036,612,1036,xlong_long,decode,2048,512,2,49.481258960440755,45.5249462093531,23314.608473097906,512,21.960480296753982,536.204,22.817,24.195,1.0472734375,0.9548604635549157,14.041,0.416,8.36,57.1,57.5,47,Phi-3-mini-Q4,llama.cpp,"decode-only (16 prompt tokens, 512 output)",expanded_rate_table
2026-05-14T21:41:34.177748,GPU612_CPU1497,612,1497,612,1497,tiny_tiny,mixed,32,32,0,44.87463505938649,42.24499076935312,1354.5706910081208,32,23.62372094156595,32.8,21.867,23.701,1.025,0.9756097560975611,13.044,0.798,8.025,56.7,57.0,3,Phi-3-mini-Q4,llama.cpp,,expanded_rate_table
2026-05-14T21:41:36.352036,GPU612_CPU1497,612,1497,612,1497,tiny_tiny,mixed,32,32,1,44.71690999343991,42.61460467692344,1365.8725009299815,32,23.428248228302543,30.497,20.331,23.196,0.95303125,1.0492835360855166,11.843,0.798,7.691,56.7,57.0,3,Phi-3-mini-Q4,llama.cpp,,expanded_rate_table
2026-05-14T21:41:38.524916,GPU612_CPU1497,612,1497,612,1497,tiny_tiny,mixed,32,32,2,44.55326497554779,42.58657593820845,1364.8401889950037,32,23.445968442329583,30.349,20.233,23.201,0.94840625,1.0544004744802136,11.844,0.798,7.59,56.6,56.7,3,Phi-3-mini-Q4,llama.cpp,,expanded_rate_table
2026-05-14T21:41:44.751550,GPU612_CPU1497,612,1497,612,1497,tiny_short,mixed,32,128,0,44.79450709186494,42.3051225494476,5417.884070891887,128,23.625459372173086,127.141,23.117,24.201,0.9932890625,1.0067562784624944,13.974,0.798,8.344,56.7,57.0,11,Phi-3-mini-Q4,llama.cpp,,expanded_rate_table
2026-05-14T21:41:50.977995,GPU612_CPU1497,612,1497,612,1497,tiny_short,mixed,32,128,1,44.91171916015446,42.2958993778278,5416.82226001285,128,23.630090458182462,126.996,23.09,24.201,0.99215625,1.0079057608113642,13.939,0.798,8.353,56.8,57.1,11,Phi-3-mini-Q4,llama.cpp,,expanded_rate_table
2026-05-14T21:41:57.202558,GPU612_CPU1497,612,1497,612,1497,tiny_short,mixed,32,128,2,45.38681101985276,42.28448213488743,5415.862338151783,128,23.634278718332652,127.2,23.127,24.301,0.99375,1.0062893081761006,13.976,0.798,8.353,56.8,56.9,11,Phi-3-mini-Q4,llama.cpp,,expanded_rate_table
2026-05-14T21:42:21.101552,GPU612_CPU1497,612,1497,612,1497,tiny_long,mixed,32,512,0,44.76397600956261,45.08973425846554,23086.92843094468,512,22.177051465786942,538.186,23.399,24.201,1.05114453125,0.9513439591516687,14.166,0.807,8.426,57.0,57.2,46,Phi-3-mini-Q4,llama.cpp,,expanded_rate_table
2026-05-14T21:42:45.015224,GPU612_CPU1497,612,1497,612,1497,tiny_long,mixed,32,512,1,48.819842049852014,45.10983681796509,23101.259710965678,512,22.16329353489604,538.694,23.422,24.301,1.05213671875,0.9504468213865386,14.165,0.807,8.45,57.1,57.3,46,Phi-3-mini-Q4,llama.cpp,,expanded_rate_table
2026-05-14T21:43:08.911459,GPU612_CPU1497,612,1497,612,1497,tiny_long,mixed,32,512,2,48.86617814190686,45.076004072291134,23084.02368798852,512,22.179842081275144,537.838,23.384,24.201,1.05046484375,0.9519595119720065,14.158,0.798,8.428,57.2,57.5,46,Phi-3-mini-Q4,llama.cpp,,expanded_rate_table
2026-05-14T21:43:11.165480,GPU612_CPU1497,612,1497,612,1497,short_tiny,mixed,128,32,0,115.7085329759866,42.90539512951528,1445.8812540397048,32,22.13183130398429,37.9,18.95,23.196,1.184375,0.8443271767810027,10.879,0.798,7.272,57.0,57.2,4,Phi-3-mini-Q4,llama.cpp,,expanded_rate_table
2026-05-14T21:43:13.340432,GPU612_CPU1497,612,1497,612,1497,short_tiny,mixed,128,32,1,44.78763299994171,42.64614203073565,1366.9258439913392,32,23.410194591509054,30.346,20.231,23.196,0.9483125,1.0545047123179332,11.843,0.798,7.59,57.0,57.2,3,Phi-3-mini-Q4,llama.cpp,,expanded_rate_table
2026-05-14T21:43:15.517031,GPU612_CPU1497,612,1497,612,1497,short_tiny,mixed,128,32,2,44.80794910341501,42.69622796545586,1368.5006170999259,32,23.38325580576878,30.702,20.468,23.201,0.9594375,1.0422773760667057,11.846,0.931,7.691,57.0,57.2,3,Phi-3-mini-Q4,llama.cpp,,expanded_rate_table
2026-05-14T21:43:19.038019,GPU612_CPU1497,612,1497,612,1497,short_short,mixed,128,64,0,44.9725529178977,42.33702346091233,2712.384454905987,64,23.595475148901148,65.948,21.982,24.195,1.0304375,0.9704615757869838,13.109,0.798,8.075,56.9,57.1,6,Phi-3-mini-Q4,llama.cpp,,expanded_rate_table
2026-05-14T21:43:22.560832,GPU612_CPU1497,612,1497,612,1497,short_short,mixed,128,64,1,45.00262415967882,42.372864999970986,2714.67974409461,64,23.57552493594232,66.151,22.05,24.201,1.033609375,0.9674834847545767,13.177,0.798,8.075,56.9,57.2,6,Phi-3-mini-Q4,llama.cpp,,expanded_rate_table
2026-05-14T21:43:26.081738,GPU612_CPU1497,612,1497,612,1497,short_short,mixed,128,64,2,44.85266492702067,42.34096717592033,2712.5114530790597,64,23.594370422787165,65.893,21.964,24.195,1.029578125,0.971271606999226,13.108,0.798,8.058,56.9,57.3,6,Phi-3-mini-Q4,llama.cpp,,expanded_rate_table
2026-05-14T21:43:38.119697,GPU612_CPU1497,612,1497,612,1497,short_long,mixed,128,256,0,44.96599989943206,43.85279908995418,11228.085161885247,256,22.79996956818739,267.732,23.281,24.201,1.045828125,0.9561800606576725,14.096,0.798,8.387,57.0,57.4,23,Phi-3-mini-Q4,llama.cpp,,expanded_rate_table
2026-05-14T21:43:50.195095,GPU612_CPU1497,612,1497,612,1497,short_long,mixed,128,256,1,49.084288999438286,43.98326515311412,11265.47034503892,256,22.72430641235828,268.176,23.32,24.201,1.0475625,0.9545969810870474,14.13,0.798,8.391,57.1,57.3,23,Phi-3-mini-Q4,llama.cpp,,expanded_rate_table
2026-05-14T21:44:02.277139,GPU612_CPU1497,612,1497,612,1497,short_long,mixed,128,256,2,48.8266940228641,44.009570670588054,11271.910768002272,256,22.711322442926956,268.149,23.317,24.201,1.04745703125,0.9546930997318654,14.132,0.798,8.387,57.1,57.5,23,Phi-3-mini-Q4,llama.cpp,,expanded_rate_table
2026-05-14T21:44:04.991684,GPU612_CPU1497,612,1497,612,1497,medium_tiny,mixed,512,32,0,443.53952491655946,47.18225658120167,1906.3075908925384,32,16.786378102296446,39.342,19.671,23.101,1.2294375,0.813380102689238,11.578,0.798,7.296,56.9,57.0,4,Phi-3-mini-Q4,llama.cpp,,expanded_rate_table
2026-05-14T21:44:07.316528,GPU612_CPU1497,612,1497,612,1497,medium_tiny,mixed,512,32,1,51.054119132459164,47.27528012928463,1516.6998351924121,32,21.098439689578,38.604,19.302,22.602,1.206375,0.8289296445964149,11.181,0.798,7.323,56.9,57.0,4,Phi-3-mini-Q4,llama.cpp,,expanded_rate_table
2026-05-14T21:44:09.638855,GPU612_CPU1497,612,1497,612,1497,medium_tiny,mixed,512,32,2,50.70813000202179,47.205917747511016,1514.2039961647242,32,21.133215921402737,38.554,19.277,22.602,1.2048125,0.8300046687762618,11.181,0.798,7.298,56.8,57.0,4,Phi-3-mini-Q4,llama.cpp,,expanded_rate_table
2026-05-14T21:44:16.457831,GPU612_CPU1497,612,1497,612,1497,medium_short,mixed,512,128,0,50.821470096707344,46.92052185762762,6010.078594088554,128,21.297558425591866,144.448,22.223,23.701,1.1285,0.8861320336730172,13.299,0.829,8.094,56.9,57.2,13,Phi-3-mini-Q4,llama.cpp,,expanded_rate_table
2026-05-14T21:44:23.278309,GPU612_CPU1497,612,1497,612,1497,medium_short,mixed,512,128,1,50.71617406792939,46.93203759893012,6011.431478196755,128,21.292765369488347,144.041,22.16,23.6,1.1253203125,0.8886358745079526,13.299,0.798,8.063,56.9,57.2,13,Phi-3-mini-Q4,llama.cpp,,expanded_rate_table
2026-05-14T21:44:30.102061,GPU612_CPU1497,612,1497,612,1497,medium_short,mixed,512,128,2,51.16678308695555,46.954612172480054,6014.741409104317,128,21.28104789446984,144.246,22.192,23.995,1.126921875,0.887372960082082,13.299,0.829,8.063,57.0,57.2,13,Phi-3-mini-Q4,llama.cpp,,expanded_rate_table
2026-05-14T21:44:53.957498,GPU612_CPU1497,612,1497,612,1497,medium_long,mixed,512,512,0,50.98062288016081,44.99249098049714,23043.513912940398,512,22.218833548319186,548.148,23.832,24.796,1.0706015625,0.9340543065011638,14.425,0.824,8.583,57.1,57.5,46,Phi-3-mini-Q4,llama.cpp,,expanded_rate_table
2026-05-14T21:45:17.785332,GPU612_CPU1497,612,1497,612,1497,medium_long,mixed,512,512,1,54.76306495256722,44.93073528995209,23015.69385197945,512,22.245690409892457,547.63,23.81,24.402,1.06958984375,0.9349378229826708,14.418,0.798,8.594,57.1,57.5,46,Phi-3-mini-Q4,llama.cpp,,expanded_rate_table
2026-05-14T21:45:19.605862,GPU612_CPU1497,612,1497,612,1497,medium_long,mixed,512,512,2,54.93955686688423,47.922926219670394,1012.1490280143917,20,19.759935984165786,26.806,17.87,21.002,1.3403,0.7461016190405133,10.117,0.798,6.955,56.9,56.9,3,Phi-3-mini-Q4,llama.cpp,,expanded_rate_table
2026-05-14T21:45:22.418118,GPU612_CPU1497,612,1497,612,1497,long_tiny,mixed,1024,32,0,653.6517899949104,43.554528225814146,2003.959892084822,32,15.968383462359999,47.6,19.04,23.801,1.4875,0.6722689075630252,11.102,0.798,7.14,56.8,56.9,5,Phi-3-mini-Q4,llama.cpp,,expanded_rate_table
2026-05-14T21:45:24.619094,GPU612_CPU1497,612,1497,612,1497,long_tiny,mixed,1024,32,1,48.192327842116356,43.38653200125742,1393.2910750154406,32,22.967203747892647,30.752,20.501,23.701,0.961,1.040582726326743,11.979,0.798,7.724,56.8,56.9,3,Phi-3-mini-Q4,llama.cpp,,expanded_rate_table
2026-05-14T21:45:26.819826,GPU612_CPU1497,612,1497,612,1497,long_tiny,mixed,1024,32,2,48.8517468329519,43.336595844237074,1392.4041059799492,32,22.98183398236891,30.702,20.468,23.701,0.9594375,1.0422773760667057,11.979,0.798,7.691,56.8,56.9,3,Phi-3-mini-Q4,llama.cpp,,expanded_rate_table
2026-05-14T21:45:33.213893,GPU612_CPU1497,612,1497,612,1497,long_medium,mixed,1024,128,0,48.60230186022818,43.59311796908128,5585.2744919247925,128,22.917405435500584,137.864,22.977,24.502,1.0770625,0.928451227296466,13.744,0.798,8.435,56.9,57.3,12,Phi-3-mini-Q4,llama.cpp,,expanded_rate_table
2026-05-14T21:45:39.625016,GPU612_CPU1497,612,1497,612,1497,long_medium,mixed,1024,128,1,52.130314987152815,43.69820852756617,5602.14727697894,128,22.848381820662585,138.013,23.002,24.402,1.0782265625,0.9274488635128575,13.778,0.798,8.426,57.0,57.3,12,Phi-3-mini-Q4,llama.cpp,,expanded_rate_table
2026-05-14T21:45:46.037643,GPU612_CPU1497,612,1497,612,1497,long_medium,mixed,1024,128,2,52.624796982854605,43.70529340088778,5603.54393790476,128,22.842686952832373,138.064,23.011,24.402,1.078625,0.9271062695561479,13.778,0.798,8.435,57.0,57.2,12,Phi-3-mini-Q4,llama.cpp,,expanded_rate_table
2026-05-14T21:45:51.154752,GPU612_CPU1497,612,1497,612,1497,xlong_short,mixed,2048,64,0,1364.5508708432317,46.72621036805804,4308.510186849162,64,14.854322544100462,96.804,21.512,24.502,1.5125625,0.661129705384075,12.823,0.798,7.89,56.8,57.1,9,Phi-3-mini-Q4,llama.cpp,,expanded_rate_table
2026-05-14T21:45:54.968843,GPU612_CPU1497,612,1497,612,1497,xlong_short,mixed,2048,64,1,55.14902318827808,46.83017003024736,3005.6525501422584,64,21.293213015247176,76.56,21.874,24.502,1.19625,0.8359456635318704,12.893,0.798,8.183,56.9,57.1,7,Phi-3-mini-Q4,llama.cpp,,expanded_rate_table
2026-05-14T21:45:58.781595,GPU612_CPU1497,612,1497,612,1497,xlong_short,mixed,2048,64,2,55.14194304123521,46.80863826993912,3004.2923928704113,64,21.302853261513622,76.46,21.846,24.502,1.1946875,0.8370389746272562,12.893,0.798,8.154,56.8,57.0,7,Phi-3-mini-Q4,llama.cpp,,expanded_rate_table
2026-05-14T21:46:05.584889,GPU612_CPU1497,612,1497,612,1497,xlong_medium,mixed,2048,128,0,54.80910395272076,46.76600610360679,5994.451590115204,128,21.353079272684564,149.35,22.977,24.502,1.166796875,0.8570472045530633,13.699,0.798,8.48,56.9,57.2,13,Phi-3-mini-Q4,llama.cpp,,expanded_rate_table
2026-05-14T21:46:12.384095,GPU612_CPU1497,612,1497,612,1497,xlong_medium,mixed,2048,128,1,55.02816406078637,46.73198972440024,5990.356904920191,128,21.367675087083203,148.964,22.917,24.502,1.16378125,0.8592680110630756,13.7,0.767,8.45,56.9,57.2,13,Phi-3-mini-Q4,llama.cpp,,expanded_rate_table
2026-05-14T21:46:14.660345,GPU612_CPU1497,612,1497,612,1497,xlong_medium,mixed,2048,128,2,55.07499794475734,47.119244170407285,1468.0495138745755,30,20.435278045099427,39.401,19.7,23.796,1.3133666666666668,0.7614019948732265,11.379,0.798,7.524,56.8,57.0,4,Phi-3-mini-Q4,llama.cpp,,expanded_rate_table
2026-05-14T21:46:36.659095,GPU612_CPU1497,612,1497,612,1497,xlong_long,mixed,2048,512,0,54.834610084071755,46.54490878131183,21187.017434975132,454,21.428216661140105,522.848,24.319,25.001,1.151647577092511,0.8683211946875574,14.682,0.807,8.83,57.1,57.5,43,Phi-3-mini-Q4,llama.cpp,,expanded_rate_table
2026-05-14T21:47:01.365566,GPU612_CPU1497,612,1497,612,1497,xlong_long,mixed,2048,512,1,59.570675948634744,46.63927133109443,23893.58539110981,512,21.428345374675416,587.28,24.47,25.401,1.14703125,0.8718158289061436,14.798,0.815,8.857,57.3,57.7,48,Phi-3-mini-Q4,llama.cpp,,expanded_rate_table
2026-05-14T21:47:26.078692,GPU612_CPU1497,612,1497,612,1497,xlong_long,mixed,2048,512,2,59.27222897298634,46.653465145047015,23900.551372906193,512,21.422099934498007,587.553,24.481,25.102,1.147564453125,0.8714107493281458,14.808,0.798,8.876,57.4,57.7,48,Phi-3-mini-Q4,llama.cpp,,expanded_rate_table
2026-05-14T21:47:28.271358,GPU612_CPU1497,612,1497,612,1497,tiny_tiny,decode,32,32,0,49.51432184316218,43.05609438808695,1384.362782817334,32,23.115328147493535,30.346,20.231,23.196,0.9483125,1.0545047123179332,11.843,0.798,7.59,57.3,57.5,3,Phi-3-mini-Q4,llama.cpp,"decode-only (16 prompt tokens, 32 output)",expanded_rate_table
2026-05-14T21:47:30.448884,GPU612_CPU1497,612,1497,612,1497,tiny_tiny,decode,32,32,1,44.58823800086975,42.733472681814625,1369.4290579296649,32,23.367402505959934,30.65,20.433,23.702,0.9578125,1.0440456769983688,11.844,0.931,7.657,57.2,57.2,3,Phi-3-mini-Q4,llama.cpp,"decode-only (16 prompt tokens, 32 output)",expanded_rate_table
2026-05-14T21:47:32.625101,GPU612_CPU1497,612,1497,612,1497,tiny_tiny,decode,32,32,2,44.69700180925429,42.68986854942575,1368.1855178438127,32,23.38864107437001,30.396,20.264,23.196,0.949875,1.0527701013291222,11.843,0.798,7.624,57.0,57.1,3,Phi-3-mini-Q4,llama.cpp,"decode-only (16 prompt tokens, 32 output)",expanded_rate_table
2026-05-14T21:47:38.847616,GPU612_CPU1497,612,1497,612,1497,tiny_short,decode,32,128,0,44.68090389855206,42.272276818884286,5413.5953220538795,128,23.64417589149196,126.185,22.943,24.201,0.9858203125,1.0143836430637556,13.936,0.653,8.353,57.1,57.4,11,Phi-3-mini-Q4,llama.cpp,"decode-only (16 prompt tokens, 128 output)",expanded_rate_table
2026-05-14T21:47:45.071270,GPU612_CPU1497,612,1497,612,1497,tiny_short,decode,32,128,1,44.87359803169966,42.28140660524955,5414.947275072336,128,23.6382726364201,126.886,23.07,24.201,0.991296875,1.0087795343851962,13.937,0.798,8.335,57.2,57.4,11,Phi-3-mini-Q4,llama.cpp,"decode-only (16 prompt tokens, 128 output)",expanded_rate_table
2026-05-14T21:47:51.295793,GPU612_CPU1497,612,1497,612,1497,tiny_short,decode,32,128,2,44.59023103117943,42.28777695982534,5415.479246992618,128,23.635950607895385,126.694,23.035,24.201,0.989796875,1.0103083018927494,13.938,0.725,8.372,57.2,57.5,11,Phi-3-mini-Q4,llama.cpp,"decode-only (16 prompt tokens, 128 output)",expanded_rate_table
2026-05-14T21:48:15.174387,GPU612_CPU1497,612,1497,612,1497,tiny_long,decode,32,512,0,44.65678287670016,45.04992743842887,23066.520765889436,512,22.19667218981464,536.608,23.331,24.201,1.0480625,0.9541415707555609,14.156,0.755,8.42,57.2,57.5,46,Phi-3-mini-Q4,llama.cpp,"decode-only (16 prompt tokens, 512 output)",expanded_rate_table
2026-05-14T21:48:39.064453,GPU612_CPU1497,612,1497,612,1497,tiny_long,decode,32,512,1,48.813137924298644,45.06422821368563,23077.938897069544,512,22.185690077592422,537.874,23.386,24.201,1.05053515625,0.9518957971569549,14.166,0.798,8.422,57.3,57.5,46,Phi-3-mini-Q4,llama.cpp,"decode-only (16 prompt tokens, 512 output)",expanded_rate_table
2026-05-14T21:49:02.965146,GPU612_CPU1497,612,1497,612,1497,tiny_long,decode,32,512,2,48.611251870170236,45.08582181014747,23088.765257038176,512,22.17528717105937,538.018,23.392,24.201,1.05081640625,0.9516410231627938,14.157,0.798,8.437,57.3,57.6,46,Phi-3-mini-Q4,llama.cpp,"decode-only (16 prompt tokens, 512 output)",expanded_rate_table
2026-05-14T21:49:05.151951,GPU612_CPU1497,612,1497,612,1497,short_tiny,decode,128,32,0,48.96846693009138,42.893862254136515,1378.7839559372514,32,23.208857241341676,30.396,20.264,23.196,0.949875,1.0527701013291222,11.843,0.798,7.624,57.1,57.2,3,Phi-3-mini-Q4,llama.cpp,"decode-only (16 prompt tokens, 32 output)",expanded_rate_table
2026-05-14T21:49:07.327793,GPU612_CPU1497,612,1497,612,1497,short_tiny,decode,128,32,1,45.00011494383216,42.65763496439303,1367.4924939405173,32,23.400494073492094,30.396,20.264,23.196,0.949875,1.0527701013291222,11.843,0.798,7.624,57.0,57.2,3,Phi-3-mini-Q4,llama.cpp,"decode-only (16 prompt tokens, 32 output)",expanded_rate_table
2026-05-14T21:49:09.503026,GPU612_CPU1497,612,1497,612,1497,short_tiny,decode,128,32,2,44.498933013528585,42.66693226001676,1367.2778960317373,32,23.404166843385593,30.197,20.131,23.196,0.94365625,1.0597079180051,11.843,0.665,7.624,56.9,57.1,3,Phi-3-mini-Q4,llama.cpp,"decode-only (16 prompt tokens, 32 output)",expanded_rate_table
2026-05-14T21:49:13.026032,GPU612_CPU1497,612,1497,612,1497,short_short,decode,128,64,0,44.32939691469073,42.37964355741583,2714.4253079313785,64,23.57773478349029,66.098,22.033,24.201,1.03278125,0.9682592514145663,13.176,0.798,8.058,56.9,57.1,6,Phi-3-mini-Q4,llama.cpp,"decode-only (16 prompt tokens, 64 output)",expanded_rate_table
2026-05-14T21:49:16.550110,GPU612_CPU1497,612,1497,612,1497,short_short,decode,128,64,1,44.713197043165565,42.38557157343224,2715.2020919602364,64,23.57098950001003,65.943,21.981,24.195,1.030359375,0.9705351591526015,13.108,0.798,8.075,57.0,57.1,6,Phi-3-mini-Q4,llama.cpp,"decode-only (16 prompt tokens, 64 output)",expanded_rate_table
2026-05-14T21:49:20.077235,GPU612_CPU1497,612,1497,612,1497,short_short,decode,128,64,2,44.64625008404255,42.43758615727226,2718.391743954271,64,23.54333224500722,65.802,21.934,24.201,1.02815625,0.9726148141393878,13.11,0.732,8.092,56.9,57.2,6,Phi-3-mini-Q4,llama.cpp,"decode-only (16 prompt tokens, 64 output)",expanded_rate_table
2026-05-14T21:49:31.803828,GPU612_CPU1497,612,1497,612,1497,short_long,decode,128,256,0,45.051522087305784,42.63005291714388,10916.403681971133,256,23.450946617409723,259.664,23.606,24.201,1.0143125,0.9858894571446177,14.336,0.798,8.472,57.1,57.3,22,Phi-3-mini-Q4,llama.cpp,"decode-only (16 prompt tokens, 256 output)",expanded_rate_table
2026-05-14T21:49:43.574987,GPU612_CPU1497,612,1497,612,1497,short_long,decode,128,256,1,49.053294816985726,42.78974055732582,10961.090762866661,256,23.355339859721056,259.5,23.591,24.201,1.013671875,0.9865125240847784,14.339,0.798,8.454,57.1,57.3,22,Phi-3-mini-Q4,llama.cpp,"decode-only (16 prompt tokens, 256 output)",expanded_rate_table
2026-05-14T21:49:55.334599,GPU612_CPU1497,612,1497,612,1497,short_long,decode,128,256,2,48.47175185568631,42.746980662695044,10949.60272591561,256,23.379843671779714,259.611,23.601,24.201,1.01410546875,0.9860907280508145,14.336,0.798,8.467,57.1,57.5,22,Phi-3-mini-Q4,llama.cpp,"decode-only (16 prompt tokens, 256 output)",expanded_rate_table
2026-05-14T21:49:57.522798,GPU612_CPU1497,612,1497,612,1497,medium_tiny,decode,512,32,0,48.737175995483994,42.94597958364794,1380.1677899900824,32,23.18558673234212,30.344,20.23,23.196,0.94825,1.054574215660427,11.841,0.798,7.59,56.9,57.0,3,Phi-3-mini-Q4,llama.cpp,"decode-only (16 prompt tokens, 32 output)",expanded_rate_table
2026-05-14T21:49:59.702846,GPU612_CPU1497,612,1497,612,1497,medium_tiny,decode,512,32,1,44.56985602155328,42.82092987259309,1372.1251771785319,32,23.321487377558974,30.344,20.23,23.196,0.94825,1.054574215660427,11.841,0.798,7.59,56.9,57.0,3,Phi-3-mini-Q4,llama.cpp,"decode-only (16 prompt tokens, 32 output)",expanded_rate_table
2026-05-14T21:50:01.885711,GPU612_CPU1497,612,1497,612,1497,medium_tiny,decode,512,32,2,44.814554043114185,42.89415225596918,1374.6700719930232,32,23.278312848992037,30.546,20.364,23.596,0.9545625,1.0476003404701106,11.843,0.931,7.59,56.9,57.2,3,Phi-3-mini-Q4,llama.cpp,"decode-only (16 prompt tokens, 32 output)",expanded_rate_table
2026-05-14T21:50:08.127440,GPU612_CPU1497,612,1497,612,1497,medium_short,decode,512,128,0,44.92610297165811,42.42270352047553,5432.945703156292,128,23.55996304649941,127.086,23.107,24.601,0.992859375,1.0071919802338574,13.937,0.834,8.335,56.9,57.2,11,Phi-3-mini-Q4,llama.cpp,"decode-only (16 prompt tokens, 128 output)",expanded_rate_table
2026-05-14T21:50:14.369745,GPU612_CPU1497,612,1497,612,1497,medium_short,decode,512,128,1,44.682163977995515,42.428984724747856,5433.501173043624,128,23.55755449819838,126.85,23.064,24.201,0.991015625,1.0090658257784786,13.94,0.798,8.326,57.0,57.2,11,Phi-3-mini-Q4,llama.cpp,"decode-only (16 prompt tokens, 128 output)",expanded_rate_table
2026-05-14T21:50:20.611311,GPU612_CPU1497,612,1497,612,1497,medium_short,decode,512,128,2,45.11978500522673,42.42071847974022,5432.8898440580815,128,23.560205281907717,126.63,23.024,24.195,0.989296875,1.0108189212666825,13.936,0.762,8.326,56.9,57.2,11,Phi-3-mini-Q4,llama.cpp,"decode-only (16 prompt tokens, 128 output)",expanded_rate_table
2026-05-14T21:50:44.533424,GPU612_CPU1497,612,1497,612,1497,medium_long,decode,512,512,0,44.98982895165682,45.13403558930466,23109.80520094745,512,22.155098043795245,537.707,23.379,24.195,1.050208984375,0.9521914351124311,14.154,0.807,8.418,57.0,57.3,46,Phi-3-mini-Q4,llama.cpp,"decode-only (16 prompt tokens, 512 output)",expanded_rate_table
2026-05-14T21:51:08.442237,GPU612_CPU1497,612,1497,612,1497,medium_long,decode,512,512,1,48.60346205532551,45.101843287698095,23097.023415146396,512,22.167358572457626,538.145,23.398,24.201,1.051064453125,0.9514164398071152,14.165,0.798,8.435,57.1,57.5,46,Phi-3-mini-Q4,llama.cpp,"decode-only (16 prompt tokens, 512 output)",expanded_rate_table
2026-05-14T21:51:25.824412,GPU612_CPU1497,612,1497,612,1497,medium_long,decode,512,512,2,48.823692137375474,44.16773842345554,16570.87775110267,374,22.56971571557898,387.133,23.463,24.301,1.035114973262032,0.966076258030186,14.217,0.798,8.448,57.1,57.5,33,Phi-3-mini-Q4,llama.cpp,"decode-only (16 prompt tokens, 512 output)",expanded_rate_table
2026-05-14T21:51:28.010613,GPU612_CPU1497,612,1497,612,1497,long_tiny,decode,1024,32,0,48.543741926550865,42.88760580933623,1378.1630080193281,32,23.219314271096163,30.349,20.233,23.201,0.94840625,1.0544004744802136,11.844,0.798,7.59,56.9,57.0,3,Phi-3-mini-Q4,llama.cpp,"decode-only (16 prompt tokens, 32 output)",expanded_rate_table
2026-05-14T21:51:30.189886,GPU612_CPU1497,612,1497,612,1497,long_tiny,decode,1024,32,1,44.65581802651286,42.77952689857733,1370.929311029613,32,23.34183078773547,30.147,20.098,23.196,0.94209375,1.0614654857863137,11.843,0.665,7.59,56.9,57.0,3,Phi-3-mini-Q4,llama.cpp,"decode-only (16 prompt tokens, 32 output)",expanded_rate_table
2026-05-14T21:51:32.367314,GPU612_CPU1497,612,1497,612,1497,long_tiny,decode,1024,32,2,44.68576889485121,42.73734245479347,1369.6485988330096,32,23.363656946216103,30.396,20.264,23.196,0.949875,1.0527701013291222,11.843,0.798,7.624,56.8,56.9,3,Phi-3-mini-Q4,llama.cpp,"decode-only (16 prompt tokens, 32 output)",expanded_rate_table
2026-05-14T21:51:38.610870,GPU612_CPU1497,612,1497,612,1497,long_medium,decode,1024,128,0,44.844452990219,42.436809284524536,5434.65100415051,128,23.552570331056184,126.937,23.079,24.201,0.9916953125,1.0083742328871803,13.937,0.798,8.344,56.9,57.1,11,Phi-3-mini-Q4,llama.cpp,"decode-only (16 prompt tokens, 128 output)",expanded_rate_table
2026-05-14T21:51:44.857032,GPU612_CPU1497,612,1497,612,1497,long_medium,decode,1024,128,1,44.704898027703166,42.45785352825297,5437.187652103603,128,23.54158219102073,126.886,23.07,24.201,0.991296875,1.0087795343851962,13.937,0.798,8.335,56.9,57.0,11,Phi-3-mini-Q4,llama.cpp,"decode-only (16 prompt tokens, 128 output)",expanded_rate_table
2026-05-14T21:51:51.103747,GPU612_CPU1497,612,1497,612,1497,long_medium,decode,1024,128,2,44.909785967320204,42.46058754300273,5437.74059205316,128,23.539188350959986,126.841,23.062,24.201,0.9909453125,1.0091374240190476,13.938,0.798,8.326,56.9,57.2,11,Phi-3-mini-Q4,llama.cpp,"decode-only (16 prompt tokens, 128 output)",expanded_rate_table
2026-05-14T21:51:54.634455,GPU612_CPU1497,612,1497,612,1497,xlong_short,decode,2048,64,0,44.979219092056155,42.496115981882056,2722.412828123197,64,23.508558047796495,66.142,22.047,24.195,1.03346875,0.9676151310816123,13.174,0.798,8.075,56.9,57.2,6,Phi-3-mini-Q4,llama.cpp,"decode-only (16 prompt tokens, 64 output)",expanded_rate_table
2026-05-14T21:51:58.164844,GPU612_CPU1497,612,1497,612,1497,xlong_short,decode,2048,64,1,44.9103859718889,42.49224687246458,2722.0995367970318,64,23.51126368997727,66.192,22.064,24.095,1.03425,0.9668842156151802,13.174,0.864,8.025,56.9,57.1,6,Phi-3-mini-Q4,llama.cpp,"decode-only (16 prompt tokens, 64 output)",expanded_rate_table
2026-05-14T21:52:01.695191,GPU612_CPU1497,612,1497,612,1497,xlong_short,decode,2048,64,2,45.087596867233515,42.488857349824336,2722.072551958263,64,23.511496765197645,66.09,22.03,24.195,1.03265625,0.968376456347405,13.174,0.798,8.058,56.9,57.2,6,Phi-3-mini-Q4,llama.cpp,"decode-only (16 prompt tokens, 64 output)",expanded_rate_table
2026-05-14T21:52:07.937289,GPU612_CPU1497,612,1497,612,1497,xlong_medium,decode,2048,128,0,44.892939971759915,42.41801954358523,5432.313321856782,128,23.562705686543353,126.895,23.072,24.201,0.9913671875,1.0087079869183184,13.939,0.798,8.335,56.9,57.1,11,Phi-3-mini-Q4,llama.cpp,"decode-only (16 prompt tokens, 128 output)",expanded_rate_table
2026-05-14T21:52:14.184341,GPU612_CPU1497,612,1497,612,1497,xlong_medium,decode,2048,128,1,44.70906499773264,42.465388424709204,5438.145390944555,128,23.537436165855727,126.554,23.01,24.201,0.988703125,1.0114259525578013,13.94,0.762,8.308,56.9,57.2,11,Phi-3-mini-Q4,llama.cpp,"decode-only (16 prompt tokens, 128 output)",expanded_rate_table
2026-05-14T21:52:20.426099,GPU612_CPU1497,612,1497,612,1497,xlong_medium,decode,2048,128,2,44.80134788900614,42.424660212704985,5433.06893389672,128,23.55942866865035,126.753,23.046,24.201,0.9902578125,1.0098380314469875,13.94,0.798,8.308,56.9,57.4,11,Phi-3-mini-Q4,llama.cpp,"decode-only (16 prompt tokens, 128 output)",expanded_rate_table
2026-05-14T21:52:44.342588,GPU612_CPU1497,612,1497,612,1497,xlong_long,decode,2048,512,0,44.73971202969551,45.1241627749267,23104.52303197235,512,22.16016315469865,537.888,23.386,24.201,1.0505625,0.9518710214765899,14.166,0.807,8.413,57.0,57.5,46,Phi-3-mini-Q4,llama.cpp,"decode-only (16 prompt tokens, 512 output)",expanded_rate_table
2026-05-14T21:53:08.239905,GPU612_CPU1497,612,1497,612,1497,xlong_long,decode,2048,512,1,48.75970515422523,45.07860752030361,23085.240354994312,512,22.17867313169355,537.684,23.378,24.201,1.0501640625,0.9522321661049985,14.166,0.798,8.413,57.1,57.5,46,Phi-3-mini-Q4,llama.cpp,"decode-only (16 prompt tokens, 512 output)",expanded_rate_table
2026-05-14T21:53:23.241060,GPU612_CPU1497,612,1497,612,1497,xlong_long,decode,2048,512,2,48.62051992677152,43.63506710251949,14190.300005953759,324,22.8324982462711,338.534,23.347,24.201,1.044858024691358,0.9570678277514223,14.14,0.798,8.409,57.1,57.4,29,Phi-3-mini-Q4,llama.cpp,"decode-only (16 prompt tokens, 512 output)",expanded_rate_table
2026-05-14T21:53:33.266937,GPU918_CPU1036,918,1036,918,1036,tiny_tiny,mixed,32,32,0,32.12489397265017,30.409454353033535,974.962905049324,32,32.821761560642244,38.24,25.493,30.286,1.195,0.8368200836820083,17.036,0.399,8.059,56.8,56.9,3,Phi-3-mini-Q4,llama.cpp,,expanded_rate_table
2026-05-14T21:53:35.054212,GPU918_CPU1036,918,1036,918,1036,tiny_tiny,mixed,32,32,1,31.951167853549123,30.495654130654952,977.4586199782789,32,32.7379587697647,34.94,23.294,28.787,1.091875,0.9158557527189468,15.304,0.399,7.591,56.8,56.9,3,Phi-3-mini-Q4,llama.cpp,,expanded_rate_table
2026-05-14T21:53:36.843466,GPU918_CPU1036,918,1036,918,1036,tiny_tiny,mixed,32,32,2,31.998174032196403,30.55339393716666,979.2982800863683,32,32.676458899915346,34.99,23.327,28.787,1.0934375,0.9145470134324092,15.171,0.532,7.624,56.8,56.8,3,Phi-3-mini-Q4,llama.cpp,,expanded_rate_table
2026-05-14T21:53:41.574656,GPU918_CPU1036,918,1036,918,1036,tiny_short,mixed,32,128,0,31.971036922186613,30.617557874858733,3920.8845919929445,128,32.64569435718559,120.671,30.168,32.698,0.9427421875,1.0607353879556811,20.608,0.449,9.111,57.1,57.7,8,Phi-3-mini-Q4,llama.cpp,,expanded_rate_table
2026-05-14T21:53:46.298072,GPU918_CPU1036,918,1036,918,1036,tiny_short,mixed,32,128,1,32.46654802933335,30.552602968890014,3913.1276621483266,128,32.71040739052386,120.763,30.191,32.299,0.9434609375,1.0599272956120667,20.708,0.399,9.084,57.3,57.6,8,Phi-3-mini-Q4,llama.cpp,,expanded_rate_table
2026-05-14T21:53:51.020938,GPU918_CPU1036,918,1036,918,1036,tiny_short,mixed,32,128,2,32.159189926460385,30.54734313398541,3912.1450730599463,128,32.718623059620526,120.972,30.243,32.409,0.94509375,1.0580960883510235,20.71,0.399,9.134,57.4,57.7,8,Phi-3-mini-Q4,llama.cpp,,expanded_rate_table
2026-05-14T21:54:08.657499,GPU918_CPU1036,918,1036,918,1036,tiny_long,mixed,32,512,0,32.12430793792009,32.853715718175245,16822.2678930033,512,30.435848677273206,525.882,30.934,32.299,1.02711328125,0.9736024431336309,21.251,0.434,9.249,57.9,58.3,34,Phi-3-mini-Q4,llama.cpp,,expanded_rate_table
2026-05-14T21:54:26.273396,GPU918_CPU1036,918,1036,918,1036,tiny_long,mixed,32,512,1,36.00405203178525,32.806088452167266,16801.795702893287,512,30.472933313421557,525.651,30.921,32.698,1.026662109375,0.9740302976689857,21.228,0.446,9.246,58.4,58.8,34,Phi-3-mini-Q4,llama.cpp,,expanded_rate_table
2026-05-14T21:54:43.888944,GPU918_CPU1036,918,1036,918,1036,tiny_long,mixed,32,512,2,36.128618055954576,32.805528655764874,16801.668228115886,512,30.473164512510724,525.742,30.926,32.299,1.02683984375,0.9738617040297333,21.251,0.422,9.252,58.7,59.1,34,Phi-3-mini-Q4,llama.cpp,,expanded_rate_table
2026-05-14T21:54:45.735131,GPU918_CPU1036,918,1036,918,1036,short_tiny,mixed,128,32,0,81.83640288189054,30.787305095263065,1036.3920428790152,32,30.876346668106915,35.19,23.46,28.287,1.0996875,0.909349246945155,15.305,0.532,7.624,58.5,58.8,3,Phi-3-mini-Q4,llama.cpp,,expanded_rate_table
2026-05-14T21:54:47.520162,GPU918_CPU1036,918,1036,918,1036,short_tiny,mixed,128,32,1,32.57230995222926,30.39933296461259,975.1006218139082,32,32.81712603205272,34.791,23.194,28.787,1.08721875,0.9197781035325229,15.171,0.399,7.624,58.5,58.7,3,Phi-3-mini-Q4,llama.cpp,,expanded_rate_table
2026-05-14T21:54:49.304447,GPU918_CPU1036,918,1036,918,1036,short_tiny,mixed,128,32,2,32.26191410794854,30.380766358106367,974.2185322102159,32,32.846839740772936,34.741,23.161,28.787,1.08565625,0.9211018681097263,15.171,0.399,7.591,58.3,58.4,3,Phi-3-mini-Q4,llama.cpp,,expanded_rate_table
2026-05-14T21:54:52.066643,GPU918_CPU1036,918,1036,918,1036,short_short,mixed,128,64,0,32.44978212751448,30.46692021945048,1952.127031981945,64,32.784751684434404,66.582,26.633,31.9,1.04034375,0.9612207503529483,17.805,0.479,8.349,58.5,58.7,5,Phi-3-mini-Q4,llama.cpp,,expanded_rate_table
2026-05-14T21:54:54.827567,GPU918_CPU1036,918,1036,918,1036,short_short,mixed,128,64,1,32.2301359847188,30.447337477068817,1950.7007449865341,64,32.808722795890354,66.582,26.633,31.9,1.04034375,0.9612207503529483,17.885,0.399,8.349,58.5,58.8,5,Phi-3-mini-Q4,llama.cpp,,expanded_rate_table
2026-05-14T21:54:57.588679,GPU918_CPU1036,918,1036,918,1036,short_short,mixed,128,64,2,32.59441698901355,30.44821615774362,1951.0890229139477,64,32.80219367151998,66.683,26.673,31.9,1.041921875,0.9597648576098855,17.885,0.399,8.389,58.5,58.6,5,Phi-3-mini-Q4,llama.cpp,,expanded_rate_table
2026-05-14T21:55:06.524256,GPU918_CPU1036,918,1036,918,1036,short_long,mixed,128,256,0,32.50062605366111,31.72636107066829,8123.660796089098,256,31.512886422244982,259.526,30.533,32.299,1.0137734375,0.9864136926550712,20.876,0.469,9.187,58.8,59.2,17,Phi-3-mini-Q4,llama.cpp,,expanded_rate_table
2026-05-14T21:55:15.488627,GPU918_CPU1036,918,1036,918,1036,short_long,mixed,128,256,1,36.09074279665947,31.82543971046221,8152.509566862136,256,31.40137376110228,259.777,30.562,32.799,1.01475390625,0.9854606065971969,20.946,0.422,9.193,59.0,59.3,17,Phi-3-mini-Q4,llama.cpp,,expanded_rate_table
2026-05-14T21:55:24.452185,GPU918_CPU1036,918,1036,918,1036,short_long,mixed,128,256,2,36.3774870056659,31.81990145924775,8151.386137120426,256,31.405701520408535,259.777,30.562,32.4,1.01475390625,0.9854606065971969,20.946,0.422,9.193,59.1,59.4,17,Phi-3-mini-Q4,llama.cpp,,expanded_rate_table
2026-05-14T21:55:26.620386,GPU918_CPU1036,918,1036,918,1036,medium_tiny,mixed,512,32,0,305.6908710859716,33.945289515559715,1358.1538831349462,32,23.561394918031155,37.382,24.921,30.185,1.1681875,0.8560269648493928,16.765,0.399,7.758,58.9,59.0,3,Phi-3-mini-Q4,llama.cpp,,expanded_rate_table
2026-05-14T21:55:28.512907,GPU918_CPU1036,918,1036,918,1036,medium_tiny,mixed,512,32,1,37.264573154971,33.71184000054434,1082.487482111901,32,29.561542769593,36.04,24.027,28.187,1.12625,0.8879023307436182,15.837,0.399,7.791,58.7,58.8,3,Phi-3-mini-Q4,llama.cpp,,expanded_rate_table
2026-05-14T21:55:30.406015,GPU918_CPU1036,918,1036,918,1036,medium_tiny,mixed,512,32,2,37.33628196641803,33.73222603582807,1083.1963738892227,32,29.542196384118068,35.591,23.727,27.888,1.11221875,0.8991037059930881,15.571,0.399,7.757,58.7,58.7,3,Phi-3-mini-Q4,llama.cpp,,expanded_rate_table
2026-05-14T21:55:35.549278,GPU918_CPU1036,918,1036,918,1036,medium_short,mixed,512,128,0,37.656917003914714,33.81516116553932,4332.678857026622,128,29.54292349464421,133.045,29.566,31.8,1.0394140625,0.962080499079259,20.139,0.399,9.027,58.8,59.1,9,Phi-3-mini-Q4,llama.cpp,,expanded_rate_table
2026-05-14T21:55:36.396073,GPU918_CPU1036,918,1036,918,1036,medium_short,mixed,512,128,1,37.41058288142085,37.41058288142085,37.41058288142085,0,0.0,6.248,12.495,12.495,0.0,0.0,6.389,0.798,5.308,58.6,58.6,1,Phi-3-mini-Q4,llama.cpp,,expanded_rate_table
2026-05-14T21:55:41.518158,GPU918_CPU1036,918,1036,918,1036,medium_short,mixed,512,128,2,37.12905081920326,33.92342912964523,4311.474535847083,126,29.22434052489297,133.394,29.643,32.207,1.0586825396825397,0.9445702205496499,20.051,0.621,8.972,58.8,59.1,9,Phi-3-mini-Q4,llama.cpp,,expanded_rate_table
2026-05-14T21:55:49.195966,GPU918_CPU1036,918,1036,918,1036,medium_long,mixed,512,512,0,37.260822020471096,33.48522919248514,6866.125979926437,204,29.7110773377021,214.32,30.617,32.799,1.0505882352941176,0.9518477043673013,20.929,0.484,9.204,59.0,59.3,14,Phi-3-mini-Q4,llama.cpp,,expanded_rate_table
2026-05-14T21:55:59.740094,GPU918_CPU1036,918,1036,918,1036,medium_long,mixed,512,512,1,41.09861399047077,32.85252540467345,9731.73481412232,295,30.313197557737325,309.402,30.94,32.899,1.0488203389830508,0.9534521431664954,21.179,0.439,9.322,59.2,59.4,20,Phi-3-mini-Q4,llama.cpp,,expanded_rate_table
2026-05-14T21:56:17.344517,GPU918_CPU1036,918,1036,918,1036,medium_long,mixed,512,512,2,41.01918707601726,32.77353711158344,16790.23185092956,512,30.493920783568818,534.206,31.424,32.908,1.04337109375,0.9584317660228451,21.549,0.434,9.44,59.5,59.9,34,Phi-3-mini-Q4,llama.cpp,,expanded_rate_table
2026-05-14T21:56:19.579085,GPU918_CPU1036,918,1036,918,1036,long_tiny,mixed,1024,32,0,452.8700429946184,31.34633096746139,1424.8001240193844,32,22.459290577353038,37.234,24.823,30.885,1.1635625,0.8594295536337755,16.633,0.399,7.791,59.2,59.3,3,Phi-3-mini-Q4,llama.cpp,,expanded_rate_table
2026-05-14T21:56:21.390398,GPU918_CPU1036,918,1036,918,1036,long_tiny,mixed,1024,32,1,36.80500597693026,31.115434455475018,1001.5476001426578,32,31.950553319125326,35.89,23.927,29.387,1.1215625,0.8916132627472834,15.704,0.399,7.824,59.0,59.2,3,Phi-3-mini-Q4,llama.cpp,,expanded_rate_table
2026-05-14T21:56:23.200720,GPU918_CPU1036,918,1036,918,1036,long_tiny,mixed,1024,32,2,36.85348387807608,31.075205360989898,1000.3505439963192,32,31.98878652293485,35.441,23.627,28.987,1.10753125,0.9029090601281001,15.437,0.399,7.791,59.0,59.2,3,Phi-3-mini-Q4,llama.cpp,,expanded_rate_table
2026-05-14T21:56:28.067174,GPU918_CPU1036,918,1036,918,1036,long_medium,mixed,1024,128,0,37.36160299740732,31.62966692988856,4054.82635111548,128,31.567319760755545,133.591,29.687,32.899,1.0436796875,0.9581483782590144,20.095,0.488,9.104,59.3,59.6,9,Phi-3-mini-Q4,llama.cpp,,expanded_rate_table
2026-05-14T21:56:28.917348,GPU918_CPU1036,918,1036,918,1036,long_medium,mixed,1024,128,1,40.70945084095001,40.70945084095001,40.70945084095001,0,0.0,6.198,12.396,12.396,0.0,0.0,6.789,0.399,5.208,58.7,58.7,1,Phi-3-mini-Q4,llama.cpp,,expanded_rate_table
2026-05-14T21:56:33.790110,GPU918_CPU1036,918,1036,918,1036,long_medium,mixed,1024,128,2,41.45756713114679,31.65303118798266,4061.893127160147,128,31.512399758654063,138.646,27.729,32.509,1.083171875,0.9232145175482885,18.606,0.439,8.684,59.1,59.6,10,Phi-3-mini-Q4,llama.cpp,,expanded_rate_table
2026-05-14T21:56:37.696886,GPU918_CPU1036,918,1036,918,1036,xlong_short,mixed,2048,64,0,958.1618208903819,33.93230981208266,3096.1888539604843,64,20.67057373394214,95.401,27.257,33.009,1.490640625,0.6708525067871406,18.425,0.399,8.433,59.1,59.3,7,Phi-3-mini-Q4,llama.cpp,,expanded_rate_table
2026-05-14T21:56:40.685370,GPU918_CPU1036,918,1036,918,1036,xlong_short,mixed,2048,64,1,43.94964990206063,33.86828135181632,2177.944361930713,64,29.3855073245604,71.192,28.477,32.202,1.112375,0.8989774131924936,19.163,0.399,8.914,59.1,59.4,5,Phi-3-mini-Q4,llama.cpp,,expanded_rate_table
2026-05-14T21:56:43.672523,GPU918_CPU1036,918,1036,918,1036,xlong_short,mixed,2048,64,2,43.65128488279879,33.85457895430071,2176.7814338672906,64,29.401206296719,71.592,28.637,32.202,1.118625,0.8939546318024361,19.163,0.479,8.995,59.1,59.3,5,Phi-3-mini-Q4,llama.cpp,,expanded_rate_table
2026-05-14T21:56:48.826981,GPU918_CPU1036,918,1036,918,1036,xlong_medium,mixed,2048,128,0,43.671379797160625,33.85550630880212,4343.838881002739,128,29.4670229505502,139.239,30.942,33.1,1.0878046875,0.9192826722398179,21.068,0.443,9.431,59.2,59.5,9,Phi-3-mini-Q4,llama.cpp,,expanded_rate_table
2026-05-14T21:56:53.984988,GPU918_CPU1036,918,1036,918,1036,xlong_medium,mixed,2048,128,1,43.919150019064546,33.881713872716766,4347.411779919639,128,29.442805623157703,138.591,30.798,33.0,1.0827421875,0.923580896306398,20.891,0.443,9.464,59.3,59.6,9,Phi-3-mini-Q4,llama.cpp,,expanded_rate_table
2026-05-14T21:56:59.137557,GPU918_CPU1036,918,1036,918,1036,xlong_medium,mixed,2048,128,2,43.70231903158128,33.84091985763938,4342.016251990572,128,29.479392192813457,139.19,30.931,33.1,1.087421875,0.9196062935555716,21.068,0.399,9.464,59.4,59.6,9,Phi-3-mini-Q4,llama.cpp,,expanded_rate_table
2026-05-14T21:57:17.156653,GPU918_CPU1036,918,1036,918,1036,xlong_long,mixed,2048,512,0,43.83524204604328,33.98099633918646,17205.08551900275,505,29.351786682038593,565.388,32.308,33.999,1.1195801980198021,0.8931919319122443,22.107,0.433,9.768,59.7,60.1,35,Phi-3-mini-Q4,llama.cpp,,expanded_rate_table
2026-05-14T21:57:22.763909,GPU918_CPU1036,918,1036,918,1036,xlong_long,mixed,2048,512,1,48.25800913386047,33.91633128660242,4796.644031070173,140,29.18707310635365,155.396,31.079,33.109,1.1099714285714284,0.9009240907101856,21.118,0.439,9.522,59.8,60.1,10,Phi-3-mini-Q4,llama.cpp,,expanded_rate_table
2026-05-14T21:57:39.247609,GPU918_CPU1036,918,1036,918,1036,xlong_long,mixed,2048,512,2,44.00950111448765,33.894080997687645,15669.91231800057,461,29.419437112639958,515.518,32.22,33.609,1.1182603036876357,0.8942461756912464,22.02,0.436,9.764,60.0,60.5,32,Phi-3-mini-Q4,llama.cpp,,expanded_rate_table
2026-05-14T21:57:41.041940,GPU918_CPU1036,918,1036,918,1036,tiny_tiny,decode,32,32,0,36.61105991341174,30.575655415774353,984.60111184977,32,32.50047111960051,35.04,23.36,28.787,1.095,0.9132420091324202,15.304,0.399,7.657,59.7,59.8,3,Phi-3-mini-Q4,llama.cpp,"decode-only (16 prompt tokens, 32 output)",expanded_rate_table
2026-05-14T21:57:42.824751,GPU918_CPU1036,918,1036,918,1036,tiny_tiny,decode,32,32,1,31.75005386583507,30.357508454471827,972.9775809682906,32,32.88873312800707,34.791,23.194,28.787,1.08721875,0.9197781035325229,15.171,0.399,7.624,59.5,59.6,3,Phi-3-mini-Q4,llama.cpp,"decode-only (16 prompt tokens, 32 output)",expanded_rate_table
2026-05-14T21:57:44.607637,GPU918_CPU1036,918,1036,918,1036,tiny_tiny,decode,32,32,2,31.79475595243275,30.361749457135314,973.1496900785714,32,32.882916499121876,35.042,23.361,28.787,1.0950625,0.9131898864220078,15.171,0.532,7.658,59.5,59.6,3,Phi-3-mini-Q4,llama.cpp,"decode-only (16 prompt tokens, 32 output)",expanded_rate_table
2026-05-14T21:57:49.328661,GPU918_CPU1036,918,1036,918,1036,tiny_short,decode,32,128,0,31.820931937545538,30.536010943895835,3910.3667298331857,128,32.73350272327537,120.838,30.21,32.409,0.944046875,1.0592694351114715,20.66,0.399,9.151,59.7,60.1,8,Phi-3-mini-Q4,llama.cpp,"decode-only (16 prompt tokens, 128 output)",expanded_rate_table
2026-05-14T21:57:54.042175,GPU918_CPU1036,918,1036,918,1036,tiny_short,decode,32,128,1,32.11692487820983,30.47603259860413,3903.04700890556,128,32.79489068615959,121.396,30.349,32.409,0.94840625,1.0544004744802136,20.71,0.449,9.19,59.8,60.1,8,Phi-3-mini-Q4,llama.cpp,"decode-only (16 prompt tokens, 128 output)",expanded_rate_table
2026-05-14T21:57:58.752674,GPU918_CPU1036,918,1036,918,1036,tiny_short,decode,32,128,2,32.04348497092724,30.451933717663128,3899.911923101172,128,32.821254049813426,121.486,30.372,32.4,0.949109375,1.0536193470852608,20.757,0.449,9.165,59.8,60.1,8,Phi-3-mini-Q4,llama.cpp,"decode-only (16 prompt tokens, 128 output)",expanded_rate_table
2026-05-14T21:58:16.360899,GPU918_CPU1036,918,1036,918,1036,tiny_long,decode,32,512,0,31.869214959442616,32.79897520945584,16794.07521011308,512,30.48694218611592,526.494,30.97,32.707,1.02830859375,0.9724707214137293,21.282,0.434,9.254,60.0,60.4,34,Phi-3-mini-Q4,llama.cpp,"decode-only (16 prompt tokens, 512 output)",expanded_rate_table
2026-05-14T21:58:33.978732,GPU918_CPU1036,918,1036,918,1036,tiny_long,decode,32,512,1,36.07640112750232,32.81015217980396,16803.967555984855,512,30.468994795080253,526.535,30.973,32.799,1.028388671875,0.9723949974835482,21.246,0.446,9.281,60.2,60.6,34,Phi-3-mini-Q4,llama.cpp,"decode-only (16 prompt tokens, 512 output)",expanded_rate_table
2026-05-14T21:58:51.580507,GPU918_CPU1036,918,1036,918,1036,tiny_long,decode,32,512,2,35.781809128820896,32.77895810928218,16787.751832976937,512,30.498425583957903,527.079,31.005,32.808,1.029451171875,0.971391385352101,21.292,0.434,9.278,60.4,60.7,34,Phi-3-mini-Q4,llama.cpp,"decode-only (16 prompt tokens, 512 output)",expanded_rate_table
2026-05-14T21:58:53.374833,GPU918_CPU1036,918,1036,918,1036,short_tiny,decode,128,32,0,35.77556391246617,30.5976047135529,984.4471630640328,32,32.50555357425372,35.091,23.394,28.787,1.09659375,0.9119147359721865,15.304,0.399,7.691,60.1,60.2,3,Phi-3-mini-Q4,llama.cpp,"decode-only (16 prompt tokens, 32 output)",expanded_rate_table
2026-05-14T21:58:55.157806,GPU918_CPU1036,918,1036,918,1036,short_tiny,decode,128,32,1,31.843215925619006,30.362028553481064,973.2106109149754,32,32.880858101120396,34.941,23.294,28.887,1.09190625,0.9158295412266392,15.171,0.399,7.724,60.0,60.1,3,Phi-3-mini-Q4,llama.cpp,"decode-only (16 prompt tokens, 32 output)",expanded_rate_table
2026-05-14T21:58:56.941628,GPU918_CPU1036,918,1036,918,1036,short_tiny,decode,128,32,2,31.806481070816517,30.389357711218537,974.0213030017912,32,32.853490885035754,34.791,23.194,28.787,1.08721875,0.9197781035325229,15.171,0.399,7.624,59.8,60.1,3,Phi-3-mini-Q4,llama.cpp,"decode-only (16 prompt tokens, 32 output)",expanded_rate_table
2026-05-14T21:58:59.705109,GPU918_CPU1036,918,1036,918,1036,short_short,decode,128,64,0,31.747568864375353,30.50019398390774,1953.5202339757234,64,32.76137041578006,66.644,26.658,31.908,1.0413125,0.9603265110137446,17.807,0.479,8.372,60.0,60.4,5,Phi-3-mini-Q4,llama.cpp,"decode-only (16 prompt tokens, 64 output)",expanded_rate_table
2026-05-14T21:59:02.467441,GPU918_CPU1036,918,1036,918,1036,short_short,decode,128,64,1,32.04289195127785,30.471039303977573,1951.9731469918042,64,32.787336290271575,66.594,26.638,31.908,1.04053125,0.9610475418205845,17.886,0.399,8.352,59.9,60.1,5,Phi-3-mini-Q4,llama.cpp,"decode-only (16 prompt tokens, 64 output)",expanded_rate_table
2026-05-14T21:59:05.230139,GPU918_CPU1036,918,1036,918,1036,short_short,decode,128,64,2,31.906413845717907,30.47844777918524,1952.3021560162306,64,32.78181084970739,66.844,26.738,31.908,1.0444375,0.957453174555682,17.886,0.479,8.372,59.9,60.2,5,Phi-3-mini-Q4,llama.cpp,"decode-only (16 prompt tokens, 64 output)",expanded_rate_table
2026-05-14T21:59:13.934011,GPU918_CPU1036,918,1036,918,1036,short_long,decode,128,256,0,32.06330514512956,30.820531442797943,7892.231062985957,256,32.43696211589941,249.989,31.249,32.808,0.97651953125,1.0240450579825513,21.463,0.424,9.362,60.2,60.5,16,Phi-3-mini-Q4,llama.cpp,"decode-only (16 prompt tokens, 256 output)",expanded_rate_table
2026-05-14T21:59:22.672938,GPU918_CPU1036,918,1036,918,1036,short_long,decode,128,256,1,35.78557400032878,30.94319576470583,7927.2656289394945,256,32.2936068983786,249.878,31.235,32.308,0.9760859375,1.0244999559785175,21.488,0.424,9.323,60.3,60.6,16,Phi-3-mini-Q4,llama.cpp,"decode-only (16 prompt tokens, 256 output)",expanded_rate_table
2026-05-14T21:59:31.417050,GPU918_CPU1036,918,1036,918,1036,short_long,decode,128,256,2,35.68554110825062,30.962905258524653,7932.214108994231,256,32.27346066084185,249.614,31.202,32.707,0.9750546875,1.0255835009254288,21.435,0.449,9.317,60.3,60.6,16,Phi-3-mini-Q4,llama.cpp,"decode-only (16 prompt tokens, 256 output)",expanded_rate_table
2026-05-14T21:59:33.212162,GPU918_CPU1036,918,1036,918,1036,medium_tiny,decode,512,32,0,35.795265110209584,30.625325484922335,985.3253120090812,32,32.47658373329708,35.291,23.527,28.787,1.10284375,0.9067467626306991,15.304,0.532,7.691,60.1,60.3,3,Phi-3-mini-Q4,llama.cpp,"decode-only (16 prompt tokens, 32 output)",expanded_rate_table
2026-05-14T21:59:35.000545,GPU918_CPU1036,918,1036,918,1036,medium_tiny,decode,512,32,1,31.9001660682261,30.522186804803148,978.2330100424588,32,32.712042705051516,34.99,23.327,28.787,1.0934375,0.9145470134324092,15.171,0.532,7.624,60.0,60.1,3,Phi-3-mini-Q4,llama.cpp,"decode-only (16 prompt tokens, 32 output)",expanded_rate_table
2026-05-14T21:59:36.790778,GPU918_CPU1036,918,1036,918,1036,medium_tiny,decode,512,32,2,32.1416649967432,30.59114929619095,980.6108740158379,32,32.63271991768997,35.24,23.493,29.186,1.10125,0.9080590238365494,15.171,0.665,7.657,59.8,59.9,3,Phi-3-mini-Q4,llama.cpp,"decode-only (16 prompt tokens, 32 output)",expanded_rate_table
2026-05-14T21:59:41.531253,GPU918_CPU1036,918,1036,918,1036,medium_short,decode,512,128,0,32.26377489045262,30.686356787254493,3929.9155899789184,128,32.570674119920895,120.26,30.065,32.408,0.93953125,1.0643605521370363,20.463,0.449,9.153,60.1,60.4,8,Phi-3-mini-Q4,llama.cpp,"decode-only (16 prompt tokens, 128 output)",expanded_rate_table
2026-05-14T21:59:46.253634,GPU918_CPU1036,918,1036,918,1036,medium_short,decode,512,128,1,32.18815801665187,30.544215551115514,3911.7792369797826,128,32.721682959498146,120.904,30.226,32.308,0.9445625,1.0586911930126381,20.714,0.399,9.113,60.2,60.4,8,Phi-3-mini-Q4,llama.cpp,"decode-only (16 prompt tokens, 128 output)",expanded_rate_table
2026-05-14T21:59:50.980418,GPU918_CPU1036,918,1036,918,1036,medium_short,decode,512,128,2,32.26041281595826,30.580079575311245,3916.405997937545,128,32.683026240744006,120.784,30.196,32.308,0.943625,1.0597430123195124,20.711,0.399,9.086,60.2,60.4,8,Phi-3-mini-Q4,llama.cpp,"decode-only (16 prompt tokens, 128 output)",expanded_rate_table
2026-05-14T22:00:04.418822,GPU918_CPU1036,918,1036,918,1036,medium_long,decode,512,512,0,32.169725047424436,32.20116779482804,12625.457271002233,391,30.96917534211113,401.632,30.895,32.409,1.0271918158567774,0.9735280057365947,21.211,0.43,9.254,60.4,60.7,26,Phi-3-mini-Q4,llama.cpp,"decode-only (16 prompt tokens, 512 output)",expanded_rate_table
2026-05-14T22:00:22.051482,GPU918_CPU1036,918,1036,918,1036,medium_long,decode,512,512,1,35.67567514255643,32.837712332613606,16817.63208308257,512,30.44423837259695,527.512,31.03,32.799,1.030296875,0.9705940338797981,21.303,0.446,9.281,60.5,60.8,34,Phi-3-mini-Q4,llama.cpp,"decode-only (16 prompt tokens, 512 output)",expanded_rate_table
2026-05-14T22:00:39.658014,GPU918_CPU1036,918,1036,918,1036,medium_long,decode,512,512,2,36.108334083110094,32.78815778885438,16792.76934498921,512,30.48931295854281,526.878,30.993,32.808,1.02905859375,0.9717619638701938,21.257,0.434,9.302,60.7,61.1,34,Phi-3-mini-Q4,llama.cpp,"decode-only (16 prompt tokens, 512 output)",expanded_rate_table
2026-05-14T22:00:41.454430,GPU918_CPU1036,918,1036,918,1036,long_tiny,decode,1024,32,0,35.790063906461,30.664382359733985,986.5300098899752,32,32.43692505975451,34.99,23.327,28.787,1.0934375,0.9145470134324092,15.304,0.399,7.624,60.4,60.5,3,Phi-3-mini-Q4,llama.cpp,"decode-only (16 prompt tokens, 32 output)",expanded_rate_table
2026-05-14T22:00:43.240176,GPU918_CPU1036,918,1036,918,1036,long_tiny,decode,1024,32,1,32.36382198520005,30.438383583039528,976.0986070614308,32,32.783573061677444,34.791,23.194,28.787,1.08721875,0.9197781035325229,15.171,0.399,7.624,60.1,60.3,3,Phi-3-mini-Q4,llama.cpp,"decode-only (16 prompt tokens, 32 output)",expanded_rate_table
2026-05-14T22:00:45.027907,GPU918_CPU1036,918,1036,918,1036,long_tiny,decode,1024,32,2,32.16667380183935,30.500335130660282,977.8237158898264,32,32.72573520154374,34.844,23.229,28.787,1.088875,0.9183790609574102,15.173,0.399,7.657,60.3,60.5,3,Phi-3-mini-Q4,llama.cpp,"decode-only (16 prompt tokens, 32 output)",expanded_rate_table
2026-05-14T22:00:49.746735,GPU918_CPU1036,918,1036,918,1036,long_medium,decode,1024,128,0,32.13365003466606,30.513254984274624,3907.7942080330104,128,32.755051362960295,120.758,30.19,32.308,0.943421875,1.0599711820334885,20.663,0.399,9.128,60.3,60.8,8,Phi-3-mini-Q4,llama.cpp,"decode-only (16 prompt tokens, 128 output)",expanded_rate_table
2026-05-14T22:00:54.454253,GPU918_CPU1036,918,1036,918,1036,long_medium,decode,1024,128,1,31.85890195891261,30.429033133545964,3896.8220059759915,128,32.84727909145066,121.463,30.366,32.808,0.9489296875,1.0538188584177899,20.814,0.399,9.153,60.5,60.8,8,Phi-3-mini-Q4,llama.cpp,"decode-only (16 prompt tokens, 128 output)",expanded_rate_table
2026-05-14T22:00:59.163882,GPU918_CPU1036,918,1036,918,1036,long_medium,decode,1024,128,2,31.919955974444747,30.44465827520966,3898.9228438585997,128,32.82958014971227,121.854,30.464,32.808,0.951984375,1.0504374087022175,20.812,0.449,9.203,60.6,60.8,8,Phi-3-mini-Q4,llama.cpp,"decode-only (16 prompt tokens, 128 output)",expanded_rate_table
2026-05-14T22:01:01.926162,GPU918_CPU1036,918,1036,918,1036,xlong_short,decode,2048,64,0,32.081903889775276,30.47671898578604,1952.3668428882957,64,32.780724705055725,56.596,28.298,31.908,0.8843125,1.1308219662166938,19.064,0.499,8.735,60.3,60.5,4,Phi-3-mini-Q4,llama.cpp,"decode-only (16 prompt tokens, 64 output)",expanded_rate_table
2026-05-14T22:01:04.683065,GPU918_CPU1036,918,1036,918,1036,xlong_short,decode,2048,64,1,32.019088976085186,30.39013110988197,1946.8483519740403,64,32.873644182458335,66.64,26.656,31.9,1.04125,0.9603841536614646,17.885,0.399,8.372,60.3,60.4,5,Phi-3-mini-Q4,llama.cpp,"decode-only (16 prompt tokens, 64 output)",expanded_rate_table
2026-05-14T22:01:07.441438,GPU918_CPU1036,918,1036,918,1036,xlong_short,decode,2048,64,2,31.726934015750885,30.417097968951104,1948.2574448920786,64,32.849868054036975,66.794,26.717,31.908,1.04365625,0.9581698954995959,17.886,0.479,8.352,60.3,60.4,5,Phi-3-mini-Q4,llama.cpp,"decode-only (16 prompt tokens, 64 output)",expanded_rate_table
2026-05-14T22:01:12.150577,GPU918_CPU1036,918,1036,918,1036,xlong_medium,decode,2048,128,0,31.935217091813684,30.44206641731769,3898.553003091365,128,32.83269456603569,121.491,30.373,32.808,0.9491484375,1.0535759850523907,20.758,0.449,9.165,60.3,60.5,8,Phi-3-mini-Q4,llama.cpp,"decode-only (16 prompt tokens, 128 output)",expanded_rate_table
2026-05-14T22:01:16.861151,GPU918_CPU1036,918,1036,918,1036,xlong_medium,decode,2048,128,1,31.791154062375426,30.4560462676546,3900.1875170506537,128,32.81893484362372,121.403,30.351,32.799,0.9484609375,1.0543396785911385,20.762,0.449,9.14,60.3,60.5,8,Phi-3-mini-Q4,llama.cpp,"decode-only (16 prompt tokens, 128 output)",expanded_rate_table
2026-05-14T22:01:21.570708,GPU918_CPU1036,918,1036,918,1036,xlong_medium,decode,2048,128,2,31.801297096535563,30.446246290198108,3898.952550953254,128,32.82933001293009,120.991,30.248,32.4,0.9452421875,1.0579299286723807,20.709,0.399,9.14,60.4,60.7,8,Phi-3-mini-Q4,llama.cpp,"decode-only (16 prompt tokens, 128 output)",expanded_rate_table
2026-05-14T22:01:39.165958,GPU918_CPU1036,918,1036,918,1036,xlong_long,decode,2048,512,0,31.992333941161633,32.77349286282585,16781.13441588357,512,30.51045223232257,526.91,30.995,32.799,1.02912109375,0.9717029473724166,21.277,0.446,9.272,60.6,61.0,34,Phi-3-mini-Q4,llama.cpp,"decode-only (16 prompt tokens, 512 output)",expanded_rate_table
2026-05-14T22:01:56.770931,GPU918_CPU1036,918,1036,918,1036,xlong_long,decode,2048,512,1,35.90259305201471,32.78481978658813,16790.827644057572,512,30.492838760166865,526.834,30.99,32.808,1.02897265625,0.9718431232608374,21.281,0.422,9.287,60.8,61.1,34,Phi-3-mini-Q4,llama.cpp,"decode-only (16 prompt tokens, 512 output)",expanded_rate_table
2026-05-14T22:02:14.382927,GPU918_CPU1036,918,1036,918,1036,xlong_long,decode,2048,512,2,35.958620021119714,32.79891629783535,16798.105164198205,512,30.479628207782948,526.524,30.972,32.707,1.0283671875,0.972415312502374,21.269,0.434,9.269,60.9,61.3,34,Phi-3-mini-Q4,llama.cpp,"decode-only (16 prompt tokens, 512 output)",expanded_rate_table
2026-05-14T22:02:23.769862,GPU918_CPU1497,1300,1497,918,1497,tiny_tiny,mixed,32,32,0,25.156324030831456,24.029512611788608,770.1735170558095,32,41.54907860546595,39.52,39.52,43.778,1.235,0.8097165991902834,29.535,0.798,9.187,60.7,60.8,2,Phi-3-mini-Q4,llama.cpp,,expanded_rate_table
2026-05-14T22:02:25.347209,GPU918_CPU1497,1300,1497,918,1497,tiny_tiny,mixed,32,32,1,25.423550978302956,23.994410095075445,769.3590940907598,32,41.59306134909354,34.766,34.766,41.468,1.0864375,0.920439509865961,25.534,0.798,8.434,60.6,60.9,2,Phi-3-mini-Q4,llama.cpp,,expanded_rate_table
2026-05-14T22:02:26.923895,GPU918_CPU1497,1300,1497,918,1497,tiny_tiny,mixed,32,32,2,25.217154063284397,23.981416124790425,768.7455320265144,32,41.62625819189321,34.766,34.766,41.468,1.0864375,0.920439509865961,25.534,0.798,8.434,60.7,61.0,2,Phi-3-mini-Q4,llama.cpp,,expanded_rate_table
2026-05-14T22:02:30.818607,GPU918_CPU1497,1300,1497,918,1497,tiny_short,mixed,32,128,0,25.49542090855539,24.09804212736098,3086.2882679793984,128,41.4737668311852,144.818,41.377,46.675,1.131390625,0.8838680274551506,31.082,0.798,9.496,61.2,61.7,7,Phi-3-mini-Q4,llama.cpp,,expanded_rate_table
2026-05-14T22:02:34.713443,GPU918_CPU1497,1300,1497,918,1497,tiny_short,mixed,32,128,1,25.323488051071763,24.098096567565413,3086.1149611882865,128,41.476095871268036,145.126,41.465,47.175,1.133796875,0.8819921998814823,31.139,0.798,9.527,61.4,61.8,7,Phi-3-mini-Q4,llama.cpp,,expanded_rate_table
2026-05-14T22:02:38.604459,GPU918_CPU1497,1300,1497,918,1497,tiny_short,mixed,32,128,2,25.38876491598785,24.068938843231265,3082.4755758512765,128,41.52506543856416,146.473,41.849,47.075,1.1443203125,0.8738811931209164,31.539,0.798,9.513,61.7,62.1,7,Phi-3-mini-Q4,llama.cpp,,expanded_rate_table
2026-05-14T22:02:52.629182,GPU918_CPU1497,1300,1497,918,1497,tiny_long,mixed,32,512,0,25.642871856689453,25.80710332120774,13214.387683896348,512,38.74564696054335,606.818,44.949,47.574,1.18519140625,0.8437455711597217,34.124,0.798,10.027,62.3,62.9,27,Phi-3-mini-Q4,llama.cpp,,expanded_rate_table
2026-05-14T22:03:06.665859,GPU918_CPU1497,1300,1497,918,1497,tiny_long,mixed,32,512,1,28.473695972934365,25.824539999909508,13226.124075008556,512,38.711265454363186,606.818,44.949,47.574,1.18519140625,0.8437455711597217,34.124,0.798,10.027,63.0,63.4,27,Phi-3-mini-Q4,llama.cpp,,expanded_rate_table
2026-05-14T22:03:20.700575,GPU918_CPU1497,1300,1497,918,1497,tiny_long,mixed,32,512,2,28.388831997290254,25.821033905765113,13224.269484868273,512,38.71669437664216,607.234,44.98,47.675,1.18600390625,0.8431675433193793,34.125,0.798,10.058,63.4,63.7,27,Phi-3-mini-Q4,llama.cpp,,expanded_rate_table
2026-05-14T22:03:22.319223,GPU918_CPU1497,1300,1497,918,1497,short_tiny,mixed,128,32,0,60.16652402468026,24.19897228960068,810.4389829095453,32,39.48477390008716,34.523,34.523,41.879,1.07884375,0.926918286359818,25.341,0.798,8.384,63.0,63.2,2,Phi-3-mini-Q4,llama.cpp,,expanded_rate_table
2026-05-14T22:03:23.895085,GPU918_CPU1497,1300,1497,918,1497,short_tiny,mixed,128,32,1,25.444695027545094,23.922931996264285,767.1608650125563,32,41.712242450579446,35.016,35.016,41.867,1.09425,0.9138679460817912,25.734,0.798,8.484,62.9,63.1,2,Phi-3-mini-Q4,llama.cpp,,expanded_rate_table
2026-05-14T22:03:25.471202,GPU918_CPU1497,1300,1497,918,1497,short_tiny,mixed,128,32,2,25.953229051083326,23.938660059244402,768.1574809830636,32,41.65812452812074,34.966,34.966,41.867,1.0926875,0.9151747411771435,25.734,0.798,8.434,62.8,63.1,2,Phi-3-mini-Q4,llama.cpp,,expanded_rate_table
2026-05-14T22:03:27.814958,GPU918_CPU1497,1300,1497,918,1497,short_short,mixed,128,64,0,25.503093842417,23.96696326988084,1535.60129692778,64,41.67748498783011,74.756,37.378,46.075,1.1680625,0.8561185724222805,27.744,0.798,8.836,62.9,63.3,4,Phi-3-mini-Q4,llama.cpp,,expanded_rate_table
2026-05-14T22:03:30.159891,GPU918_CPU1497,1300,1497,918,1497,short_short,mixed,128,64,1,25.77163209207356,23.982271411648345,1536.8388241622597,64,41.64392452467278,74.954,37.477,46.175,1.17115625,0.8538570323131521,27.844,0.798,8.835,62.8,62.9,4,Phi-3-mini-Q4,llama.cpp,,expanded_rate_table
2026-05-14T22:03:32.505172,GPU918_CPU1497,1300,1497,918,1497,short_short,mixed,128,64,2,25.750640081241727,23.985255746141313,1537.0034771040082,64,41.639463380126855,75.104,37.552,46.075,1.1735,0.8521516829995739,27.944,0.798,8.81,62.9,63.2,4,Phi-3-mini-Q4,llama.cpp,,expanded_rate_table
2026-05-14T22:03:39.718742,GPU918_CPU1497,1300,1497,918,1497,short_long,mixed,128,256,0,25.777743197977543,25.011760022892965,6404.443960171193,256,39.97224452146772,292.627,45.02,47.675,1.14307421875,0.8748338328315569,34.144,0.798,10.077,63.3,63.7,13,Phi-3-mini-Q4,llama.cpp,,expanded_rate_table
2026-05-14T22:03:46.954543,GPU918_CPU1497,1300,1497,918,1497,short_long,mixed,128,256,1,28.73250190168619,25.087050984924037,6426.576347090304,256,39.83458472657942,291.679,44.874,47.575,1.13937109375,0.877677172508134,34.022,0.829,10.023,63.6,64.0,13,Phi-3-mini-Q4,llama.cpp,,expanded_rate_table
2026-05-14T22:03:54.190905,GPU918_CPU1497,1300,1497,918,1497,short_long,mixed,128,256,2,28.484025038778782,25.089954215960176,6427.125856978819,256,39.83117892767347,292.327,44.973,47.574,1.14190234375,0.8757316293055379,34.144,0.798,10.031,63.8,64.1,13,Phi-3-mini-Q4,llama.cpp,,expanded_rate_table
2026-05-14T22:03:56.047261,GPU918_CPU1497,1300,1497,918,1497,medium_tiny,mixed,512,32,0,223.72561902739108,26.591562222869648,1048.1743179261684,32,30.52927309201066,49.215,32.81,40.153,1.53796875,0.650208269836432,24.221,0.798,7.791,63.5,63.7,3,Phi-3-mini-Q4,llama.cpp,,expanded_rate_table
2026-05-14T22:03:57.705110,GPU918_CPU1497,1300,1497,918,1497,medium_tiny,mixed,512,32,1,29.50333198532462,26.425348001442128,848.7982058431953,32,37.70036244151957,34.318,34.318,40.969,1.0724375,0.9324552712862055,25.136,0.798,8.384,63.2,63.4,2,Phi-3-mini-Q4,llama.cpp,,expanded_rate_table
2026-05-14T22:03:59.360420,GPU918_CPU1497,1300,1497,918,1497,medium_tiny,mixed,512,32,2,29.267241014167666,26.3842481954564,847.2946451511234,32,37.76726335180896,34.324,34.324,40.981,1.072625,0.9322922736277823,25.142,0.798,8.384,63.1,63.2,2,Phi-3-mini-Q4,llama.cpp,,expanded_rate_table
2026-05-14T22:04:03.561488,GPU918_CPU1497,1300,1497,918,1497,medium_short,mixed,512,128,0,29.078796040266752,26.480391330093028,3392.4330971203744,128,37.731031485529144,148.948,42.557,46.175,1.16365625,0.8593603136665144,32.103,0.798,9.656,63.3,63.7,7,Phi-3-mini-Q4,llama.cpp,,expanded_rate_table
2026-05-14T22:04:04.398435,GPU918_CPU1497,1300,1497,918,1497,medium_short,mixed,512,128,1,29.21015303581953,29.21015303581953,29.21015303581953,0,0.0,7.446,14.892,14.892,0.0,0.0,8.785,0.799,5.308,63.0,63.0,1,Phi-3-mini-Q4,llama.cpp,,expanded_rate_table
2026-05-14T22:04:08.604639,GPU918_CPU1497,1300,1497,918,1497,medium_short,mixed,512,128,2,29.141802107915282,26.52123984954078,3397.6794800255448,128,37.672770710861066,147.601,42.172,46.175,1.1531328125,0.8672027967290195,31.761,0.798,9.613,63.3,63.6,7,Phi-3-mini-Q4,llama.cpp,,expanded_rate_table
2026-05-14T22:04:22.698823,GPU918_CPU1497,1300,1497,918,1497,medium_long,mixed,512,512,0,29.106986010447145,25.93619179266729,13283.805542159826,512,38.54317186253793,615.538,45.595,47.775,1.20222265625,0.8317926756755879,34.523,0.798,10.274,64.0,64.5,27,Phi-3-mini-Q4,llama.cpp,,expanded_rate_table
2026-05-14T22:04:36.782140,GPU918_CPU1497,1300,1497,918,1497,medium_long,mixed,512,512,1,32.03752008266747,25.908785714055256,13272.71134709008,512,38.57538875146646,616.684,45.68,47.775,1.2044609375,0.8302469335997043,34.597,0.798,10.285,64.4,64.8,27,Phi-3-mini-Q4,llama.cpp,,expanded_rate_table
2026-05-14T22:04:42.905776,GPU918_CPU1497,1300,1497,918,1497,medium_long,mixed,512,512,2,32.062476966530085,26.2883032055106,5314.623911166564,201,37.82017379963211,242.998,44.181,47.276,1.2089452736318407,0.8271673017884921,33.42,0.834,9.928,64.5,64.7,11,Phi-3-mini-Q4,llama.cpp,,expanded_rate_table
2026-05-14T22:04:44.813791,GPU918_CPU1497,1300,1497,918,1497,long_tiny,mixed,1024,32,0,333.2672039978206,24.720238611823127,1099.73075799644,32,29.098031283856834,50.972,33.982,40.667,1.592875,0.6277956525151063,25.153,0.798,8.03,64.3,64.4,3,Phi-3-mini-Q4,llama.cpp,,expanded_rate_table
2026-05-14T22:04:46.410304,GPU918_CPU1497,1300,1497,918,1497,long_tiny,mixed,1024,32,1,28.616240015253425,24.50561141895671,788.4103839751333,32,40.58799915680625,35.616,35.616,42.568,1.113,0.8984725965858041,26.132,0.798,8.686,64.0,64.2,2,Phi-3-mini-Q4,llama.cpp,,expanded_rate_table
2026-05-14T22:04:48.006989,GPU918_CPU1497,1300,1497,918,1497,long_tiny,mixed,1024,32,2,28.842346975579858,24.503200968366958,788.5596230626106,32,40.5803176628779,35.366,35.366,42.467,1.1051875,0.9048238421082395,25.934,0.798,8.635,63.8,63.9,2,Phi-3-mini-Q4,llama.cpp,,expanded_rate_table
2026-05-14T22:04:48.843372,GPU918_CPU1497,1300,1497,918,1497,long_medium,mixed,1024,128,0,28.609551023691893,28.609551023691893,28.609551023691893,0,0.0,7.396,14.791,14.791,0.0,0.0,8.785,0.798,5.208,63.3,63.3,1,Phi-3-mini-Q4,llama.cpp,,expanded_rate_table
2026-05-14T22:04:52.870168,GPU918_CPU1497,1300,1497,918,1497,long_medium,mixed,1024,128,1,28.603632003068924,25.113482063078855,3218.391078989953,128,39.77142518061261,158.462,39.615,47.876,1.237984375,0.8077646375787255,29.439,0.848,9.328,63.9,64.3,8,Phi-3-mini-Q4,llama.cpp,,expanded_rate_table
2026-05-14T22:04:56.898945,GPU918_CPU1497,1300,1497,918,1497,long_medium,mixed,1024,128,2,31.758416909724474,25.102742228979672,3220.1512809842825,128,39.749685288349276,152.617,43.605,47.876,1.1923203125,0.8387008000419351,32.732,0.798,10.075,64.3,64.6,7,Phi-3-mini-Q4,llama.cpp,,expanded_rate_table
2026-05-14T22:05:00.132067,GPU918_CPU1497,1300,1497,918,1497,xlong_short,mixed,2048,64,0,718.7807688023895,27.072631558107716,2424.5617049746215,64,26.396523490694126,98.978,39.591,47.477,1.54653125,0.6466083372062479,29.695,0.798,9.098,64.2,64.7,5,Phi-3-mini-Q4,llama.cpp,,expanded_rate_table
2026-05-14T22:05:02.675365,GPU918_CPU1497,1300,1497,918,1497,xlong_short,mixed,2048,64,1,34.36463698744774,26.992621188539836,1735.1228080224246,64,36.88499724866326,81.796,40.898,47.477,1.2780625,0.7824343488679152,30.432,0.798,9.668,64.1,64.5,4,Phi-3-mini-Q4,llama.cpp,,expanded_rate_table
2026-05-14T22:05:05.215106,GPU918_CPU1497,1300,1497,918,1497,xlong_short,mixed,2048,64,2,34.04534701257944,26.942574415385486,1731.632427079603,64,36.959344835055994,81.944,40.972,47.376,1.280375,0.7810211851996485,30.532,0.798,9.643,64.1,64.3,4,Phi-3-mini-Q4,llama.cpp,,expanded_rate_table
2026-05-14T22:05:09.493531,GPU918_CPU1497,1300,1497,918,1497,xlong_medium,mixed,2048,128,0,34.30591803044081,27.048197431915153,3469.7856409475207,128,36.88988693983011,167.86,41.965,47.477,1.31140625,0.7625402120814965,31.336,0.798,9.831,64.2,64.4,8,Phi-3-mini-Q4,llama.cpp,,expanded_rate_table
2026-05-14T22:05:12.278021,GPU918_CPU1497,1300,1497,918,1497,xlong_medium,mixed,2048,128,1,34.31970905512571,26.970785422722848,1976.226766128093,72,36.433065898133464,96.798,38.719,47.077,1.3444166666666666,0.7438170210128309,28.582,0.798,9.339,64.2,64.6,5,Phi-3-mini-Q4,llama.cpp,,expanded_rate_table
2026-05-14T22:05:16.556073,GPU918_CPU1497,1300,1497,918,1497,xlong_medium,mixed,2048,128,2,34.19551905244589,27.047541346327645,3469.5880149956793,128,36.89198816884875,168.064,42.016,47.577,1.313,0.7616146230007617,31.337,0.798,9.881,64.3,64.7,8,Phi-3-mini-Q4,llama.cpp,,expanded_rate_table
2026-05-14T22:05:31.286466,GPU918_CPU1497,1300,1497,918,1497,xlong_long,mixed,2048,512,0,34.305148059502244,27.17106966730098,13920.048346044496,512,36.781481448337736,656.566,46.898,48.477,1.28235546875,0.779814976712166,35.371,0.812,10.715,64.9,65.2,28,Phi-3-mini-Q4,llama.cpp,,expanded_rate_table
2026-05-14T22:05:46.026498,GPU918_CPU1497,1300,1497,918,1497,xlong_long,mixed,2048,512,1,37.410653196275234,27.182977545893444,13929.247833089903,512,36.75718934253637,656.718,46.908,48.576,1.28265234375,0.7796344854260124,35.356,0.798,10.754,65.3,65.8,28,Phi-3-mini-Q4,llama.cpp,,expanded_rate_table
2026-05-14T22:06:00.760586,GPU918_CPU1497,1300,1497,918,1497,xlong_long,mixed,2048,512,2,37.35830006189644,27.17182525832738,13923.505204031244,512,36.772349526738545,656.661,46.904,48.476,1.282541015625,0.7797021598663543,35.356,0.812,10.736,65.5,66.0,28,Phi-3-mini-Q4,llama.cpp,,expanded_rate_table
2026-05-14T22:06:02.345270,GPU918_CPU1497,1300,1497,918,1497,tiny_tiny,decode,32,32,0,28.704005992040038,24.122146836992712,776.5946199651808,32,41.205539128554285,35.066,35.066,41.968,1.0958125,0.9125648776592711,25.734,0.798,8.534,65.1,65.2,2,Phi-3-mini-Q4,llama.cpp,"decode-only (16 prompt tokens, 32 output)",expanded_rate_table
2026-05-14T22:06:03.920344,GPU918_CPU1497,1300,1497,918,1497,tiny_tiny,decode,32,32,1,25.133772986009717,23.929696357358367,767.0609820634127,32,41.717674015851024,35.066,35.066,41.968,1.0958125,0.9125648776592711,25.734,0.798,8.534,65.0,65.1,2,Phi-3-mini-Q4,llama.cpp,"decode-only (16 prompt tokens, 32 output)",expanded_rate_table
2026-05-14T22:06:05.497548,GPU918_CPU1497,1300,1497,918,1497,tiny_tiny,decode,32,32,2,25.208202889189124,24.000686322969774,769.3489969242364,32,41.59360722888066,35.116,35.116,41.968,1.097375,0.9112655199908873,25.734,0.798,8.585,64.8,65.0,2,Phi-3-mini-Q4,llama.cpp,"decode-only (16 prompt tokens, 32 output)",expanded_rate_table
2026-05-14T22:06:09.382001,GPU918_CPU1497,1300,1497,918,1497,tiny_short,decode,32,128,0,25.284490082412958,24.018944094441537,3076.039887033403,128,41.611944155719605,146.854,41.958,47.675,1.147296875,0.8716139839568551,31.533,0.798,9.628,65.0,65.3,7,Phi-3-mini-Q4,llama.cpp,"decode-only (16 prompt tokens, 128 output)",expanded_rate_table
2026-05-14T22:06:13.269170,GPU918_CPU1497,1300,1497,918,1497,tiny_short,decode,32,128,1,25.212426902726293,24.0414801501031,3078.813486965373,128,41.57445734920532,147.41,42.117,47.574,1.151640625,0.8683264364697103,31.706,0.798,9.613,65.1,65.5,7,Phi-3-mini-Q4,llama.cpp,"decode-only (16 prompt tokens, 128 output)",expanded_rate_table
2026-05-14T22:06:17.158863,GPU918_CPU1497,1300,1497,918,1497,tiny_short,decode,32,128,2,25.186442071571946,24.05939847194245,3081.062234006822,128,41.54411377583248,147.416,42.119,47.675,1.1516875,0.8682910945894612,31.708,0.798,9.613,65.1,65.4,7,Phi-3-mini-Q4,llama.cpp,"decode-only (16 prompt tokens, 128 output)",expanded_rate_table
2026-05-14T22:06:31.180999,GPU918_CPU1497,1300,1497,918,1497,tiny_long,decode,32,512,0,25.142314843833447,25.801897430774225,13211.240386823192,512,38.754877286970384,608.576,45.08,47.675,1.188625,0.8413082343043432,34.168,0.798,10.113,65.5,65.8,27,Phi-3-mini-Q4,llama.cpp,"decode-only (16 prompt tokens, 512 output)",expanded_rate_table
2026-05-14T22:06:45.208970,GPU918_CPU1497,1300,1497,918,1497,tiny_long,decode,32,512,1,28.42637593857944,25.8076608394238,13217.469390947372,512,38.73661325447579,609.228,45.128,47.675,1.1898984375,0.8404078604397698,34.183,0.813,10.132,65.7,66.1,27,Phi-3-mini-Q4,llama.cpp,"decode-only (16 prompt tokens, 512 output)",expanded_rate_table
2026-05-14T22:06:59.251490,GPU918_CPU1497,1300,1497,918,1497,tiny_long,decode,32,512,2,28.339912882074714,25.83674454620498,13232.220638077706,512,38.693429772977254,609.175,45.124,47.574,1.189794921875,0.840480978372389,34.183,0.813,10.128,65.9,66.1,27,Phi-3-mini-Q4,llama.cpp,"decode-only (16 prompt tokens, 512 output)",expanded_rate_table
2026-05-14T22:07:00.835139,GPU918_CPU1497,1300,1497,918,1497,short_tiny,decode,128,32,0,28.3337680157274,24.115400741838158,776.0142609477043,32,41.23635558052777,35.066,35.066,41.968,1.0958125,0.9125648776592711,25.734,0.798,8.534,65.4,65.5,2,Phi-3-mini-Q4,llama.cpp,"decode-only (16 prompt tokens, 32 output)",expanded_rate_table
2026-05-14T22:07:02.411383,GPU918_CPU1497,1300,1497,918,1497,short_tiny,decode,128,32,1,25.032330071553588,23.973283222726277,768.3112439699471,32,41.649787441158026,35.116,35.116,42.068,1.097375,0.9112655199908873,25.734,0.798,8.584,65.3,65.4,2,Phi-3-mini-Q4,llama.cpp,"decode-only (16 prompt tokens, 32 output)",expanded_rate_table
2026-05-14T22:07:03.985566,GPU918_CPU1497,1300,1497,918,1497,short_tiny,decode,128,32,2,25.06544883362949,23.896069678988667,765.9460708964616,32,41.77839826575162,35.465,35.465,42.367,1.10828125,0.9022980403214436,26.132,0.798,8.534,65.2,65.2,2,Phi-3-mini-Q4,llama.cpp,"decode-only (16 prompt tokens, 32 output)",expanded_rate_table
2026-05-14T22:07:06.326919,GPU918_CPU1497,1300,1497,918,1497,short_short,decode,128,64,0,25.10420000180602,23.93018280983799,1532.8839858993888,64,41.75136578418183,75.261,37.63,46.175,1.175953125,0.850374031703007,27.947,0.798,8.886,65.1,65.5,4,Phi-3-mini-Q4,llama.cpp,"decode-only (16 prompt tokens, 64 output)",expanded_rate_table
2026-05-14T22:07:08.671954,GPU918_CPU1497,1300,1497,918,1497,short_short,decode,128,64,1,25.084840832278132,23.99158533588643,1536.7345218546689,64,41.64675100990057,75.356,37.678,46.276,1.1774375,0.8493019799352408,27.944,0.798,8.936,65.1,65.2,4,Phi-3-mini-Q4,llama.cpp,"decode-only (16 prompt tokens, 64 output)",expanded_rate_table
2026-05-14T22:07:11.014262,GPU918_CPU1497,1300,1497,918,1497,short_short,decode,128,64,2,25.569183053448796,23.945432950905154,1534.308415139094,64,41.71260443370379,75.305,37.652,46.175,1.176640625,0.8498771661908239,27.944,0.798,8.911,65.0,65.2,4,Phi-3-mini-Q4,llama.cpp,"decode-only (16 prompt tokens, 64 output)",expanded_rate_table
2026-05-14T22:07:18.056699,GPU918_CPU1497,1300,1497,918,1497,short_long,decode,128,256,0,25.545087177306414,24.33818024674467,6232.437645085156,256,41.07542097944282,293.587,45.167,47.675,1.14682421875,0.8719732140728302,34.207,0.829,10.132,65.5,65.8,13,Phi-3-mini-Q4,llama.cpp,"decode-only (16 prompt tokens, 256 output)",expanded_rate_table
2026-05-14T22:07:25.129027,GPU918_CPU1497,1300,1497,918,1497,short_long,decode,128,256,1,28.362372890114784,24.447275838796415,6263.066978892311,256,40.87454291368225,293.88,45.212,47.675,1.14796875,0.8711038519123452,34.267,0.798,10.147,65.6,66.1,13,Phi-3-mini-Q4,llama.cpp,"decode-only (16 prompt tokens, 256 output)",expanded_rate_table
2026-05-14T22:07:32.197836,GPU918_CPU1497,1300,1497,918,1497,short_long,decode,128,256,2,28.30595802515745,24.4339051254678,6259.597575990483,256,40.89719776586309,293.822,45.203,47.675,1.1477421875,0.8712758064406341,34.266,0.798,10.139,65.7,66.0,13,Phi-3-mini-Q4,llama.cpp,"decode-only (16 prompt tokens, 256 output)",expanded_rate_table
2026-05-14T22:07:33.783472,GPU918_CPU1497,1300,1497,918,1497,medium_tiny,decode,512,32,0,28.149223886430264,24.16956816769896,777.5097698904574,32,41.15703909998256,35.316,35.316,42.467,1.103625,0.9061048816400498,25.734,0.997,8.584,65.5,65.6,2,Phi-3-mini-Q4,llama.cpp,"decode-only (16 prompt tokens, 32 output)",expanded_rate_table
2026-05-14T22:07:35.363000,GPU918_CPU1497,1300,1497,918,1497,medium_tiny,decode,512,32,1,25.32022586092353,24.059404581484774,771.2652848567814,32,41.49026363340362,35.066,35.066,41.968,1.0958125,0.9125648776592711,25.734,0.798,8.534,65.2,65.3,2,Phi-3-mini-Q4,llama.cpp,"decode-only (16 prompt tokens, 32 output)",expanded_rate_table
2026-05-14T22:07:36.941787,GPU918_CPU1497,1300,1497,918,1497,medium_tiny,decode,512,32,2,25.310753844678402,24.045481646974242,770.8230188582093,32,41.51406901080922,35.066,35.066,41.968,1.0958125,0.9125648776592711,25.734,0.798,8.534,64.9,65.1,2,Phi-3-mini-Q4,llama.cpp,"decode-only (16 prompt tokens, 32 output)",expanded_rate_table
2026-05-14T22:07:40.846165,GPU918_CPU1497,1300,1497,918,1497,medium_short,decode,512,128,0,25.372896110638976,24.173836566610483,3095.808021025732,128,41.34623307733076,147.702,42.201,47.675,1.153921875,0.8666097953988436,31.704,0.855,9.642,65.3,65.7,7,Phi-3-mini-Q4,llama.cpp,"decode-only (16 prompt tokens, 128 output)",expanded_rate_table
2026-05-14T22:07:44.750171,GPU918_CPU1497,1300,1497,918,1497,medium_short,decode,512,128,1,25.28080204501748,24.173222267706915,3095.609270967543,128,41.348887665009855,147.767,42.219,47.675,1.1544296875,0.8662285896039035,31.765,0.798,9.656,65.4,65.7,7,Phi-3-mini-Q4,llama.cpp,"decode-only (16 prompt tokens, 128 output)",expanded_rate_table
2026-05-14T22:07:48.647416,GPU918_CPU1497,1300,1497,918,1497,medium_short,decode,512,128,2,25.223779026418924,24.118479669431416,3088.5998110752553,128,41.442727394145145,147.81,42.232,47.675,1.154765625,0.8659765915702591,31.763,0.798,9.671,65.4,65.8,7,Phi-3-mini-Q4,llama.cpp,"decode-only (16 prompt tokens, 128 output)",expanded_rate_table
2026-05-14T22:08:02.698280,GPU918_CPU1497,1300,1497,918,1497,medium_long,decode,512,512,0,25.397087214514613,25.85811375315919,13240.204837173223,512,38.670096595674096,610.047,45.189,47.675,1.191498046875,0.8392795964901064,34.24,0.798,10.15,65.7,66.1,27,Phi-3-mini-Q4,llama.cpp,"decode-only (16 prompt tokens, 512 output)",expanded_rate_table
2026-05-14T22:08:16.740046,GPU918_CPU1497,1300,1497,918,1497,medium_long,decode,512,512,1,28.28774694353342,25.83468317030519,13231.114116963,512,38.69666571340266,610.321,45.209,47.676,1.192033203125,0.8389028068835908,34.227,0.813,10.169,65.9,66.3,27,Phi-3-mini-Q4,llama.cpp,"decode-only (16 prompt tokens, 512 output)",expanded_rate_table
2026-05-14T22:08:30.786826,GPU918_CPU1497,1300,1497,918,1497,medium_long,decode,512,512,2,28.55926100164652,25.844317274040556,13236.315538175404,512,38.68145924168396,609.948,45.181,47.675,1.1913046875,0.8394158190534275,34.211,0.828,10.143,66.2,66.4,27,Phi-3-mini-Q4,llama.cpp,"decode-only (16 prompt tokens, 512 output)",expanded_rate_table
2026-05-14T22:08:32.371481,GPU918_CPU1497,1300,1497,918,1497,long_tiny,decode,1024,32,0,28.546492103487253,24.122217647551047,776.4355891849846,32,41.21397891303518,35.116,35.116,41.968,1.097375,0.9112655199908873,25.734,0.798,8.585,65.7,65.8,2,Phi-3-mini-Q4,llama.cpp,"decode-only (16 prompt tokens, 32 output)",expanded_rate_table
2026-05-14T22:08:33.946129,GPU918_CPU1497,1300,1497,918,1497,long_tiny,decode,1024,32,1,25.145794032141566,23.91268474410378,766.5404910221696,32,41.74600086334449,35.464,35.464,42.367,1.10825,0.9023234829686443,26.132,0.798,8.534,65.4,65.6,2,Phi-3-mini-Q4,llama.cpp,"decode-only (16 prompt tokens, 32 output)",expanded_rate_table
2026-05-14T22:08:35.522486,GPU918_CPU1497,1300,1497,918,1497,long_tiny,decode,1024,32,2,25.644695153459907,23.94422570303563,768.0160100571811,32,41.66579808358097,35.266,35.266,42.367,1.1020625,0.9073895536777633,25.934,0.798,8.534,65.4,65.6,2,Phi-3-mini-Q4,llama.cpp,"decode-only (16 prompt tokens, 32 output)",expanded_rate_table
2026-05-14T22:08:39.408373,GPU918_CPU1497,1300,1497,918,1497,long_medium,decode,1024,128,0,25.475322036072612,24.02483775485747,3076.967405853793,128,41.59940068149104,147.796,42.227,47.675,1.15465625,0.8660586213429322,31.759,0.798,9.671,65.6,65.9,7,Phi-3-mini-Q4,llama.cpp,"decode-only (16 prompt tokens, 128 output)",expanded_rate_table
2026-05-14T22:08:43.305434,GPU918_CPU1497,1300,1497,918,1497,long_medium,decode,1024,128,1,25.282462127506733,24.11910432288203,3088.7355841696262,128,41.440905675456655,147.212,42.061,47.376,1.15009375,0.8694943347009755,31.478,0.855,9.728,65.7,66.0,7,Phi-3-mini-Q4,llama.cpp,"decode-only (16 prompt tokens, 128 output)",expanded_rate_table
2026-05-14T22:08:47.208615,GPU918_CPU1497,1300,1497,918,1497,long_medium,decode,1024,128,2,25.77310800552368,24.160713826372163,3094.5244289468974,128,41.363383272291664,146.569,41.877,47.276,1.1450703125,0.8733088170076893,31.423,0.798,9.656,65.8,66.1,7,Phi-3-mini-Q4,llama.cpp,"decode-only (16 prompt tokens, 128 output)",expanded_rate_table
2026-05-14T22:08:49.559578,GPU918_CPU1497,1300,1497,918,1497,xlong_short,decode,2048,64,0,25.244351010769606,24.079251335933805,1542.417406104505,64,41.493307678391005,74.956,37.478,45.776,1.1711875,0.8538342494263301,27.744,0.798,8.936,65.6,65.8,4,Phi-3-mini-Q4,llama.cpp,"decode-only (16 prompt tokens, 64 output)",expanded_rate_table
2026-05-14T22:08:51.906313,GPU918_CPU1497,1300,1497,918,1497,xlong_short,decode,2048,64,1,25.226398836821318,24.015605508808104,1538.3877819404006,64,41.60199447195002,74.994,37.497,45.863,1.17178125,0.8534016054617702,27.738,0.798,8.961,65.5,65.6,4,Phi-3-mini-Q4,llama.cpp,"decode-only (16 prompt tokens, 64 output)",expanded_rate_table
2026-05-14T22:08:54.256321,GPU918_CPU1497,1300,1497,918,1497,xlong_short,decode,2048,64,2,25.214303052052855,24.070067238801766,1541.8049509171396,64,41.5097901728294,75.1,37.55,45.863,1.1734375,0.85219707057257,27.74,0.798,9.011,65.4,65.5,4,Phi-3-mini-Q4,llama.cpp,"decode-only (16 prompt tokens, 64 output)",expanded_rate_table
2026-05-14T22:08:58.156474,GPU918_CPU1497,1300,1497,918,1497,xlong_medium,decode,2048,128,0,25.500728050246835,24.138634126105412,3091.437912080437,128,41.404680812062686,146.748,41.928,47.276,1.14646875,0.8722435740180446,31.474,0.798,9.656,65.6,65.8,7,Phi-3-mini-Q4,llama.cpp,"decode-only (16 prompt tokens, 128 output)",expanded_rate_table
2026-05-14T22:09:02.055213,GPU918_CPU1497,1300,1497,918,1497,xlong_medium,decode,2048,128,1,25.37717903032899,24.12907944948185,3090.1035100687295,128,41.42256063038906,146.598,41.885,47.276,1.145296875,0.873136059154968,31.417,0.798,9.671,65.5,65.9,7,Phi-3-mini-Q4,llama.cpp,"decode-only (16 prompt tokens, 128 output)",expanded_rate_table
2026-05-14T22:09:05.949922,GPU918_CPU1497,1300,1497,918,1497,xlong_medium,decode,2048,128,2,25.56565497070551,24.097245157234312,3086.2516229972243,128,41.47425927497523,146.62,41.891,47.276,1.14546875,0.8730050470604283,31.423,0.798,9.671,65.7,66.0,7,Phi-3-mini-Q4,llama.cpp,"decode-only (16 prompt tokens, 128 output)",expanded_rate_table
2026-05-14T22:09:20.016995,GPU918_CPU1497,1300,1497,918,1497,xlong_long,decode,2048,512,0,25.24562901817262,25.88987705678681,13256.310505094007,512,38.623114614224946,605.696,44.866,47.276,1.183,0.8453085376162299,33.869,0.813,10.185,65.9,66.3,27,Phi-3-mini-Q4,llama.cpp,"decode-only (16 prompt tokens, 512 output)",expanded_rate_table
2026-05-14T22:09:34.090070,GPU918_CPU1497,1300,1497,918,1497,xlong_long,decode,2048,512,1,28.3148770686239,25.896305633880154,13262.66018114984,512,38.60462328121046,604.454,44.774,47.276,1.18057421875,0.8470454327376443,33.81,0.813,10.151,66.1,66.4,27,Phi-3-mini-Q4,llama.cpp,"decode-only (16 prompt tokens, 512 output)",expanded_rate_table
2026-05-14T22:09:48.169944,GPU918_CPU1497,1300,1497,918,1497,xlong_long,decode,2048,512,2,28.59807084314525,25.908975358487428,13269.410115899518,512,38.5849857324492,604.34,44.766,47.276,1.1803515625,0.8472052156071085,33.798,0.798,10.17,66.3,66.6,27,Phi-3-mini-Q4,llama.cpp,"decode-only (16 prompt tokens, 512 output)",expanded_rate_table
2026-05-14T22:09:57.581506,GPU1300_CPU1036,1300,1036,1300,1036,tiny_tiny,mixed,32,32,0,25.679345009848475,24.071832382751086,772.0490270294249,32,41.4481449748403,39.614,39.614,43.865,1.2379375,0.8077952239107387,29.928,0.399,9.287,65.0,65.3,2,Phi-3-mini-Q4,llama.cpp,,expanded_rate_table
2026-05-14T22:09:59.161806,GPU1300_CPU1036,1300,1036,1300,1036,tiny_tiny,mixed,32,32,1,25.515317218378186,24.03438686873884,770.7245391793549,32,41.51937348987573,34.866,34.866,41.569,1.0895625,0.9177995755176963,25.933,0.398,8.534,64.7,64.8,2,Phi-3-mini-Q4,llama.cpp,,expanded_rate_table
2026-05-14T22:10:00.747374,GPU1300_CPU1036,1300,1036,1300,1036,tiny_tiny,mixed,32,32,2,25.699665071442723,24.189556806137965,775.7208510302007,32,41.251952886791955,34.667,34.667,41.569,1.08334375,0.9230680474226209,25.734,0.398,8.534,64.8,64.9,2,Phi-3-mini-Q4,llama.cpp,,expanded_rate_table
2026-05-14T22:10:04.663692,GPU1300_CPU1036,1300,1036,1300,1036,tiny_short,mixed,32,128,0,25.52459598518908,24.25097233953145,3105.9021370019764,128,41.21185869801877,145.683,41.624,46.776,1.1381484375,0.878620017435116,31.597,0.399,9.627,65.0,65.2,7,Phi-3-mini-Q4,llama.cpp,,expanded_rate_table
2026-05-14T22:10:08.581380,GPU1300_CPU1036,1300,1036,1300,1036,tiny_short,mixed,32,128,1,25.876396102830768,24.25955199108525,3107.3134730104357,128,41.19314034833785,146.37,41.82,46.776,1.143515625,0.8744961399193824,31.708,0.456,9.656,65.2,65.6,7,Phi-3-mini-Q4,llama.cpp,,expanded_rate_table
2026-05-14T22:10:12.498588,GPU1300_CPU1036,1300,1036,1300,1036,tiny_short,mixed,32,128,2,25.798926129937172,24.256903905509496,3106.9053921382874,128,41.19855091947478,146.179,41.765,47.276,1.1420234375,0.8756387716429856,31.596,0.456,9.714,65.2,65.5,7,Phi-3-mini-Q4,llama.cpp,,expanded_rate_table
2026-05-14T22:10:26.761484,GPU1300_CPU1036,1300,1036,1300,1036,tiny_long,mixed,32,512,0,25.593522004783154,26.265972021897916,13449.377475073561,512,38.068676483273414,603.242,44.685,47.175,1.17820703125,0.848747268923583,34.094,0.443,10.147,65.6,66.0,27,Phi-3-mini-Q4,llama.cpp,,expanded_rate_table
2026-05-14T22:10:41.025203,GPU1300_CPU1036,1300,1036,1300,1036,tiny_long,mixed,32,512,1,29.178823111578822,26.261073667027507,13450.45382808894,512,38.06563009277626,603.59,44.71,47.276,1.17888671875,0.8482579234248413,34.093,0.429,10.188,65.9,66.2,27,Phi-3-mini-Q4,llama.cpp,,expanded_rate_table
2026-05-14T22:10:55.291281,GPU1300_CPU1036,1300,1036,1300,1036,tiny_long,mixed,32,512,2,29.39545805566013,26.263150123153938,13451.74935599789,512,38.06196402044233,604.042,44.744,46.877,1.17976953125,0.8476231785206988,34.138,0.458,10.147,66.0,66.4,27,Phi-3-mini-Q4,llama.cpp,,expanded_rate_table
2026-05-14T22:10:56.920831,GPU1300_CPU1036,1300,1036,1300,1036,short_tiny,mixed,128,32,0,61.47934007458389,24.453895384325616,819.7000459767878,32,39.0386704954585,34.168,34.168,41.468,1.06775,0.9365488176071178,25.335,0.399,8.434,65.7,65.8,2,Phi-3-mini-Q4,llama.cpp,,expanded_rate_table
2026-05-14T22:10:58.504703,GPU1300_CPU1036,1300,1036,1300,1036,short_tiny,mixed,128,32,1,26.121540926396847,24.125791642995132,774.1695588920265,32,41.334614145507935,34.724,34.724,41.581,1.085125,0.9215528164957955,25.74,0.399,8.585,65.4,65.6,2,Phi-3-mini-Q4,llama.cpp,,expanded_rate_table
2026-05-14T22:11:00.086510,GPU1300_CPU1036,1300,1036,1300,1036,short_tiny,mixed,128,32,2,25.98196011967957,24.068756351968453,772.2619802225381,32,41.43671554409392,34.724,34.724,41.581,1.085125,0.9215528164957955,25.74,0.399,8.585,65.3,65.6,2,Phi-3-mini-Q4,llama.cpp,,expanded_rate_table
2026-05-14T22:11:02.441818,GPU1300_CPU1036,1300,1036,1300,1036,short_short,mixed,128,64,0,25.887304916977882,24.11507193501743,1545.3909439966083,64,41.41346903100557,74.008,37.004,45.377,1.156375,0.8647713760674522,27.744,0.399,8.86,65.3,65.4,4,Phi-3-mini-Q4,llama.cpp,,expanded_rate_table
2026-05-14T22:11:04.800086,GPU1300_CPU1036,1300,1036,1300,1036,short_short,mixed,128,64,1,25.94429603777826,24.165473335112136,1548.6230631358922,64,41.3270353021883,74.558,37.279,45.377,1.16496875,0.8583921242522599,27.844,0.499,8.936,65.4,65.8,4,Phi-3-mini-Q4,llama.cpp,,expanded_rate_table
2026-05-14T22:11:07.158922,GPU1300_CPU1036,1300,1036,1300,1036,short_short,mixed,128,64,2,26.155268074944615,24.16011255367526,1548.497169977054,64,41.33039519920361,74.308,37.154,45.377,1.1610625,0.8612800775152069,27.844,0.399,8.911,65.3,65.4,4,Phi-3-mini-Q4,llama.cpp,,expanded_rate_table
2026-05-14T22:11:14.453911,GPU1300_CPU1036,1300,1036,1300,1036,short_long,mixed,128,256,0,25.903272908180952,25.320655918296644,6483.613071963191,256,39.48415754589209,288.836,44.436,46.776,1.128265625,0.8863161101801714,33.929,0.43,10.077,65.6,66.0,13,Phi-3-mini-Q4,llama.cpp,,expanded_rate_table
2026-05-14T22:11:21.770930,GPU1300_CPU1036,1300,1036,1300,1036,short_long,mixed,128,256,1,30.062801903113723,25.389545004559206,6505.313879111782,256,39.35244397999033,301.79,43.113,46.877,1.1788671875,0.8482719772026905,32.762,0.427,9.924,65.8,66.1,14,Phi-3-mini-Q4,llama.cpp,,expanded_rate_table
2026-05-14T22:11:29.083025,GPU1300_CPU1036,1300,1036,1300,1036,short_long,mixed,128,256,2,29.752633068710566,25.37307641925473,6500.804733019322,256,39.37973997276178,302.39,43.199,47.175,1.1812109375,0.8465888422236185,32.876,0.427,9.895,65.9,66.2,14,Phi-3-mini-Q4,llama.cpp,,expanded_rate_table
2026-05-14T22:11:30.950385,GPU1300_CPU1036,1300,1036,1300,1036,medium_tiny,mixed,512,32,0,225.7919020485133,26.81957806400474,1057.3536660522223,32,30.26423516312803,49.03,32.686,40.381,1.5321875,0.6526616357332246,24.225,0.532,7.93,65.5,65.5,3,Phi-3-mini-Q4,llama.cpp,,expanded_rate_table
2026-05-14T22:11:32.614736,GPU1300_CPU1036,1300,1036,1300,1036,medium_tiny,mixed,512,32,1,30.340396100655198,26.577453414398818,854.3981849215925,32,37.45326308591891,33.924,33.924,40.582,1.060125,0.943284989977597,25.142,0.399,8.384,65.4,65.6,2,Phi-3-mini-Q4,llama.cpp,,expanded_rate_table
2026-05-14T22:11:34.279106,GPU1300_CPU1036,1300,1036,1300,1036,medium_tiny,mixed,512,32,2,29.959507985040545,26.591078873964086,854.4349819421768,32,37.45165012703749,33.868,33.868,40.469,1.058375,0.9448446911538915,25.136,0.399,8.334,65.1,65.2,2,Phi-3-mini-Q4,llama.cpp,,expanded_rate_table
2026-05-14T22:11:38.514898,GPU1300_CPU1036,1300,1036,1300,1036,medium_short,mixed,512,128,0,30.006034998223186,26.731742716460364,3425.421574153006,128,37.36766328729922,147.966,42.276,45.877,1.155984375,0.865063595690902,32.104,0.456,9.716,65.4,65.8,7,Phi-3-mini-Q4,llama.cpp,,expanded_rate_table
2026-05-14T22:11:42.752980,GPU1300_CPU1036,1300,1036,1300,1036,medium_short,mixed,512,128,1,30.129327904433012,26.748163968427328,3427.622045855969,128,37.34367391957738,148.067,42.305,45.877,1.1567734375,0.8644735153680428,32.104,0.456,9.744,65.5,65.8,7,Phi-3-mini-Q4,llama.cpp,,expanded_rate_table
2026-05-14T22:11:46.988862,GPU1300_CPU1036,1300,1036,1300,1036,medium_short,mixed,512,128,2,30.112847918644547,26.731907850219393,3425.5461269058287,128,37.36630460020042,148.31,42.374,46.276,1.158671875,0.8630571101072079,32.16,0.456,9.759,65.5,65.7,7,Phi-3-mini-Q4,llama.cpp,,expanded_rate_table
2026-05-14T22:12:01.320148,GPU1300_CPU1036,1300,1036,1300,1036,medium_long,mixed,512,512,0,30.261804116889834,26.39116331663369,13518.072555074468,512,37.87522207134503,608.827,45.098,46.977,1.189115234375,0.8409613896886965,34.374,0.429,10.296,65.9,66.2,27,Phi-3-mini-Q4,llama.cpp,,expanded_rate_table
2026-05-14T22:12:14.218968,GPU1300_CPU1036,1300,1036,1300,1036,medium_long,mixed,512,512,1,33.72291591949761,26.255220571821596,12085.78998199664,459,37.978485534147154,555.414,44.433,47.376,1.2100522875816992,0.8264105694130864,33.771,0.463,10.199,66.0,66.3,25,Phi-3-mini-Q4,llama.cpp,,expanded_rate_table
2026-05-14T22:12:22.037698,GPU1300_CPU1036,1300,1036,1300,1036,medium_long,mixed,512,512,2,33.81449799053371,26.317451159808446,7007.138065062463,265,37.81857836101275,324.194,43.226,47.078,1.2233735849056604,0.8174117966402833,32.815,0.426,9.986,66.1,66.4,15,Phi-3-mini-Q4,llama.cpp,,expanded_rate_table
2026-05-14T22:12:23.183888,GPU1300_CPU1036,1300,1036,1300,1036,long_tiny,mixed,1024,32,0,337.01741020195186,337.01741020195186,337.01741020195186,0,0.0,12.388,24.775,24.775,0.0,0.0,17.956,0.399,6.42,65.5,65.5,1,Phi-3-mini-Q4,llama.cpp,,expanded_rate_table
2026-05-14T22:12:24.797051,GPU1300_CPU1036,1300,1036,1300,1036,long_tiny,mixed,1024,32,1,33.9597740676254,24.822882128759257,803.6318679805845,32,39.81922727929091,34.018,34.018,41.669,1.0630625,0.940678464342407,25.136,0.398,8.484,65.4,65.6,2,Phi-3-mini-Q4,llama.cpp,,expanded_rate_table
2026-05-14T22:12:26.402283,GPU1300_CPU1036,1300,1036,1300,1036,long_tiny,mixed,1024,32,2,30.41239082813263,24.679992648382342,795.6552319228649,32,40.21842465946639,35.018,35.018,42.169,1.0943125,0.9138157518990233,25.934,0.399,8.686,65.3,65.5,2,Phi-3-mini-Q4,llama.cpp,,expanded_rate_table
2026-05-14T22:12:30.451162,GPU1300_CPU1036,1300,1036,1300,1036,long_medium,mixed,1024,128,0,30.241674976423383,25.255147952542412,3238.1374228280038,128,39.5288967965455,151.826,43.379,47.477,1.186140625,0.8430703568558745,32.848,0.456,10.075,65.7,66.1,7,Phi-3-mini-Q4,llama.cpp,,expanded_rate_table
2026-05-14T22:12:31.294863,GPU1300_CPU1036,1300,1036,1300,1036,long_medium,mixed,1024,128,1,34.15058506652713,34.15058506652713,34.15058506652713,0,0.0,7.502,15.004,15.004,0.0,0.0,9.188,0.399,5.417,65.1,65.1,1,Phi-3-mini-Q4,llama.cpp,,expanded_rate_table
2026-05-14T22:12:35.357228,GPU1300_CPU1036,1300,1036,1300,1036,long_medium,mixed,1024,128,2,35.17129993997514,25.32477275556408,3251.9814919214696,128,39.360617616667234,150.012,42.861,46.977,1.17196875,0.8532650721275631,32.445,0.456,9.96,65.6,65.9,7,Phi-3-mini-Q4,llama.cpp,,expanded_rate_table
2026-05-14T22:12:38.610384,GPU1300_CPU1036,1300,1036,1300,1036,xlong_short,mixed,2048,64,0,724.0138929337263,27.279412950433436,2442.9087108001113,64,26.19827737199335,97.94,39.176,47.178,1.5303125,0.6534613028384726,29.619,0.399,9.158,65.4,65.7,5,Phi-3-mini-Q4,llama.cpp,,expanded_rate_table
2026-05-14T22:12:41.172009,GPU1300_CPU1036,1300,1036,1300,1036,xlong_short,mixed,2048,64,1,37.30693506076932,27.20238588794711,1751.3487269170582,64,36.54326463734082,80.948,40.474,46.678,1.2648125,0.7906310223847409,30.332,0.399,9.743,65.5,65.6,4,Phi-3-mini-Q4,llama.cpp,,expanded_rate_table
2026-05-14T22:12:43.728518,GPU1300_CPU1036,1300,1036,1300,1036,xlong_short,mixed,2048,64,2,36.921630846336484,27.131940001651408,1746.525748865679,64,36.64417775779502,80.648,40.324,46.678,1.260125,0.7935720662632676,30.232,0.399,9.693,65.4,65.7,4,Phi-3-mini-Q4,llama.cpp,,expanded_rate_table
2026-05-14T22:12:48.037725,GPU1300_CPU1036,1300,1036,1300,1036,xlong_medium,mixed,2048,128,0,37.10601106286049,27.2521193315253,3498.635715106502,128,36.58568951529255,166.31,41.577,47.078,1.299296875,0.7696470446756057,31.235,0.449,9.894,65.5,65.7,8,Phi-3-mini-Q4,llama.cpp,,expanded_rate_table
2026-05-14T22:12:52.348976,GPU1300_CPU1036,1300,1036,1300,1036,xlong_medium,mixed,2048,128,1,37.067612167447805,27.270857904722373,3500.9871951770037,128,36.561116297807125,166.164,41.541,47.178,1.29815625,0.7703232950578947,31.136,0.449,9.956,65.6,65.9,8,Phi-3-mini-Q4,llama.cpp,,expanded_rate_table
2026-05-14T22:12:56.658436,GPU1300_CPU1036,1300,1036,1300,1036,xlong_medium,mixed,2048,128,2,36.993470042943954,27.25753063101351,3499.2116251960397,128,36.57966813962815,166.78,41.695,47.99,1.30296875,0.7674781148818803,31.34,0.449,9.906,65.6,66.2,8,Phi-3-mini-Q4,llama.cpp,,expanded_rate_table
2026-05-14T22:13:11.617481,GPU1300_CPU1036,1300,1036,1300,1036,xlong_long,mixed,2048,512,0,37.28754282929003,27.605445908360664,14145.586425904185,512,36.19503529824661,660.393,45.544,47.678,1.289830078125,0.7752959222765837,34.524,0.44,10.58,66.0,66.4,29,Phi-3-mini-Q4,llama.cpp,,expanded_rate_table
2026-05-14T22:13:26.591986,GPU1300_CPU1036,1300,1036,1300,1036,xlong_long,mixed,2048,512,1,40.548434015363455,27.62932612728364,14161.065437132493,512,36.15547165381054,660.975,45.584,47.678,1.290966796875,0.7746132607133401,34.536,0.426,10.622,66.3,66.8,29,Phi-3-mini-Q4,llama.cpp,,expanded_rate_table
2026-05-14T22:13:27.962239,GPU1300_CPU1036,1300,1036,1300,1036,xlong_long,mixed,2048,512,2,41.19622800499201,27.335846783696777,560.2766170632094,19,33.9118203782837,28.733,28.733,29.898,1.512263157894737,0.6612605714683465,20.56,0.399,7.774,65.8,65.9,2,Phi-3-mini-Q4,llama.cpp,,expanded_rate_table
2026-05-14T22:13:29.556635,GPU1300_CPU1036,1300,1036,1300,1036,tiny_tiny,decode,32,32,0,29.62706098333001,24.343972484911642,784.4327331986278,32,40.79381015822196,34.218,34.218,41.569,1.0693125,0.9351803144543807,25.335,0.398,8.484,65.7,65.8,2,Phi-3-mini-Q4,llama.cpp,"decode-only (16 prompt tokens, 32 output)",expanded_rate_table
2026-05-14T22:13:31.137991,GPU1300_CPU1036,1300,1036,1300,1036,tiny_tiny,decode,32,32,1,25.678023928776383,24.055744130765238,771.5484250802547,32,41.4750376772157,34.667,34.667,41.569,1.08334375,0.9230680474226209,25.734,0.398,8.534,65.5,65.6,2,Phi-3-mini-Q4,llama.cpp,"decode-only (16 prompt tokens, 32 output)",expanded_rate_table
2026-05-14T22:13:32.721291,GPU1300_CPU1036,1300,1036,1300,1036,tiny_tiny,decode,32,32,2,25.42596496641636,24.128537384733075,773.5555169638246,32,41.36742521803575,34.866,34.866,41.968,1.0895625,0.9177995755176963,25.734,0.598,8.534,65.5,65.6,2,Phi-3-mini-Q4,llama.cpp,"decode-only (16 prompt tokens, 32 output)",expanded_rate_table
2026-05-14T22:13:36.634161,GPU1300_CPU1036,1300,1036,1300,1036,tiny_short,decode,32,128,0,25.915938895195723,24.221262645240376,3102.5002838578075,128,41.25704699077038,145.572,41.592,46.877,1.13728125,0.8792899733465227,31.537,0.399,9.656,65.7,66.0,7,Phi-3-mini-Q4,llama.cpp,"decode-only (16 prompt tokens, 128 output)",expanded_rate_table
2026-05-14T22:13:40.553175,GPU1300_CPU1036,1300,1036,1300,1036,tiny_short,decode,32,128,1,25.84854792803526,24.259152237369907,3107.270247070119,128,41.19371339544499,146.771,41.935,47.276,1.1466484375,0.8721068876004116,31.765,0.456,9.714,65.8,66.1,7,Phi-3-mini-Q4,llama.cpp,"decode-only (16 prompt tokens, 128 output)",expanded_rate_table
2026-05-14T22:13:44.469759,GPU1300_CPU1036,1300,1036,1300,1036,tiny_short,decode,32,128,2,25.626280112192035,24.252499780052993,3106.1635019723326,128,41.208390968061835,146.878,41.965,47.276,1.147484375,0.8714715614319368,31.822,0.456,9.687,65.8,66.1,7,Phi-3-mini-Q4,llama.cpp,"decode-only (16 prompt tokens, 128 output)",expanded_rate_table
2026-05-14T22:13:58.721530,GPU1300_CPU1036,1300,1036,1300,1036,tiny_long,decode,32,512,0,25.610120967030525,26.244924045140525,13438.647228991613,512,38.09907286616219,604.142,44.751,47.376,1.17996484375,0.8474828765422698,34.123,0.443,10.185,66.2,66.5,27,Phi-3-mini-Q4,llama.cpp,"decode-only (16 prompt tokens, 512 output)",expanded_rate_table
2026-05-14T22:14:12.996539,GPU1300_CPU1036,1300,1036,1300,1036,tiny_long,decode,32,512,1,29.28649098612368,26.282373150544508,13461.481787031516,512,38.03444584334312,603.378,44.695,47.175,1.17847265625,0.8485559632601785,34.048,0.488,10.159,66.3,66.6,27,Phi-3-mini-Q4,llama.cpp,"decode-only (16 prompt tokens, 512 output)",expanded_rate_table
2026-05-14T22:14:24.113159,GPU1300_CPU1036,1300,1036,1300,1036,tiny_long,decode,32,512,2,29.361465014517307,25.745561746552813,10304.040630115196,399,38.72267339803175,468.662,44.635,46.877,1.1745914786967417,0.8513598286184927,34.046,0.437,10.152,66.4,66.8,21,Phi-3-mini-Q4,llama.cpp,"decode-only (16 prompt tokens, 512 output)",expanded_rate_table
2026-05-14T22:14:25.707656,GPU1300_CPU1036,1300,1036,1300,1036,short_tiny,decode,128,32,0,29.201340163126588,24.36953396235983,784.7975620534271,32,40.774846339063316,34.667,34.667,41.569,1.08334375,0.9230680474226209,25.734,0.398,8.534,66.1,66.2,2,Phi-3-mini-Q4,llama.cpp,"decode-only (16 prompt tokens, 32 output)",expanded_rate_table
2026-05-14T22:14:27.292115,GPU1300_CPU1036,1300,1036,1300,1036,short_tiny,decode,128,32,1,25.672198040410876,24.161509388396816,774.8253541067243,32,41.29962943312814,34.667,34.667,41.569,1.08334375,0.9230680474226209,25.734,0.398,8.534,65.8,65.9,2,Phi-3-mini-Q4,llama.cpp,"decode-only (16 prompt tokens, 32 output)",expanded_rate_table
2026-05-14T22:14:28.879747,GPU1300_CPU1036,1300,1036,1300,1036,short_tiny,decode,128,32,2,25.529896840453148,24.26832206847687,777.9907579533756,32,41.131594010423626,34.667,34.667,41.569,1.08334375,0.9230680474226209,25.734,0.398,8.534,65.7,65.7,2,Phi-3-mini-Q4,llama.cpp,"decode-only (16 prompt tokens, 32 output)",expanded_rate_table
2026-05-14T22:14:31.245510,GPU1300_CPU1036,1300,1036,1300,1036,short_short,decode,128,64,0,25.89244907721877,24.280971902910444,1555.843689944595,64,41.1352376936266,74.508,37.254,45.776,1.1641875,0.8589681644924035,27.844,0.499,8.911,65.7,65.9,4,Phi-3-mini-Q4,llama.cpp,"decode-only (16 prompt tokens, 64 output)",expanded_rate_table
2026-05-14T22:14:33.609018,GPU1300_CPU1036,1300,1036,1300,1036,short_short,decode,128,64,1,25.612295139580965,24.24895068231438,1553.545174188912,64,41.19609848707081,74.364,37.182,45.377,1.1619375,0.8606314883545801,27.847,0.399,8.936,65.7,66.0,4,Phi-3-mini-Q4,llama.cpp,"decode-only (16 prompt tokens, 64 output)",expanded_rate_table
2026-05-14T22:14:35.977558,GPU1300_CPU1036,1300,1036,1300,1036,short_short,decode,128,64,2,25.535783963277936,24.331591664887373,1558.6755899712443,64,41.0605006017838,74.564,37.282,45.377,1.1650625,0.8583230513384476,27.847,0.499,8.936,65.7,65.8,4,Phi-3-mini-Q4,llama.cpp,"decode-only (16 prompt tokens, 64 output)",expanded_rate_table
2026-05-14T22:14:43.118315,GPU1300_CPU1036,1300,1036,1300,1036,short_long,decode,128,256,0,25.769795989617705,24.71666496484449,6329.455341910943,256,40.44581818989663,290.036,44.621,46.776,1.132953125,0.8826490504627011,34.083,0.399,10.139,66.0,66.3,13,Phi-3-mini-Q4,llama.cpp,"decode-only (16 prompt tokens, 256 output)",expanded_rate_table
2026-05-14T22:14:50.272074,GPU1300_CPU1036,1300,1036,1300,1036,short_long,decode,128,256,1,28.894338058307767,24.755105222849284,6342.391398968175,256,40.36332416218398,290.029,44.62,47.276,1.13292578125,0.8826703536542898,34.02,0.46,10.139,66.1,66.5,13,Phi-3-mini-Q4,llama.cpp,"decode-only (16 prompt tokens, 256 output)",expanded_rate_table
2026-05-14T22:14:57.429721,GPU1300_CPU1036,1300,1036,1300,1036,short_long,decode,128,256,2,29.3167931959033,24.768718525621235,6346.264190040529,256,40.33869254950842,290.436,44.682,46.877,1.134515625,0.8814334311173546,34.052,0.491,10.139,66.2,66.6,13,Phi-3-mini-Q4,llama.cpp,"decode-only (16 prompt tokens, 256 output)",expanded_rate_table
2026-05-14T22:14:59.021217,GPU1300_CPU1036,1300,1036,1300,1036,medium_tiny,decode,512,32,0,28.98575901053846,24.278421578327976,781.7605689633638,32,40.93324896449163,34.667,34.667,41.569,1.08334375,0.9230680474226209,25.734,0.398,8.534,65.9,66.2,2,Phi-3-mini-Q4,llama.cpp,"decode-only (16 prompt tokens, 32 output)",expanded_rate_table
2026-05-14T22:15:00.605841,GPU1300_CPU1036,1300,1036,1300,1036,medium_tiny,decode,512,32,1,25.515463901683688,24.166485835467615,774.8199459165335,32,41.29991770171487,34.674,34.674,41.581,1.0835625,0.9228816981023246,25.74,0.399,8.534,65.6,65.7,2,Phi-3-mini-Q4,llama.cpp,"decode-only (16 prompt tokens, 32 output)",expanded_rate_table
2026-05-14T22:15:02.191092,GPU1300_CPU1036,1300,1036,1300,1036,medium_tiny,decode,512,32,2,25.546438992023468,24.1870345217326,775.5464571528137,32,41.26122904033165,34.668,34.668,41.569,1.083375,0.9230414214837891,25.734,0.399,8.534,65.5,65.6,2,Phi-3-mini-Q4,llama.cpp,"decode-only (16 prompt tokens, 32 output)",expanded_rate_table
2026-05-14T22:15:06.128152,GPU1300_CPU1036,1300,1036,1300,1036,medium_short,decode,512,128,0,25.5422149784863,24.413293843546253,3126.501595135778,128,40.94032774496032,146.03,41.723,46.877,1.140859375,0.8765322194069711,31.651,0.399,9.672,65.7,66.1,7,Phi-3-mini-Q4,llama.cpp,"decode-only (16 prompt tokens, 128 output)",expanded_rate_table
2026-05-14T22:15:10.063896,GPU1300_CPU1036,1300,1036,1300,1036,medium_short,decode,512,128,1,25.895360158756375,24.40132043969737,3125.3687730059028,128,40.95516698878794,146.178,41.765,46.776,1.142015625,0.8756447618656706,31.651,0.456,9.658,65.8,66.2,7,Phi-3-mini-Q4,llama.cpp,"decode-only (16 prompt tokens, 128 output)",expanded_rate_table
2026-05-14T22:15:13.996112,GPU1300_CPU1036,1300,1036,1300,1036,medium_short,decode,512,128,2,25.695940013974905,24.373792841531863,3121.66902795434,128,41.00370630382928,146.528,41.865,47.276,1.14475,0.8735531775496834,31.708,0.456,9.701,65.8,66.1,7,Phi-3-mini-Q4,llama.cpp,"decode-only (16 prompt tokens, 128 output)",expanded_rate_table
2026-05-14T22:15:28.273023,GPU1300_CPU1036,1300,1036,1300,1036,medium_long,decode,512,512,0,25.649860966950655,26.29417851257435,13463.8708808925,512,38.02769682874887,602.329,44.617,46.776,1.176423828125,0.8500337855225301,34.019,0.429,10.17,66.2,66.6,27,Phi-3-mini-Q4,llama.cpp,"decode-only (16 prompt tokens, 512 output)",expanded_rate_table
2026-05-14T22:15:42.533425,GPU1300_CPU1036,1300,1036,1300,1036,medium_long,decode,512,512,1,29.12703505717218,26.254657229022243,13447.130695916712,512,38.07503708991773,602.89,44.658,46.877,1.17751953125,0.8492428137802916,34.064,0.429,10.166,66.4,66.6,27,Phi-3-mini-Q4,llama.cpp,"decode-only (16 prompt tokens, 512 output)",expanded_rate_table
2026-05-14T22:15:53.800988,GPU1300_CPU1036,1300,1036,1300,1036,medium_long,decode,512,512,2,29.0500121191144,25.8016144815213,10455.105818109587,404,38.64140708171696,470.042,44.766,46.877,1.1634702970297028,0.8594976619110634,34.139,0.456,10.171,66.5,66.8,21,Phi-3-mini-Q4,llama.cpp,"decode-only (16 prompt tokens, 512 output)",expanded_rate_table
2026-05-14T22:15:55.393538,GPU1300_CPU1036,1300,1036,1300,1036,long_tiny,decode,1024,32,0,28.982396936044097,24.30665996977158,782.6349651440978,32,40.887516435083114,34.873,34.873,41.98,1.08978125,0.9176153471166806,25.74,0.598,8.534,66.2,66.2,2,Phi-3-mini-Q4,llama.cpp,"decode-only (16 prompt tokens, 32 output)",expanded_rate_table
2026-05-14T22:15:56.978642,GPU1300_CPU1036,1300,1036,1300,1036,long_tiny,decode,1024,32,1,26.08248987235129,24.16357442346071,775.29601380229,32,41.274557627430795,34.616,34.616,41.468,1.08175,0.9244280101687081,25.734,0.398,8.484,66.0,66.2,2,Phi-3-mini-Q4,llama.cpp,"decode-only (16 prompt tokens, 32 output)",expanded_rate_table
2026-05-14T22:15:58.564690,GPU1300_CPU1036,1300,1036,1300,1036,long_tiny,decode,1024,32,2,25.532389990985394,24.220919229030127,776.523987064138,32,41.209287199207814,34.616,34.616,41.468,1.08175,0.9244280101687081,25.734,0.398,8.484,65.6,65.7,2,Phi-3-mini-Q4,llama.cpp,"decode-only (16 prompt tokens, 32 output)",expanded_rate_table
2026-05-14T22:16:02.494924,GPU1300_CPU1036,1300,1036,1300,1036,long_medium,decode,1024,128,0,25.58816480450332,24.362036426676305,3120.0367647688836,128,41.025157602423825,145.922,41.692,46.977,1.140015625,0.8771809596907937,31.592,0.399,9.701,66.0,66.3,7,Phi-3-mini-Q4,llama.cpp,"decode-only (16 prompt tokens, 128 output)",expanded_rate_table
2026-05-14T22:16:06.431386,GPU1300_CPU1036,1300,1036,1300,1036,long_medium,decode,1024,128,1,25.796191999688745,24.407735149427428,3126.0616169311106,128,40.94608990006378,146.579,41.88,47.276,1.1451484375,0.873249237612482,31.708,0.456,9.716,66.1,66.6,7,Phi-3-mini-Q4,llama.cpp,"decode-only (16 prompt tokens, 128 output)",expanded_rate_table
2026-05-14T22:16:10.363907,GPU1300_CPU1036,1300,1036,1300,1036,long_medium,decode,1024,128,2,25.60173301026225,24.376941606490398,3121.9990020617843,128,40.99937249033973,146.228,41.78,46.776,1.14240625,0.8753453510955493,31.708,0.399,9.672,66.1,66.4,7,Phi-3-mini-Q4,llama.cpp,"decode-only (16 prompt tokens, 128 output)",expanded_rate_table
2026-05-14T22:16:12.729291,GPU1300_CPU1036,1300,1036,1300,1036,xlong_short,decode,2048,64,0,25.89103812351823,24.274114109132263,1555.4120622109622,64,41.146652745527966,74.608,37.304,45.377,1.16575,0.8578168561012224,27.844,0.499,8.961,65.8,65.9,4,Phi-3-mini-Q4,llama.cpp,"decode-only (16 prompt tokens, 64 output)",expanded_rate_table
2026-05-14T22:16:15.094204,GPU1300_CPU1036,1300,1036,1300,1036,xlong_short,decode,2048,64,1,25.52925399504602,24.273587841658838,1555.0151381175965,64,41.157155600089126,74.358,37.179,45.377,1.16184375,0.8607009333225746,27.844,0.399,8.936,65.8,66.1,4,Phi-3-mini-Q4,llama.cpp,"decode-only (16 prompt tokens, 64 output)",expanded_rate_table
2026-05-14T22:16:17.461917,GPU1300_CPU1036,1300,1036,1300,1036,xlong_short,decode,2048,64,2,25.942204985767603,24.303365920093796,1557.308878051117,64,41.09653576244447,74.806,37.403,45.377,1.16884375,0.855546346549742,27.944,0.498,8.961,65.8,66.0,4,Phi-3-mini-Q4,llama.cpp,"decode-only (16 prompt tokens, 64 output)",expanded_rate_table
2026-05-14T22:16:21.389025,GPU1300_CPU1036,1300,1036,1300,1036,xlong_medium,decode,2048,128,0,25.813593063503504,24.334377361696184,3116.767114959657,128,41.0681951133384,145.964,41.704,46.776,1.14034375,0.8769285577265628,31.649,0.399,9.656,65.9,66.2,7,Phi-3-mini-Q4,llama.cpp,"decode-only (16 prompt tokens, 128 output)",expanded_rate_table
2026-05-14T22:16:25.318247,GPU1300_CPU1036,1300,1036,1300,1036,xlong_medium,decode,2048,128,1,25.624746922403574,24.35281071591917,3118.902600836009,128,41.04007607217043,146.329,41.808,46.877,1.1431953125,0.8747411654559246,31.708,0.399,9.701,66.0,66.3,7,Phi-3-mini-Q4,llama.cpp,"decode-only (16 prompt tokens, 128 output)",expanded_rate_table
2026-05-14T22:16:29.252201,GPU1300_CPU1036,1300,1036,1300,1036,xlong_medium,decode,2048,128,2,25.902664987370372,24.38803198454007,3123.664211947471,128,40.97751592838382,146.171,41.763,46.776,1.1419609375,0.8756866957193972,31.651,0.456,9.656,66.0,66.2,7,Phi-3-mini-Q4,llama.cpp,"decode-only (16 prompt tokens, 128 output)",expanded_rate_table
2026-05-14T22:16:43.541741,GPU1300_CPU1036,1300,1036,1300,1036,xlong_long,decode,2048,512,0,25.90976096689701,26.318546536300193,13476.581169990823,512,37.99183142532496,602.736,44.647,47.276,1.17721875,0.8494597966605612,34.034,0.443,10.17,66.2,66.6,27,Phi-3-mini-Q4,llama.cpp,"decode-only (16 prompt tokens, 512 output)",expanded_rate_table
2026-05-14T22:16:57.803330,GPU1300_CPU1036,1300,1036,1300,1036,xlong_long,decode,2048,512,1,29.461439000442624,26.256273730262503,13448.328306199983,512,38.071646404107824,603.437,44.699,47.175,1.178587890625,0.8484729971811473,34.079,0.443,10.177,66.4,66.8,27,Phi-3-mini-Q4,llama.cpp,"decode-only (16 prompt tokens, 512 output)",expanded_rate_table
2026-05-14T22:17:12.072863,GPU1300_CPU1036,1300,1036,1300,1036,xlong_long,decode,2048,512,2,29.68054497614503,26.269808177856287,13455.428536050022,512,38.051556561594495,604.093,44.748,46.877,1.179869140625,0.8475516187077156,34.109,0.458,10.181,66.6,66.9,27,Phi-3-mini-Q4,llama.cpp,"decode-only (16 prompt tokens, 512 output)",expanded_rate_table
2026-05-14T22:17:21.468691,GPU1300_CPU1497,1300,1497,1300,1497,tiny_tiny,mixed,32,32,0,25.18502902239561,23.906923229655913,766.4023390971124,32,41.753526010500885,40.319,40.319,44.378,1.25996875,0.7936704779384409,30.134,0.798,9.388,65.4,65.5,2,Phi-3-mini-Q4,llama.cpp,,expanded_rate_table
2026-05-14T22:17:23.044817,GPU1300_CPU1497,1300,1497,1300,1497,tiny_tiny,mixed,32,32,1,25.19126795232296,23.96621845001655,768.2466669939458,32,41.65328842260005,35.464,35.464,42.367,1.10825,0.9023234829686443,26.132,0.798,8.534,65.1,65.3,2,Phi-3-mini-Q4,llama.cpp,,expanded_rate_table
2026-05-14T22:17:24.619521,GPU1300_CPU1497,1300,1497,1300,1497,tiny_tiny,mixed,32,32,2,25.16326284967363,23.913179321454898,766.5749918669462,32,41.74412202264252,35.066,35.066,41.968,1.0958125,0.9125648776592711,25.734,0.798,8.534,65.2,65.2,2,Phi-3-mini-Q4,llama.cpp,,expanded_rate_table
2026-05-14T22:17:28.507017,GPU1300_CPU1497,1300,1497,1300,1497,tiny_short,mixed,32,128,0,25.322593050077558,24.041940740448986,3078.9833460003138,128,41.572163800845374,147.17,42.049,47.675,1.149765625,0.8697424746891351,31.594,0.798,9.656,65.5,66.0,7,Phi-3-mini-Q4,llama.cpp,,expanded_rate_table
2026-05-14T22:17:32.397749,GPU1300_CPU1497,1300,1497,1300,1497,tiny_short,mixed,32,128,1,25.22888802923262,24.067150252893214,3082.0871531032026,128,41.53029867151001,147.568,42.162,47.675,1.152875,0.8673967255773609,31.708,0.798,9.656,65.7,66.0,7,Phi-3-mini-Q4,llama.cpp,,expanded_rate_table
2026-05-14T22:17:36.287958,GPU1300_CPU1497,1300,1497,1300,1497,tiny_short,mixed,32,128,2,25.402355007827282,24.062716559778284,3081.7042300477624,128,41.535459098232856,147.818,42.234,48.175,1.154828125,0.8659297243908048,31.708,0.855,9.671,65.7,66.0,7,Phi-3-mini-Q4,llama.cpp,,expanded_rate_table
2026-05-14T22:17:50.315098,GPU1300_CPU1497,1300,1497,1300,1497,tiny_long,mixed,32,512,0,25.714226998388767,25.811713416705278,13216.778913978487,512,38.73863695022487,611.03,45.261,47.675,1.19341796875,0.8379293979019034,34.257,0.813,10.192,66.1,66.6,27,Phi-3-mini-Q4,llama.cpp,,expanded_rate_table
2026-05-14T22:18:04.355098,GPU1300_CPU1497,1300,1497,1300,1497,tiny_long,mixed,32,512,1,28.40692806057632,25.831973712359154,13229.844304965809,512,38.70037985313412,610.428,45.217,47.675,1.1922421875,0.8387557582548638,34.228,0.828,10.162,66.4,66.8,27,Phi-3-mini-Q4,llama.cpp,,expanded_rate_table
2026-05-14T22:18:18.395855,GPU1300_CPU1497,1300,1497,1300,1497,tiny_long,mixed,32,512,2,28.49026210606098,25.83295745417884,13230.425882153213,512,38.698678679017206,610.676,45.235,47.675,1.1927265625,0.8384151333931577,34.257,0.813,10.166,66.6,66.9,27,Phi-3-mini-Q4,llama.cpp,,expanded_rate_table
2026-05-14T22:18:20.013794,GPU1300_CPU1497,1300,1497,1300,1497,short_tiny,mixed,128,32,0,59.82609000056982,24.200984712449774,810.1634979248047,32,39.498200155853084,34.866,34.866,42.068,1.0895625,0.9177995755176963,25.534,0.798,8.534,66.3,66.4,2,Phi-3-mini-Q4,llama.cpp,,expanded_rate_table
2026-05-14T22:18:21.590126,GPU1300_CPU1497,1300,1497,1300,1497,short_tiny,mixed,128,32,1,25.856324937194586,23.948308673777408,768.3602320030332,32,41.647131992476254,35.366,35.366,42.467,1.1051875,0.9048238421082395,25.934,0.798,8.635,65.9,66.1,2,Phi-3-mini-Q4,llama.cpp,,expanded_rate_table
2026-05-14T22:18:23.167113,GPU1300_CPU1497,1300,1497,1300,1497,short_tiny,mixed,128,32,2,25.676639983430505,23.974122006386036,768.979384098202,32,41.613599352246695,35.464,35.464,42.367,1.10825,0.9023234829686443,26.132,0.798,8.534,65.9,65.9,2,Phi-3-mini-Q4,llama.cpp,,expanded_rate_table
2026-05-14T22:18:25.508306,GPU1300_CPU1497,1300,1497,1300,1497,short_short,mixed,128,64,0,25.476536946371198,23.926988669065018,1533.060026122257,64,41.746571503715,75.106,37.553,46.276,1.17353125,0.8521289910260166,27.844,0.798,8.911,65.8,65.9,4,Phi-3-mini-Q4,llama.cpp,,expanded_rate_table
2026-05-14T22:18:27.850730,GPU1300_CPU1497,1300,1497,1300,1497,short_short,mixed,128,64,1,25.519829941913486,23.946135792703856,1534.313044976443,64,41.71247856462214,75.456,37.728,46.276,1.179,0.8481764206955046,27.944,0.798,8.986,65.9,66.1,4,Phi-3-mini-Q4,llama.cpp,,expanded_rate_table
2026-05-14T22:18:30.194634,GPU1300_CPU1497,1300,1497,1300,1497,short_short,mixed,128,64,2,25.614482117816806,23.964593316324883,1535.5641529895365,64,41.67849312931708,75.456,37.728,46.276,1.179,0.8481764206955046,27.944,0.798,8.986,65.8,66.2,4,Phi-3-mini-Q4,llama.cpp,,expanded_rate_table
2026-05-14T22:18:37.402695,GPU1300_CPU1497,1300,1497,1300,1497,short_long,mixed,128,256,0,25.69713699631393,24.990132953241176,6398.827547905967,256,40.007329168259375,293.836,45.206,47.775,1.147796875,0.8712342939598959,34.237,0.798,10.17,66.1,66.5,13,Phi-3-mini-Q4,llama.cpp,,expanded_rate_table
2026-05-14T22:18:44.635927,GPU1300_CPU1497,1300,1497,1300,1497,short_long,mixed,128,256,1,28.48405414260924,25.078465301981744,6424.191982019693,256,39.84936949526165,293.231,45.112,47.675,1.14543359375,0.8730318417902609,34.175,0.798,10.139,66.3,66.5,13,Phi-3-mini-Q4,llama.cpp,,expanded_rate_table
2026-05-14T22:18:49.056715,GPU1300_CPU1497,1300,1497,1300,1497,short_long,mixed,128,256,2,28.494889149442315,24.21246246168656,3612.2880540788174,148,40.97126192161937,171.663,42.916,47.675,1.1598851351351351,0.8621543372771069,32.336,0.798,9.782,66.3,66.5,8,Phi-3-mini-Q4,llama.cpp,,expanded_rate_table
2026-05-14T22:18:50.912140,GPU1300_CPU1497,1300,1497,1300,1497,medium_tiny,mixed,512,32,0,223.57877297326922,26.569615065630884,1047.3468259442598,32,30.553393782570218,49.619,33.079,40.768,1.55059375,0.6449142465587779,24.351,0.798,7.93,66.0,66.1,3,Phi-3-mini-Q4,llama.cpp,,expanded_rate_table
2026-05-14T22:18:52.566365,GPU1300_CPU1497,1300,1497,1300,1497,medium_tiny,mixed,512,32,1,29.07242113724351,26.35990461004117,846.3395140133798,32,37.80988535942812,34.617,34.617,41.069,1.08178125,0.9244013057168444,25.335,0.798,8.484,65.8,66.0,2,Phi-3-mini-Q4,llama.cpp,,expanded_rate_table
2026-05-14T22:18:54.222138,GPU1300_CPU1497,1300,1497,1300,1497,medium_tiny,mixed,512,32,2,29.226503102108836,26.395193000714624,847.5923030637205,32,37.754000224320464,34.367,34.367,41.069,1.07396875,0.9311257892745949,25.136,0.798,8.434,65.6,65.7,2,Phi-3-mini-Q4,llama.cpp,,expanded_rate_table
2026-05-14T22:18:58.425977,GPU1300_CPU1497,1300,1497,1300,1497,medium_short,mixed,512,128,0,29.2809319216758,26.501074614824624,3395.257637836039,128,37.699642752760454,149.757,42.788,46.376,1.1699765625,0.8547179764551908,32.217,0.798,9.773,65.8,66.2,7,Phi-3-mini-Q4,llama.cpp,,expanded_rate_table
2026-05-14T22:19:02.634249,GPU1300_CPU1497,1300,1497,1300,1497,medium_short,mixed,512,128,1,29.091929085552692,26.538252148513248,3399.8372219502926,128,37.64886129653399,150.212,42.918,46.675,1.17353125,0.8521289910260166,32.275,0.855,9.787,66.0,66.5,7,Phi-3-mini-Q4,llama.cpp,,expanded_rate_table
2026-05-14T22:19:06.843249,GPU1300_CPU1497,1300,1497,1300,1497,medium_short,mixed,512,128,2,29.502456076443195,26.540673077546472,3400.508038001135,128,37.641434329689204,150.349,42.957,46.675,1.1746015625,0.8513525198039229,32.386,0.798,9.773,66.0,66.3,7,Phi-3-mini-Q4,llama.cpp,,expanded_rate_table
2026-05-14T22:19:07.680383,GPU1300_CPU1497,1300,1497,1300,1497,medium_long,mixed,512,512,0,29.48430203832686,29.48430203832686,29.48430203832686,0,0.0,7.646,15.291,15.291,0.0,0.0,9.185,0.798,5.308,65.2,65.2,1,Phi-3-mini-Q4,llama.cpp,,expanded_rate_table
2026-05-14T22:19:21.779843,GPU1300_CPU1497,1300,1497,1300,1497,medium_long,mixed,512,512,1,29.15066503919661,25.94659455191643,13289.185269037262,512,38.52756881890412,616.888,45.695,47.876,1.204859375,0.8299723774818119,34.538,0.798,10.36,66.2,66.7,27,Phi-3-mini-Q4,llama.cpp,,expanded_rate_table
2026-05-14T22:19:35.859916,GPU1300_CPU1497,1300,1497,1300,1497,medium_long,mixed,512,512,2,32.13609103113413,25.902683982432414,13269.71140014939,512,38.58410967357104,619.283,45.873,47.877,1.209537109375,0.826762562511808,34.671,0.813,10.389,66.5,66.9,27,Phi-3-mini-Q4,llama.cpp,,expanded_rate_table
2026-05-14T22:19:37.000978,GPU1300_CPU1497,1300,1497,1300,1497,long_tiny,mixed,1024,32,0,333.29588104970753,333.29588104970753,333.29588104970753,0,0.0,12.634,25.267,25.267,0.0,0.0,17.949,0.798,6.52,66.0,66.0,1,Phi-3-mini-Q4,llama.cpp,,expanded_rate_table
2026-05-14T22:19:38.607300,GPU1300_CPU1497,1300,1497,1300,1497,long_tiny,mixed,1024,32,1,31.831354135647416,24.720734420923456,798.2959460932761,32,40.08538457022427,34.518,34.518,42.169,1.0786875,0.927052552291558,25.136,0.798,8.585,65.9,66.1,2,Phi-3-mini-Q4,llama.cpp,,expanded_rate_table
2026-05-14T22:19:40.206884,GPU1300_CPU1497,1300,1497,1300,1497,long_tiny,mixed,1024,32,2,28.94216007553041,24.595667900998265,791.5253711398691,32,40.42826821067917,35.416,35.416,42.568,1.10675,0.903546419697312,25.934,0.798,8.686,65.7,65.8,2,Phi-3-mini-Q4,llama.cpp,,expanded_rate_table
2026-05-14T22:19:41.043366,GPU1300_CPU1497,1300,1497,1300,1497,long_medium,mixed,1024,128,0,28.727658092975616,28.727658092975616,28.727658092975616,0,0.0,7.55,15.1,15.1,0.0,0.0,8.785,0.798,5.517,65.3,65.3,1,Phi-3-mini-Q4,llama.cpp,,expanded_rate_table
2026-05-14T22:19:45.072584,GPU1300_CPU1497,1300,1497,1300,1497,long_medium,mixed,1024,128,1,28.733192943036556,25.1290150386406,3220.4661078285426,128,39.74579943221521,151.475,43.279,47.976,1.1833984375,0.8450239313418056,32.449,0.798,10.032,65.9,66.5,7,Phi-3-mini-Q4,llama.cpp,,expanded_rate_table
2026-05-14T22:19:49.099094,GPU1300_CPU1497,1300,1497,1300,1497,long_medium,mixed,1024,128,2,31.742794206365943,25.08661669209658,3218.0894231423736,128,39.775153256932064,153.165,43.761,47.876,1.1966015625,0.835700062024614,32.903,0.798,10.06,66.1,66.4,7,Phi-3-mini-Q4,llama.cpp,,expanded_rate_table
2026-05-14T22:19:52.336038,GPU1300_CPU1497,1300,1497,1300,1497,xlong_short,mixed,2048,64,0,718.4593288693577,27.136956652005512,2428.292080992833,64,26.355972784720745,99.074,39.63,47.577,1.54803125,0.6459817913882553,29.691,0.798,9.141,65.9,66.3,5,Phi-3-mini-Q4,llama.cpp,,expanded_rate_table
2026-05-14T22:19:54.876408,GPU1300_CPU1497,1300,1497,1300,1497,xlong_short,mixed,2048,64,1,34.21730897389352,26.946483224275568,1732.053305953741,64,36.950363929335836,82.184,41.092,47.577,1.284125,0.7787403874233427,30.526,0.798,9.768,65.9,66.1,4,Phi-3-mini-Q4,llama.cpp,,expanded_rate_table
2026-05-14T22:19:57.421311,GPU1300_CPU1497,1300,1497,1300,1497,xlong_short,mixed,2048,64,2,34.025269793346524,27.020035112010582,1736.4944277796894,64,36.855862579318185,82.132,41.066,47.264,1.2833125,0.779233429114109,30.424,0.798,9.844,65.9,66.1,4,Phi-3-mini-Q4,llama.cpp,,expanded_rate_table
2026-05-14T22:20:01.697453,GPU1300_CPU1497,1300,1497,1300,1497,xlong_medium,mixed,2048,128,0,34.27365189418197,27.032176622988906,3467.7162480074912,128,36.91190133378049,168.292,42.073,48.077,1.31478125,0.7605827965678701,31.331,0.798,9.944,65.9,66.4,8,Phi-3-mini-Q4,llama.cpp,,expanded_rate_table
2026-05-14T22:20:05.973700,GPU1300_CPU1497,1300,1497,1300,1497,xlong_medium,mixed,2048,128,1,34.29261897690594,27.02510356719745,3466.8392720632255,128,36.921238613932964,168.379,42.095,47.976,1.3154609375,0.7601898098931578,31.378,0.798,9.919,66.1,66.5,8,Phi-3-mini-Q4,llama.cpp,,expanded_rate_table
2026-05-14T22:20:10.249725,GPU1300_CPU1497,1300,1497,1300,1497,xlong_medium,mixed,2048,128,2,34.1536661144346,27.02774694482759,3467.0374679844826,128,36.91912798231487,168.194,42.048,47.577,1.314015625,0.7610259581197903,31.332,0.798,9.919,66.1,66.4,8,Phi-3-mini-Q4,llama.cpp,,expanded_rate_table
2026-05-14T22:20:24.978585,GPU1300_CPU1497,1300,1497,1300,1497,xlong_long,mixed,2048,512,0,34.05592916533351,27.1682070664799,13918.345595011488,512,36.78598124359747,659.056,47.075,48.576,1.28721875,0.7768687334611929,35.448,0.812,10.815,66.5,66.9,28,Phi-3-mini-Q4,llama.cpp,,expanded_rate_table
2026-05-14T22:20:37.228874,GPU1300_CPU1497,1300,1497,1300,1497,xlong_long,mixed,2048,512,1,37.46086801402271,27.019509776869253,11440.09547890164,422,36.887804020366104,539.358,46.901,48.677,1.2780995260663506,0.782411682036792,35.335,0.798,10.768,66.7,67.1,23,Phi-3-mini-Q4,llama.cpp,,expanded_rate_table
2026-05-14T22:20:50.190828,GPU1300_CPU1497,1300,1497,1300,1497,xlong_long,mixed,2048,512,2,37.61268500238657,27.099511165886014,12151.944671059027,447,36.78423594740121,579.56,46.365,48.677,1.2965548098434003,0.7712747601628822,34.873,0.798,10.694,66.9,67.2,25,Phi-3-mini-Q4,llama.cpp,,expanded_rate_table
2026-05-14T22:20:51.776238,GPU1300_CPU1497,1300,1497,1300,1497,tiny_tiny,decode,32,32,0,28.726907912641764,24.13944277401653,777.1530270110816,32,41.175931750625104,35.066,35.066,41.968,1.0958125,0.9125648776592711,25.734,0.798,8.534,66.5,66.6,2,Phi-3-mini-Q4,llama.cpp,"decode-only (16 prompt tokens, 32 output)",expanded_rate_table
2026-05-14T22:20:53.350068,GPU1300_CPU1497,1300,1497,1300,1497,tiny_tiny,decode,32,32,1,25.196279166266322,23.888413771806704,765.8395390026271,32,41.7842098381006,35.565,35.565,42.467,1.11140625,0.8997610009841136,26.132,0.798,8.635,66.2,66.4,2,Phi-3-mini-Q4,llama.cpp,"decode-only (16 prompt tokens, 32 output)",expanded_rate_table
2026-05-14T22:20:54.927520,GPU1300_CPU1497,1300,1497,1300,1497,tiny_tiny,decode,32,32,2,25.10459697805345,24.014132833408734,769.644187996164,32,41.57765432272646,35.514,35.514,42.467,1.1098125,0.901053105817424,26.132,0.798,8.584,66.1,66.2,2,Phi-3-mini-Q4,llama.cpp,"decode-only (16 prompt tokens, 32 output)",expanded_rate_table
2026-05-14T22:20:58.819472,GPU1300_CPU1497,1300,1497,1300,1497,tiny_short,decode,32,128,0,25.367860915139318,24.07631520585223,3083.388407016173,128,41.51277202338155,147.67,42.191,47.775,1.153671875,0.866797589219205,31.651,0.798,9.742,66.2,66.5,7,Phi-3-mini-Q4,llama.cpp,"decode-only (16 prompt tokens, 128 output)",expanded_rate_table
2026-05-14T22:21:02.708148,GPU1300_CPU1497,1300,1497,1300,1497,tiny_short,decode,32,128,1,25.41700890287757,24.051249747743874,3080.2563538309187,128,41.5549828639445,147.818,42.234,47.775,1.154828125,0.8659297243908048,31.708,0.798,9.728,66.3,66.4,7,Phi-3-mini-Q4,llama.cpp,"decode-only (16 prompt tokens, 128 output)",expanded_rate_table
2026-05-14T22:21:06.596448,GPU1300_CPU1497,1300,1497,1300,1497,tiny_short,decode,32,128,2,25.460459059104323,24.0468943297247,3079.750474076718,128,41.56180868463809,147.668,42.191,47.675,1.15365625,0.8668093290354038,31.708,0.798,9.685,66.3,66.7,7,Phi-3-mini-Q4,llama.cpp,"decode-only (16 prompt tokens, 128 output)",expanded_rate_table
2026-05-14T22:21:20.621608,GPU1300_CPU1497,1300,1497,1300,1497,tiny_long,decode,32,512,0,25.701897917315364,25.807298965015814,13214.562047971413,512,38.74513571780443,611.736,45.314,47.775,1.194796875,0.836962349771797,34.301,0.813,10.2,66.6,66.9,27,Phi-3-mini-Q4,llama.cpp,"decode-only (16 prompt tokens, 512 output)",expanded_rate_table
2026-05-14T22:21:34.653093,GPU1300_CPU1497,1300,1497,1300,1497,tiny_long,decode,32,512,1,28.241452993825078,25.814755651607758,13220.906880917028,512,38.726541576283054,607.827,45.024,47.675,1.187162109375,0.8423449435447915,34.094,0.798,10.132,66.6,66.9,27,Phi-3-mini-Q4,llama.cpp,"decode-only (16 prompt tokens, 512 output)",expanded_rate_table
2026-05-14T22:21:48.696981,GPU1300_CPU1497,1300,1497,1300,1497,tiny_long,decode,32,512,2,28.260666877031326,25.83916182766455,13233.422225806862,512,38.68991643004745,610.527,45.224,47.675,1.192435546875,0.838619749822694,34.242,0.813,10.17,66.7,67.1,27,Phi-3-mini-Q4,llama.cpp,"decode-only (16 prompt tokens, 512 output)",expanded_rate_table
2026-05-14T22:21:50.280165,GPU1300_CPU1497,1300,1497,1300,1497,short_tiny,decode,128,32,0,28.48087390884757,24.087978354204566,775.3117559477687,32,41.273719577335775,35.266,35.266,42.367,1.1020625,0.9073895536777633,25.934,0.798,8.534,66.4,66.4,2,Phi-3-mini-Q4,llama.cpp,"decode-only (16 prompt tokens, 32 output)",expanded_rate_table
2026-05-14T22:21:51.853886,GPU1300_CPU1497,1300,1497,1300,1497,short_tiny,decode,128,32,1,25.11627203784883,23.890303132394628,765.8194140531123,32,41.78530788432152,35.464,35.464,42.367,1.10825,0.9023234829686443,26.132,0.798,8.534,66.1,66.2,2,Phi-3-mini-Q4,llama.cpp,"decode-only (16 prompt tokens, 32 output)",expanded_rate_table
2026-05-14T22:21:53.427161,GPU1300_CPU1497,1300,1497,1300,1497,short_tiny,decode,128,32,2,25.1559189055115,23.87329593541161,765.3325740247965,32,41.811888172635406,35.616,35.616,42.467,1.113,0.8984725965858041,26.132,0.798,8.685,66.0,66.2,2,Phi-3-mini-Q4,llama.cpp,"decode-only (16 prompt tokens, 32 output)",expanded_rate_table
2026-05-14T22:21:55.767950,GPU1300_CPU1497,1300,1497,1300,1497,short_short,decode,128,64,0,25.114317890256643,23.92477892147052,1532.554558943957,64,41.760340358845504,75.305,37.652,46.276,1.176640625,0.8498771661908239,27.944,0.798,8.911,65.9,66.2,4,Phi-3-mini-Q4,llama.cpp,"decode-only (16 prompt tokens, 64 output)",expanded_rate_table
2026-05-14T22:21:58.115933,GPU1300_CPU1497,1300,1497,1300,1497,short_short,decode,128,64,1,25.255274958908558,24.03087638288973,1539.3792081158608,64,41.57520100478261,75.506,37.753,46.376,1.17978125,0.8476147590919927,27.944,0.798,9.011,65.9,66.1,4,Phi-3-mini-Q4,llama.cpp,"decode-only (16 prompt tokens, 64 output)",expanded_rate_table
2026-05-14T22:22:00.463716,GPU1300_CPU1497,1300,1497,1300,1497,short_short,decode,128,64,2,25.717548094689846,24.01891199960595,1539.085997035727,64,41.58312149110818,75.356,37.678,46.376,1.1774375,0.8493019799352408,27.844,0.798,9.036,65.8,65.9,4,Phi-3-mini-Q4,llama.cpp,"decode-only (16 prompt tokens, 64 output)",expanded_rate_table
2026-05-14T22:22:07.511222,GPU1300_CPU1497,1300,1497,1300,1497,short_long,decode,128,256,0,25.422503938898444,24.360676933372137,6238.054933957756,256,41.03843308695903,294.044,45.238,47.675,1.148609375,0.8706180027478881,34.269,0.798,10.17,66.2,66.5,13,Phi-3-mini-Q4,llama.cpp,"decode-only (16 prompt tokens, 256 output)",expanded_rate_table
2026-05-14T22:22:14.584632,GPU1300_CPU1497,1300,1497,1300,1497,short_long,decode,128,256,1,28.215697035193443,24.45332565819662,6264.458671910688,256,40.865462349984476,294.638,45.329,47.676,1.1509296875,0.8688628079202276,34.299,0.86,10.17,66.3,66.6,13,Phi-3-mini-Q4,llama.cpp,"decode-only (16 prompt tokens, 256 output)",expanded_rate_table
2026-05-14T22:22:21.667956,GPU1300_CPU1497,1300,1497,1300,1497,short_long,decode,128,256,2,28.161800000816584,24.491423258886616,6274.116622051224,256,40.80255682533118,291.992,44.922,47.276,1.14059375,0.8767363489410668,33.93,0.798,10.193,66.3,66.6,13,Phi-3-mini-Q4,llama.cpp,"decode-only (16 prompt tokens, 256 output)",expanded_rate_table
2026-05-14T22:22:23.253470,GPU1300_CPU1497,1300,1497,1300,1497,medium_tiny,decode,512,32,0,28.27654406428337,24.160565357775457,777.3562141228467,32,41.16516909317843,34.867,34.867,41.569,1.08959375,0.9177732526457683,25.534,0.798,8.534,66.0,66.0,2,Phi-3-mini-Q4,llama.cpp,"decode-only (16 prompt tokens, 32 output)",expanded_rate_table
2026-05-14T22:22:24.833514,GPU1300_CPU1497,1300,1497,1300,1497,medium_tiny,decode,512,32,1,25.29969299212098,24.07623512760526,771.7636229936033,32,41.463472812925296,34.867,34.867,41.569,1.08959375,0.9177732526457683,25.534,0.798,8.534,65.7,65.8,2,Phi-3-mini-Q4,llama.cpp,"decode-only (16 prompt tokens, 32 output)",expanded_rate_table
2026-05-14T22:22:26.414064,GPU1300_CPU1497,1300,1497,1300,1497,medium_tiny,decode,512,32,2,25.347786955535412,24.107403805359237,772.7820088621229,32,41.40883151138335,34.968,34.968,41.669,1.09275,0.9151223976206817,25.534,0.798,8.635,65.6,65.6,2,Phi-3-mini-Q4,llama.cpp,"decode-only (16 prompt tokens, 32 output)",expanded_rate_table
2026-05-14T22:22:30.325179,GPU1300_CPU1497,1300,1497,1300,1497,medium_short,decode,512,128,0,25.75821988284588,24.224980780121495,3102.659421041608,128,41.254930893133135,146.178,41.765,47.276,1.142015625,0.8756447618656706,31.309,0.798,9.658,65.8,66.1,7,Phi-3-mini-Q4,llama.cpp,"decode-only (16 prompt tokens, 128 output)",expanded_rate_table
2026-05-14T22:22:34.234838,GPU1300_CPU1497,1300,1497,1300,1497,medium_short,decode,512,128,1,25.413287105038762,24.216491732687697,3101.236218120903,128,41.27386338779366,146.228,41.779,47.276,1.14240625,0.8753453510955493,31.309,0.798,9.673,65.9,66.3,7,Phi-3-mini-Q4,llama.cpp,"decode-only (16 prompt tokens, 128 output)",expanded_rate_table
2026-05-14T22:22:38.141186,GPU1300_CPU1497,1300,1497,1300,1497,medium_short,decode,512,128,2,25.36489791236818,24.19173000857058,3098.0441458523273,128,41.3163899460138,147.128,42.036,47.276,1.1494375,0.8699907563482139,31.537,0.798,9.701,66.0,66.3,7,Phi-3-mini-Q4,llama.cpp,"decode-only (16 prompt tokens, 128 output)",expanded_rate_table
2026-05-14T22:22:52.242751,GPU1300_CPU1497,1300,1497,1300,1497,medium_long,decode,512,512,0,25.38393414579332,25.957952770668786,13291.197357932106,512,38.52173632004956,605.242,44.833,46.876,1.18211328125,0.8459426146896614,33.828,0.813,10.192,66.2,66.4,27,Phi-3-mini-Q4,llama.cpp,"decode-only (16 prompt tokens, 512 output)",expanded_rate_table
2026-05-14T22:23:06.318192,GPU1300_CPU1497,1300,1497,1300,1497,medium_long,decode,512,512,1,28.43065303750336,25.90131817828434,13265.310232061893,512,38.59691111953869,605.384,44.843,47.376,1.182390625,0.8457441888123901,33.827,0.828,10.188,66.4,66.7,27,Phi-3-mini-Q4,llama.cpp,"decode-only (16 prompt tokens, 512 output)",expanded_rate_table
2026-05-14T22:23:20.395779,GPU1300_CPU1497,1300,1497,1300,1497,medium_long,decode,512,512,2,28.626126004382968,25.90458883964065,13267.181779025123,512,38.59146641146135,604.748,44.796,47.276,1.1811484375,0.8466336391356399,33.814,0.813,10.17,66.5,66.8,27,Phi-3-mini-Q4,llama.cpp,"decode-only (16 prompt tokens, 512 output)",expanded_rate_table
2026-05-14T22:23:21.984053,GPU1300_CPU1497,1300,1497,1300,1497,long_tiny,decode,1024,32,0,28.69993494823575,24.23947342040558,780.2254999987781,32,41.01378383563485,34.718,34.718,41.569,1.0849375,0.9217120801889509,25.335,0.798,8.585,66.1,66.2,2,Phi-3-mini-Q4,llama.cpp,"decode-only (16 prompt tokens, 32 output)",expanded_rate_table
2026-05-14T22:23:23.561265,GPU1300_CPU1497,1300,1497,1300,1497,long_tiny,decode,1024,32,1,25.598929962143302,23.9863028043821,769.2773249000311,32,41.59748242177612,35.166,35.166,42.068,1.0989375,0.9099698572484787,25.734,0.798,8.635,65.8,65.9,2,Phi-3-mini-Q4,llama.cpp,"decode-only (16 prompt tokens, 32 output)",expanded_rate_table
2026-05-14T22:23:25.139124,GPU1300_CPU1497,1300,1497,1300,1497,long_tiny,decode,1024,32,2,25.19393595866859,24.022431383209845,769.9924129992723,32,41.55885104809499,34.967,34.967,41.669,1.09271875,0.9151485686504419,25.534,0.798,8.635,65.8,66.1,2,Phi-3-mini-Q4,llama.cpp,"decode-only (16 prompt tokens, 32 output)",expanded_rate_table
2026-05-14T22:23:29.036115,GPU1300_CPU1497,1300,1497,1300,1497,long_medium,decode,1024,128,0,25.53921495564282,24.115369906355664,3088.517274009064,128,41.44383490329294,146.171,41.763,47.276,1.1419609375,0.8756866957193972,31.309,0.798,9.656,66.0,66.4,7,Phi-3-mini-Q4,llama.cpp,"decode-only (16 prompt tokens, 128 output)",expanded_rate_table
2026-05-14T22:23:32.940478,GPU1300_CPU1497,1300,1497,1300,1497,long_medium,decode,1024,128,1,25.570156052708626,24.174227408595442,3096.0254538804293,128,41.343329344909016,147.019,42.005,47.276,1.1485859375,0.8706357681660193,31.48,0.855,9.671,66.0,66.2,7,Phi-3-mini-Q4,llama.cpp,"decode-only (16 prompt tokens, 128 output)",expanded_rate_table
2026-05-14T22:23:36.842234,GPU1300_CPU1497,1300,1497,1300,1497,long_medium,decode,1024,128,2,25.432870956137776,24.154067897479834,3093.3559429831803,128,41.37900789928461,147.07,42.02,47.376,1.148984375,0.8703338546270484,31.48,0.798,9.742,66.1,66.2,7,Phi-3-mini-Q4,llama.cpp,"decode-only (16 prompt tokens, 128 output)",expanded_rate_table
2026-05-14T22:23:39.188280,GPU1300_CPU1497,1300,1497,1300,1497,xlong_short,decode,2048,64,0,25.253572035580873,23.990120173298887,1536.8205830454826,64,41.644418812489256,74.806,37.403,45.877,1.16884375,0.855546346549742,27.644,0.798,8.961,65.9,66.0,4,Phi-3-mini-Q4,llama.cpp,"decode-only (16 prompt tokens, 64 output)",expanded_rate_table
2026-05-14T22:23:41.534122,GPU1300_CPU1497,1300,1497,1300,1497,xlong_short,decode,2048,64,1,25.513634085655212,23.998364569648864,1537.593002896756,64,41.623498467687405,74.801,37.4,45.863,1.168765625,0.8556035347121027,27.641,0.798,8.961,65.9,66.3,4,Phi-3-mini-Q4,llama.cpp,"decode-only (16 prompt tokens, 64 output)",expanded_rate_table
2026-05-14T22:23:43.880071,GPU1300_CPU1497,1300,1497,1300,1497,xlong_short,decode,2048,64,2,25.222592055797577,23.997034175351025,1537.220865022391,64,41.633574885849455,74.756,37.378,45.877,1.1680625,0.8561185724222805,27.644,0.798,8.936,65.7,65.9,4,Phi-3-mini-Q4,llama.cpp,"decode-only (16 prompt tokens, 64 output)",expanded_rate_table
2026-05-14T22:23:47.775326,GPU1300_CPU1497,1300,1497,1300,1497,xlong_medium,decode,2048,128,0,25.22604400292039,24.102163975911697,3086.5372540429235,128,41.47042120821262,146.62,41.892,47.276,1.14546875,0.8730050470604283,31.423,0.798,9.671,65.9,66.0,7,Phi-3-mini-Q4,llama.cpp,"decode-only (16 prompt tokens, 128 output)",expanded_rate_table
2026-05-14T22:23:51.665438,GPU1300_CPU1497,1300,1497,1300,1497,xlong_medium,decode,2048,128,1,25.277273962274194,24.06323843408288,3081.6371641121805,128,41.53636303801418,146.471,41.849,47.276,1.1443046875,0.8738931256016549,31.366,0.798,9.685,65.9,66.2,7,Phi-3-mini-Q4,llama.cpp,"decode-only (16 prompt tokens, 128 output)",expanded_rate_table
2026-05-14T22:23:55.560882,GPU1300_CPU1497,1300,1497,1300,1497,xlong_medium,decode,2048,128,2,25.422455044463277,24.101232787168872,3086.6072110366076,128,41.469481293997376,146.828,41.951,47.276,1.14709375,0.8717683275669491,31.423,0.798,9.73,66.0,66.3,7,Phi-3-mini-Q4,llama.cpp,"decode-only (16 prompt tokens, 128 output)",expanded_rate_table
2026-05-14T22:24:09.630125,GPU1300_CPU1497,1300,1497,1300,1497,xlong_long,decode,2048,512,0,25.39323503151536,25.894507547975344,13258.78025800921,512,38.615920170387994,605.197,44.829,47.376,1.182025390625,0.8460055155593964,33.828,0.813,10.188,66.3,66.6,27,Phi-3-mini-Q4,llama.cpp,"decode-only (16 prompt tokens, 512 output)",expanded_rate_table
2026-05-14T22:24:23.720749,GPU1300_CPU1497,1300,1497,1300,1497,xlong_long,decode,2048,512,1,28.300107922405005,25.930546761313618,13280.180417001247,512,38.55369309173986,605.681,44.865,47.376,1.182970703125,0.8453294721148591,33.842,0.813,10.211,66.5,66.8,27,Phi-3-mini-Q4,llama.cpp,"decode-only (16 prompt tokens, 512 output)",expanded_rate_table
2026-05-14T22:24:37.794480,GPU1300_CPU1497,1300,1497,1300,1497,xlong_long,decode,2048,512,2,28.35679706186056,25.89743379266557,13263.232504948974,512,38.60295744713478,605.256,44.834,47.376,1.182140625,0.8459230474377785,33.829,0.798,10.207,66.6,66.9,27,Phi-3-mini-Q4,llama.cpp,"decode-only (16 prompt tokens, 512 output)",expanded_rate_table
